episode,reward,actor_loss,critic_loss,mean_value,mean_sigma
1,18.214391561190673,2.703256130218506,0.622230589389801,0.0003162906796205789,0.9742845892906189
2,15.741274027529654,2.7144615650177,0.5058451294898987,0.174965962767601,0.9746512770652771
3,17.553196776843517,3.236947774887085,0.6414294242858887,0.32021117210388184,0.9749050140380859
4,5.724069044006077,2.798490285873413,0.7876052260398865,0.7788565158843994,0.9751493334770203
5,7.519288933887447,2.994537115097046,0.7490028142929077,0.798584520816803,0.9753613471984863
6,53.08820650133763,5.364389896392822,1.898449420928955,0.6477567553520203,0.9755217432975769
7,6.043038200932258,2.7161810398101807,0.9005576372146606,1.3007795810699463,0.9757535457611084
8,16.380354501700165,3.7690677642822266,1.2110588550567627,1.1424180269241333,0.9759520888328552
9,40.45834217238611,3.919008255004883,1.3746715784072876,0.9334728717803955,0.9761381149291992
10,5.585680096842344,1.1978249549865723,1.2262163162231445,1.7556506395339966,0.9762578010559082
11,15.878997796476652,3.274670362472534,1.3763699531555176,1.6639066934585571,0.9762493968009949
12,11.229810639497254,1.1840630769729614,0.6779996752738953,1.4111671447753906,0.9762179255485535
13,25.499495802458057,3.1425201892852783,1.4615415334701538,1.7191870212554932,0.9760958552360535
14,11.818313409550665,2.0761168003082275,1.516287088394165,1.9370933771133423,0.9759879112243652
15,20.351907039441233,3.5228676795959473,1.6216320991516113,1.6440271139144897,0.9759127497673035
16,51.39809744872716,3.854562759399414,1.551854133605957,1.696852684020996,0.9758320450782776
17,15.572686302744897,2.1063332557678223,1.2803471088409424,2.398014783859253,0.9757350087165833
18,11.649428634801007,2.8924710750579834,1.8192495107650757,2.996952533721924,0.9755951762199402
19,9.17865156778251,2.353832960128784,2.3340487480163574,3.038959264755249,0.9754678606987
20,13.180321447576196,3.5698723793029785,2.162872791290283,2.985935688018799,0.9753961563110352
21,9.874173348799301,2.361337423324585,1.6985023021697998,3.2699620723724365,0.9753815531730652
22,5.547669992021355,0.9186726808547974,1.6916255950927734,3.716104745864868,0.9753783345222473
23,7.325544496104024,0.2949816882610321,2.4707236289978027,3.8266232013702393,0.9753126502037048
24,17.9479273710443,2.7689497470855713,2.399601936340332,3.482844352722168,0.9752009510993958
25,4.304225577222538,0.48846396803855896,3.2573025226593018,4.363450050354004,0.9751285910606384
26,7.683823910381261,2.4587440490722656,2.138718605041504,3.8858213424682617,0.9750927090644836
27,8.190952632270886,2.09591007232666,3.4277966022491455,4.1966705322265625,0.9751405119895935
28,5.2863550340961964,1.5172641277313232,4.426788330078125,4.551857948303223,0.9752094149589539
29,4.409613952789746,0.23154670000076294,2.3035452365875244,4.764401912689209,0.975297212600708
30,5.372276043528732,1.2577983140945435,3.2570135593414307,4.7032060623168945,0.9754239916801453
31,8.00956895764061,1.4092381000518799,2.487881898880005,4.845715045928955,0.9756215214729309
32,18.96742532241674,1.935834527015686,1.619544506072998,4.467137336730957,0.9757330417633057
33,4.703780489727402,0.330432653427124,3.165640354156494,5.022676944732666,0.9758433699607849
34,6.2785686458325705,0.9050475358963013,3.1055805683135986,4.909584999084473,0.9759564399719238
35,5.46841829887402,0.5857638120651245,3.0105178356170654,4.9986796379089355,0.9760987758636475
36,10.959856321204514,2.2146971225738525,2.262507677078247,4.806249141693115,0.9762971997261047
37,6.671340214742658,1.1853278875350952,2.319810390472412,4.968199729919434,0.976527750492096
38,6.975226059201706,0.7758147716522217,1.612510323524475,4.768918037414551,0.976751983165741
39,4.675483131650491,-0.18200108408927917,1.0445716381072998,4.111470699310303,0.9769704937934875
40,6.729677676486763,0.9217128753662109,1.3540382385253906,4.437439918518066,0.9772121906280518
41,5.640242264086632,0.31040388345718384,1.246805191040039,4.314932823181152,0.9774699211120605
42,11.820776284489465,1.9500195980072021,1.2891610860824585,4.760740756988525,0.9777278304100037
43,3.282624231730539,-1.027222752571106,0.6379513144493103,3.698019504547119,0.978034496307373
44,6.3025588467972025,-0.47727495431900024,0.4930674433708191,4.039337635040283,0.9782469272613525
45,9.596274329358152,2.4094483852386475,1.7620742321014404,3.4135055541992188,0.9784855842590332
46,12.31344194460898,1.6205699443817139,0.8571251034736633,4.477634429931641,0.9787341952323914
47,4.773393279055012,-0.46008363366127014,0.7293168306350708,2.978492021560669,0.9789798855781555
48,3.4195666942317517,-1.7090550661087036,0.44508424401283264,2.2752535343170166,0.9791936874389648
49,11.049620533300072,1.3214912414550781,1.5301669836044312,4.420377731323242,0.9794254899024963
50,5.698659289692116,0.4641648828983307,0.5837820768356323,2.5541937351226807,0.9797077775001526
51,10.632033092043791,1.202897310256958,1.996056079864502,4.007953643798828,0.9799800515174866
52,9.157522361148912,0.3710610270500183,1.8441914319992065,4.8860931396484375,0.980243444442749
53,10.187798554170907,1.5085638761520386,2.0647995471954346,3.7735514640808105,0.9805051684379578
54,8.294474765448518,0.23651283979415894,0.488977313041687,2.745734930038452,0.9806614518165588
55,12.304101273665253,0.6341654658317566,1.5959941148757935,4.315814971923828,0.9807510375976562
56,13.827388121764221,1.0649951696395874,1.0335572957992554,4.09658145904541,0.9807791709899902
57,10.883361039906706,0.8199474811553955,1.0479869842529297,4.340680122375488,0.980810821056366
58,11.135625803194522,0.1673993617296219,2.4656331539154053,4.492705345153809,0.9808050990104675
59,7.616128928354602,-0.6055644750595093,1.2380404472351074,3.8861050605773926,0.9807646870613098
60,21.581709006895323,1.1696791648864746,2.0907905101776123,5.512758255004883,0.9807319641113281
61,11.182397253049558,-0.05224458500742912,2.454939603805542,5.3007988929748535,0.9806600213050842
62,9.856043079085628,-0.5738943219184875,2.26654052734375,5.279626369476318,0.9805418848991394
63,10.234681527933997,0.0667479857802391,1.7741830348968506,5.55337381362915,0.9804250597953796
64,35.83606178173431,1.7592830657958984,1.5759202241897583,6.231842994689941,0.9803051948547363
65,7.80827661715213,-1.0741316080093384,2.094221353530884,5.137090682983398,0.9801325798034668
66,9.99686039575376,-0.3162883222103119,2.1849308013916016,5.697571754455566,0.9799488186836243
67,4.676536682785601,-0.22145648300647736,1.8359713554382324,4.621934413909912,0.9798197746276855
68,10.887521526299281,-0.15642480552196503,1.4935499429702759,5.79085111618042,0.9796708226203918
69,14.8975485835044,0.329433798789978,1.0804202556610107,6.441946029663086,0.9795191884040833
70,8.169986635707627,-0.46605005860328674,1.882942795753479,5.7739481925964355,0.9793211817741394
71,8.015227871129664,-0.18293076753616333,1.6285573244094849,5.075402736663818,0.979150116443634
72,9.159601775892895,-0.47849029302597046,2.2470719814300537,5.541073322296143,0.9789707064628601
73,22.814935702105103,1.022959589958191,1.199828028678894,6.604586601257324,0.9788274765014648
74,8.504359266728331,-0.5641388297080994,1.8370081186294556,5.51371955871582,0.9786579012870789
75,8.354137301384888,-1.1529394388198853,1.6844308376312256,5.406359672546387,0.9784107208251953
76,12.975779996281045,0.11464476585388184,1.4999028444290161,5.959448337554932,0.9781813621520996
77,19.64636550202287,0.25147995352745056,1.9970109462738037,6.043224811553955,0.9779354929924011
78,10.644214583515419,-0.7309693098068237,1.5281598567962646,5.599429130554199,0.977644681930542
79,7.84939095439667,-0.4576471745967865,1.273823618888855,5.193800449371338,0.9773637652397156
80,30.322139223501615,0.7696658372879028,1.1280994415283203,6.374465465545654,0.9770419597625732
81,9.60174942135765,-0.21381282806396484,1.4742522239685059,5.442817687988281,0.9767436385154724
82,7.590502437061062,-0.5608429312705994,1.861095666885376,3.9767637252807617,0.976456344127655
83,16.63878985543383,0.31011533737182617,1.1021336317062378,5.742057800292969,0.9761807918548584
84,11.413468903581562,-0.0341956689953804,1.4966113567352295,4.862346649169922,0.9759216904640198
85,8.307723861157585,-0.21889200806617737,1.6019399166107178,3.7365922927856445,0.9756851196289062
86,37.22757578582092,1.2202646732330322,1.1692267656326294,6.659245014190674,0.975437581539154
87,96.13339152560354,2.4309771060943604,1.105423927307129,7.621518135070801,0.9751782417297363
88,76.63444806595754,2.0372684001922607,1.2738959789276123,7.459756374359131,0.9748954176902771
89,257.9590712373658,2.967287302017212,1.267538070678711,8.516826629638672,0.974586009979248
90,14.58323950254636,0.1202690526843071,0.8363891839981079,5.041479110717773,0.974285900592804
91,369.6728868880222,3.9497625827789307,1.661094069480896,9.871808052062988,0.9739682078361511
92,102.36226677119821,4.899752140045166,3.2578604221343994,10.659893035888672,0.9736797213554382
93,165.98815599623956,4.237126350402832,2.0596373081207275,10.537513732910156,0.9734218716621399
94,144.20094117887342,4.477517127990723,2.507984161376953,11.008679389953613,0.973167359828949
95,132.61314614473594,4.191739082336426,2.6190624237060547,11.244653701782227,0.9728572368621826
96,106.90150029453144,4.575481414794922,3.194106101989746,11.5712890625,0.9725227952003479
97,80.2336733022575,5.487902641296387,4.276098251342773,11.985331535339355,0.972290575504303
98,85.25486643184779,4.480472087860107,4.076689720153809,12.10228443145752,0.9720200896263123
99,176.8884597995144,4.056275844573975,2.1262099742889404,11.883672714233398,0.9717481732368469
100,83.93309530174665,4.97735595703125,4.339949607849121,12.567541122436523,0.9715061187744141
101,96.50736244474187,4.281447410583496,3.5901377201080322,12.718511581420898,0.9712340235710144
102,84.7946970702375,4.360124111175537,4.407768249511719,12.960071563720703,0.9708955883979797
103,117.66909004835574,4.166696548461914,3.1522934436798096,12.934663772583008,0.9705626368522644
104,78.7904214413586,4.501605987548828,4.92700719833374,13.448006629943848,0.9702427983283997
105,96.13266873443712,4.511255741119385,3.9026317596435547,13.61819076538086,0.9699446558952332
106,83.32744468521351,5.083545207977295,5.103942394256592,13.978084564208984,0.9696982502937317
107,85.2142254418757,5.761251449584961,5.6239705085754395,14.26571273803711,0.9695093035697937
108,80.42982841891643,5.273688793182373,5.676000595092773,14.450722694396973,0.9693503975868225
109,105.4585071430568,6.190553665161133,5.704959392547607,14.693567276000977,0.9692322611808777
110,79.55542522671257,4.748387336730957,5.777328968048096,14.843673706054688,0.9690933227539062
111,82.29537729166836,4.165304660797119,5.912099361419678,15.10144329071045,0.9689111113548279
112,85.41516330088679,4.7285943031311035,5.332535266876221,15.265869140625,0.968757152557373
113,94.4892980612615,5.793666839599609,5.855787754058838,15.52069091796875,0.9686896204948425
114,76.2837735882519,3.6879074573516846,6.2942795753479,15.678264617919922,0.968559205532074
115,76.30719941518677,5.104349613189697,6.5548553466796875,15.94910717010498,0.9684627652168274
116,81.96868451676472,4.985867023468018,6.367089748382568,16.153610229492188,0.9683685302734375
117,82.02526375642455,5.101415157318115,6.640503406524658,16.372304916381836,0.9682836532592773
118,75.74345708643288,3.4687087535858154,6.678613185882568,16.52396583557129,0.968146026134491
119,77.13836372930831,4.599999904632568,7.136635780334473,16.749666213989258,0.968001127243042
120,78.14853958513135,5.345384120941162,6.784280776977539,16.9345703125,0.9679574966430664
121,71.05662816195441,4.694265842437744,7.500758171081543,17.130067825317383,0.9679500460624695
122,103.61606561253177,6.0189924240112305,6.8342604637146,17.391429901123047,0.9679813981056213
123,87.3247749074752,4.975037097930908,7.056741237640381,17.589630126953125,0.9680070281028748
124,79.21034193434971,4.168270587921143,7.294597148895264,17.731956481933594,0.9679983258247375
125,136.46864583500044,6.200475692749023,6.9373459815979,18.014799118041992,0.9679775238037109
126,100.65307758162945,5.566250801086426,7.224318981170654,18.178550720214844,0.9679794311523438
127,83.83490585942324,4.5927581787109375,7.74655294418335,18.335172653198242,0.967958927154541
128,130.35605861135772,6.343470573425293,7.278060436248779,18.610578536987305,0.9679441452026367
129,90.7960852395637,4.456120491027832,7.308798313140869,18.70339012145996,0.9679124355316162
130,94.65169646873784,4.532280445098877,7.256234645843506,18.91619300842285,0.9678702354431152
131,108.38184586887317,5.107395172119141,7.185704231262207,19.135948181152344,0.9678297638893127
132,93.02840619238876,4.014708518981934,7.5151190757751465,19.298707962036133,0.9677329659461975
133,86.8642793327152,4.633535861968994,8.24077033996582,19.484092712402344,0.9676387906074524
134,77.01691292491925,4.469343185424805,9.025430679321289,19.667293548583984,0.9675584435462952
135,86.23514452235105,4.200716018676758,8.317512512207031,19.853696823120117,0.9674524664878845
136,99.6039393838598,5.493251323699951,8.175633430480957,20.074148178100586,0.9674040675163269
137,101.36389914331895,4.819992542266846,7.987800121307373,20.27666473388672,0.967357337474823
138,85.1054062319063,4.3462748527526855,9.016655921936035,20.442768096923828,0.9673109650611877
139,121.83350425615339,5.828574180603027,7.868686676025391,20.660673141479492,0.9672951698303223
140,137.04319504890867,6.53100061416626,7.967141151428223,20.848764419555664,0.9673249125480652
141,84.58672336701855,4.877809524536133,9.468032836914062,20.9694881439209,0.9674273133277893
142,84.88055428431389,4.692394256591797,9.572888374328613,21.18807601928711,0.9675512313842773
143,118.6239209182883,6.088512420654297,8.705667495727539,21.385780334472656,0.9677072167396545
144,106.14063429501681,5.448938846588135,8.994609832763672,21.571657180786133,0.9678685665130615
145,77.84144077963019,3.5647544860839844,10.359516143798828,21.7132625579834,0.9679864048957825
146,103.78858597959248,4.684915542602539,9.121472358703613,21.899126052856445,0.9680635929107666
147,113.34793609314151,5.262471675872803,9.12385368347168,22.10825538635254,0.9681313633918762
148,95.35975738184747,4.810429573059082,9.4177827835083,22.24658966064453,0.968228280544281
149,129.65521051645595,5.429582595825195,7.7093119621276855,22.43174171447754,0.9683465957641602
150,91.65393813955292,3.749417781829834,10.310060501098633,22.638322830200195,0.9684154391288757
151,90.56966166717652,4.524961948394775,10.435914039611816,22.780841827392578,0.9684867262840271
152,77.78632919904302,4.814387321472168,11.73240852355957,22.970125198364258,0.9685885310173035
153,179.09581623718807,7.109682559967041,8.696853637695312,23.197336196899414,0.9687175750732422
154,114.05026048706875,5.534032821655273,9.714409828186035,23.3563175201416,0.9688566327095032
155,80.93438180947192,4.096357822418213,11.365917205810547,23.48341178894043,0.9689939618110657
156,88.25770498348884,4.680888652801514,11.305034637451172,23.659921646118164,0.9691433906555176
157,96.85076761244798,4.275571346282959,10.873804092407227,23.816436767578125,0.9692659378051758
158,102.92105931599443,5.312287330627441,10.476158142089844,24.026466369628906,0.9694014191627502
159,122.1348251484548,5.878261566162109,10.449275970458984,24.20980453491211,0.969577968120575
160,116.08664432978745,4.84002161026001,10.333094596862793,24.363496780395508,0.969717800617218
161,138.6445756589164,5.414222717285156,9.996892929077148,24.550870895385742,0.9698247909545898
162,130.35794943258801,6.726487159729004,10.593794822692871,24.724369049072266,0.9700286984443665
163,132.78434753650112,5.434464931488037,10.438138008117676,24.92513084411621,0.97020024061203
164,103.29369022002037,4.972738265991211,10.903794288635254,25.042808532714844,0.9704060554504395
165,178.66680472351547,7.23188591003418,10.152868270874023,25.265207290649414,0.9706275463104248
166,112.28685909246089,4.7747931480407715,11.280698776245117,25.411123275756836,0.9708199501037598
167,142.12830207052286,5.966869831085205,10.590486526489258,25.587085723876953,0.9710052609443665
168,134.55334491382015,5.675089359283447,10.703350067138672,25.773681640625,0.9711837768554688
169,139.4474921555988,5.613379955291748,10.879621505737305,25.940500259399414,0.9713335037231445
170,194.10837880682246,6.098531723022461,10.133378028869629,26.122575759887695,0.971419095993042
171,254.3219644673954,5.821527004241943,7.331506252288818,26.26984214782715,0.971470832824707
172,220.00068414073644,7.283024311065674,9.73062801361084,26.44293212890625,0.9715331196784973
173,225.97900458918954,7.089291095733643,9.735071182250977,26.611164093017578,0.9715986251831055
174,229.29145747206414,6.472660541534424,8.763646125793457,26.780643463134766,0.9716553092002869
175,250.68241477111687,7.410380840301514,8.910334587097168,26.944150924682617,0.9717432856559753
176,238.9097530374488,7.518596649169922,9.386795043945312,27.116825103759766,0.9719188213348389
177,268.53192845235645,5.874084949493408,7.004262924194336,27.266277313232422,0.9720775485038757
178,249.4131752405529,6.617825984954834,8.368326187133789,27.44631004333496,0.9722432494163513
179,228.48179764606522,6.677506446838379,9.074910163879395,27.599590301513672,0.9724079966545105
180,239.73663040055942,6.608111381530762,8.327244758605957,27.767314910888672,0.9726197719573975
181,234.7929173010276,6.677168369293213,8.920411109924316,27.9332332611084,0.9728414416313171
182,209.69562224754426,6.871969223022461,10.904248237609863,28.093002319335938,0.9730472564697266
183,242.6620374292565,6.702073097229004,8.847651481628418,28.253559112548828,0.9732895493507385
184,219.96023690391698,6.013138294219971,10.638079643249512,28.42603302001953,0.973461925983429
185,236.91082928717904,6.636760234832764,9.770065307617188,28.590099334716797,0.9736213088035583
186,223.76402830760796,6.614291667938232,10.386444091796875,28.74787712097168,0.973761260509491
187,271.972124570621,6.835116386413574,8.841586112976074,28.919422149658203,0.9739006161689758
188,219.48824605862293,7.225231647491455,10.49771785736084,29.070466995239258,0.9740839004516602
189,235.6755724104034,5.962187767028809,9.156546592712402,29.233152389526367,0.9742350578308105
190,219.10715474743338,7.193948268890381,10.689569473266602,29.397911071777344,0.9744299054145813
191,234.2724893096167,7.560499668121338,11.277681350708008,29.538326263427734,0.9746580719947815
192,239.39565542285465,5.29083776473999,8.92659854888916,29.686922073364258,0.9748335480690002
193,231.05289107085756,6.053701877593994,9.864801406860352,29.872085571289062,0.9749618172645569
194,220.56288691454824,6.27872371673584,10.576387405395508,30.024551391601562,0.9750750660896301
195,229.37806708298885,6.192878246307373,11.041753768920898,30.193918228149414,0.9751396179199219
196,247.38003082590782,6.159607410430908,8.822053909301758,30.32770538330078,0.9752630591392517
197,174.89693534016249,6.185005187988281,12.917573928833008,30.510162353515625,0.9753788113594055
198,223.3249201587764,6.0510382652282715,10.653011322021484,30.663713455200195,0.9754729270935059
199,239.34691183231436,5.869626998901367,9.678580284118652,30.815860748291016,0.9755493998527527
200,209.30899310297946,6.502902984619141,12.138455390930176,30.997373580932617,0.9756157994270325
201,223.55783337781315,4.572978496551514,7.884432792663574,31.08700180053711,0.9756858944892883
202,227.05025318165175,6.814508438110352,11.18653392791748,31.31172752380371,0.9757907390594482
203,232.70320019500755,6.47320556640625,10.995503425598145,31.46129608154297,0.9759129881858826
204,231.92629301048711,7.208621501922607,12.143402099609375,31.62306785583496,0.976069450378418
205,237.75557290611832,5.84143590927124,10.301855087280273,31.776453018188477,0.9761994481086731
206,226.89766844597128,4.8365583419799805,11.21751594543457,31.930261611938477,0.9762515425682068
207,232.517528847348,5.965913772583008,10.70291805267334,32.08891677856445,0.9763073325157166
208,241.70863746062415,5.507333755493164,9.9481201171875,32.232093811035156,0.9763359427452087
209,237.20020927764858,6.236458778381348,10.69249153137207,32.41755294799805,0.9763903021812439
210,236.9304546597737,6.293582916259766,11.088082313537598,32.54194259643555,0.9764464497566223
211,261.9659019154543,5.035904884338379,9.287496566772461,32.71333312988281,0.9764533042907715
212,234.31679672973868,6.04130220413208,11.807103157043457,32.88346481323242,0.9764447212219238
213,224.41815185636005,7.597387313842773,13.404154777526855,33.0316162109375,0.9764863848686218
214,212.54696107008002,6.763031959533691,13.798919677734375,33.19207000732422,0.9765450358390808
215,234.68146257029625,6.166779518127441,11.251683235168457,33.329410552978516,0.9766224026679993
216,227.90658411155235,5.92205810546875,12.550248146057129,33.495845794677734,0.9766738414764404
217,225.87562696000364,5.401101112365723,12.790730476379395,33.66098403930664,0.9766995310783386
218,279.5069684082704,5.341643333435059,8.763847351074219,33.8065185546875,0.9767301678657532
219,234.752536360234,5.384426593780518,12.231921195983887,33.958030700683594,0.9767381548881531
220,239.41104795543623,5.604886531829834,11.538366317749023,34.11933517456055,0.9767276644706726
221,246.16876860876886,6.078488826751709,12.644648551940918,34.28813171386719,0.9767020344734192
222,247.14235502905245,5.96275520324707,11.357789993286133,34.43069076538086,0.9766871333122253
223,261.10632954732273,5.600694179534912,10.463386535644531,34.583518981933594,0.9766666889190674
224,238.8625158669641,6.392513751983643,12.874319076538086,34.74260711669922,0.9766533970832825
225,243.50562035003352,6.551612854003906,12.882149696350098,34.89958572387695,0.9766621589660645
226,266.85969049601226,6.410826206207275,11.518357276916504,35.04753494262695,0.976696252822876
227,253.11046950816566,5.236100196838379,10.659308433532715,35.19854736328125,0.976707935333252
228,189.97620161662556,4.112149238586426,11.714898109436035,35.327274322509766,0.9767083525657654
229,267.5637587189703,5.594977378845215,10.24581527709961,35.49982452392578,0.9767439961433411
230,255.77579611820389,6.165442943572998,11.52901840209961,35.65856170654297,0.9768503308296204
231,252.7080996421589,6.334682941436768,12.315140724182129,35.8161506652832,0.9769960045814514
232,286.6476211342569,5.451810359954834,10.056282043457031,35.961788177490234,0.9771155714988708
233,263.30368484664325,4.815499782562256,10.3240385055542,36.10686492919922,0.9771866202354431
234,286.0868013836854,5.056822776794434,9.033697128295898,36.26169967651367,0.9772806763648987
235,191.97825950700292,4.224440097808838,11.759713172912598,36.38695526123047,0.9774128794670105
236,281.9140165338423,6.579036235809326,12.35366439819336,36.582706451416016,0.9775589108467102
237,254.45136401326363,5.796416282653809,11.91375732421875,36.72525405883789,0.9777131676673889
238,279.9881413569573,5.052891254425049,10.032279968261719,36.881378173828125,0.9778369069099426
239,212.50926086054926,4.280104637145996,11.318181037902832,37.0120735168457,0.9779583811759949
240,267.09795125799747,5.7536725997924805,10.96615982055664,37.18037796020508,0.9781169295310974
241,308.4976424628564,4.542886257171631,9.300702095031738,37.319007873535156,0.9782078862190247
242,262.5338899918663,6.414712905883789,13.54452896118164,37.493812561035156,0.978304386138916
243,293.3579881752199,4.7205729484558105,9.191079139709473,37.634212493896484,0.9783905148506165
244,273.93425171799583,5.892038822174072,12.23977279663086,37.776832580566406,0.9784724712371826
245,307.1802351465774,6.1358184814453125,10.8388671875,37.94898986816406,0.9785895347595215
246,143.7491289705862,4.291636943817139,19.019987106323242,38.08390426635742,0.9786999821662903
247,346.82731463247205,5.350844383239746,8.689703941345215,38.23568344116211,0.9788317680358887
248,281.6261003495352,5.9605865478515625,12.151955604553223,38.39725875854492,0.9789562225341797
249,303.8370597461908,4.988619327545166,9.873513221740723,38.54071044921875,0.9790686964988708
250,288.6982317406046,5.478734016418457,11.000048637390137,38.699920654296875,0.9791902899742126
251,333.2059657313475,5.2208757400512695,9.663865089416504,38.84555435180664,0.9792943000793457
252,180.31142790192817,3.790611743927002,13.24198055267334,38.949668884277344,0.9794427752494812
253,291.89308804900753,5.782357692718506,11.545949935913086,39.149906158447266,0.9795978665351868
254,304.93306403264893,5.4740824699401855,11.410664558410645,39.304012298583984,0.9797274470329285
255,291.13196312164126,4.595015525817871,9.837273597717285,39.43307113647461,0.9798598885536194
256,255.893063013981,5.7952494621276855,13.962739944458008,39.603668212890625,0.9799969792366028
257,295.68637034848194,5.428183078765869,11.141897201538086,39.74293518066406,0.9801430702209473
258,309.59717486939763,5.933307647705078,12.040729522705078,39.90056228637695,0.9802802205085754
259,307.3135908446555,5.238000392913818,11.507659912109375,40.05137634277344,0.9803920388221741
260,313.597197351142,4.024142265319824,9.980560302734375,40.19235610961914,0.980440616607666
261,304.8402241252745,5.178750038146973,10.600106239318848,40.33592987060547,0.980506420135498
262,345.7793306873158,5.019957542419434,9.259528160095215,40.47954177856445,0.9806143641471863
263,306.36358250943465,5.361820697784424,11.810454368591309,40.649017333984375,0.9807047247886658
264,272.80970081177145,5.45579195022583,13.634711265563965,40.79963302612305,0.9807760715484619
265,329.18623824691264,5.298564434051514,10.35481071472168,40.92845153808594,0.9808705449104309
266,226.2242622039368,4.021317481994629,12.978076934814453,41.07231903076172,0.9809555411338806
267,306.1728301362381,5.3018975257873535,11.622908592224121,41.24481964111328,0.9810566306114197
268,294.3447862057835,5.296179294586182,12.50454044342041,41.39613723754883,0.9811415672302246
269,334.6368838486827,4.479780673980713,9.602100372314453,41.52947998046875,0.9812099933624268
270,337.29252192663847,5.136376857757568,10.432744979858398,41.69008255004883,0.9812769889831543
271,133.21794765938924,3.412142515182495,21.53517723083496,41.80620193481445,0.9813580513000488
272,285.0401270981583,4.889033794403076,12.540265083312988,41.99195861816406,0.981419563293457
273,286.93950218451573,5.554274082183838,12.887561798095703,42.12825393676758,0.9814955592155457
274,178.84916721198152,3.948054552078247,17.1429500579834,42.26626205444336,0.9815985560417175
275,124.69569086728625,2.715324878692627,22.424091339111328,42.39404296875,0.9817017912864685
276,308.79407176774123,4.855101108551025,11.705561637878418,42.57279968261719,0.9817891120910645
277,304.17616357397435,6.361881732940674,13.962666511535645,42.73577880859375,0.9819771647453308
278,279.7659093122239,4.534213542938232,11.683919906616211,42.8651008605957,0.9822147488594055
279,322.97799386686745,4.791906833648682,10.923418045043945,43.01417541503906,0.9824411273002625
280,285.7326033210267,4.529805660247803,12.107328414916992,43.168941497802734,0.982639491558075
281,315.01735589434253,4.386007785797119,12.066216468811035,43.32448196411133,0.9827725291252136
282,172.62711277406322,2.789252758026123,17.022951126098633,43.43253707885742,0.982877254486084
283,305.18256892590665,5.180109024047852,13.046134948730469,43.621334075927734,0.9829747080802917
284,318.8274033334423,5.702371120452881,13.669210433959961,43.772125244140625,0.9830636978149414
285,99.82273593823564,2.727785110473633,28.971284866333008,43.85546875,0.9832211136817932
286,313.1092041228076,5.839375972747803,13.206123352050781,44.05755615234375,0.9834101796150208
287,328.507049292716,4.733072280883789,12.09774112701416,44.19923400878906,0.9835613369941711
288,243.39936926117448,4.290975093841553,14.62026596069336,44.33811569213867,0.9837155342102051
289,352.063826644812,4.768299579620361,10.143815994262695,44.47322082519531,0.983958899974823
290,144.01842449875667,2.395336627960205,21.097429275512695,44.604923248291016,0.9841642379760742
291,344.32466252549744,4.640036106109619,11.377047538757324,44.787235260009766,0.9843332767486572
292,382.3851585101477,4.814509868621826,10.192997932434082,44.91063690185547,0.984504222869873
293,204.84447181467922,3.2852835655212402,17.917144775390625,45.0761604309082,0.9846202731132507
294,341.18703884031476,4.988105297088623,12.008028984069824,45.197200775146484,0.9847304224967957
295,329.39814634559275,4.775629043579102,11.774547576904297,45.37567138671875,0.9848496317863464
296,324.5485910659038,4.976731777191162,13.295734405517578,45.527587890625,0.9849482178688049
297,349.0458865384454,5.180486679077148,11.846240997314453,45.66773986816406,0.9850614666938782
298,368.11383973726777,3.728739023208618,9.557269096374512,45.80539321899414,0.9851360321044922
299,294.08343729902134,3.939601421356201,13.55624008178711,45.96583557128906,0.9851713180541992
300,335.5508042552836,4.0379486083984375,11.618598937988281,46.104209899902344,0.9851711392402649
301,330.5673587638869,4.652660369873047,11.49084186553955,46.24760818481445,0.9852425456047058
302,304.11205565302583,5.099364280700684,14.951348304748535,46.40008544921875,0.9853045344352722
303,365.62409992223746,4.31445837020874,11.15285587310791,46.539791107177734,0.9853355288505554
304,341.7431441961411,4.137613296508789,12.125255584716797,46.68680953979492,0.9853371977806091
305,316.50286927519375,5.054575443267822,13.756321907043457,46.8410530090332,0.9853615760803223
306,296.4959779333097,4.58171272277832,15.885778427124023,46.982601165771484,0.9853655695915222
307,350.4213246692532,4.765374660491943,11.938568115234375,47.12335968017578,0.9854049682617188
308,316.6538928724689,4.549976348876953,13.49162769317627,47.26738357543945,0.9854403138160706
309,299.859420483276,4.957250595092773,14.850339889526367,47.41699981689453,0.9854981899261475
310,312.0591713664483,4.579270362854004,13.454670906066895,47.56275177001953,0.985584557056427
311,303.8559415639135,4.328935623168945,13.953350067138672,47.71061706542969,0.9856586456298828
312,331.7518303326479,4.479372501373291,12.117537498474121,47.83419418334961,0.9857731461524963
313,330.5409323726076,3.962905168533325,12.444075584411621,47.99333190917969,0.9858649373054504
314,305.64232432186407,3.6941895484924316,13.394205093383789,48.12480163574219,0.9859215617179871
315,276.2853139161276,4.302618026733398,16.564008712768555,48.295616149902344,0.9859568476676941
316,310.0964800563636,4.18006706237793,14.08132266998291,48.432674407958984,0.9859735369682312
317,332.00187407529177,4.328227996826172,12.489704132080078,48.568946838378906,0.9860129952430725
318,299.91268377295535,4.411962032318115,14.567873001098633,48.72404098510742,0.9860725402832031
319,337.61956840292555,4.042397975921631,12.094144821166992,48.85346603393555,0.9861357808113098
320,352.70963923283585,4.357669353485107,11.67266845703125,48.99707794189453,0.986228883266449
321,139.56359778065485,1.9789667129516602,24.422460556030273,49.1059684753418,0.9863136410713196
322,339.3747141776452,4.1699910163879395,12.543747901916504,49.297237396240234,0.9864031672477722
323,126.50502996245659,0.6896300911903381,26.197208404541016,49.38188552856445,0.9864566922187805
324,374.07315078236746,4.095126152038574,11.428523063659668,49.569087982177734,0.9865060448646545
325,129.40358733197317,1.8402056694030762,25.460647583007812,49.64973831176758,0.9865899085998535
326,362.12427046158535,4.000621318817139,12.60563850402832,49.867794036865234,0.9866223335266113
327,101.01564701438888,1.3388049602508545,34.95096969604492,49.972450256347656,0.9866704940795898
328,309.12086228391155,4.144670009613037,14.453927993774414,50.16316223144531,0.9867186546325684
329,368.58182899158186,4.456264495849609,12.56156063079834,50.30651092529297,0.9867848753929138
330,340.4811513877206,4.409992694854736,14.300324440002441,50.44834899902344,0.9868308901786804
331,325.8237991158619,3.946071147918701,13.601752281188965,50.59123611450195,0.9868771433830261
332,371.251337526399,3.9898648262023926,11.56529712677002,50.72804641723633,0.9869561195373535
333,350.5633429664963,3.464069366455078,12.136555671691895,50.87051773071289,0.9870138764381409
334,376.5955256939656,4.206589698791504,12.247479438781738,51.0228271484375,0.9870703816413879
335,336.39719724891523,4.404669761657715,14.5055513381958,51.17473220825195,0.9871414303779602
336,256.96713712035637,3.7907485961914062,18.531429290771484,51.31895446777344,0.9872007369995117
337,314.01773655074095,3.1416938304901123,15.664152145385742,51.459625244140625,0.9872236847877502
338,328.83151601919053,3.603839159011841,14.281147956848145,51.60358810424805,0.9872085452079773
339,259.9090664059577,4.647400379180908,20.433927536010742,51.74879455566406,0.9872158169746399
340,160.61072229957466,2.804940938949585,24.74803924560547,51.85044860839844,0.9873237013816833
341,341.3475783683216,4.203937530517578,13.890911102294922,52.02919387817383,0.9874545931816101
342,338.0645669287731,4.115696907043457,14.918402671813965,52.17183303833008,0.9875640869140625
343,361.18797020549215,3.2533516883850098,12.877625465393066,52.307212829589844,0.9876223206520081
344,299.02773719221307,5.570422172546387,20.060129165649414,52.47431182861328,0.9876999855041504
345,216.6194973829689,2.7533750534057617,18.46085548400879,52.57745361328125,0.9877931475639343
346,332.4162138565331,4.5247907638549805,15.157696723937988,52.75410842895508,0.9879403710365295
347,110.50255239858139,1.331170916557312,36.092315673828125,52.8332633972168,0.9880884289741516
348,330.17977047799394,3.3643198013305664,15.40607738494873,53.0350227355957,0.9881728291511536
349,352.8365592262972,4.417286396026611,15.342323303222656,53.176578521728516,0.9882505536079407
350,350.5064958095905,4.4093241691589355,15.31644344329834,53.32944107055664,0.9883246421813965
351,191.95926000178977,2.505009889602661,21.397735595703125,53.44034957885742,0.9884387850761414
352,164.21484183280475,2.196413993835449,25.277605056762695,53.58066177368164,0.9885585904121399
353,153.50386464774866,1.1418837308883667,28.008684158325195,53.726898193359375,0.9886310696601868
354,197.27015210788088,3.2918903827667236,23.47996711730957,53.87924575805664,0.9887787699699402
355,339.97559668840614,4.155683517456055,14.968005180358887,54.03318405151367,0.9889464378356934
356,357.3685626077641,3.911910057067871,14.345903396606445,54.184226989746094,0.9890973567962646
357,318.36623854016295,3.5334184169769287,17.954570770263672,54.32774353027344,0.9891861081123352
358,319.8911435157091,3.7707619667053223,17.612634658813477,54.470863342285156,0.9892459511756897
359,211.8416689900222,2.295017719268799,22.514822006225586,54.60227584838867,0.9892687797546387
360,148.14636784030847,1.328391671180725,30.329526901245117,54.7155647277832,0.989268958568573
361,349.61131420561895,4.230191707611084,16.062246322631836,54.88957595825195,0.9892703890800476
362,106.99948776086494,0.34916988015174866,38.13752746582031,54.987483978271484,0.9892537593841553
363,170.64490926373466,1.948123574256897,26.657808303833008,55.15436553955078,0.989234209060669
364,346.18917435117345,2.62007212638855,14.53984546661377,55.319210052490234,0.9891476631164551
365,292.8009750553284,4.441330909729004,22.141950607299805,55.46895217895508,0.9890574812889099
366,319.9787199555406,4.353601932525635,17.99921417236328,55.600059509277344,0.9890028834342957
367,320.4071782902556,4.29990816116333,17.77375030517578,55.75088119506836,0.9889842867851257
368,332.66589313006847,3.086326837539673,16.468935012817383,55.888431549072266,0.9889249205589294
369,293.0501963072335,3.686650276184082,23.082027435302734,56.038333892822266,0.9888456463813782
370,319.8703730297344,4.568177223205566,19.320903778076172,56.17630386352539,0.9887928366661072
371,314.58238036483607,4.196907997131348,18.283498764038086,56.318458557128906,0.9887666702270508
372,344.0838599484749,3.4918229579925537,15.372092247009277,56.4569091796875,0.9887427687644958
373,283.19982878743804,3.857907295227051,24.651569366455078,56.60438537597656,0.9886800646781921
374,311.1027811979453,4.693902492523193,21.12074851989746,56.74724578857422,0.9886333346366882
375,317.29089459897153,4.372371673583984,20.074432373046875,56.88765335083008,0.9885923266410828
376,296.8996175823128,3.6140990257263184,19.07648277282715,57.02407455444336,0.9885578155517578
377,319.8240049492251,3.960033655166626,18.89430046081543,57.1696662902832,0.9885239005088806
378,324.8589443753498,3.5411436557769775,18.794666290283203,57.311580657958984,0.9884724020957947
379,318.1288880960003,4.249443531036377,19.931291580200195,57.449825286865234,0.988435685634613
380,320.30607385752967,3.953078031539917,18.612873077392578,57.591529846191406,0.9884138107299805
381,287.1091923084934,3.8030593395233154,20.116769790649414,57.731849670410156,0.9884274005889893
382,277.8743470103322,4.652732849121094,26.644624710083008,57.883113861083984,0.9884317517280579
383,303.1648665747558,3.76849102973938,19.708566665649414,58.01659393310547,0.9884468913078308
384,277.2190932953632,3.6781346797943115,23.052488327026367,58.16047668457031,0.9884500503540039
385,316.245162657605,3.3897957801818848,17.708871841430664,58.297760009765625,0.9884592890739441
386,310.0152119111497,3.7463064193725586,19.182212829589844,58.44076156616211,0.9884844422340393
387,304.69685957215125,3.9426028728485107,21.030115127563477,58.587074279785156,0.9885087609291077
388,272.06778166147956,3.561440944671631,24.063077926635742,58.72449493408203,0.9885146021842957
389,306.19866057635943,3.9081497192382812,21.131853103637695,58.86333465576172,0.988516628742218
390,292.9732489304376,4.519765377044678,24.446422576904297,59.00460433959961,0.9885212779045105
391,338.9312443154637,4.398133277893066,19.295541763305664,59.14220428466797,0.9885676503181458
392,314.98027297418116,3.5405428409576416,18.719877243041992,59.283565521240234,0.9886205792427063
393,302.8654797077166,3.7373907566070557,21.225318908691406,59.423587799072266,0.9886699318885803
394,337.7236571895258,3.916135787963867,19.281694412231445,59.566104888916016,0.9887191653251648
395,330.53820722676113,4.002718448638916,21.381576538085938,59.71382141113281,0.9887452721595764
396,306.0470490135412,1.7199335098266602,20.362939834594727,59.8499870300293,0.9887111783027649
397,323.19177243364817,4.459932804107666,21.26149559020996,59.9947395324707,0.988722026348114
398,295.2876877780004,4.1022419929504395,23.831424713134766,60.136260986328125,0.9887349605560303
399,324.4337346053801,3.929027795791626,19.606637954711914,60.2758674621582,0.988799512386322
400,309.6580443365606,2.639417886734009,21.632654190063477,60.41365432739258,0.9888121485710144
401,320.881151506543,5.103199481964111,24.390993118286133,60.55839920043945,0.9888536334037781
402,334.9107590400759,3.695220947265625,20.4536190032959,60.69684600830078,0.9888774752616882
403,316.9401218764062,4.301517009735107,23.170612335205078,60.837242126464844,0.9889073371887207
404,294.9030881981139,4.174397945404053,23.169143676757812,60.97932052612305,0.9889573454856873
405,342.3615738451521,3.895409345626831,19.061214447021484,61.11608123779297,0.989027738571167
406,346.4240085569823,4.208932876586914,19.957725524902344,61.25434112548828,0.9891206622123718
407,364.9412416869894,3.870051860809326,17.970115661621094,61.394535064697266,0.9892441630363464
408,323.89302988099786,5.065325736999512,24.4074649810791,61.53687286376953,0.989434540271759
409,260.74112502486025,2.7407333850860596,22.224834442138672,61.665225982666016,0.9896480441093445
410,372.38362944861495,3.7329699993133545,18.212139129638672,61.812171936035156,0.9898446202278137
411,331.08351069421934,3.7129201889038086,22.204322814941406,61.96133041381836,0.990007221698761
412,351.71005882350096,3.638909101486206,20.590999603271484,62.099788665771484,0.9901342391967773
413,347.9941751941475,3.440272569656372,19.375158309936523,62.241905212402344,0.9902451634407043
414,351.57880807087446,4.494532585144043,22.692697525024414,62.38216018676758,0.9903454780578613
415,395.9022199750559,3.954590082168579,16.937347412109375,62.511837005615234,0.9905243515968323
416,370.07286171857675,3.9878203868865967,18.752851486206055,62.65961456298828,0.9907177090644836
417,383.93063050867255,4.0938873291015625,20.381654739379883,62.799373626708984,0.990882396697998
418,363.5957924320628,4.382791996002197,21.086837768554688,62.93769836425781,0.9910491108894348
419,403.57583513901324,3.555504083633423,17.362733840942383,63.07341384887695,0.9911953806877136
420,361.40695714888955,3.2235565185546875,20.796466827392578,63.22105026245117,0.9912888407707214
421,380.8752686382737,4.574675559997559,20.107624053955078,63.361228942871094,0.9914579391479492
422,373.9741886212224,4.235867500305176,21.323925018310547,63.49283981323242,0.9916092753410339
423,342.26150229920336,4.150064468383789,23.397720336914062,63.64348602294922,0.9917445778846741
424,351.60889266933515,3.825291872024536,23.270334243774414,63.77846145629883,0.9918469786643982
425,406.9089369565395,3.943751096725464,17.767438888549805,63.91157531738281,0.992001473903656
426,389.3327240369954,4.121683120727539,20.284244537353516,64.0528564453125,0.992149829864502
427,402.2518095718871,3.8440585136413574,18.49067497253418,64.1964340209961,0.9922931790351868
428,158.60924637315955,0.8411340713500977,35.892765045166016,64.3049087524414,0.9924201965332031
429,354.94757298158777,4.908587455749512,23.817014694213867,64.48087310791016,0.9925892949104309
430,312.925293590499,4.599478244781494,28.11226463317871,64.61649322509766,0.9927482604980469
431,357.35593114283864,3.8802032470703125,22.01865577697754,64.75798034667969,0.9928938746452332
432,423.06101961488275,3.6765644550323486,17.3136043548584,64.8832778930664,0.9930415153503418
433,387.0084404017676,3.807100534439087,20.42653465270996,65.024658203125,0.9931694865226746
434,158.94050586728093,1.4251824617385864,40.29068374633789,65.16212463378906,0.9933082461357117
435,360.19382981856353,3.951599359512329,24.119272232055664,65.31234741210938,0.9934232831001282
436,378.8147480771081,4.70904541015625,22.311487197875977,65.45118713378906,0.993573009967804
437,215.845980261012,0.5960900783538818,30.840513229370117,65.58544158935547,0.9936718940734863
438,205.530083650048,1.9138453006744385,30.4056339263916,65.7215805053711,0.9937850832939148
439,342.34474693714617,5.157488822937012,27.837175369262695,65.875244140625,0.9939513206481934
440,353.80886876647435,4.237761974334717,24.039710998535156,66.01786804199219,0.9941196441650391
441,371.0721391636191,4.2101335525512695,24.218355178833008,66.1532211303711,0.994267463684082
442,373.84953880196525,4.20440673828125,22.433197021484375,66.29170989990234,0.9944212436676025
443,355.6863954655026,3.4584453105926514,26.3762264251709,66.431884765625,0.9945093989372253
444,182.42050015203498,1.1069188117980957,36.581939697265625,66.55408477783203,0.9945763945579529
445,335.5451743574555,3.381291151046753,24.888944625854492,66.71401977539062,0.9946162104606628
446,329.6216300094665,4.732137203216553,29.397235870361328,66.85526275634766,0.994664192199707
447,128.19877351264356,0.35373178124427795,53.774879455566406,66.97076416015625,0.9947063326835632
448,235.75893941085917,2.2790029048919678,31.52337074279785,67.12608337402344,0.9947416186332703
449,349.9114806266765,3.718059539794922,25.58452606201172,67.27352905273438,0.9947543144226074
450,352.08571578743414,4.404641151428223,26.083248138427734,67.41118621826172,0.9947972297668457
451,227.29908535517887,2.77075457572937,34.56250762939453,67.54352569580078,0.9948531985282898
452,206.22071818824452,2.3499679565429688,34.1375846862793,67.67279815673828,0.995002269744873
453,158.03402286369453,0.5394940972328186,45.858333587646484,67.81617736816406,0.9951071739196777
454,235.97480748743934,2.639568567276001,32.888668060302734,67.96077728271484,0.9952327609062195
455,157.74618959933514,0.4366837739944458,48.61360168457031,68.09530639648438,0.995326578617096
456,322.36630745957314,4.588440895080566,30.119525909423828,68.24298095703125,0.9954673647880554
457,208.47018766975063,2.5713367462158203,37.11073684692383,68.3786849975586,0.9956732392311096
458,325.6453138968838,4.862190246582031,31.72945213317871,68.5193099975586,0.9958749413490295
459,299.89832455196785,3.596569299697876,30.780765533447266,68.66000366210938,0.9960546493530273
460,124.63104386166074,0.2739255428314209,57.01283645629883,68.78588104248047,0.9962208867073059
461,329.5105823938641,3.4808449745178223,27.245140075683594,68.92516326904297,0.9963693618774414
462,148.5242512399937,1.2640048265457153,51.9244499206543,69.05423736572266,0.9965298771858215
463,196.68494522699527,1.1982344388961792,41.37302017211914,69.19113159179688,0.9966524243354797
464,297.9745640861513,2.8725311756134033,31.410442352294922,69.33146667480469,0.9967415928840637
465,244.58694104071992,2.363297700881958,35.4693717956543,69.46309661865234,0.9968085289001465
466,317.95446838671916,4.455407619476318,31.515033721923828,69.60060119628906,0.9968905448913574
467,316.5379505893601,3.169386863708496,30.01718521118164,69.73419952392578,0.996952474117279
468,325.90442933015026,4.59487247467041,30.426862716674805,69.86368560791016,0.9971024394035339
469,286.3293281525547,4.2636823654174805,35.81090545654297,70.00845336914062,0.997265636920929
470,327.4481545991473,4.975485801696777,33.983795166015625,70.13899230957031,0.9974263310432434
471,301.33329337311056,3.3431036472320557,31.449996948242188,70.27740478515625,0.9975643157958984
472,297.4195241017849,4.965896129608154,37.39837646484375,70.41577911376953,0.997719943523407
473,292.0347499561304,4.88720178604126,39.49049758911133,70.5524673461914,0.997886598110199
474,292.7902146910342,3.9558234214782715,34.76306915283203,70.68683624267578,0.9980552196502686
475,283.1702030289995,3.095269203186035,39.80367660522461,70.8260726928711,0.9981700778007507
476,150.44342475251932,1.0879974365234375,54.31730651855469,70.94782257080078,0.9982872009277344
477,302.2554560223719,4.279239654541016,36.63602828979492,71.09978485107422,0.998394787311554
478,305.48716368874017,4.837042331695557,37.54674530029297,71.23783874511719,0.9985077381134033
479,269.3580269878957,2.451807975769043,37.46569061279297,71.37345123291016,0.9985823631286621
480,289.22205263028934,3.3535168170928955,33.07500076293945,71.51034545898438,0.9986644387245178
481,284.3019366854816,3.11643123626709,34.874122619628906,71.64743041992188,0.998734176158905
482,303.94259029386893,3.8771612644195557,35.96239471435547,71.78675842285156,0.9987934231758118
483,291.3648803593106,2.9457292556762695,36.66971969604492,71.92486572265625,0.9988285899162292
484,319.45176332078785,3.2696099281311035,31.790414810180664,72.06010437011719,0.9988511204719543
485,281.552622091441,4.284584045410156,38.95954132080078,72.2010726928711,0.9989026188850403
486,301.95083800829536,3.789050579071045,35.42580795288086,72.33755493164062,0.998951256275177
487,275.8618889123167,2.590782642364502,41.1381950378418,72.47633361816406,0.9989652633666992
488,281.3489618649036,2.7827000617980957,40.63038635253906,72.61327362060547,0.9989420771598816
489,311.6923484473781,3.511239767074585,33.103092193603516,72.75088500976562,0.9989268779754639
490,306.1937287691184,4.669025421142578,36.05767822265625,72.88727569580078,0.9990694522857666
491,299.6443049590866,3.1765997409820557,39.73857116699219,73.02603912353516,0.9991593360900879
492,276.55928183413414,3.1607444286346436,44.37159729003906,73.16633605957031,0.9992186427116394
493,287.06237815308265,3.5847015380859375,37.093318939208984,73.2972640991211,0.9992849230766296
494,312.16815324868406,3.6441943645477295,34.407066345214844,73.43833923339844,0.9993545413017273
495,303.9435579152656,3.493337392807007,36.37232971191406,73.5789566040039,0.9994113445281982
496,266.48126195741105,3.3027474880218506,39.579437255859375,73.71329498291016,0.9994801878929138
497,285.2754827668451,3.0726897716522217,38.790809631347656,73.85408782958984,0.9995203018188477
498,292.25700472363434,3.000483989715576,41.3293342590332,73.99154663085938,0.9995236396789551
499,307.1967978028322,4.05379581451416,39.93766403198242,74.1281967163086,0.999517023563385
500,311.328323413566,4.356446266174316,37.96934127807617,74.265380859375,0.999548614025116
501,296.292913045539,4.082841873168945,41.82891082763672,74.40472412109375,0.9995757937431335
502,333.4758383027818,3.572370767593384,32.51303482055664,74.539794921875,0.9996049404144287
503,294.47659505484296,4.288299560546875,40.86143493652344,74.67918395996094,0.9996585249900818
504,305.004817418803,3.9640064239501953,39.29057693481445,74.81802368164062,0.9997093081474304
505,290.7902575548486,4.032927989959717,40.80302047729492,74.95774841308594,0.9997749328613281
506,293.76866942272085,4.745859622955322,42.975608825683594,75.09244537353516,0.9998834729194641
507,315.8300410865128,3.549663543701172,34.22406005859375,75.23062133789062,1.0000208616256714
508,264.79565906241356,2.5479884147644043,38.503719329833984,75.36734008789062,1.0001498460769653
509,222.44458807211564,0.44795358180999756,45.148990631103516,75.50568389892578,1.000220775604248
510,313.72588869626446,4.127091407775879,37.32672882080078,75.64344787597656,1.0003238916397095
511,199.2810913929424,0.8124317526817322,51.38884735107422,75.77865600585938,1.0003924369812012
512,318.6902109170285,4.433504104614258,37.704261779785156,75.91870880126953,1.0005120038986206
513,325.9715036710452,3.3266525268554688,35.573387145996094,76.05826568603516,1.0006104707717896
514,328.1710591234296,2.8665194511413574,34.683013916015625,76.19574737548828,1.000685691833496
515,299.39438759169013,4.133072376251221,42.19891357421875,76.33413696289062,1.0007706880569458
516,318.8321259183799,3.484496593475342,37.53805160522461,76.47215270996094,1.0008431673049927
517,345.8786004255323,3.5171494483947754,33.55646896362305,76.60720825195312,1.0009088516235352
518,207.28687167722822,2.087433099746704,50.256290435791016,76.73487854003906,1.0009855031967163
519,363.510370502095,3.946903705596924,30.889760971069336,76.8834228515625,1.0011680126190186
520,326.96605330816607,3.7811946868896484,35.35205841064453,77.0167007446289,1.0013829469680786
521,350.55079656847937,3.3838114738464355,33.874542236328125,77.15888214111328,1.001567006111145
522,313.2017117567553,3.102116346359253,39.18326950073242,77.29651641845703,1.0017160177230835
523,320.64751866194547,3.6698765754699707,38.7889404296875,77.43262481689453,1.0018547773361206
524,328.06477609878226,4.924050331115723,41.25064468383789,77.56951904296875,1.0020183324813843
525,316.71878032346046,3.8619184494018555,42.129737854003906,77.70728302001953,1.0021629333496094
526,338.20611477669405,3.8506240844726562,35.63335418701172,77.84404754638672,1.0023208856582642
527,324.15790640056764,3.1740219593048096,36.890403747558594,77.98040771484375,1.0024570226669312
528,335.1393303928193,3.4561312198638916,35.98955535888672,78.11669921875,1.0025889873504639
529,350.71074060983176,4.041561603546143,34.67770767211914,78.25395965576172,1.0027803182601929
530,320.50052233627554,2.5233662128448486,35.177886962890625,78.39559173583984,1.0029410123825073
531,325.07479294154757,2.684943199157715,36.29398727416992,78.53237915039062,1.0030730962753296
532,337.21283045224914,3.201629161834717,35.081443786621094,78.66793823242188,1.0031991004943848
533,357.63322065365173,3.9216954708099365,35.283042907714844,78.80516052246094,1.0033283233642578
534,312.36507220049907,3.2273590564727783,39.99283981323242,78.94257354736328,1.003445029258728
535,348.8533986012986,3.695852279663086,34.043636322021484,79.08023071289062,1.0035878419876099
536,341.70676906927014,4.09500789642334,36.74372100830078,79.2181167602539,1.003807544708252
537,310.019337994461,2.855353593826294,40.255184173583984,79.35613250732422,1.003998875617981
538,355.5159031761864,3.906430959701538,37.08946990966797,79.48844146728516,1.00417959690094
539,326.01614603935366,4.253097057342529,42.395355224609375,79.6290512084961,1.0043641328811646
540,342.60431943276313,3.0746424198150635,35.449256896972656,79.76750183105469,1.0045303106307983
541,341.18185967832244,2.9811041355133057,39.74686813354492,79.90545654296875,1.0046581029891968
542,364.0212837918469,3.149433135986328,32.911643981933594,80.04103088378906,1.0047783851623535
543,331.9199324561653,3.4964096546173096,36.667381286621094,80.17848205566406,1.0049877166748047
544,324.16033996850456,2.891576051712036,37.491153717041016,80.3152847290039,1.0051778554916382
545,338.2976821642637,4.570034503936768,43.79397201538086,80.45071411132812,1.0054041147232056
546,334.5692176790665,3.573166847229004,40.13035583496094,80.58826446533203,1.0056126117706299
547,335.8920609048239,3.282064437866211,39.39100646972656,80.72602081298828,1.0057967901229858
548,313.6710736050595,3.2869179248809814,43.72162628173828,80.861328125,1.0059586763381958
549,357.68984613309857,2.970146894454956,34.523197174072266,80.99894714355469,1.0061044692993164
550,310.1995590298712,4.358282566070557,45.8262939453125,81.13890838623047,1.0062642097473145
551,326.18384047108515,3.4310109615325928,38.85844421386719,81.27204895019531,1.0064256191253662
552,327.9492256540647,4.227328777313232,42.8492546081543,81.41141510009766,1.0066174268722534
553,360.17817340221484,3.1829233169555664,34.2230110168457,81.54751586914062,1.0068303346633911
554,325.2307993985019,3.7220475673675537,43.467647552490234,81.68468475341797,1.0070279836654663
555,335.62576269611503,3.286756992340088,40.54729461669922,81.82145690917969,1.007204532623291
556,333.86605996974384,4.212728023529053,42.96997833251953,81.95929718017578,1.0073944330215454
557,323.90264298453366,3.635246753692627,42.32612991333008,82.09492492675781,1.0076031684875488
558,353.6395003489547,2.632768392562866,36.97545623779297,82.23316192626953,1.0077646970748901
559,315.32586785111334,3.564823865890503,44.94825744628906,82.36942291259766,1.0079162120819092
560,308.248102890725,2.774822950363159,43.23891830444336,82.50572204589844,1.008049488067627
561,360.9500459146801,2.7648870944976807,34.22866439819336,82.6413803100586,1.008176326751709
562,345.933949941894,4.531890869140625,45.15793228149414,82.77803802490234,1.0083203315734863
563,346.09418158642575,3.573446035385132,40.798336029052734,82.91415405273438,1.0084644556045532
564,341.1710808687215,2.5057451725006104,40.54839324951172,83.0511245727539,1.0085622072219849
565,345.0394453340191,2.461880922317505,39.44900894165039,83.18465423583984,1.008616328239441
566,341.167667869565,3.480187177658081,39.909183502197266,83.32649230957031,1.00868558883667
567,280.5982149781936,1.7150039672851562,42.83613204956055,83.45570373535156,1.008739948272705
568,335.8916291084629,3.197183609008789,40.8153076171875,83.59989929199219,1.008797526359558
569,341.3848303441529,2.8870348930358887,37.65238571166992,83.73394012451172,1.008864402770996
570,326.71472451341987,3.871169090270996,44.644718170166016,83.87059020996094,1.0089701414108276
571,363.3828675117567,3.002028703689575,37.35830307006836,84.00396728515625,1.0090731382369995
572,330.7859188897693,2.1913955211639404,45.2012825012207,84.14352416992188,1.0091463327407837
573,375.75608364812,3.412261486053467,42.01679992675781,84.2689437866211,1.0091835260391235
574,312.79200599258564,2.9887516498565674,45.832313537597656,84.41886901855469,1.0092225074768066
575,355.8331962772545,3.3029892444610596,37.80181121826172,84.54910278320312,1.009337306022644
576,369.76175143096816,2.2515788078308105,38.9007568359375,84.68163299560547,1.009403109550476
577,322.985626081884,4.074880599975586,46.42893600463867,84.82952880859375,1.0095621347427368
578,318.0317162728012,2.6949377059936523,42.071876525878906,84.95425415039062,1.0097235441207886
579,370.4842140258274,2.310370683670044,38.52460479736328,85.10072326660156,1.009852647781372
580,369.0494508994851,2.923701763153076,38.6595573425293,85.23619842529297,1.009963870048523
581,401.2953227693994,3.083096981048584,31.793434143066406,85.36709594726562,1.0101877450942993
582,372.97181840522455,3.0885236263275146,38.23950958251953,85.50984191894531,1.0103925466537476
583,365.942584606423,3.7309839725494385,43.2781982421875,85.64608001708984,1.0105844736099243
584,363.082662886808,1.4125257730484009,35.22310256958008,85.78256225585938,1.0107431411743164
585,352.88603514711315,3.7218544483184814,42.546173095703125,85.9197769165039,1.0109425783157349
586,371.8375634244692,0.5123319625854492,37.46406173706055,86.05241394042969,1.0110723972320557
587,312.04121706935723,3.0250980854034424,45.965110778808594,86.19286346435547,1.0112224817276
588,332.34577029746606,2.438124656677246,37.45684814453125,86.32701873779297,1.0114253759384155
589,337.09604590708176,2.95310640335083,46.11249923706055,86.46266174316406,1.0115987062454224
590,361.1030498763946,3.424720287322998,41.77140808105469,86.6017074584961,1.0117859840393066
591,370.6097359339361,3.2314023971557617,43.86017608642578,86.73009490966797,1.0119432210922241
592,362.16160399264004,3.2007436752319336,39.60524368286133,86.87007141113281,1.0121055841445923
593,388.374483259177,2.8614189624786377,35.282249450683594,87.00558471679688,1.012270450592041
594,303.1964096189637,2.8383564949035645,53.08756637573242,87.14576721191406,1.012415885925293
595,384.86554103320117,2.8271074295043945,38.07246398925781,87.28044891357422,1.0125480890274048
596,333.0062554456907,2.8548054695129395,41.32566452026367,87.41744232177734,1.0127989053726196
597,336.09868026030557,3.0265696048736572,43.15074157714844,87.55287170410156,1.0130501985549927
598,351.4207145870455,1.8170619010925293,40.74482345581055,87.68828582763672,1.013242483139038
599,340.84220418286725,3.5193374156951904,45.54689025878906,87.82870483398438,1.0134739875793457
600,343.115255156039,2.2171504497528076,42.39949035644531,87.96279907226562,1.0136762857437134
601,295.7134204810504,3.3720362186431885,54.710750579833984,88.1002197265625,1.0139001607894897
602,351.9313024228057,2.2859914302825928,40.76295471191406,88.23248291015625,1.0140968561172485
603,344.0486494988952,2.359818696975708,42.41358947753906,88.37132263183594,1.0142732858657837
604,296.77203917756754,2.7793753147125244,60.43021774291992,88.50908660888672,1.0144068002700806
605,379.5963643213662,2.7330245971679688,37.95576477050781,88.64175415039062,1.0145419836044312
606,320.0197208856936,2.963679075241089,47.07301330566406,88.77593994140625,1.014772653579712
607,318.03005925839966,2.646141290664673,50.98051071166992,88.91427612304688,1.014975666999817
608,329.0369091983842,2.218029737472534,47.34001159667969,89.0531234741211,1.015142560005188
609,316.79003942996025,0.3398652672767639,49.36838912963867,89.18798828125,1.0152252912521362
610,317.0715023201715,2.2177798748016357,49.27740478515625,89.32484436035156,1.015293002128601
611,139.50691340367226,-1.1205178499221802,90.68925476074219,89.45065307617188,1.0153602361679077
612,248.56553687203288,2.1800358295440674,57.5255126953125,89.56593322753906,1.0154894590377808
613,307.79797446765343,3.407935857772827,54.537025451660156,89.68171691894531,1.0156646966934204
614,319.2380971188064,2.129789352416992,48.143367767333984,89.79493713378906,1.0158171653747559
615,240.0786374448172,1.831747055053711,58.272491455078125,89.9073486328125,1.016022801399231
616,274.1897410832946,1.4286400079727173,57.385250091552734,90.02935791015625,1.0161895751953125
617,308.60461461025403,3.3455731868743896,55.9420166015625,90.14945220947266,1.0163933038711548
618,310.6347393790048,2.7747137546539307,51.14126968383789,90.26815032958984,1.016620397567749
619,181.32451246203507,0.7188227772712708,76.28482818603516,90.38583374023438,1.0168801546096802
620,288.56973167658253,2.366727590560913,55.42469787597656,90.49749755859375,1.0171276330947876
621,317.2776411410483,2.6531810760498047,48.45565414428711,90.60919952392578,1.0173786878585815
622,283.9821878059226,1.8452696800231934,53.27326202392578,90.71879577636719,1.0176098346710205
623,284.94970159319433,3.4033544063568115,60.990234375,90.83474731445312,1.017868995666504
624,310.6433222574946,2.376244068145752,50.27091979980469,90.95134735107422,1.0181199312210083
625,288.61638638963524,1.8343931436538696,55.01764678955078,91.06961059570312,1.0183395147323608
626,285.5353692704327,2.2391836643218994,62.95064163208008,91.1922378540039,1.0185160636901855
627,322.3333887687294,0.833070695400238,48.76473617553711,91.31172943115234,1.0186306238174438
628,258.49539140790284,2.330690860748291,63.1585693359375,91.43595886230469,1.0187674760818481
629,300.3189639435973,2.796675443649292,55.30625534057617,91.5589828491211,1.0189350843429565
630,298.7221442283654,2.5479326248168945,54.053409576416016,91.68437957763672,1.0191078186035156
631,310.90065574644433,1.200682520866394,48.18547058105469,91.80777740478516,1.0192502737045288
632,301.7752054137527,1.9464532136917114,56.362037658691406,91.93138885498047,1.0193651914596558
633,302.0186313946937,2.750211477279663,61.201107025146484,92.06903076171875,1.019465446472168
634,318.6882402939542,2.427532434463501,51.5821533203125,92.19538879394531,1.0195692777633667
635,304.630645795186,0.763541579246521,48.31010818481445,92.32524108886719,1.0196353197097778
636,281.85707941806197,-0.7241670489311218,55.88615417480469,92.4571533203125,1.0196439027786255
637,338.8947928728135,4.067075729370117,58.05541229248047,92.58287811279297,1.0197091102600098
638,317.53860405335024,2.2062129974365234,52.36084747314453,92.71647644042969,1.0197685956954956
639,317.769901329916,1.7306021451950073,47.451969146728516,92.84996795654297,1.0198301076889038
640,310.10008812236924,3.5683460235595703,61.67211151123047,92.98151397705078,1.0199187994003296
641,293.1500794828555,2.836026430130005,60.9664306640625,93.11407470703125,1.0200104713439941
642,312.49218925625195,2.0956196784973145,52.946937561035156,93.24744415283203,1.0201010704040527
643,284.5772240393321,1.4789164066314697,52.50578689575195,93.38187408447266,1.0202032327651978
644,307.9219404440376,2.394047498703003,53.629764556884766,93.51374816894531,1.0203804969787598
645,335.0306989808291,2.7876691818237305,48.180843353271484,93.64542388916016,1.0206962823867798
646,318.2733627631634,2.411771297454834,52.53155517578125,93.78224182128906,1.0209954977035522
647,345.16853514761556,3.0390548706054688,53.716835021972656,93.91332244873047,1.0212754011154175
648,276.52958466757286,2.873983860015869,67.56498718261719,94.0517807006836,1.0215531587600708
649,312.77028936899274,2.5088512897491455,54.65381622314453,94.18470001220703,1.021830677986145
650,292.34064448422356,1.9807182550430298,60.383445739746094,94.3210678100586,1.0220805406570435
651,323.25753951727523,2.4306070804595947,55.7359504699707,94.45387268066406,1.0223103761672974
652,327.4763201510741,2.4099926948547363,50.582786560058594,94.58810424804688,1.022558331489563
653,272.188250199956,0.09589727222919464,61.117401123046875,94.72301483154297,1.0227457284927368
654,307.7830660510651,3.6130447387695312,64.33525848388672,94.85903930664062,1.022964596748352
655,288.8200780896153,3.4364538192749023,71.69041442871094,94.99341583251953,1.0232343673706055
656,283.6867900812082,1.429619312286377,56.62974166870117,95.12406158447266,1.0234860181808472
657,307.8427358624556,2.3377580642700195,60.645751953125,95.25888061523438,1.0237150192260742
658,289.55546269543476,0.4002766013145447,67.47457885742188,95.39727783203125,1.023847222328186
659,340.54637230644556,0.38762080669403076,47.963260650634766,95.5300521850586,1.0239262580871582
660,311.15290068882115,1.3036988973617554,51.33159637451172,95.66466522216797,1.0239943265914917
661,340.91903845189853,2.0683746337890625,48.819705963134766,95.80131530761719,1.024110198020935
662,292.00618741710997,2.1459007263183594,64.04345703125,95.93949890136719,1.0242185592651367
663,320.8964390298361,2.618300199508667,56.58615493774414,96.07305908203125,1.0243715047836304
664,291.06508204817794,1.6133641004562378,56.88266372680664,96.20691680908203,1.0245423316955566
665,325.11026372939534,1.8500856161117554,59.07551574707031,96.33930206298828,1.0246773958206177
666,292.878183759959,2.64619779586792,67.37879180908203,96.47834014892578,1.0248314142227173
667,316.84545987798066,0.6749153137207031,58.442447662353516,96.61337280273438,1.0249464511871338
668,277.52639678678753,2.7590115070343018,73.2794418334961,96.74581909179688,1.0250805616378784
669,313.15775882511406,2.8778727054595947,60.08311080932617,96.88252258300781,1.02523934841156
670,317.05872871240393,2.174114465713501,61.36875534057617,97.01969146728516,1.0253804922103882
671,267.279886149191,1.2695850133895874,72.3259048461914,97.15239715576172,1.0254968404769897
672,259.46999500497117,-3.1199662685394287,75.2691879272461,97.29103088378906,1.025542140007019
673,271.9464526933192,2.697152614593506,72.20913696289062,97.42082214355469,1.0256232023239136
674,307.76079525513484,2.0760679244995117,64.76653289794922,97.56224060058594,1.0256915092468262
675,286.2435102903566,1.8529393672943115,67.15328216552734,97.69518280029297,1.0257577896118164
676,257.5368346922593,1.6400516033172607,71.68856048583984,97.82856750488281,1.0258303880691528
677,270.15420184903485,0.4389195144176483,68.6254653930664,97.96539306640625,1.0258697271347046
678,333.8006530376284,2.1431686878204346,52.036930084228516,98.09867858886719,1.0259894132614136
679,337.8580179611211,1.080592155456543,51.9961051940918,98.23461151123047,1.026075839996338
680,336.2319157197884,1.8227357864379883,55.15842819213867,98.36693572998047,1.0261534452438354
681,296.4397383217929,1.8430808782577515,57.92659378051758,98.5019760131836,1.026366114616394
682,321.5380244958535,2.0809593200683594,55.53852081298828,98.63916015625,1.026599407196045
683,306.99952025546287,1.7526577711105347,60.27628707885742,98.77333068847656,1.0268250703811646
684,293.5712241426841,0.9544364809989929,59.73316955566406,98.91067504882812,1.0270241498947144
685,286.5738598877853,1.2731505632400513,76.6291732788086,99.04644012451172,1.0271806716918945
686,296.0887030354893,0.9701622724533081,57.04401779174805,99.18241882324219,1.0273263454437256
687,315.16247121749313,1.5424187183380127,51.68657684326172,99.31556701660156,1.0275181531906128
688,314.1507935667925,2.5144224166870117,62.6256103515625,99.44961547851562,1.0277498960494995
689,299.18814062458404,1.1311229467391968,57.75934600830078,99.58246612548828,1.027967929840088
690,185.7349907238619,-2.5306754112243652,103.96959686279297,99.72252655029297,1.0281282663345337
691,343.88938337710886,0.9591925144195557,49.27876663208008,99.83256530761719,1.028261423110962
692,330.297950159458,2.027350425720215,55.68946838378906,99.9464111328125,1.0284556150436401
693,296.514862861525,2.5731024742126465,66.28323364257812,100.06181335449219,1.0288124084472656
694,287.6497451822974,2.6424832344055176,71.5810317993164,100.17906188964844,1.0292892456054688
695,325.20003984392747,2.339808464050293,57.79446029663086,100.29752349853516,1.0297764539718628
696,293.9265720498598,0.8068453669548035,63.65065383911133,100.41765594482422,1.0302047729492188
697,313.20693599177565,2.06691837310791,65.34593963623047,100.54183197021484,1.030601143836975
698,301.44935819993776,1.2793179750442505,63.9935302734375,100.66557312011719,1.030956506729126
699,307.79150305105094,2.1380550861358643,69.86775207519531,100.79170227050781,1.0312800407409668
700,366.95980178318433,1.0879396200180054,51.112518310546875,100.91382598876953,1.0315438508987427
701,302.88131175260605,2.110215187072754,65.66634368896484,101.04341125488281,1.0318361520767212
702,336.41936376080895,1.068594217300415,49.692996978759766,101.16831970214844,1.0321258306503296
703,333.7000556315581,2.309372901916504,61.088069915771484,101.29729461669922,1.0324050188064575
704,265.0523591672422,1.719693660736084,77.30713653564453,101.42340850830078,1.032694935798645
705,322.555959603325,2.592461109161377,70.1242904663086,101.55560302734375,1.0329655408859253
706,324.20784571854983,-0.5757659673690796,57.77414321899414,101.68526458740234,1.0331473350524902
707,362.89749588930766,-2.8180184364318848,50.29855728149414,101.81353759765625,1.033261775970459
708,244.5940247075813,2.019684314727783,90.23579406738281,101.9452896118164,1.0333832502365112
709,304.93473117106123,2.3589327335357666,68.2374496459961,102.0767593383789,1.033549189567566
710,350.67860677606643,1.9465285539627075,56.784820556640625,102.20442199707031,1.0337120294570923
711,394.9982534655796,1.8260667324066162,47.37353515625,102.3381118774414,1.0338798761367798
712,317.208110849001,1.575879454612732,68.58320617675781,102.4711685180664,1.0340182781219482
713,305.214361686833,1.1064722537994385,59.6478385925293,102.60636138916016,1.0341554880142212
714,326.81816910140935,1.1323388814926147,51.59078598022461,102.73799133300781,1.0344253778457642
715,388.02306987448605,-1.1481032371520996,46.48232650756836,102.87044525146484,1.0346133708953857
716,341.6841274229792,2.0988221168518066,57.44904327392578,103.00298309326172,1.034840703010559
717,368.5045942631452,1.7130229473114014,55.52423858642578,103.14018249511719,1.0350438356399536
718,384.8450397533119,0.636884868144989,47.199642181396484,103.26893615722656,1.0352007150650024
719,267.6005680196976,1.3498265743255615,78.79234313964844,103.39861297607422,1.0353522300720215
720,333.61944234680556,0.3082161843776703,55.53129577636719,103.5369644165039,1.035475730895996
721,299.6378326618128,2.4920167922973633,77.78008270263672,103.67304992675781,1.0356117486953735
722,382.05668897082916,1.2503137588500977,47.85476303100586,103.80449676513672,1.0357420444488525
723,361.368947522862,1.1433430910110474,55.80093765258789,103.93447875976562,1.0358449220657349
724,413.89059490739413,1.5391865968704224,45.78953552246094,104.0676040649414,1.0359487533569336
725,336.63457234903586,0.3989964723587036,60.99509048461914,104.20484924316406,1.0360268354415894
726,288.64762214485546,1.4053170680999756,70.44910430908203,104.34273529052734,1.0361181497573853
727,351.87130909344535,1.2772334814071655,53.91560745239258,104.47563934326172,1.0362272262573242
728,348.10238373225377,0.8028580546379089,53.35292434692383,104.60586547851562,1.036324143409729
729,263.0232772312957,0.8742021322250366,75.95455169677734,104.74211120605469,1.036443829536438
730,295.00860023820894,1.335692048072815,76.67715454101562,104.88143920898438,1.0365490913391113
731,356.16665074480517,0.885403037071228,56.9243049621582,105.01253509521484,1.0366361141204834
732,255.39291495779653,1.9656192064285278,87.13524627685547,105.15089416503906,1.0367757081985474
733,374.02029652815287,0.7781014442443848,55.700286865234375,105.28121185302734,1.036887764930725
734,303.0365753619099,0.7660493850708008,61.36836624145508,105.41777038574219,1.0370208024978638
735,263.5247133170302,-0.06022395193576813,76.69444274902344,105.55226135253906,1.0371297597885132
736,291.3196638446619,0.5919256806373596,78.42510223388672,105.68849182128906,1.0372130870819092
737,292.7285222523538,1.3967207670211792,69.42073822021484,105.81816864013672,1.0373393297195435
738,293.80417186094496,0.9004359841346741,70.35940551757812,105.95404815673828,1.0374571084976196
739,390.35464639973554,0.033406320959329605,45.316593170166016,106.08809661865234,1.0375404357910156
740,364.8017131689902,1.1025563478469849,58.8500862121582,106.22136688232422,1.0375980138778687
741,279.6188471740212,0.6336614489555359,77.10511016845703,106.35737609863281,1.0376473665237427
742,292.3586425179654,0.853817343711853,76.63118743896484,106.49607849121094,1.0376839637756348
743,301.19214721752445,1.4479875564575195,71.55406951904297,106.63097381591797,1.0377342700958252
744,336.5850862301989,1.0795561075210571,64.33275604248047,106.76239013671875,1.037772536277771
745,328.51559818523265,1.1803326606750488,64.8844223022461,106.89938354492188,1.0378121137619019
746,257.6840264347408,-0.46872571110725403,73.01593017578125,107.02838134765625,1.037842869758606
747,285.79822469752133,0.7676185369491577,87.81682586669922,107.14200592041016,1.037858009338379
748,300.4119873090987,1.4809573888778687,74.2672348022461,107.25020599365234,1.0378931760787964
749,262.25232913569647,1.533282995223999,94.3601303100586,107.36479949951172,1.037937045097351
750,251.2360499895424,0.02412814274430275,88.33460998535156,107.47891998291016,1.037964940071106
751,293.0198993434885,1.273712396621704,79.81304931640625,107.59640502929688,1.0379934310913086
752,263.02273496260585,-0.297810822725296,86.30146026611328,107.71404266357422,1.038002610206604
753,304.9115317330675,0.9847561120986938,65.27276611328125,107.83350372314453,1.0380921363830566
754,277.2634596726112,1.7216356992721558,94.29075622558594,107.95458984375,1.038177728652954
755,284.46833515879064,0.7138335108757019,85.92916870117188,108.07894134521484,1.0382466316223145
756,241.0383477918596,-1.1615142822265625,95.92904663085938,108.20166778564453,1.0382901430130005
757,349.94255077390454,1.379145622253418,58.706825256347656,108.32215118408203,1.0383635759353638
758,276.73465424670417,-1.0177420377731323,81.281982421875,108.45269775390625,1.0383943319320679
759,286.5184295634588,0.7497246861457825,79.44688415527344,108.57363891601562,1.0384241342544556
760,332.0097889313507,1.3893483877182007,66.20484161376953,108.70268249511719,1.0384931564331055
761,314.88926445837023,0.8267202377319336,72.72191619873047,108.82952117919922,1.0385489463806152
762,276.53082683952886,0.3019051253795624,77.06770324707031,108.95816802978516,1.0386039018630981
763,279.04151566794184,1.3288464546203613,79.39379119873047,109.08401489257812,1.0387065410614014
764,298.79543364926934,0.6864778995513916,69.5887222290039,109.20635986328125,1.0388132333755493
765,317.4343854174857,0.7348906993865967,68.07894134521484,109.33336639404297,1.0389142036437988
766,271.9950058581274,-0.18445537984371185,82.27467346191406,109.45906829833984,1.038988471031189
767,239.29159896664694,1.3355036973953247,106.37720489501953,109.58932495117188,1.0390733480453491
768,292.1632949292144,-0.08783047646284103,79.78728485107422,109.71688079833984,1.0391291379928589
769,355.59325639210266,1.5024511814117432,61.91803741455078,109.8428955078125,1.039249062538147
770,328.9342750783757,0.5831894874572754,72.05020141601562,109.97193145751953,1.0393298864364624
771,261.7427132917411,-0.2621266543865204,88.90910339355469,110.1033935546875,1.0393928289413452
772,149.93328919556927,-1.567925214767456,134.2720184326172,110.2302474975586,1.0394924879074097
773,249.3959212209971,0.6284371018409729,91.21916198730469,110.33718872070312,1.0396114587783813
774,241.0116275142264,1.4725176095962524,103.24369812011719,110.42801666259766,1.0398274660110474
775,294.0606122351828,0.8964704275131226,77.35397338867188,110.52161407470703,1.0400335788726807
776,234.10472971723067,-0.30081555247306824,106.7319107055664,110.61798095703125,1.0402079820632935
777,319.87513759623744,1.1723053455352783,67.46365356445312,110.7084732055664,1.040423035621643
778,301.400298968287,-0.1525745689868927,79.12151336669922,110.8073959350586,1.04058837890625
779,266.11526653260967,-1.3944551944732666,95.70291900634766,110.90946197509766,1.0406850576400757
780,287.93536178960915,0.5035135746002197,79.23739624023438,111.01081848144531,1.0407823324203491
781,252.22934817361167,0.03270084783434868,99.05020141601562,111.12010192871094,1.0408645868301392
782,241.2147380729435,0.379029780626297,104.9889907836914,111.23162841796875,1.0409435033798218
783,237.16523813309936,1.3667969703674316,109.92853546142578,111.33727264404297,1.041043758392334
784,302.67166191196424,1.2364394664764404,73.8052749633789,111.4437484741211,1.0413719415664673
785,274.2448359350351,1.9007854461669922,95.23011779785156,111.55602264404297,1.0417598485946655
786,225.45664860024618,-0.09873516857624054,112.48474884033203,111.66885375976562,1.0421122312545776
787,236.99411793785902,-1.2678098678588867,109.2005386352539,111.7616958618164,1.0423847436904907
788,277.5644268698515,0.921890139579773,84.50354766845703,111.8470230102539,1.0426863431930542
789,244.87250851006223,0.9152565598487854,99.82649230957031,111.94371795654297,1.0429991483688354
790,232.0595472507991,0.4695497453212738,112.56936645507812,112.0233383178711,1.0432966947555542
791,253.15143905341338,-0.17464232444763184,96.70696258544922,112.09952545166016,1.0435556173324585
792,247.8183569038174,0.3670719265937805,103.8665542602539,112.16910552978516,1.0437935590744019
793,233.1176279583836,0.2502099275588989,112.9988784790039,112.24166107177734,1.044013500213623
794,107.1722718718369,-11.76494026184082,183.35585021972656,112.30111694335938,1.0441473722457886
795,229.29738443263682,-1.6468313932418823,119.87992858886719,112.35700225830078,1.0442261695861816
796,267.29970677693626,-0.20848409831523895,91.3374252319336,112.40826416015625,1.044288158416748
797,242.28992784471308,-0.3235221207141876,107.38119506835938,112.4619140625,1.0443333387374878
798,272.7401795159267,0.6420275568962097,92.1141357421875,112.51687622070312,1.04438054561615
799,239.60269035340045,1.2292540073394775,110.77033996582031,112.58448028564453,1.0445208549499512
800,246.3349930827446,-0.06640204787254333,112.22681427001953,112.64706420898438,1.044639229774475
801,230.5535762836973,0.2688531279563904,113.73065948486328,112.71730041503906,1.0447622537612915
802,254.8662150957269,0.28079259395599365,103.63410186767578,112.77526092529297,1.0448696613311768
803,232.21435343172084,-0.7088755369186401,117.75035858154297,112.84506225585938,1.0449389219284058
804,268.1027325810007,-1.0716266632080078,95.49150085449219,112.91064453125,1.0449601411819458
805,245.08393171587085,0.03819024935364723,103.83948516845703,112.98564910888672,1.0449844598770142
806,231.62666764767562,-5.479415416717529,118.03482055664062,113.04959106445312,1.0449644327163696
807,266.7621060619941,1.68215012550354,102.41043853759766,113.11066436767578,1.044979214668274
808,140.1805033395056,-6.77097749710083,150.12725830078125,113.17756652832031,1.0449481010437012
809,268.99245422212897,0.15797129273414612,89.73090362548828,113.23041534423828,1.044925570487976
810,235.59859585198956,0.121858611702919,116.07347106933594,113.2784652709961,1.044905662536621
811,260.7429505467999,0.7118924260139465,102.99000549316406,113.32340240478516,1.0448929071426392
812,247.8947082247636,0.5464558601379395,104.32206726074219,113.3763198852539,1.0449047088623047
813,241.39993547876458,0.2049364298582077,111.23355865478516,113.42958068847656,1.0449179410934448
814,243.3028128080413,0.8667402863502502,107.3399429321289,113.48043823242188,1.0449703931808472
815,263.6074077784372,-1.003205418586731,88.952880859375,113.52290344238281,1.044987678527832
816,267.91081668527085,0.5717993378639221,93.71455383300781,113.55304718017578,1.0450226068496704
817,235.57954435752987,1.1535199880599976,116.84734344482422,113.58506774902344,1.0450940132141113
818,234.78088222809336,1.2131398916244507,116.54759979248047,113.6195297241211,1.0452021360397339
819,276.7260739323255,-0.3073626458644867,94.59576416015625,113.65398406982422,1.0452615022659302
820,229.0504751187486,-2.7687644958496094,116.41189575195312,113.6954574584961,1.045251488685608
821,239.36889179450978,-1.2721927165985107,109.51544189453125,113.72451782226562,1.0452053546905518
822,268.8626277600206,0.33949077129364014,104.12974548339844,113.74409484863281,1.045148491859436
823,221.60012702980154,0.036078568547964096,124.90795135498047,113.77667999267578,1.0451053380966187
824,242.49461236700589,1.5112760066986084,113.69123077392578,113.79471588134766,1.0451239347457886
825,245.3668601493208,-1.8217467069625854,115.00273132324219,113.82164764404297,1.0450950860977173
826,138.3713211319139,-3.482365369796753,170.94178771972656,113.85494995117188,1.0450690984725952
827,286.17236038154016,-1.4521832466125488,87.15650177001953,113.87561798095703,1.045018196105957
828,230.37109171921762,-0.5726885795593262,116.01680755615234,113.90804290771484,1.044963002204895
829,284.0796659699996,1.9495455026626587,97.2668685913086,113.92670440673828,1.0449881553649902
830,269.3968731896308,1.1782433986663818,99.70819854736328,113.95561218261719,1.0450390577316284
831,225.21586184844713,0.37075111269950867,124.2873306274414,113.9959487915039,1.045092225074768
832,234.03208415820308,1.0157687664031982,118.09326934814453,114.02490997314453,1.045199990272522
833,227.68815124599334,-1.4946610927581787,117.52149963378906,114.0531997680664,1.0452743768692017
834,234.20164397269514,0.23268726468086243,111.4383316040039,114.06504821777344,1.0453600883483887
835,218.58731798186002,-1.332505464553833,126.55603790283203,114.06375122070312,1.0454260110855103
836,278.58817130534027,-0.3656771779060364,89.63655853271484,114.04502868652344,1.0454655885696411
837,223.30175099211567,0.09937110543251038,125.45222473144531,114.04322052001953,1.0455087423324585
838,266.6611546751879,-1.2318556308746338,89.56645202636719,114.03103637695312,1.0455173254013062
839,233.59992249451082,0.6831793189048767,114.29353332519531,114.01134490966797,1.0455931425094604
840,285.688618120361,-0.5614752173423767,85.378662109375,113.98246002197266,1.0456386804580688
841,225.4446554060869,0.43620336055755615,107.72676086425781,113.96741485595703,1.0457496643066406
842,245.0493516202229,0.2894761860370636,106.16278839111328,113.93822479248047,1.045862078666687
843,228.52409865732736,-1.5413916110992432,118.32820892333984,113.90914154052734,1.045928955078125
844,230.25957057585003,-0.7802029848098755,116.58513641357422,113.87061309814453,1.045969843864441
845,246.6440988704227,0.4928297996520996,97.76870727539062,113.8277359008789,1.046061635017395
846,236.602503374366,-2.635164260864258,108.5682144165039,113.77787017822266,1.0460857152938843
847,271.76349068965584,0.07224854081869125,90.96211242675781,113.71839904785156,1.0461084842681885
848,254.3035986511737,1.578553557395935,104.00113677978516,113.66610717773438,1.0461958646774292
849,314.1148667771534,-0.3347187042236328,67.07201385498047,113.62989044189453,1.046267032623291
850,239.0641709397723,0.9936512112617493,116.43341064453125,113.5916976928711,1.0463443994522095
851,225.58697649638117,-0.9559571146965027,117.31195068359375,113.56573486328125,1.0464047193527222
852,281.00569148437387,0.9424604177474976,90.21940612792969,113.52546691894531,1.0464729070663452
853,217.81541546593206,0.799371600151062,125.659912109375,113.5050048828125,1.0465911626815796
854,266.96916968665096,0.22950619459152222,88.72562408447266,113.47258758544922,1.0467106103897095
855,267.52373388664927,0.7947766780853271,103.04273986816406,113.4383316040039,1.0468196868896484
856,264.7994628898634,-3.143782138824463,88.74730682373047,113.41952514648438,1.0468668937683105
857,261.09129804394536,0.5522050261497498,92.86084747314453,113.3963851928711,1.0469245910644531
858,279.37456013771265,1.082932949066162,100.50340270996094,113.36968231201172,1.0469788312911987
859,249.2345419709794,0.9677593111991882,99.57489776611328,113.35832214355469,1.0471060276031494
860,290.04639527638125,-1.1976635456085205,77.68446350097656,113.34056091308594,1.0471652746200562
861,229.45260139155633,0.1382404863834381,115.57420349121094,113.31671905517578,1.0472283363342285
862,256.73158287380534,-0.9247136116027832,91.34999084472656,113.29054260253906,1.0472679138183594
863,242.31526775089296,0.6831870079040527,105.52106475830078,113.25511169433594,1.047357201576233
864,258.69799823389735,0.022246425971388817,107.25171661376953,113.21849822998047,1.0474238395690918
865,260.48360619854543,0.539777398109436,92.63357543945312,113.19650268554688,1.047523856163025
866,254.7146707642772,1.1378248929977417,101.26527404785156,113.17605590820312,1.0477043390274048
867,267.5953146791926,-0.746425211429596,80.45068359375,113.16362762451172,1.0478594303131104
868,240.7928096061427,0.03664933890104294,97.68357849121094,113.14188385009766,1.0480279922485352
869,282.7000553673908,-0.19023683667182922,85.43831634521484,113.10530853271484,1.0481706857681274
870,276.23637648399915,0.8589532971382141,82.8603515625,113.0839614868164,1.0483733415603638
871,260.74292590494395,-0.838476836681366,93.48828125,113.06227111816406,1.0485328435897827
872,307.2262516820632,1.981213092803955,92.62638092041016,113.04255676269531,1.048701286315918
873,316.03761929237777,-0.3845028877258301,68.89415740966797,113.0328140258789,1.0488440990447998
874,246.14050728098454,1.194470763206482,107.79464721679688,113.03724670410156,1.0489979982376099
875,339.09680155036284,0.695950448513031,64.96110534667969,113.04208374023438,1.0491483211517334
876,248.0940247651666,-2.3829197883605957,103.79170989990234,113.06612396240234,1.0492262840270996
877,290.02102091118775,0.07821314036846161,81.03462982177734,113.09104919433594,1.049294352531433
878,217.5585432955762,1.0707907676696777,120.56268310546875,113.12132263183594,1.0494723320007324
879,260.49829475811583,-0.3049470782279968,97.8285903930664,113.13471984863281,1.0496246814727783
880,290.2999296378669,1.2274975776672363,96.10722351074219,113.15327453613281,1.0497629642486572
881,301.4982325386656,0.8138858675956726,76.72560119628906,113.184814453125,1.0499273538589478
882,286.0722792496863,0.13937823474407196,85.64755249023438,113.22769165039062,1.0500659942626953
883,368.4160895545268,1.7570291757583618,71.0747299194336,113.26936340332031,1.0502095222473145
884,241.4506738801327,0.8009883165359497,111.19383239746094,113.3372802734375,1.0503758192062378
885,200.210655764575,-1.2947967052459717,110.37337493896484,113.39613342285156,1.0505356788635254
886,282.7175144973362,1.4380720853805542,89.66726684570312,113.43866729736328,1.050749659538269
887,213.18266660286233,-1.5579547882080078,84.49839782714844,113.48006439208984,1.0509995222091675
888,328.4493696965976,0.042223844677209854,87.40312194824219,113.5145492553711,1.0512006282806396
889,263.6853122887417,1.1120357513427734,94.13900756835938,113.56055450439453,1.051427960395813
890,337.327746658784,0.9755799770355225,79.00443267822266,113.5763168334961,1.0516256093978882
891,186.59289227575786,-1.6158273220062256,111.0709228515625,113.64656829833984,1.0518264770507812
892,321.1196446432453,-0.9846642017364502,81.05451965332031,113.6763687133789,1.0519787073135376
893,279.5608241375932,-0.2352154403924942,81.78699493408203,113.72173309326172,1.0521125793457031
894,269.78615351082567,1.5003817081451416,94.82564544677734,113.7484359741211,1.052405834197998
895,156.70712065803502,-2.1941895484924316,132.81114196777344,113.78107452392578,1.0527061223983765
896,274.98081629068616,1.3792704343795776,94.6189193725586,113.7933578491211,1.0530142784118652
897,242.59743093496152,0.6712789535522461,105.37981414794922,113.82416534423828,1.0533136129379272
898,298.87467083079105,0.3502717614173889,76.14734649658203,113.83419036865234,1.0536088943481445
899,335.35178876578385,1.4839988946914673,68.33960723876953,113.79533386230469,1.0539461374282837
900,281.3173012380449,0.4537481367588043,87.86671447753906,113.69524383544922,1.054249882698059
901,233.5626376306015,-1.2816343307495117,89.20703125,113.66732788085938,1.0545201301574707
902,324.2744348145398,0.8108652234077454,64.0798110961914,113.44578552246094,1.0547935962677002
903,243.11997144545575,0.33917438983917236,95.62604522705078,113.55677795410156,1.0551036596298218
904,345.9547320748902,0.9478430151939392,75.4266128540039,112.33489990234375,1.0553675889968872
905,317.9181230692214,1.9621942043304443,73.7464828491211,112.05821228027344,1.0556378364562988
906,304.7790838409066,-0.9620857238769531,68.06974792480469,112.19373321533203,1.0558663606643677
907,374.013339108332,1.3014119863510132,67.15650177001953,111.17843627929688,1.056045413017273
908,271.4382414783103,-0.05065198242664337,89.1037368774414,111.53305053710938,1.056197166442871
909,290.2528980563881,1.6274279356002808,73.71046447753906,111.03826141357422,1.0563510656356812
910,235.72818156988927,0.14994923770427704,85.9910659790039,112.82611846923828,1.0566363334655762
911,164.265280049489,-5.576869964599609,112.60938262939453,112.8362045288086,1.0568300485610962
912,317.79298616244984,2.7438018321990967,79.29821014404297,109.55671691894531,1.0570266246795654
913,315.2768281549486,0.6057865619659424,64.4015121459961,111.58865356445312,1.0572128295898438
914,155.65323585133865,-1.6905502080917358,120.2732162475586,113.08284759521484,1.0575499534606934
915,335.5278450929109,0.9998184442520142,47.23904800415039,109.6837158203125,1.057871699333191
916,319.1232703006681,2.4898524284362793,140.38021850585938,104.86944580078125,1.0581685304641724
917,319.1613686866346,0.6318244934082031,44.32861328125,110.22415924072266,1.0584558248519897
918,325.749614026384,2.924420118331909,91.87969207763672,104.536865234375,1.0587403774261475
919,292.40044058846553,2.35318660736084,59.58355712890625,107.145263671875,1.0590214729309082
920,282.3025756630142,1.5433189868927002,26.858762741088867,105.24751281738281,1.059273600578308
921,185.00715320117556,-4.192534923553467,110.58612823486328,112.41999053955078,1.0594357252120972
922,342.37781041069906,1.3398290872573853,39.3253288269043,105.87592315673828,1.0595813989639282
923,159.53966339899569,-1.2446058988571167,137.03126525878906,112.08366394042969,1.0597811937332153
924,134.60196522942178,-2.389066696166992,139.28057861328125,112.31974029541016,1.0600627660751343
925,278.4891236171386,0.9095812439918518,40.232025146484375,108.74393463134766,1.060322880744934
926,195.06789318443415,-1.4370043277740479,101.17556762695312,110.76860046386719,1.0605645179748535
927,320.2204452931367,1.2504804134368896,25.15066909790039,104.8720703125,1.0607801675796509
928,330.6080085322235,2.1808319091796875,19.88950538635254,101.37466430664062,1.0610066652297974
929,302.47605048879467,1.4706207513809204,44.43800354003906,107.72711944580078,1.0612331628799438
930,155.71921594806767,-2.4040610790252686,145.66749572753906,108.40300750732422,1.0614402294158936
931,339.49762478843854,1.496660590171814,64.47002410888672,96.10932159423828,1.0616116523742676
932,256.7739911105194,-0.1079082041978836,51.07307052612305,106.29554748535156,1.0617417097091675
933,286.1745904216074,1.8384132385253906,58.513736724853516,98.06371307373047,1.0618642568588257
934,285.41820473204933,-0.1986818015575409,63.25522994995117,104.5366439819336,1.0619550943374634
935,230.34788006722704,0.02214907668530941,80.06692504882812,106.9968490600586,1.0620425939559937
936,272.25712785134914,0.5599511861801147,58.172210693359375,105.78218078613281,1.0621310472488403
937,257.89146756084256,1.6220340728759766,55.50544357299805,96.26374816894531,1.062221646308899
938,250.22509770391974,1.4525209665298462,32.68415832519531,96.03060150146484,1.0623116493225098
939,246.1010126631103,0.09742064028978348,52.591796875,98.09957885742188,1.0623784065246582
940,237.68919577161913,1.5187777280807495,34.34249496459961,95.31517028808594,1.0624630451202393
941,275.48240987891677,3.513981342315674,44.35725021362305,77.58516693115234,1.0625649690628052
942,255.7399528469689,0.40491974353790283,26.35114097595215,86.73214721679688,1.0626088380813599
943,257.62616942952224,1.1013941764831543,23.575584411621094,88.03297424316406,1.0626296997070312
944,228.92834779625505,2.970665693283081,28.24794578552246,81.9066390991211,1.062696099281311
945,228.21577477510837,0.5810508728027344,23.495161056518555,77.85806274414062,1.0627371072769165
946,234.31587478697435,1.2490715980529785,16.93613052368164,85.38229370117188,1.0627741813659668
947,215.06856239986737,1.0836187601089478,7.682137966156006,79.73446655273438,1.0627856254577637
948,213.6965375883244,1.255579948425293,5.789034366607666,83.07244110107422,1.0628336668014526
949,212.98807087844602,0.6636459827423096,6.771482944488525,83.41349792480469,1.062831997871399
950,211.74462370369585,1.3812528848648071,4.662025451660156,84.30707550048828,1.062857747077942
951,219.47006767618115,0.6642899513244629,14.67771053314209,83.60087585449219,1.062850832939148
952,210.62663548992674,0.5534543991088867,12.475567817687988,84.74989318847656,1.0628212690353394
953,201.75194281404933,0.9954320192337036,9.675715446472168,85.65897369384766,1.0628252029418945
954,207.41905259296283,0.6150596737861633,10.284506797790527,85.80534362792969,1.0628068447113037
955,198.58631879836838,0.7821248769760132,15.517769813537598,83.03092956542969,1.06279718875885
956,202.21198881896035,0.5987753868103027,16.171186447143555,86.15349578857422,1.0627864599227905
957,222.22250892257986,1.6484512090682983,7.401390075683594,80.7573013305664,1.0627999305725098
958,205.26115971229777,1.0471614599227905,8.579445838928223,83.0904541015625,1.0628316402435303
959,203.1776136874864,0.45138880610466003,17.02484893798828,81.40154266357422,1.0628477334976196
960,206.0226094873134,1.2407422065734863,4.923740863800049,78.4948501586914,1.062872290611267
961,211.9507165660333,1.1059969663619995,5.371863842010498,78.69966125488281,1.0628710985183716
962,218.08911137785384,1.2721792459487915,5.506956577301025,80.27471923828125,1.062851905822754
963,220.2391239462699,1.7776209115982056,3.8131537437438965,77.85684967041016,1.062854290008545
964,215.2096900500441,1.6360324621200562,3.7569468021392822,77.77503204345703,1.0628713369369507
965,219.5681691153765,1.638439655303955,7.372498989105225,76.88932800292969,1.0628795623779297
966,217.74314177671633,1.712017297744751,5.317782402038574,76.74546813964844,1.0628865957260132
967,211.33658124481917,1.548982858657837,5.026000499725342,76.30587768554688,1.0628910064697266
968,214.57083101791645,1.7263799905776978,4.808020114898682,76.01729583740234,1.062899112701416
969,223.94970471791916,2.0589351654052734,4.9677510261535645,78.38671875,1.0629359483718872
970,216.68216687342755,1.5976600646972656,4.25473165512085,78.06710815429688,1.0629547834396362
971,222.81016034228017,1.7475786209106445,5.70041036605835,78.48306274414062,1.062958002090454
972,208.2713388496465,1.368327260017395,5.2867584228515625,74.983154296875,1.0629204511642456
973,224.64200269645187,1.7450592517852783,5.878946781158447,76.64435577392578,1.0628252029418945
974,225.60167884542165,1.8390401601791382,4.647784233093262,77.35338592529297,1.062735915184021
975,210.0829816195198,2.1136655807495117,5.782623767852783,73.9620590209961,1.0626851320266724
976,203.4675423806241,2.180129051208496,7.6424384117126465,70.588623046875,1.0626494884490967
977,220.88771759998667,2.740042209625244,4.5065789222717285,73.48187255859375,1.062674880027771
978,218.53481651862958,3.1447572708129883,7.615697383880615,71.18634033203125,1.062801718711853
979,210.0832662634498,2.176959753036499,7.627285003662109,68.36322021484375,1.0629081726074219
980,222.4066172763975,2.2271835803985596,4.254350185394287,73.21771240234375,1.0630128383636475
981,215.49401551344755,1.988641381263733,7.417337894439697,70.83421325683594,1.063072919845581
982,168.10186876680166,-0.20887230336666107,53.843082427978516,83.60767364501953,1.0631173849105835
983,208.72527797483937,2.2025036811828613,7.711309909820557,70.05609893798828,1.0631569623947144
984,168.09556758898356,-0.15299949049949646,31.88214683532715,84.40385437011719,1.063177227973938
985,205.8590461813602,2.705904722213745,6.644742488861084,70.47923278808594,1.0632656812667847
986,207.2439242340191,2.20521879196167,5.251403331756592,71.9504623413086,1.0633589029312134
987,202.12192210023787,1.972079873085022,6.728962421417236,76.99761962890625,1.0634517669677734
988,216.32521289838152,1.9140489101409912,4.192972660064697,75.79454040527344,1.0635380744934082
989,202.51280417883518,2.1061110496520996,4.693017482757568,74.52070617675781,1.063634991645813
990,203.54583417874667,1.5926859378814697,6.183263301849365,76.92682647705078,1.063711166381836
991,150.11063801222951,0.08954547345638275,63.02616500854492,86.24628448486328,1.0638052225112915
992,194.2707424929282,1.6898469924926758,5.75184440612793,74.79393768310547,1.063905119895935
993,202.03357318218923,1.0898325443267822,5.548732757568359,78.92996215820312,1.0639599561691284
994,178.49768660352723,0.814594566822052,16.15900230407715,83.71565246582031,1.0640605688095093
995,205.8540356445301,1.39205002784729,5.760190010070801,78.1695327758789,1.0641417503356934
996,187.00647865280934,0.143851175904274,9.021836280822754,83.24734497070312,1.0641719102859497
997,182.75599407135869,0.17281487584114075,6.713031768798828,81.68356323242188,1.0641578435897827
998,193.05141696905181,1.292102575302124,6.550967216491699,81.12596893310547,1.0641635656356812
999,159.74501698279772,0.1915961354970932,28.905893325805664,85.05107879638672,1.0642294883728027
1000,179.84227474371096,0.41860485076904297,8.004077911376953,78.69120788574219,1.064264178276062
1001,181.55315942558283,0.78703373670578,5.9420485496521,79.50352478027344,1.064315676689148
1002,161.1779678479046,0.19451665878295898,14.570545196533203,79.03187561035156,1.0643868446350098
1003,184.99218899059946,1.490329384803772,6.812747001647949,72.51509857177734,1.0644969940185547
1004,193.38411335199817,0.9729472994804382,10.026138305664062,67.21540069580078,1.064563512802124
1005,83.95151342524423,-9.019561767578125,142.83937072753906,95.3238296508789,1.0645936727523804
1006,158.9346328976681,-1.085292935371399,10.826813697814941,82.7669677734375,1.0645731687545776
1007,100.1298066745889,-5.415069103240967,29.343584060668945,90.31169891357422,1.0645183324813843
1008,147.8582278361697,-0.28219732642173767,11.742097854614258,77.415771484375,1.0645079612731934
1009,179.60088038286113,1.1408711671829224,7.579762935638428,60.70895004272461,1.0644890069961548
1010,188.92787276918352,1.5284661054611206,9.030885696411133,60.959598541259766,1.064460277557373
1011,185.8467366649427,1.5581560134887695,9.982805252075195,57.438453674316406,1.0644320249557495
1012,193.76009390491677,1.5916744470596313,9.854333877563477,59.67607498168945,1.0643696784973145
1013,186.63533747388215,1.8073214292526245,6.8334197998046875,58.001651763916016,1.064332365989685
1014,181.83508494329845,2.0485315322875977,7.59829044342041,53.18733215332031,1.0643247365951538
1015,150.12675056077535,-0.00990165676921606,6.757445812225342,59.56373596191406,1.064306616783142
1016,184.07127738126863,2.028536319732666,6.006661891937256,48.24691390991211,1.064292550086975
1017,169.4944510369725,1.363357663154602,5.926652908325195,52.50105285644531,1.0642833709716797
1018,169.34744135147628,1.836332082748413,6.773936748504639,48.40752029418945,1.0643272399902344
1019,173.25350408373018,1.9282118082046509,6.591585159301758,45.190773010253906,1.064384937286377
1020,117.75556228075753,-0.8901795148849487,5.534055709838867,57.8447265625,1.0644793510437012
1021,170.10532927557165,1.7063349485397339,6.412166118621826,43.52082061767578,1.0645508766174316
1022,130.08633122566525,0.21669042110443115,6.622690677642822,49.528141021728516,1.0646485090255737
1023,166.87476057642374,1.6325571537017822,6.579611778259277,41.44339370727539,1.0647077560424805
1024,137.19222977973848,1.0623703002929688,7.53875732421875,45.63352584838867,1.0647841691970825
1025,153.31575871150645,1.261596441268921,7.75024938583374,38.41537094116211,1.064806342124939
1026,170.28490455948267,2.2820708751678467,7.862234592437744,33.902103424072266,1.0648123025894165
1027,91.44411092366661,-1.3994382619857788,11.97443962097168,50.7090950012207,1.0648400783538818
1028,105.95665559257915,0.7916564345359802,13.591653823852539,41.562782287597656,1.0649049282073975
1029,149.8327722500006,2.3543503284454346,12.557467460632324,33.66254425048828,1.0649429559707642
1030,107.97504701971708,0.9234943985939026,12.666893005371094,38.40079116821289,1.064978003501892
1031,176.8017991135381,3.5988707542419434,18.490234375,28.501699447631836,1.0649737119674683
1032,105.21924651199468,2.005739212036133,23.328163146972656,36.76913833618164,1.0649820566177368
1033,115.09413800941716,3.220200777053833,22.203414916992188,32.866188049316406,1.065017819404602
1034,114.39158070407298,2.8507633209228516,34.400146484375,33.241214752197266,1.0650500059127808
1035,97.51690712117633,3.092637062072754,41.655540466308594,35.98796844482422,1.065097689628601
1036,55.51355916813729,-0.9827446341514587,69.7021713256836,51.12044906616211,1.0651394128799438
1037,71.54817802330193,2.5520408153533936,49.73726272583008,42.098567962646484,1.0651912689208984
1038,93.61388287352216,0.3956950902938843,35.62438201904297,34.72118377685547,1.065177083015442
1039,121.85845430056682,3.208878993988037,27.12275505065918,29.393688201904297,1.06514310836792
1040,83.90749124871458,2.4824368953704834,30.95391273498535,33.5905647277832,1.065110683441162
1041,68.28278971198463,2.9743735790252686,32.04723358154297,36.17198944091797,1.065117359161377
1042,96.26978360829875,3.3428804874420166,20.397459030151367,29.149032592773438,1.0651286840438843
1043,150.4467743357631,6.417553424835205,16.193326950073242,24.624223709106445,1.0651733875274658
1044,93.05944831726512,2.4453368186950684,17.12993049621582,26.97391700744629,1.0651975870132446
1045,95.89468099896095,3.129255771636963,12.36392593383789,25.801895141601562,1.0652176141738892
1046,160.58446934007748,5.861943244934082,7.7628865242004395,21.832834243774414,1.065242886543274
1047,102.05774359033107,3.490537643432617,9.143848419189453,23.12450408935547,1.065264344215393
1048,134.8313890442652,4.978437423706055,7.507755279541016,21.892425537109375,1.0652865171432495
1049,92.86008874040209,2.4191904067993164,6.445856094360352,22.935928344726562,1.0652554035186768
1050,144.4390104954364,5.112452507019043,6.042674541473389,20.918176651000977,1.0652202367782593
1051,100.2968458602633,2.659291982650757,6.549224853515625,22.473512649536133,1.0651521682739258
1052,129.33456375993552,4.631974697113037,6.012336730957031,21.37729263305664,1.065078854560852
1053,113.36381555157116,4.271899700164795,5.998097896575928,21.74049186706543,1.0650153160095215
1054,146.82694885260793,5.159189224243164,6.409289836883545,21.763261795043945,1.0649170875549316
1055,189.3465761790726,7.232229709625244,6.681290149688721,21.111509323120117,1.0648785829544067
1056,128.90085982218594,4.502288341522217,7.312967300415039,22.758996963500977,1.064776062965393
1057,175.69965381391907,6.603131294250488,7.956631660461426,22.933813095092773,1.0646663904190063
1058,182.26875038751655,6.983124732971191,8.020447731018066,23.201200485229492,1.0645703077316284
1059,127.84389986030106,5.921477794647217,9.089418411254883,23.77165985107422,1.064509391784668
1060,160.43607198045922,6.780828475952148,9.06656551361084,23.831514358520508,1.0644822120666504
1061,198.69926696114766,7.705461502075195,9.051812171936035,23.886009216308594,1.064501404762268
1062,190.17089623893335,6.8485283851623535,9.056647300720215,24.0168514251709,1.0644762516021729
1063,192.31495426484412,7.374520301818848,9.115540504455566,24.207670211791992,1.0644598007202148
1064,193.1423721390283,7.738173484802246,9.199318885803223,24.422361373901367,1.0645012855529785
1065,182.35543252515777,6.231719017028809,8.933343887329102,24.630342483520508,1.0644656419754028
1066,182.8084572188576,6.910102367401123,8.840765953063965,24.80491828918457,1.0644456148147583
1067,211.95624499714694,7.713461399078369,9.422048568725586,24.98632049560547,1.0644333362579346
1068,200.75974738952198,7.256336688995361,9.290892601013184,25.26896095275879,1.0644069910049438
1069,192.29795351956128,7.52833890914917,9.442941665649414,25.464420318603516,1.064409613609314
1070,183.48819629670862,6.371572971343994,9.164892196655273,25.731700897216797,1.0643762350082397
1071,190.0122622801738,6.163112640380859,9.291582107543945,25.918333053588867,1.0643187761306763
1072,193.56686962831205,7.158133506774902,9.711423873901367,26.243976593017578,1.0642552375793457
1073,199.8077586096767,7.976186752319336,9.606339454650879,26.381492614746094,1.0642452239990234
1074,196.20997645817985,6.8202667236328125,9.52536678314209,26.660005569458008,1.0642176866531372
1075,193.8327840581936,6.240808963775635,9.020535469055176,26.78203010559082,1.0641754865646362
1076,186.83571080131605,6.555648326873779,9.72767448425293,27.189640045166016,1.0641100406646729
1077,195.24450725778289,7.33737850189209,9.544957160949707,27.531301498413086,1.064106822013855
1078,189.91714070995778,6.76508903503418,9.697739601135254,27.877294540405273,1.064085602760315
1079,195.49154664271984,6.344991683959961,9.849467277526855,28.397184371948242,1.0640164613723755
1080,190.85006649286566,6.972745895385742,10.424872398376465,28.79512596130371,1.0639547109603882
1081,192.72483492215483,6.531144142150879,11.017487525939941,29.24018669128418,1.0638737678527832
1082,190.57921560362453,6.692021369934082,11.00142765045166,29.525123596191406,1.0637940168380737
1083,185.14686424053303,6.921745777130127,11.846527099609375,29.785690307617188,1.0637328624725342
1084,197.16996934822723,6.741929531097412,12.137528419494629,29.96989631652832,1.0636552572250366
1085,192.31295848282159,6.221202850341797,12.207525253295898,30.12765121459961,1.063550591468811
1086,185.15179917861906,6.988717079162598,12.391757011413574,30.30068588256836,1.0634998083114624
1087,193.75169001209562,7.105452060699463,12.450292587280273,30.441064834594727,1.0634757280349731
1088,193.00962104116473,7.229030609130859,12.565306663513184,30.597341537475586,1.0634794235229492
1089,182.98014161514124,6.446798324584961,12.780526161193848,30.770252227783203,1.0634695291519165
1090,189.02874926476696,6.96831750869751,12.95382308959961,30.953022003173828,1.063475489616394
1091,194.7784987210383,6.41795015335083,12.564325332641602,31.102582931518555,1.0634547472000122
1092,190.98020742657465,6.538887977600098,13.094860076904297,31.293519973754883,1.0634276866912842
1093,191.8815986188511,6.686286926269531,13.205215454101562,31.45939064025879,1.0633955001831055
1094,183.9463665020009,6.5898051261901855,13.367511749267578,31.65752601623535,1.0633713006973267
1095,213.54986048774165,7.500052452087402,12.981956481933594,31.830883026123047,1.0633571147918701
1096,192.63118465623526,6.719452381134033,13.2890625,32.02531051635742,1.0633481740951538
1097,194.02034051799887,6.153850555419922,13.416796684265137,32.19681930541992,1.0633233785629272
1098,190.31283882402133,6.750361442565918,13.602128982543945,32.442527770996094,1.0633164644241333
1099,183.27392203473858,5.7942280769348145,13.257493019104004,32.59616470336914,1.063292384147644
1100,195.07025488509257,6.881232738494873,13.734079360961914,32.7713623046875,1.0632933378219604
1101,201.5400709432914,7.960597038269043,13.734699249267578,32.97957992553711,1.0633624792099
1102,178.8472219249301,5.924241065979004,13.940916061401367,33.160396575927734,1.0634167194366455
1103,182.1206862240638,5.113646030426025,13.971781730651855,33.32375717163086,1.0634210109710693
1104,193.87118076721725,6.5934648513793945,13.965973854064941,33.497188568115234,1.0634359121322632
1105,189.2364056733186,6.348273754119873,14.39766788482666,33.70463180541992,1.0634394884109497
1106,188.34654554062018,6.295798301696777,12.695951461791992,33.76051712036133,1.0635133981704712
1107,178.91682830248257,4.606186866760254,14.51578426361084,34.0765266418457,1.0634907484054565
1108,189.86831196001071,5.570761203765869,14.60949993133545,34.269168853759766,1.0634269714355469
1109,188.58552745165358,6.200760841369629,14.413338661193848,34.49064254760742,1.0633652210235596
1110,202.8282518722457,6.9215240478515625,13.994739532470703,34.53040313720703,1.0633376836776733
1111,185.5711476918805,6.062695503234863,14.904733657836914,34.800716400146484,1.0633049011230469
1112,198.70909901869638,6.907878875732422,14.803811073303223,34.99494552612305,1.063331961631775
1113,196.41242480999384,6.185041904449463,14.47337532043457,35.17716979980469,1.0633492469787598
1114,188.3374242259933,6.286184310913086,15.296429634094238,35.42781448364258,1.0633668899536133
1115,185.80741667944739,6.493671894073486,14.866877555847168,35.66872024536133,1.06344473361969
1116,211.34748763943216,7.004215240478516,14.798569679260254,35.917415618896484,1.0635454654693604
1117,192.17705773886627,6.018363952636719,15.373729705810547,36.15694808959961,1.0636287927627563
1118,204.35736597868666,5.836161136627197,14.578006744384766,36.3088264465332,1.063651442527771
1119,226.90175507135612,6.357585906982422,14.671536445617676,36.57328414916992,1.0636159181594849
1120,185.7110834337396,6.489185810089111,15.846342086791992,37.1376838684082,1.0636506080627441
1121,244.10007022895786,6.817195892333984,14.592123985290527,37.16329574584961,1.0636979341506958
1122,192.02058508086748,5.120501518249512,15.774835586547852,37.878013610839844,1.0637189149856567
1123,190.388615689016,5.924081802368164,15.578821182250977,38.42623519897461,1.0637577772140503
1124,203.3219759562203,6.055402755737305,15.319506645202637,38.4810905456543,1.0638078451156616
1125,218.85296844959268,7.290585041046143,16.835758209228516,39.051448822021484,1.0639179944992065
1126,194.5265933999402,5.990433216094971,17.84408950805664,39.39175033569336,1.064015507698059
1127,188.36815321701525,5.215259552001953,18.676403045654297,39.62428283691406,1.064060091972351
1128,202.98475863436357,6.188727378845215,18.370895385742188,39.78729248046875,1.064110279083252
1129,204.75138425432425,6.994851112365723,18.768667221069336,39.94515609741211,1.064233660697937
1130,221.20181176645443,6.844969272613525,17.005508422851562,40.05852508544922,1.064355731010437
1131,263.72585396013193,6.756318092346191,17.835756301879883,40.15671920776367,1.0644325017929077
1132,194.11112110108337,6.135807991027832,18.621601104736328,40.399227142333984,1.0645232200622559
1133,184.02575189553124,5.283387184143066,19.11907958984375,40.5477294921875,1.0646010637283325
1134,206.11243623937102,5.799963474273682,18.599552154541016,40.69429016113281,1.0646640062332153
1135,213.71737656947894,5.5435791015625,19.157129287719727,40.83732986450195,1.0647023916244507
1136,194.27369993019062,6.21476411819458,19.0190372467041,40.995121002197266,1.0648409128189087
1137,208.34706785503923,6.281370639801025,19.1419677734375,41.139774322509766,1.064968466758728
1138,183.1413607422577,6.258131504058838,20.683483123779297,41.29621887207031,1.0651572942733765
1139,193.0195475126095,5.773646831512451,19.92168426513672,41.44064712524414,1.065328598022461
1140,189.86131444439386,5.463724613189697,20.554149627685547,41.59635543823242,1.0654722452163696
1141,210.54638450160985,5.765378952026367,20.23025894165039,41.7423210144043,1.0655819177627563
1142,201.70530387283443,6.240650177001953,20.485151290893555,41.89325714111328,1.0656896829605103
1143,192.44464572820013,6.044007778167725,20.671850204467773,42.04734802246094,1.0658053159713745
1144,181.37193653576958,5.190535068511963,21.256954193115234,42.197017669677734,1.0658941268920898
1145,219.29654159604334,6.924944877624512,20.46504020690918,42.34324645996094,1.0660067796707153
1146,209.82358666073628,6.325472831726074,20.741907119750977,42.496620178222656,1.06611168384552
1147,181.59131202729915,5.659649848937988,21.686607360839844,42.65454864501953,1.0662269592285156
1148,199.34903134296994,5.678373336791992,21.411211013793945,42.80458068847656,1.066311240196228
1149,193.69519410314737,5.290925979614258,21.351972579956055,42.955623626708984,1.0663796663284302
1150,185.24376766058995,6.100847244262695,22.339414596557617,43.111392974853516,1.066485047340393
1151,189.47203134211045,5.672746181488037,21.727588653564453,43.26240158081055,1.0665946006774902
1152,199.81376907366473,4.875912189483643,21.480932235717773,43.4141731262207,1.066664218902588
1153,195.7715212449088,5.576531410217285,21.807537078857422,43.56850051879883,1.0667253732681274
1154,181.16084740194157,5.720668792724609,23.02739143371582,43.720672607421875,1.0668247938156128
1155,181.3843963289286,5.223237037658691,23.085159301757812,43.874267578125,1.066908836364746
1156,201.32338675490925,6.080265522003174,21.999217987060547,44.0260009765625,1.0670150518417358
1157,179.15968983946223,5.562974452972412,23.296857833862305,44.17756652832031,1.06717050075531
1158,207.52302475623296,6.530856609344482,22.821277618408203,44.329978942871094,1.0673435926437378
1159,188.24854850036806,5.842529773712158,23.01390266418457,44.48499298095703,1.0675467252731323
1160,194.22186579022747,6.3125433921813965,23.09674835205078,44.63816833496094,1.0677579641342163
1161,208.45539853644178,5.998350620269775,22.32359504699707,44.78705596923828,1.0679548978805542
1162,181.1689733644818,5.262727737426758,24.331830978393555,44.94384002685547,1.0681325197219849
1163,186.65096423374277,3.7123823165893555,23.939456939697266,45.09337615966797,1.0682519674301147
1164,179.9249447569357,5.593955039978027,24.669174194335938,45.249725341796875,1.0683766603469849
1165,180.59578641927013,5.925228118896484,24.971586227416992,45.40629196166992,1.068562626838684
1166,183.47580960463765,5.688300609588623,24.851823806762695,45.55495071411133,1.0687614679336548
1167,191.95703267932763,6.167675018310547,24.19449234008789,45.70683288574219,1.068976879119873
1168,182.24553057059913,4.484811782836914,25.016674041748047,45.860687255859375,1.06915283203125
1169,178.86641716041797,4.744931221008301,25.113113403320312,46.01248550415039,1.0693058967590332
1170,182.63344890689953,4.48126220703125,25.407657623291016,46.16670227050781,1.0694267749786377
1171,184.96306636293326,5.522070407867432,25.26476287841797,46.31719207763672,1.0695518255233765
1172,186.81890387695486,4.227482318878174,25.263465881347656,46.47198486328125,1.0696486234664917
1173,184.53796784114954,5.715849876403809,25.82050132751465,46.62322235107422,1.069794774055481
1174,175.12006258159155,4.919788837432861,26.009445190429688,46.7761344909668,1.0699349641799927
1175,179.68784903229107,5.6456122398376465,26.30491065979004,46.92934036254883,1.070143699645996
1176,184.62976635669514,5.513242721557617,26.38408851623535,47.082550048828125,1.0703521966934204
1177,174.10831105778797,4.440051555633545,26.56187629699707,47.23460006713867,1.0705264806747437
1178,183.80428371109335,5.1949238777160645,26.643049240112305,47.387229919433594,1.0706901550292969
1179,186.89183549097783,4.817914962768555,26.670812606811523,47.54018783569336,1.0708223581314087
1180,178.84994986569868,5.096324443817139,27.18033218383789,47.69287872314453,1.07095468044281
1181,173.6153684366287,5.031745433807373,27.519567489624023,47.84695053100586,1.071099877357483
1182,179.4765452207227,4.569930076599121,27.247249603271484,47.99580383300781,1.0712177753448486
1183,181.16547920602352,5.462991714477539,27.2525577545166,48.148277282714844,1.0713557004928589
1184,178.0101852198755,5.400704860687256,27.626422882080078,48.29903793334961,1.0715276002883911
1185,173.90301867792653,4.859806060791016,27.467012405395508,48.45329284667969,1.0717087984085083
1186,181.15207933167844,5.221024513244629,27.84808921813965,48.60469055175781,1.0718985795974731
1187,174.38955938717294,5.2436113357543945,28.113292694091797,48.75654983520508,1.0721063613891602
1188,175.9857725019341,5.218389511108398,28.035737991333008,48.90727996826172,1.072352409362793
1189,183.883101525397,3.3473331928253174,28.40276527404785,49.06221389770508,1.0725339651107788
1190,176.06049083626976,5.243201732635498,29.02785301208496,49.213809967041016,1.0727598667144775
1191,178.93491182215573,5.08984899520874,28.61655616760254,49.36494445800781,1.0729869604110718
1192,178.8654181772431,4.640929222106934,28.85791015625,49.519264221191406,1.0731921195983887
1193,174.0518602862953,4.948130130767822,28.616100311279297,49.66984558105469,1.0734041929244995
1194,177.60689502944027,5.3824663162231445,29.3056697845459,49.82030487060547,1.0736523866653442
1195,173.17902894577708,4.678027629852295,29.73574447631836,49.97620391845703,1.073886752128601
1196,177.42828940802903,4.970433235168457,29.811237335205078,50.12666320800781,1.0741229057312012
1197,173.42304686317652,4.4809136390686035,30.170427322387695,50.27797317504883,1.0743365287780762
1198,181.72375173776743,5.21307373046875,30.05197525024414,50.428497314453125,1.0745502710342407
1199,174.90319416523405,4.239107608795166,30.449399948120117,50.57994842529297,1.0747379064559937
1200,173.74899942211587,5.157719612121582,30.604299545288086,50.731136322021484,1.0749444961547852
1201,173.7968505828995,3.967517852783203,30.510189056396484,50.88348388671875,1.075116515159607
1202,170.23375177782134,4.471736431121826,30.55450439453125,51.03520965576172,1.0752792358398438
1203,189.45729043624613,5.439258575439453,30.206241607666016,51.188236236572266,1.0754953622817993
1204,176.3841045911561,4.040974140167236,31.373878479003906,51.34087371826172,1.0756760835647583
1205,172.9372473545255,4.507772922515869,31.07483673095703,51.49123001098633,1.0758600234985352
1206,175.9447837200646,4.904030799865723,31.821393966674805,51.64251708984375,1.0760542154312134
1207,176.1117935144411,5.507047653198242,31.57357406616211,51.79393768310547,1.076296329498291
1208,174.7810905567076,5.023443222045898,31.733299255371094,51.94505310058594,1.0765546560287476
1209,174.06063737438961,4.289273738861084,32.26909637451172,52.09833526611328,1.076786756515503
1210,180.70682374291815,5.423744201660156,32.263187408447266,52.24781036376953,1.077074408531189
1211,178.9477065467554,4.58376407623291,32.32878494262695,52.39976119995117,1.0773380994796753
1212,173.32209300379085,2.8881218433380127,33.08833694458008,52.54952621459961,1.0775468349456787
1213,174.16202486994536,4.77938175201416,32.96118927001953,52.7006721496582,1.0777907371520996
1214,176.6929491046157,4.60668420791626,33.07832336425781,52.852169036865234,1.0780179500579834
1215,173.9304788091108,2.586703062057495,32.735679626464844,53.00257110595703,1.0781804323196411
1216,176.96517304012264,3.547819137573242,33.61003112792969,53.15473937988281,1.0782976150512695
1217,172.4474613158081,3.62384033203125,33.32438278198242,53.30634689331055,1.0783883333206177
1218,183.0488542572326,5.270757675170898,33.304073333740234,53.45724105834961,1.078531265258789
1219,170.6364277785716,4.510436058044434,34.00442123413086,53.60606384277344,1.078689694404602
1220,172.52683606091506,3.3293004035949707,34.36864471435547,53.759246826171875,1.0788105726242065
1221,179.96503524177467,4.33314323425293,34.31450653076172,53.91046142578125,1.07891845703125
1222,175.68470443253955,4.979945182800293,34.618858337402344,54.06065368652344,1.0790809392929077
1223,175.80617764605802,4.651371479034424,34.82771301269531,54.21349334716797,1.079272747039795
1224,176.91096284437333,4.2159247398376465,35.239898681640625,54.36244583129883,1.079445481300354
1225,180.6211963788662,3.3798952102661133,35.17927932739258,54.51314163208008,1.0795718431472778
1226,172.8611837239684,3.235663414001465,35.092628479003906,54.66223907470703,1.079662561416626
1227,175.29401203588333,3.6882948875427246,35.49446487426758,54.814208984375,1.0797258615493774
1228,173.04317344688832,4.667881488800049,36.448097229003906,54.967247009277344,1.0798109769821167
1229,183.95829823722218,4.141141414642334,35.27997589111328,55.11500930786133,1.0798821449279785
1230,174.78646274132117,3.900310516357422,35.653316497802734,55.26589584350586,1.0799446105957031
1231,165.57205071391877,3.5303127765655518,37.25147247314453,55.41929626464844,1.0799943208694458
1232,172.21140227762902,3.509413242340088,36.47031784057617,55.56616973876953,1.0800291299819946
1233,171.17441068244887,4.03104829788208,37.33173370361328,55.71882247924805,1.0800663232803345
1234,154.2870208995347,3.4408535957336426,39.30898666381836,55.87209701538086,1.080105185508728
1235,151.76671831778017,1.9150292873382568,39.500789642333984,56.02166748046875,1.08008873462677
1236,183.54879488708627,3.9415206909179688,36.77081298828125,56.16865921020508,1.080061912536621
1237,171.81525665653794,4.387269020080566,38.344451904296875,56.31926345825195,1.0800613164901733
1238,168.77779230860133,3.221874475479126,38.62633514404297,56.471981048583984,1.0800457000732422
1239,177.049968212019,5.0828375816345215,37.88228225708008,56.61991500854492,1.0801315307617188
1240,169.94331297275852,1.4943844079971313,37.65554428100586,56.76723861694336,1.0801687240600586
1241,166.38590328029713,3.6794679164886475,39.60285186767578,56.922969818115234,1.080201268196106
1242,184.1450710798779,5.145707607269287,37.616580963134766,57.072509765625,1.080308437347412
1243,181.49916509745805,3.6220409870147705,38.24512481689453,57.22024917602539,1.0803941488265991
1244,168.52969785956182,3.7177436351776123,39.85807418823242,57.37131118774414,1.0804715156555176
1245,153.12720926518264,3.70914626121521,41.67036056518555,57.52210998535156,1.0805799961090088
1246,176.7697069388834,4.394262790679932,39.28696823120117,57.67109680175781,1.0806970596313477
1247,178.0195678329932,4.658722877502441,39.28273391723633,57.81972885131836,1.0808452367782593
1248,185.162830160183,3.5152933597564697,38.91330337524414,57.96903991699219,1.0809540748596191
1249,176.511553420485,2.6481635570526123,39.71527862548828,58.120479583740234,1.0810261964797974
1250,163.48465257615996,3.6916511058807373,41.943031311035156,58.27327346801758,1.081102728843689
1251,171.4262771318183,2.2576096057891846,39.662784576416016,58.418643951416016,1.0811244249343872
1252,118.12453703441842,-0.2852797508239746,49.46464920043945,58.57857894897461,1.0810917615890503
1253,179.85235355126937,4.56434965133667,40.1571044921875,58.7181510925293,1.0810893774032593
1254,169.0798130682766,3.1932156085968018,39.889469146728516,58.86677551269531,1.0810861587524414
1255,173.6790065815283,4.548312187194824,41.48509979248047,59.01886749267578,1.081131100654602
1256,140.4540144482232,2.5478155612945557,46.20185470581055,59.171958923339844,1.0811744928359985
1257,168.8273309559538,3.592487335205078,40.876441955566406,59.31484603881836,1.0812455415725708
1258,179.6570002946722,4.555793285369873,41.045406341552734,59.46836853027344,1.0813425779342651
1259,181.14093150895945,3.6034975051879883,41.61825180053711,59.61586380004883,1.081414818763733
1260,160.90274489454714,2.9067587852478027,43.983638763427734,59.77004623413086,1.0814677476882935
1261,176.87203251317655,4.313645839691162,41.65764236450195,59.91523361206055,1.081558108329773
1262,120.63115111420431,0.8755168914794922,52.17168426513672,60.07456588745117,1.0816216468811035
1263,174.0303465724081,2.657365560531616,43.10381317138672,60.216163635253906,1.081652283668518
1264,155.09223258009655,0.5905653834342957,44.80427169799805,60.36595916748047,1.081642985343933
1265,139.3676492356729,2.190385341644287,48.86980056762695,60.519187927246094,1.0816313028335571
1266,176.0998203973541,4.440580368041992,42.58139419555664,60.661861419677734,1.0816763639450073
1267,112.94602191082294,1.7275786399841309,55.44074630737305,60.821624755859375,1.0817763805389404
1268,175.70048457182557,4.3178391456604,43.605159759521484,60.96019744873047,1.081925630569458
1269,130.48711009632584,1.7149852514266968,51.02150344848633,61.116233825683594,1.0820578336715698
1270,134.55559900824724,3.245042085647583,50.608707427978516,61.266475677490234,1.0822582244873047
1271,169.51700730227776,0.5092968344688416,43.51918411254883,61.40534591674805,1.0824016332626343
1272,179.42274735094213,4.753921985626221,44.11479568481445,61.55830001831055,1.0826197862625122
1273,172.822060723897,4.283572196960449,44.180503845214844,61.70543670654297,1.0829435586929321
1274,169.02290177390003,2.290822744369507,45.27485656738281,61.85513687133789,1.0832176208496094
1275,161.48453777120284,1.9740657806396484,45.76740264892578,62.001808166503906,1.0834325551986694
1276,172.00259094470331,3.7544705867767334,45.53377151489258,62.152095794677734,1.083645224571228
1277,172.85752207836816,2.5767695903778076,45.38209915161133,62.30038070678711,1.0838241577148438
1278,164.17989101908753,2.507384777069092,44.59363555908203,62.4434700012207,1.0839802026748657
1279,173.1955925129653,3.9421017169952393,46.35958480834961,62.59742736816406,1.0841420888900757
1280,174.60793978621587,3.9909849166870117,45.534122467041016,62.7464485168457,1.0843424797058105
1281,178.53422845577438,3.312450647354126,45.63491439819336,62.89443588256836,1.0845189094543457
1282,177.19870384326282,3.9587526321411133,46.65972900390625,63.0444450378418,1.0847210884094238
1283,179.90778934833207,2.147686243057251,46.43903732299805,63.19261932373047,1.0848674774169922
1284,166.991963598424,3.141794204711914,47.406471252441406,63.338111877441406,1.08501136302948
1285,173.4108366926692,2.7325823307037354,46.608375549316406,63.48454666137695,1.085127592086792
1286,151.959989136084,2.4163591861724854,50.31278991699219,63.64270782470703,1.0852340459823608
1287,178.79097500105544,3.984790563583374,47.020320892333984,63.78148651123047,1.0853551626205444
1288,175.17163861212265,3.789721965789795,47.89888000488281,63.92811965942383,1.0854896306991577
1289,179.4669329167634,1.4052989482879639,47.7430419921875,64.07505798339844,1.0855611562728882
1290,165.99597551103696,1.1908290386199951,46.5512809753418,64.2039566040039,1.0855863094329834
1291,169.6517456962977,2.9584217071533203,47.802921295166016,64.35606384277344,1.0856159925460815
1292,174.7940102374404,3.010820150375366,48.173587799072266,64.50028228759766,1.085638403892517
1293,175.9198333375395,3.9259464740753174,48.30211639404297,64.61805725097656,1.0856961011886597
1294,173.00523789477913,3.5344276428222656,47.60183334350586,64.68404388427734,1.0857731103897095
1295,144.6614862863413,3.186767816543579,53.601741790771484,64.80972290039062,1.0859531164169312
1296,121.7736181786777,-1.0584373474121094,57.229103088378906,64.77734375,1.0860835313796997
1297,98.222706468427,1.2293344736099243,68.79290008544922,64.9958724975586,1.0862823724746704
1298,107.07828444655584,0.9157995581626892,60.34967041015625,64.62527465820312,1.0864955186843872
1299,125.28612260691679,0.5572202205657959,51.94818115234375,63.955448150634766,1.0866690874099731
1300,156.4394947479402,3.2710461616516113,45.192962646484375,63.31366729736328,1.086903691291809
1301,96.96354043041079,1.3581037521362305,65.74407196044922,64.29395294189453,1.0872851610183716
1302,105.04956417964758,-0.7651712894439697,59.1484489440918,63.921627044677734,1.0876045227050781
1303,126.88494372397615,1.9397097826004028,49.97002410888672,63.522830963134766,1.0879286527633667
1304,105.89702410748932,-0.4303320646286011,55.00231170654297,63.53961944580078,1.088201642036438
1305,107.41837814608452,-0.06921075284481049,51.946617126464844,63.31929016113281,1.088441014289856
1306,138.15770544747895,1.5858733654022217,42.62689208984375,61.98506546020508,1.0886496305465698
1307,110.02323162695424,1.5687053203582764,49.12039566040039,62.6886100769043,1.0889025926589966
1308,91.2017783375545,-0.3399084806442261,60.822391510009766,63.62631607055664,1.0891438722610474
1309,117.84571545758635,0.958636462688446,46.03886032104492,61.91780471801758,1.0893700122833252
1310,84.35900639939825,-0.5313999056816101,67.20448303222656,64.35649871826172,1.0895986557006836
1311,77.77876495787719,-6.018987655639648,75.05392456054688,65.04131317138672,1.0897612571716309
1312,92.26271487480578,0.7574565410614014,59.61324691772461,63.61254119873047,1.0900071859359741
1313,86.84509619530512,-1.8313785791397095,64.51251983642578,64.58670806884766,1.0902122259140015
1314,111.83126880087994,2.0152504444122314,48.3239860534668,62.66716384887695,1.0905476808547974
1315,122.18499197558401,2.160656213760376,45.65624237060547,62.45329666137695,1.0909218788146973
1316,109.51019572518479,-0.551247775554657,49.913970947265625,62.86246109008789,1.0912379026412964
1317,114.24825086120983,-0.6464874744415283,47.961307525634766,63.29536056518555,1.0914973020553589
1318,108.92230428152718,-1.6205414533615112,48.718997955322266,63.09618377685547,1.0916846990585327
1319,123.0977939654608,0.48936253786087036,44.16796875,62.95039367675781,1.0918396711349487
1320,112.74397849628876,-0.42902129888534546,42.876426696777344,63.069583892822266,1.0919557809829712
1321,128.439484558733,-1.7140222787857056,39.45889663696289,62.612327575683594,1.0920180082321167
1322,163.11024023328,3.1689653396606445,23.394336700439453,58.81882858276367,1.0921283960342407
1323,166.29480253955424,3.511824131011963,19.653554916381836,58.252708435058594,1.0922822952270508
1324,177.5754702413918,3.8159255981445312,15.979809761047363,57.56909942626953,1.0924614667892456
1325,155.4978861908513,2.3386950492858887,19.69947624206543,57.48403549194336,1.0926156044006348
1326,164.0827757408204,2.7175724506378174,13.239856719970703,55.1110954284668,1.0927563905715942
1327,169.18556057618378,3.4458258152008057,11.606473922729492,55.88981246948242,1.0929354429244995
1328,170.49047162193958,3.211719512939453,10.727038383483887,56.96388626098633,1.0931164026260376
1329,165.89881406406386,2.7389917373657227,13.308388710021973,58.24609375,1.093276858329773
1330,164.5089457167391,2.7088019847869873,14.405180931091309,58.49916458129883,1.0934292078018188
1331,169.2672401686977,2.929288148880005,15.895500183105469,60.767215728759766,1.0935730934143066
1332,162.64629577036158,2.1918201446533203,16.390478134155273,60.8388557434082,1.0936838388442993
1333,161.39881692659412,2.511343002319336,17.12632179260254,59.945369720458984,1.0937989950180054
1334,161.44646762266552,2.4550158977508545,12.513680458068848,59.16423416137695,1.0939069986343384
1335,167.33301589819817,2.8486106395721436,11.197419166564941,60.57387161254883,1.094035029411316
1336,167.70776045022438,3.0527396202087402,7.342016696929932,59.42341232299805,1.0941963195800781
1337,163.6090493602946,2.783604145050049,10.74674129486084,57.94947814941406,1.094382405281067
1338,161.949532933895,1.3127254247665405,10.399499893188477,58.86648941040039,1.0944968461990356
1339,163.91580596484158,2.9071576595306396,9.006585121154785,61.50755310058594,1.0946379899978638
1340,167.10468311107743,3.813075065612793,12.999672889709473,61.52971649169922,1.0949773788452148
1341,161.22162953378924,2.4363269805908203,12.769610404968262,60.4984130859375,1.0952939987182617
1342,158.34495068896024,1.3262643814086914,21.089067459106445,59.767696380615234,1.0954809188842773
1343,166.94586582400166,2.2863504886627197,5.353462219238281,61.17475128173828,1.09563148021698
1344,167.88030284195597,2.4554412364959717,7.91030216217041,59.27942657470703,1.0957554578781128
1345,165.0709929902248,2.856905698776245,6.882477283477783,57.45072937011719,1.0958820581436157
1346,166.17960349103566,2.2136828899383545,4.997448921203613,58.70270919799805,1.0959628820419312
1347,170.0602992677899,2.9068830013275146,1.8584929704666138,59.992984771728516,1.0960391759872437
1348,168.32972549616096,2.5682618618011475,4.353178977966309,58.86836242675781,1.0960829257965088
1349,174.6514571250242,2.942363977432251,2.3474225997924805,60.58995819091797,1.0961085557937622
1350,166.95908032961063,2.1584925651550293,7.130640983581543,57.53696823120117,1.096087098121643
1351,167.20451151447617,1.9506523609161377,8.066166877746582,55.54566955566406,1.095988392829895
1352,170.91748481073344,2.838197946548462,5.529877662658691,56.96537780761719,1.0958830118179321
1353,172.44648132796866,3.2705514430999756,4.959921360015869,55.89086151123047,1.0958046913146973
1354,165.7102266069957,2.5139293670654297,1.984190583229065,60.23305130004883,1.0956870317459106
1355,165.85504916827466,2.5224626064300537,1.860841155052185,59.49564743041992,1.0955445766448975
1356,135.65234700104466,0.9190536737442017,15.791549682617188,63.71122741699219,1.0953937768936157
1357,126.15504719896529,1.2123488187789917,29.15458869934082,66.23882293701172,1.0952845811843872
1358,148.44005641737337,2.190484046936035,2.0931408405303955,57.07866668701172,1.0951762199401855
1359,134.53768289392494,1.440415859222412,3.269127368927002,61.714744567871094,1.0950809717178345
1360,101.16568803456721,-0.3258560299873352,18.893917083740234,64.38311004638672,1.0950055122375488
1361,147.63101538007848,2.4238290786743164,4.330995082855225,51.36565399169922,1.0949312448501587
1362,124.25372644006383,1.7688579559326172,3.3043620586395264,53.76581573486328,1.094926357269287
1363,104.05195056055094,-0.3141094148159027,4.528509140014648,58.71532440185547,1.09490168094635
1364,95.6864614480472,-0.33778589963912964,2.8965229988098145,58.47649002075195,1.0948995351791382
1365,96.8774803519699,0.13016243278980255,1.7385543584823608,55.459659576416016,1.0949610471725464
1366,94.10138087115944,-0.6740965843200684,2.2311501502990723,55.72152328491211,1.0949878692626953
1367,93.30107856965436,-0.48987409472465515,2.294631242752075,52.03355407714844,1.095004677772522
1368,106.30729553880008,0.35838353633880615,5.480020999908447,40.62214660644531,1.0949703454971313
1369,87.60018594903428,-0.15376773476600647,2.1136276721954346,49.40373229980469,1.0950030088424683
1370,99.17460960172183,0.27343544363975525,5.53651762008667,38.419437408447266,1.0950093269348145
1371,112.86201179853231,2.148089647293091,8.836544036865234,31.98664093017578,1.095032811164856
1372,94.53480292803026,0.9742205739021301,6.663595199584961,36.79069137573242,1.0950725078582764
1373,95.68258753327429,1.2310360670089722,8.86499309539795,31.809303283691406,1.0951296091079712
1374,100.6251405474526,0.9784634113311768,8.957109451293945,26.171981811523438,1.0951428413391113
1375,100.82820057250603,0.9751418828964233,10.719391822814941,23.401386260986328,1.0951100587844849
1376,92.75132454476366,1.626660943031311,7.929929733276367,28.236007690429688,1.0951155424118042
1377,102.57612734980022,1.7792671918869019,8.888437271118164,24.004512786865234,1.0951251983642578
1378,115.41039523009114,2.1958372592926025,11.628350257873535,20.39181900024414,1.0951117277145386
1379,90.09346711950751,1.6424955129623413,7.6732683181762695,24.58586311340332,1.0951381921768188
1380,100.67617874064757,2.1261816024780273,6.727049827575684,19.4375,1.0951658487319946
1381,95.79659996433574,2.773564577102661,8.400930404663086,19.428600311279297,1.095235824584961
1382,100.87074268127961,2.478015899658203,6.000815391540527,16.15598487854004,1.0952880382537842
1383,95.53851621140737,2.648726463317871,4.393413066864014,16.89865493774414,1.0953575372695923
1384,102.17696449515545,2.8441367149353027,4.514071464538574,14.798261642456055,1.095395565032959
1385,105.30114534709006,3.40932035446167,3.9732563495635986,13.452136993408203,1.0953840017318726
1386,121.43740881966654,4.706892490386963,4.306384086608887,12.692326545715332,1.095351219177246
1387,93.03272259384359,3.6004467010498047,3.942256450653076,15.675053596496582,1.0953260660171509
1388,100.13801214062873,4.691673755645752,3.158724069595337,13.905176162719727,1.0953220129013062
1389,89.73473973953337,4.210104465484619,3.0418615341186523,16.651620864868164,1.0953408479690552
1390,81.40571358037718,3.449958324432373,2.5728323459625244,18.092382431030273,1.095321774482727
1391,107.30843048002545,4.671486854553223,2.8622641563415527,16.548603057861328,1.095226764678955
1392,130.9042890562733,6.436495780944824,3.2601840496063232,15.447949409484863,1.0951786041259766
1393,108.28570613864242,5.0905442237854,2.624948263168335,17.620445251464844,1.0951248407363892
1394,92.77427141403403,4.8564229011535645,2.272611618041992,19.623001098632812,1.0951076745986938
1395,106.02014605108538,4.556730270385742,2.8195717334747314,19.15509796142578,1.095046877861023
1396,83.86852526954353,4.072761058807373,2.7195088863372803,22.45862579345703,1.0949801206588745
1397,103.44210891933054,4.759664058685303,3.083012104034424,21.189067840576172,1.0948988199234009
1398,104.03485758034806,4.7969136238098145,3.9620556831359863,22.786083221435547,1.094819188117981
1399,88.32394988151584,3.865473985671997,4.239243984222412,24.55548858642578,1.094719409942627
1400,93.12705936621022,4.079269886016846,3.6466312408447266,24.68465232849121,1.0945905447006226
1401,99.66571821773513,5.3577494621276855,6.817615032196045,25.66936683654785,1.0945377349853516
1402,98.88669344887106,4.5853753089904785,4.519007682800293,24.92771339416504,1.0944923162460327
1403,92.39833090270109,4.238144397735596,6.07492733001709,26.027572631835938,1.0944446325302124
1404,106.29766643905249,4.215719223022461,4.256227016448975,24.974388122558594,1.0943517684936523
1405,103.29042089151791,2.952625036239624,8.014612197875977,26.511932373046875,1.0942072868347168
1406,92.86485508035314,4.326964378356934,9.107961654663086,27.30954360961914,1.0940815210342407
1407,91.08771530492191,3.838587760925293,10.683363914489746,27.508033752441406,1.0939475297927856
1408,95.53455630664531,4.44735860824585,7.470347881317139,27.297910690307617,1.0938358306884766
1409,94.23820316755308,4.753918647766113,11.352808952331543,27.589078903198242,1.0937615633010864
1410,98.92557906593342,4.582370281219482,7.923519611358643,27.026290893554688,1.0937070846557617
1411,113.93648251700563,5.2368645668029785,5.561842918395996,26.81754493713379,1.0936816930770874
1412,121.47512527756676,5.487432479858398,3.3483681678771973,25.077655792236328,1.0936694145202637
1413,97.38058954646607,4.9945783615112305,11.806238174438477,28.33824348449707,1.093719720840454
1414,144.32426274323515,6.557650089263916,3.5973668098449707,24.032625198364258,1.0938044786453247
1415,98.81009875324254,4.8816142082214355,10.719780921936035,28.971614837646484,1.093929409980774
1416,125.40679109816598,5.451236724853516,3.4714291095733643,26.10881233215332,1.0940436124801636
1417,195.660329263559,7.736152172088623,4.204209327697754,22.7810001373291,1.094171404838562
1418,134.2337191281892,5.564220905303955,3.2734806537628174,25.512374877929688,1.094269871711731
1419,115.45857258693991,5.015960216522217,5.2993011474609375,27.569162368774414,1.0943681001663208
1420,184.100123964624,7.064862251281738,3.7925801277160645,22.881332397460938,1.0944300889968872
1421,167.87856122675032,7.27943754196167,3.8459901809692383,25.72702980041504,1.09452486038208
1422,158.74962182592924,6.014163017272949,7.1599249839782715,27.171768188476562,1.0945897102355957
1423,184.22475942499472,7.1397528648376465,12.026555061340332,25.651329040527344,1.0946588516235352
1424,183.12592824062492,7.007285118103027,3.976776123046875,25.70906639099121,1.0947295427322388
1425,188.82348795675773,7.421382427215576,10.522275924682617,27.591495513916016,1.0948071479797363
1426,193.10102088641247,7.196391582489014,4.354925632476807,27.74087905883789,1.0948976278305054
1427,192.01879887192183,6.236152648925781,8.793591499328613,29.00238037109375,1.0949466228485107
1428,180.08993734559078,6.229799747467041,4.441195964813232,28.74081039428711,1.0949549674987793
1429,186.23908554959206,6.953117847442627,5.918644905090332,29.69485092163086,1.0949864387512207
1430,189.89026683992896,6.759836673736572,10.735394477844238,31.619693756103516,1.0950168371200562
1431,188.36728168220432,6.468822956085205,12.423734664916992,31.55712890625,1.095030665397644
1432,189.74016249278117,6.592585563659668,12.239412307739258,31.694276809692383,1.0950363874435425
1433,185.96532203339768,6.751706600189209,11.786377906799316,32.16832733154297,1.0950565338134766
1434,181.40672337713752,6.414417266845703,12.802701950073242,32.557823181152344,1.0950840711593628
1435,191.91893968023336,6.613555431365967,14.177578926086426,32.554054260253906,1.0951107740402222
1436,177.65712545159946,6.584121227264404,13.776297569274902,32.352684020996094,1.0951610803604126
1437,189.13443791049744,6.140915393829346,13.620689392089844,33.2389030456543,1.0951873064041138
1438,188.26383457606272,6.834902763366699,13.807547569274902,33.729209899902344,1.095244288444519
1439,175.86024104539464,6.0132317543029785,15.308775901794434,34.32489776611328,1.0952926874160767
1440,181.27334594104963,6.608293056488037,14.488006591796875,34.081512451171875,1.0953878164291382
1441,183.71084971272163,6.286074638366699,14.523276329040527,34.464744567871094,1.0954831838607788
1442,189.81104288214894,6.221517086029053,13.415772438049316,35.240177154541016,1.0955783128738403
1443,192.6044069378796,5.396930694580078,13.206683158874512,35.436859130859375,1.095619797706604
1444,185.2437699716788,5.787954807281494,13.433435440063477,36.00383377075195,1.0956443548202515
1445,184.15352834571578,6.619284152984619,13.440896034240723,36.40047836303711,1.0957199335098267
1446,185.84469995535375,6.238936901092529,13.081689834594727,36.75967025756836,1.0958082675933838
1447,184.43051006346772,5.438626766204834,12.65717601776123,37.17531204223633,1.0958706140518188
1448,177.21182935940678,5.328883647918701,11.891179084777832,37.37063980102539,1.0959101915359497
1449,183.91376877703627,5.937772274017334,10.725751876831055,38.01220703125,1.0959628820419312
1450,185.69752387770222,4.762750625610352,10.773438453674316,38.356178283691406,1.0959725379943848
1451,189.6490007436497,5.3903093338012695,9.823535919189453,38.66450500488281,1.0959564447402954
1452,185.73202203917603,5.377326965332031,8.850754737854004,38.80133819580078,1.0959185361862183
1453,182.93253569535375,5.8328142166137695,7.54974365234375,39.16181182861328,1.0959123373031616
1454,182.86298903943887,4.802403926849365,8.71784782409668,39.83565139770508,1.0958752632141113
1455,184.34739039584954,4.792960166931152,7.2339935302734375,40.04458999633789,1.0957967042922974
1456,179.59856685484036,4.752322196960449,8.554359436035156,40.4897346496582,1.0956968069076538
1457,180.0778476513773,5.457219123840332,8.189657211303711,41.497676849365234,1.0956406593322754
1458,178.7946793378105,5.146723747253418,9.037569999694824,42.11347579956055,1.095596194267273
1459,186.5686247739679,5.084609031677246,9.126272201538086,42.498416900634766,1.0955495834350586
1460,178.00846555373244,4.141465663909912,8.184743881225586,42.735233306884766,1.0954748392105103
1461,179.0070693668551,5.123844623565674,8.083380699157715,43.3516845703125,1.0954251289367676
1462,184.3784339873347,4.217061996459961,10.391063690185547,44.31365966796875,1.0953482389450073
1463,177.03176351603153,4.864413261413574,7.458634376525879,44.07170486450195,1.0952972173690796
1464,181.97871879968207,4.398008823394775,8.23888874053955,45.27678680419922,1.0952240228652954
1465,177.92370736050984,4.810571670532227,7.259347915649414,45.49448013305664,1.0951895713806152
1466,173.7163827101795,4.311962604522705,7.69948148727417,46.255008697509766,1.0951520204544067
1467,174.8351703040571,3.9559485912323,6.368781089782715,47.14163589477539,1.095076560974121
1468,179.08722425301983,4.418967247009277,7.8833537101745605,47.7628059387207,1.0950078964233398
1469,177.31862778882274,3.6450283527374268,7.834869384765625,48.269874572753906,1.0949069261550903
1470,185.5353694084946,3.777888059616089,6.811314582824707,49.07902526855469,1.0947335958480835
1471,177.9016051458411,3.717482328414917,5.0077433586120605,48.93357849121094,1.094536542892456
1472,183.07228740180486,4.777361869812012,6.697216033935547,50.286895751953125,1.0944150686264038
1473,176.3645934426698,3.7390260696411133,5.4459381103515625,49.8140983581543,1.094282627105713
1474,172.56615262300096,3.900102138519287,10.339095115661621,51.91462326049805,1.0941624641418457
1475,154.43894647182682,3.6109619140625,22.249238967895508,53.721275329589844,1.0940912961959839
1476,172.7518789772335,3.693115234375,5.610964775085449,51.65805435180664,1.0940111875534058
1477,170.94363536792144,3.2863688468933105,10.140751838684082,53.680023193359375,1.0939019918441772
1478,150.5355951844917,3.8608877658843994,24.33481788635254,55.74203872680664,1.0938979387283325
1479,176.88493530430384,3.0797200202941895,3.479580879211426,52.19234085083008,1.093826174736023
1480,158.00556091822995,3.0072672367095947,14.72086238861084,55.8900032043457,1.0937581062316895
1481,156.92889221586853,2.514104127883911,11.79631233215332,56.17539596557617,1.0936719179153442
1482,176.8683564890066,3.195875406265259,4.384082317352295,52.50664138793945,1.0935498476028442
1483,161.29552037649083,2.6841413974761963,7.198765277862549,54.574310302734375,1.09340500831604
1484,141.47683819125217,2.2923765182495117,25.001705169677734,59.67356491088867,1.0932831764221191
1485,144.3902201288253,2.659632921218872,19.363628387451172,57.022186279296875,1.0932062864303589
1486,162.41410436724044,3.224719524383545,3.463886022567749,55.90353775024414,1.0931740999221802
1487,151.16174487658623,2.346104383468628,9.117431640625,56.81333923339844,1.0931371450424194
1488,161.62982103225727,3.1261062622070312,3.216083288192749,55.217140197753906,1.0931216478347778
1489,173.43701972319823,2.5956718921661377,6.1354079246521,51.94850158691406,1.0930372476577759
1490,156.36728700578752,2.5372986793518066,3.430640697479248,57.179283142089844,1.0929661989212036
1491,172.8205394295611,2.9812123775482178,4.132142066955566,52.67573547363281,1.0928868055343628
1492,170.70521892484354,2.6810357570648193,3.459895372390747,53.25449752807617,1.0927796363830566
1493,172.4723513884846,2.1932430267333984,7.3691301345825195,53.96713638305664,1.0926233530044556
1494,171.66140075152452,3.1328046321868896,2.941345691680908,55.70169448852539,1.0925339460372925
1495,168.78417325684435,2.4665935039520264,2.3777170181274414,57.134098052978516,1.0924278497695923
1496,173.1232987639818,2.519796371459961,2.4133787155151367,58.6298828125,1.0923188924789429
1497,167.0505429931501,2.2251551151275635,2.0186777114868164,59.61123275756836,1.0922120809555054
1498,171.63794679052822,2.3270263671875,2.2854979038238525,61.15721893310547,1.0921121835708618
1499,174.99405297411502,2.3342483043670654,1.9356343746185303,61.62812423706055,1.0920090675354004
1500,171.37016612553768,2.329890489578247,1.910536766052246,62.019615173339844,1.0919442176818848
1501,171.15980268219428,2.129525899887085,1.7302385568618774,62.87165451049805,1.0918782949447632
1502,171.0558415447378,2.222956418991089,2.7373194694519043,62.61075210571289,1.091845154762268
1503,164.6587015604674,1.9704413414001465,5.697694301605225,62.3489990234375,1.0918506383895874
1504,162.82520831919447,1.0618033409118652,8.617027282714844,61.65823745727539,1.0918030738830566
1505,164.33332395313312,2.0856308937072754,4.256653785705566,62.73210525512695,1.0917937755584717
1506,168.60124048039702,1.926367998123169,1.8759998083114624,63.35272216796875,1.0917843580245972
1507,174.77971413794134,2.0414469242095947,1.7405378818511963,65.04231262207031,1.0917538404464722
1508,168.31380572935498,1.883924961090088,3.8961894512176514,64.93034362792969,1.0917587280273438
1509,174.5065984217147,2.05375075340271,1.662834882736206,66.38787841796875,1.0917587280273438
1510,171.71726202733285,1.9566199779510498,1.6710536479949951,65.89607238769531,1.0917612314224243
1511,169.74439974400119,1.762359380722046,2.150238037109375,65.9140625,1.0917401313781738
1512,166.20928987163842,1.5039877891540527,3.4485011100769043,63.807411193847656,1.0916935205459595
1513,172.77126935698186,1.8583709001541138,1.5189448595046997,65.02617645263672,1.0916327238082886
1514,163.98022871912667,1.4199185371398926,4.901551246643066,62.88852310180664,1.0915560722351074
1515,160.64969755818197,1.6191880702972412,5.855569362640381,61.6829833984375,1.0915027856826782
1516,167.7998982596916,2.1301519870758057,2.0336427688598633,61.67822265625,1.0914956331253052
1517,172.41264549545977,2.039823532104492,2.492464065551758,61.44669723510742,1.0915018320083618
1518,167.28683652211643,2.030449628829956,2.9793145656585693,60.44163513183594,1.0915404558181763
1519,167.07659480914012,2.0270092487335205,3.5860798358917236,58.241676330566406,1.091601848602295
1520,162.30488761932577,1.1006395816802979,3.7747962474823,56.84247589111328,1.091604232788086
1521,163.7729599124164,1.543520212173462,3.4749464988708496,54.76148223876953,1.0915905237197876
1522,160.83142742578093,1.717657208442688,3.5058774948120117,54.5451545715332,1.091593623161316
1523,168.33391540712614,2.170098304748535,3.2265899181365967,56.49068832397461,1.0916155576705933
1524,162.92184663886374,1.7786140441894531,3.1365227699279785,53.6009635925293,1.0916587114334106
1525,160.71185560112855,1.5014450550079346,3.354818820953369,53.28437805175781,1.091679334640503
1526,166.3804039896165,1.8142614364624023,3.54764723777771,52.204795837402344,1.0916810035705566
1527,169.4954672204994,1.9147379398345947,3.5658693313598633,52.72590255737305,1.0916632413864136
1528,124.00929841763988,-0.15007184445858002,5.170221328735352,61.21699142456055,1.0916614532470703
1529,124.23868307482758,-0.30403316020965576,5.280348777770996,57.30010223388672,1.091640830039978
1530,164.91699747464116,2.17730712890625,3.6598284244537354,50.12715530395508,1.0916334390640259
1531,136.73279222735204,0.8340860605239868,5.015879154205322,53.71393585205078,1.0916409492492676
1532,122.59449631546532,-0.3772442638874054,5.782100677490234,57.32454299926758,1.0916281938552856
1533,90.09241451862569,-3.3888700008392334,10.35396957397461,70.1474380493164,1.0915745496749878
1534,90.72178229893257,-2.871119260787964,8.452444076538086,68.9481201171875,1.091516375541687
1535,84.2041107546161,-3.6852362155914307,14.038711547851562,71.94538879394531,1.0914472341537476
1536,79.25368820332325,-4.315399646759033,19.225971221923828,76.10401916503906,1.0913796424865723
1537,92.33341746344075,-2.290334463119507,7.4943647384643555,66.1279525756836,1.0913325548171997
1538,116.54493910304531,-0.655344545841217,3.7440805435180664,49.95792007446289,1.0912617444992065
1539,77.17117118650192,-4.847690105438232,12.764078140258789,70.0108871459961,1.091167688369751
1540,108.30958453811111,-1.1652551889419556,4.598996162414551,53.55327606201172,1.0910440683364868
1541,77.08471217294753,-3.9425151348114014,9.645583152770996,64.45355224609375,1.0909266471862793
1542,97.18430596496681,-1.8632549047470093,5.727328300476074,54.315032958984375,1.09080171585083
1543,80.1332578200149,-3.0468852519989014,7.438586235046387,61.843414306640625,1.090726375579834
1544,74.87119045264697,-5.755171775817871,8.713770866394043,64.13240051269531,1.0905858278274536
1545,57.51566671670519,-6.4134392738342285,33.961143493652344,74.74382019042969,1.0905227661132812
1546,69.26602243422009,-5.221561908721924,11.653194427490234,63.181339263916016,1.0904239416122437
1547,89.92357988584493,-1.2524648904800415,6.724119663238525,49.27863311767578,1.0903693437576294
1548,67.91039202469953,-4.57646369934082,10.071525573730469,59.018516540527344,1.0903147459030151
1549,69.60892236416102,-3.119432210922241,9.787015914916992,56.682804107666016,1.0903319120407104
1550,64.84299023869616,-4.5130438804626465,12.650399208068848,57.69629669189453,1.0903558731079102
1551,64.34803836833802,-4.042233943939209,12.36667251586914,57.10353088378906,1.090417742729187
1552,56.229049044226116,-6.176032066345215,20.68482780456543,60.684226989746094,1.0904607772827148
1553,55.14038983361429,-7.202883720397949,44.98995590209961,55.77021408081055,1.090469241142273
1554,58.19351776273086,-4.537295341491699,29.482276916503906,54.43850326538086,1.0904788970947266
1555,59.02973808678109,-4.989149570465088,35.11299133300781,52.478614807128906,1.0904760360717773
1556,56.77404857800099,-4.978330612182617,44.690223693847656,52.21561050415039,1.0904597043991089
1557,57.3165050606415,-3.4514918327331543,66.97512817382812,49.980438232421875,1.090444803237915
1558,67.91272933338651,-2.1450023651123047,63.84278106689453,43.21931076049805,1.090423345565796
1559,63.35474547832499,-2.956587791442871,84.75521850585938,44.47508239746094,1.090395450592041
1560,56.72486886712258,-2.523210048675537,79.15003967285156,47.76750946044922,1.090373158454895
1561,63.69327967993779,0.4093751311302185,93.31758117675781,42.94502258300781,1.0903760194778442
1562,54.201086016039824,0.1186215803027153,109.45457458496094,46.14249801635742,1.0904382467269897
1563,67.79458119298323,-1.13302743434906,72.98680114746094,40.96807098388672,1.0904875993728638
1564,66.14030578794194,-0.19310884177684784,61.63983154296875,41.084510803222656,1.0905447006225586
1565,57.295312883422675,-2.1021575927734375,90.2168197631836,42.958160400390625,1.0905908346176147
1566,57.87333965794299,-1.9293068647384644,83.64564514160156,42.52162551879883,1.0906293392181396
1567,67.07651626848988,-0.12556637823581696,73.1819076538086,37.94119644165039,1.0906728506088257
1568,73.35143794560747,1.899387001991272,66.93803405761719,35.6859016418457,1.0907570123672485
1569,75.1461216330224,0.2210901379585266,59.32474899291992,34.93742370605469,1.0908303260803223
1570,66.49970223717709,-1.490242838859558,48.09794998168945,37.37615203857422,1.0908865928649902
1571,72.44338508314107,0.996073305606842,43.107337951660156,34.60737991333008,1.0909548997879028
1572,69.43423641932472,-0.014354610815644264,38.08892059326172,35.19056701660156,1.0910195112228394
1573,84.09167782943878,1.7227329015731812,41.2208366394043,31.4371395111084,1.0910967588424683
1574,71.48201235913432,0.41898810863494873,40.18357467651367,33.72386932373047,1.091171145439148
1575,79.33095410029736,1.5317248106002808,26.67093849182129,30.38325309753418,1.0912688970565796
1576,77.77931635817008,1.8356311321258545,34.37398147583008,30.029552459716797,1.091368556022644
1577,79.9098653630739,-0.46584901213645935,17.213014602661133,27.24374771118164,1.0914438962936401
1578,90.69902308333126,2.205314874649048,8.415830612182617,23.549287796020508,1.0915212631225586
1579,93.46659718632851,1.0258445739746094,10.246341705322266,23.377342224121094,1.0915746688842773
1580,96.73654165702429,2.224346160888672,5.072256088256836,21.096683502197266,1.0916205644607544
1581,112.32627497803956,3.1623971462249756,3.653116464614868,17.792743682861328,1.091638445854187
1582,123.78779736320378,4.31211519241333,4.633741855621338,17.156558990478516,1.0916811227798462
1583,136.6879880737916,3.8696796894073486,4.838812351226807,17.16783332824707,1.091671109199524
1584,148.22352159472075,4.735968112945557,6.97002649307251,14.238174438476562,1.0916266441345215
1585,122.78959683394675,5.0086669921875,6.678033828735352,17.293914794921875,1.0916763544082642
1586,162.54162976351907,5.87735652923584,7.655346393585205,14.143052101135254,1.0917407274246216
1587,159.56356926503764,5.912534236907959,7.7192583084106445,14.771655082702637,1.0918197631835938
1588,167.7210054183189,5.911873817443848,7.941984176635742,15.192098617553711,1.0918819904327393
1589,164.58963129872458,5.649307727813721,8.262822151184082,15.634316444396973,1.0919123888015747
1590,191.74017809952483,6.649659633636475,9.34911823272705,15.26681900024414,1.0919355154037476
1591,192.37587540952717,7.222096920013428,9.640921592712402,15.859259605407715,1.091988444328308
1592,207.55685804244507,7.102185249328613,9.231547355651855,15.981679916381836,1.0920186042785645
1593,180.61219646006157,7.19340705871582,9.95267391204834,16.44405174255371,1.09208345413208
1594,23.703073608867605,-3.9124832153320312,22.65707778930664,18.10541343688965,1.0921510457992554
1595,15.544468308344104,-5.772775650024414,24.716014862060547,17.718149185180664,1.0922441482543945
1596,17.331517879407244,-6.082512378692627,20.885622024536133,17.269729614257812,1.0923190116882324
1597,198.4424934418882,7.704161167144775,7.988719940185547,16.906658172607422,1.09239661693573
1598,15.494513227543765,-5.138072967529297,16.154827117919922,16.796939849853516,1.0924668312072754
1599,12.435973612789546,-5.683361530303955,15.829619407653809,16.848690032958984,1.0925450325012207
1600,17.013034251127735,-3.81787109375,13.293582916259766,16.308834075927734,1.0926079750061035
1601,18.906374501819393,-3.635617256164551,13.616999626159668,16.16156768798828,1.0926390886306763
1602,184.45880865881523,7.271371841430664,9.07286548614502,16.857872009277344,1.0926289558410645
1603,18.61578917756259,-2.477322578430176,12.281878471374512,15.773517608642578,1.0926135778427124
1604,20.05034289351468,-0.7853730916976929,11.541415214538574,15.62829303741455,1.0926412343978882
1605,186.59224241229555,7.917017936706543,7.31416654586792,16.50845718383789,1.0926671028137207
1606,21.393464289952334,-0.6162469983100891,11.0808744430542,15.581705093383789,1.0927157402038574
1607,21.975628148297684,-0.4424596428871155,10.938878059387207,15.426569938659668,1.0927848815917969
1608,16.568653814106302,-2.1199569702148438,12.918529510498047,15.462292671203613,1.0928579568862915
1609,18.85926996405532,-1.4893479347229004,12.756814002990723,15.273106575012207,1.0929374694824219
1610,167.0493491812057,7.701870441436768,7.167438983917236,16.306486129760742,1.0930246114730835
1611,17.220720343544293,-1.1375973224639893,13.992459297180176,15.139043807983398,1.0931464433670044
1612,16.984612186863774,-0.6534513831138611,13.659034729003906,15.050848007202148,1.0933371782302856
1613,12.751009035060168,-2.8855702877044678,16.207748413085938,15.027958869934082,1.0935112237930298
1614,169.9530943945698,8.09370231628418,7.649705410003662,16.25741958618164,1.0936894416809082
1615,12.248861371470813,-1.8604556322097778,14.939788818359375,14.931214332580566,1.0938669443130493
1616,12.381518693578915,-1.324938416481018,14.27643871307373,14.839064598083496,1.0940685272216797
1617,15.491030970798082,-1.9112768173217773,12.104711532592773,14.72895622253418,1.0942391157150269
1618,21.284784568682568,0.5496825575828552,9.780797004699707,14.621023178100586,1.094393253326416
1619,19.580046279142657,0.22259421646595,10.488607406616211,14.595521926879883,1.0945310592651367
1620,19.937850405539123,0.42850545048713684,10.272455215454102,14.557655334472656,1.0946542024612427
1621,18.52969432259785,1.1745569705963135,11.236457824707031,14.49514102935791,1.0948327779769897
1622,15.470666933620302,0.18676137924194336,12.252657890319824,14.57161808013916,1.0950223207473755
1623,13.639411407353569,-0.11911589652299881,13.294695854187012,14.568930625915527,1.095229983329773
1624,13.435174482379944,0.45874467492103577,12.840195655822754,14.547402381896973,1.0954705476760864
1625,10.340376344286787,-1.9803255796432495,14.904659271240234,14.505315780639648,1.0956887006759644
1626,16.624722333336102,0.37882137298583984,11.36139965057373,14.460859298706055,1.0958956480026245
1627,15.963057271189594,0.21255318820476532,11.218852043151855,14.389544486999512,1.096091389656067
1628,17.70755510429098,-1.0452085733413696,10.716907501220703,14.354313850402832,1.0962347984313965
1629,20.760871773214188,1.3433091640472412,9.446904182434082,14.312352180480957,1.0963854789733887
1630,12.59460040509171,-0.3848471939563751,12.523148536682129,14.292256355285645,1.0965486764907837
1631,8.994462579783926,-3.436187744140625,15.594915390014648,14.262787818908691,1.0966856479644775
1632,15.360474188734194,0.565010666847229,11.099334716796875,14.215043067932129,1.0969008207321167
1633,18.033365739512018,-0.0038426299579441547,9.866056442260742,14.155247688293457,1.0970875024795532
1634,25.2142741383858,2.5763938426971436,8.145081520080566,14.12163257598877,1.0973265171051025
1635,12.259879267378974,-2.816218137741089,12.836196899414062,14.1076078414917,1.0975260734558105
1636,13.643441252759242,-1.3977975845336914,11.95759105682373,14.07286548614502,1.097687840461731
1637,12.058365016924073,-0.6937358379364014,12.588565826416016,14.031840324401855,1.0978502035140991
1638,12.135483582315839,-1.1360092163085938,12.552388191223145,13.973437309265137,1.0979968309402466
1639,13.455204926410493,-1.089942216873169,11.608199119567871,13.904038429260254,1.0981248617172241
1640,12.96024792286382,0.3483206033706665,11.408523559570312,13.826372146606445,1.0983028411865234
1641,24.615177736979525,1.9221631288528442,7.680737495422363,13.73619270324707,1.0984798669815063
1642,13.904310023637358,0.1644136905670166,10.971120834350586,13.675965309143066,1.0986679792404175
1643,15.19171005434422,0.2772142291069031,9.979212760925293,13.603981018066406,1.098859190940857
1644,14.334066673686475,0.4259011745452881,9.763012886047363,13.527725219726562,1.0990638732910156
1645,15.416820951961606,0.7443726062774658,9.598641395568848,13.442935943603516,1.099266529083252
1646,9.359252454141284,-0.9053866863250732,12.896219253540039,13.366755485534668,1.0994740724563599
1647,13.840841619343081,0.12298583984375,9.843989372253418,13.2786283493042,1.0996965169906616
1648,13.845621166724124,0.31792402267456055,10.288769721984863,13.18325424194336,1.0999153852462769
1649,19.160966807692102,1.9991272687911987,8.171516418457031,13.076655387878418,1.100178599357605
1650,33.2848901940885,2.013240337371826,6.129429817199707,13.000466346740723,1.10037362575531
1651,22.1774364641947,1.8222501277923584,7.775950908660889,12.957291603088379,1.1005635261535645
1652,18.781309507703195,1.0736459493637085,8.419390678405762,12.931914329528809,1.1007413864135742
1653,15.505701600758897,0.5617079734802246,9.354439735412598,12.9408540725708,1.1009145975112915
1654,9.512090867940529,-1.1188139915466309,12.20087718963623,12.976201057434082,1.1010855436325073
1655,27.088614033452632,2.410374641418457,6.592744827270508,12.944539070129395,1.101263403892517
1656,14.336687794188666,-0.471266508102417,9.814810752868652,13.013676643371582,1.1014176607131958
1657,10.538362462875988,-0.8016840815544128,12.056680679321289,13.098944664001465,1.1015766859054565
1658,14.428956651426178,1.0202972888946533,9.899941444396973,13.144807815551758,1.101810336112976
1659,9.720147646746396,-0.8143482804298401,12.548168182373047,13.25137996673584,1.102040410041809
1660,14.350079802485174,-0.9920134544372559,10.039445877075195,13.35343074798584,1.1022388935089111
1661,13.09756201490427,-0.2158946692943573,10.962101936340332,13.612143516540527,1.1024270057678223
1662,11.3156933113136,-1.0073635578155518,11.230120658874512,13.800832748413086,1.1026058197021484
1663,13.020443241569929,-2.942009687423706,10.406846046447754,13.940130233764648,1.1027506589889526
1664,13.296457415467696,-1.1563076972961426,10.559438705444336,14.06099796295166,1.1028778553009033
1665,11.647813408138942,-1.7795919179916382,11.025559425354004,14.104435920715332,1.1029878854751587
1666,15.744100830791945,-0.7387688755989075,9.0931396484375,14.020243644714355,1.1030797958374023
1667,13.730654931751891,-0.27517813444137573,10.07382869720459,14.258062362670898,1.1031993627548218
1668,13.684574596866572,-1.5491169691085815,9.711276054382324,14.127147674560547,1.1032987833023071
1669,13.62330825642922,-0.9828453660011292,9.55013656616211,14.15504264831543,1.103394627571106
1670,161.39051980121056,7.8649678230285645,7.978311061859131,15.637613296508789,1.1034764051437378
1671,18.439305924360923,0.7929195761680603,7.565505027770996,14.004737854003906,1.1035828590393066
1672,172.41565803397185,8.906508445739746,20.926044464111328,16.705684661865234,1.1036944389343262
1673,17.11727661141764,-0.07165990024805069,8.234416007995605,14.3468017578125,1.103803038597107
1674,17.30498981557505,-0.6248980164527893,8.110613822937012,14.391267776489258,1.1038864850997925
1675,18.015441209746797,0.125319242477417,8.419034004211426,14.623428344726562,1.1039754152297974
1676,13.545742325163024,-0.8363431096076965,9.513906478881836,14.667112350463867,1.1040786504745483
1677,143.77499736035728,7.236212730407715,16.79700469970703,17.59576416015625,1.10416579246521
1678,136.91265557061888,7.789956092834473,9.248723983764648,16.94783592224121,1.1042739152908325
1679,19.259966036050827,0.6103603839874268,7.164021015167236,14.98013687133789,1.1043939590454102
1680,159.84014915902839,7.959735870361328,8.421952247619629,17.15961456298828,1.104516625404358
1681,20.59585715915849,0.7450277805328369,7.763794898986816,15.565174102783203,1.1046661138534546
1682,144.6367576906326,7.143040180206299,9.32607364654541,18.042665481567383,1.1047958135604858
1683,155.92457946177896,7.562596797943115,11.967944145202637,18.770185470581055,1.1049121618270874
1684,163.11784415950737,8.074129104614258,13.028244018554688,19.027114868164062,1.1050397157669067
1685,150.406192945465,5.1962385177612305,10.657000541687012,19.395475387573242,1.1050273180007935
1686,171.35956975593507,8.80434799194336,11.859363555908203,19.40999984741211,1.105100154876709
1687,166.6114033255288,7.779915809631348,10.915324211120605,19.557315826416016,1.1051685810089111
1688,167.91950625079707,7.628040313720703,17.233644485473633,20.048625946044922,1.1052260398864746
1689,147.88940570546086,7.418951988220215,11.122509956359863,19.77796173095703,1.1052972078323364
1690,168.77644721769335,8.064688682556152,9.694458961486816,19.619525909423828,1.1053847074508667
1691,151.7972215128045,6.214132308959961,10.084087371826172,19.774179458618164,1.10535728931427
1692,149.82325292879133,7.330191612243652,10.225008010864258,20.189258575439453,1.1053364276885986
1693,130.46957625917744,6.3540568351745605,10.65620231628418,20.288373947143555,1.1053051948547363
1694,138.94120851917563,6.369410037994385,9.352679252624512,20.230648040771484,1.105244517326355
1695,156.61831884629447,7.221584320068359,9.826983451843262,20.377431869506836,1.1051836013793945
1696,162.01317774094014,7.1448516845703125,10.668455123901367,20.85658836364746,1.105110764503479
1697,143.60460149612135,7.01384973526001,15.011444091796875,21.840988159179688,1.1050466299057007
1698,169.1299821295397,7.144456386566162,12.453241348266602,21.35944366455078,1.1049513816833496
1699,168.21340211732888,8.048418998718262,10.559375762939453,21.186927795410156,1.104889988899231
1700,180.94102865071352,7.946035385131836,10.138895988464355,21.18450355529785,1.104840874671936
1701,186.81737200167328,8.25646686553955,10.24596881866455,21.49671173095703,1.1048201322555542
1702,148.7633044541329,7.318957328796387,11.360057830810547,21.76738166809082,1.1048249006271362
1703,167.61243901020998,7.285046577453613,12.534319877624512,22.31007957458496,1.104819893836975
1704,177.20570570901475,7.543655872344971,12.353279113769531,22.486478805541992,1.104800820350647
1705,159.8770796695849,7.3367133140563965,11.764373779296875,22.25599479675293,1.1047865152359009
1706,177.57371846528716,8.68282413482666,15.681046485900879,23.809995651245117,1.1048201322555542
1707,158.32968056922107,7.482252597808838,12.75915241241455,23.396434783935547,1.1048885583877563
1708,172.40241752039088,7.4159746170043945,11.434331893920898,23.412595748901367,1.1049482822418213
1709,177.14788575759582,6.957431316375732,16.71734046936035,24.45551109313965,1.1049751043319702
1710,157.24945110732054,6.166232109069824,14.131914138793945,24.55548095703125,1.1049238443374634
1711,159.73530472317148,6.601527690887451,14.150352478027344,25.108938217163086,1.1048554182052612
1712,164.074123228917,6.912911415100098,17.25307273864746,26.154600143432617,1.1047943830490112
1713,137.96845147650612,5.905428886413574,16.619525909423828,26.495338439941406,1.104724645614624
1714,150.3616718197961,7.257568359375,16.105833053588867,26.62148094177246,1.104709267616272
1715,175.98113779547208,8.21782112121582,19.210962295532227,27.514156341552734,1.1047319173812866
1716,173.77893083403,7.3787360191345215,17.58470344543457,28.040111541748047,1.1047731637954712
1717,146.11605914956664,5.42202091217041,19.83982276916504,28.275053024291992,1.1047662496566772
1718,143.99683382844736,6.109567642211914,17.646045684814453,29.07876205444336,1.1047617197036743
1719,161.5785818096866,7.640575885772705,15.692167282104492,28.66936683654785,1.1048177480697632
1720,176.3204808461877,7.058990478515625,15.331097602844238,28.658262252807617,1.1048871278762817
1721,173.298196444801,7.3105340003967285,15.053558349609375,28.706796646118164,1.1049857139587402
1722,157.94184715534934,6.879140853881836,16.559717178344727,29.405258178710938,1.1051157712936401
1723,183.88660046536683,6.8125176429748535,15.425889015197754,29.257076263427734,1.105225920677185
1724,158.24427603197677,7.149227619171143,17.27518081665039,29.480661392211914,1.1053776741027832
1725,166.19920015045622,7.289988040924072,15.77355670928955,29.620052337646484,1.1056054830551147
1726,168.2357523707037,7.229757785797119,18.57265281677246,31.129573822021484,1.1058460474014282
1727,144.39202995426177,6.510589122772217,17.50554084777832,30.64462661743164,1.1061104536056519
1728,183.12739933560934,6.977938175201416,15.892722129821777,29.986434936523438,1.1063591241836548
1729,154.88507060396677,6.251260280609131,16.064477920532227,30.66778564453125,1.1065964698791504
1730,169.61811786688938,6.72399377822876,17.697845458984375,31.1595516204834,1.1068261861801147
1731,187.61704726310074,4.743545055389404,16.062131881713867,30.83353042602539,1.1069602966308594
1732,156.9430747854174,6.858318328857422,16.824567794799805,31.075397491455078,1.107139229774475
1733,166.19156192309578,5.998354434967041,16.018762588500977,31.545398712158203,1.1072925329208374
1734,141.7040972966494,5.931813716888428,18.40804100036621,31.486892700195312,1.1074646711349487
1735,178.1370566887629,6.454526424407959,16.042821884155273,31.207002639770508,1.1076226234436035
1736,156.6062318091247,5.946285247802734,17.79773712158203,32.495880126953125,1.1077762842178345
1737,174.55804546538806,7.697537899017334,16.261816024780273,31.524457931518555,1.1079785823822021
1738,152.80068725344307,5.07596492767334,17.626529693603516,32.54742431640625,1.108128547668457
1739,170.55715301853428,7.2513556480407715,17.627765655517578,32.46660232543945,1.1083217859268188
1740,165.63692789467342,5.348098278045654,16.895618438720703,32.78236389160156,1.108458399772644
1741,174.13325621150636,5.771060943603516,16.905031204223633,32.64221954345703,1.1085515022277832
1742,164.6795557300178,6.450397968292236,16.98639678955078,32.99808883666992,1.108688473701477
1743,164.00997622144843,6.618669509887695,17.456668853759766,33.544734954833984,1.108872413635254
1744,183.12432939309568,6.925327777862549,16.770334243774414,32.68193054199219,1.109085202217102
1745,186.61760272035116,6.7715630531311035,17.7469425201416,33.35662841796875,1.1093182563781738
1746,160.12063966618422,4.929725646972656,17.981054306030273,34.16566467285156,1.1094812154769897
1747,19.13899136793342,-8.901409149169922,61.76974105834961,32.22087097167969,1.1096080541610718
1748,18.534978285899555,-9.95152759552002,63.35625457763672,32.13981628417969,1.1096893548965454
1749,15.75222351281188,-7.535732269287109,67.50698852539062,32.133731842041016,1.1098052263259888
1750,170.85580907781795,5.362223148345947,18.302356719970703,34.893348693847656,1.10989248752594
1751,130.54909009043314,3.8233118057250977,20.813621520996094,35.9645881652832,1.1099371910095215
1752,151.9762999095365,4.920419692993164,18.614940643310547,35.383056640625,1.109962821006775
1753,13.932980180791148,-11.251766204833984,70.58666229248047,32.46674346923828,1.1099778413772583
1754,154.51010437020673,5.946986675262451,17.374189376831055,35.04398727416992,1.1100492477416992
1755,140.10268237060677,4.273624420166016,19.813398361206055,36.290435791015625,1.1100939512252808
1756,23.34640062019521,-9.851883888244629,174.92633056640625,34.880889892578125,1.110092043876648
1757,14.168239167760149,-9.279126167297363,71.63780212402344,32.80906677246094,1.1101018190383911
1758,18.486988134986362,-6.16804313659668,80.41189575195312,33.04815673828125,1.11013925075531
1759,135.80317436534952,4.5521650314331055,18.673974990844727,35.48307800292969,1.110170841217041
1760,133.5931358340003,4.236551761627197,22.085447311401367,36.16763687133789,1.1101802587509155
1761,20.41039652566115,-4.074891090393066,124.37494659423828,33.966793060302734,1.110256314277649
1762,132.79434558575355,5.883426666259766,19.615142822265625,37.061431884765625,1.110440969467163
1763,155.42340529899573,5.400587558746338,17.547250747680664,36.407676696777344,1.1106258630752563
1764,109.50702985298904,2.0308845043182373,26.126205444335938,37.08432388305664,1.1107522249221802
1765,130.80681249654486,4.470404624938965,21.850906372070312,36.64282989501953,1.1108816862106323
1766,108.93299207169726,4.034303188323975,24.97244644165039,36.46549606323242,1.1110254526138306
1767,19.024948761674896,-4.481299877166748,220.6112823486328,36.385658264160156,1.1111940145492554
1768,128.3990290334829,4.430539131164551,22.7508487701416,36.775047302246094,1.1113582849502563
1769,122.66494337523054,4.392540454864502,22.968509674072266,37.8350830078125,1.111523151397705
1770,121.02597467022453,4.174324989318848,23.074565887451172,37.638755798339844,1.1116868257522583
1771,139.88153143120928,4.672242641448975,20.59211540222168,37.93605422973633,1.1118451356887817
1772,121.74628778368422,3.194154739379883,23.13081932067871,38.92167282104492,1.1119650602340698
1773,102.5684363104524,2.1601977348327637,26.280126571655273,38.90701675415039,1.1120449304580688
1774,156.26459897202028,4.9892802238464355,18.252883911132812,38.86820602416992,1.1121149063110352
1775,144.40349797302042,5.255491733551025,19.559457778930664,39.593017578125,1.1122151613235474
1776,20.68671165565236,-3.1172924041748047,254.8667449951172,46.66340255737305,1.1123522520065308
1777,127.67898237903816,3.2852158546447754,22.986881256103516,40.751953125,1.1124581098556519
1778,112.96440026862793,1.9972364902496338,27.35025405883789,40.16514205932617,1.112519383430481
1779,122.00725984413127,4.337014198303223,23.344615936279297,41.001407623291016,1.1126163005828857
1780,18.965443671858843,-12.47439193725586,266.6002197265625,49.837379455566406,1.112673282623291
1781,17.12219976015005,-8.289701461791992,382.281005859375,49.93158721923828,1.1127338409423828
1782,18.621141368211546,-8.98066234588623,271.97784423828125,50.70648193359375,1.112786889076233
1783,17.179184869320288,-5.008525371551514,302.58001708984375,50.972713470458984,1.1128958463668823
1784,122.78608477920712,2.9331605434417725,26.667007446289062,43.025569915771484,1.1129664182662964
1785,21.56381009676869,-4.2915568351745605,272.3257141113281,50.65979766845703,1.1130726337432861
1786,21.04080427170166,-3.239832639694214,212.38131713867188,50.512611389160156,1.1132192611694336
1787,14.141833336717408,-10.073720932006836,351.79522705078125,52.11626052856445,1.1133564710617065
1788,13.716950326308874,-13.751410484313965,245.63082885742188,52.33509063720703,1.113474726676941
1789,11.6286124918867,-27.437164306640625,286.7887268066406,53.156410217285156,1.1135293245315552
1790,13.863489983060472,-17.623268127441406,247.91989135742188,52.53258514404297,1.1135700941085815
1791,10.575531445407217,-9.4719820022583,296.1650695800781,51.62515640258789,1.1136318445205688
1792,16.319084818852257,-4.111783981323242,202.40196228027344,49.17612838745117,1.1137419939041138
1793,26.22764016366643,-8.68945598602295,136.39060974121094,51.408531188964844,1.1138149499893188
1794,14.6660645170704,-9.514205932617188,201.37234497070312,50.827354431152344,1.1138849258422852
1795,23.54821872029297,-7.351799011230469,130.22935485839844,49.390296936035156,1.1139358282089233
1796,15.051414096747035,-4.878818035125732,194.1939239501953,51.320953369140625,1.1140204668045044
1797,17.687924262710062,-12.411568641662598,174.820068359375,50.38578796386719,1.114086389541626
1798,20.90103635930751,-5.788390159606934,123.98274230957031,51.80644607543945,1.1141787767410278
1799,10.241416014583987,-18.823801040649414,227.55160522460938,50.308841705322266,1.1142395734786987
1800,19.56360055580948,-6.747943878173828,145.21153259277344,50.963539123535156,1.114310383796692
1801,14.430159594768611,-33.573577880859375,178.04502868652344,51.20674514770508,1.1143479347229004
1802,14.515317835313706,-8.264511108398438,177.13967895507812,49.72248458862305,1.1144003868103027
1803,11.776927562005167,-8.298843383789062,186.89120483398438,50.75821304321289,1.1144644021987915
1804,11.439315535706335,-22.409637451171875,184.85252380371094,50.69218063354492,1.1145070791244507
1805,15.11782204822983,-8.292245864868164,151.53172302246094,50.20310974121094,1.1145669221878052
1806,13.337567359250496,-21.411277770996094,169.30126953125,49.67106628417969,1.1146031618118286
1807,10.50989854229501,-14.507558822631836,183.98104858398438,50.16793441772461,1.1146348714828491
1808,14.517236949135317,-12.108543395996094,144.185791015625,49.97575378417969,1.1146589517593384
1809,16.320179889746143,-8.094585418701172,139.35009765625,49.185821533203125,1.1146939992904663
1810,17.447414434418416,-8.006120681762695,109.32971954345703,49.44561004638672,1.1147352457046509
1811,11.151114172860574,-18.865434646606445,158.25709533691406,48.18343734741211,1.1147586107254028
1812,13.227792111254685,-9.676478385925293,142.19418334960938,47.15790557861328,1.1148037910461426
1813,10.625216026595417,-18.207887649536133,145.68019104003906,47.89825439453125,1.1148213148117065
1814,16.752976091681195,-8.921025276184082,110.19876098632812,47.730838775634766,1.1148576736450195
1815,13.719011679404844,-14.884570121765137,122.81640625,46.86300277709961,1.114865779876709
1816,12.36799011777801,-12.117269515991211,129.95431518554688,47.21883773803711,1.1148916482925415
1817,12.105549347902075,-17.206371307373047,126.8612289428711,46.35125732421875,1.1149063110351562
1818,12.152181031319545,-11.715360641479492,123.3986587524414,45.857845306396484,1.1149373054504395
1819,15.102387963344954,-12.42451286315918,106.07758331298828,45.59618377685547,1.114960789680481
1820,13.506180807413195,-11.292004585266113,112.45339965820312,45.24421691894531,1.1149917840957642
1821,12.03491439729506,-9.561363220214844,114.5687026977539,44.57644271850586,1.1150918006896973
1822,15.591343516757602,-11.920695304870605,103.23684692382812,44.671321868896484,1.1151820421218872
1823,13.95339745977545,-10.285666465759277,106.08256530761719,43.87089538574219,1.1153196096420288
1824,12.605864502507362,-13.364936828613281,112.15161895751953,43.70778274536133,1.1154478788375854
1825,24.650585750272377,-5.79688835144043,114.41759490966797,44.1187744140625,1.1156114339828491
1826,122.00537079753386,3.2987303733825684,22.099685668945312,42.33762741088867,1.1157631874084473
1827,13.911332381045035,-16.192554473876953,104.15481567382812,42.886436462402344,1.115878701210022
1828,16.311231380136288,-13.89536190032959,96.25983428955078,42.528076171875,1.115958333015442
1829,16.42372036954921,-9.937691688537598,96.91152954101562,42.50770568847656,1.1160576343536377
1830,17.37181969191611,-9.599735260009766,98.89814758300781,42.120758056640625,1.1161640882492065
1831,120.03072253314166,3.194551467895508,21.461578369140625,41.21691131591797,1.116263508796692
1832,110.55757014196473,3.0632004737854004,25.345102310180664,41.26289749145508,1.1163702011108398
1833,129.6249451547758,2.8749170303344727,19.862308502197266,40.65868377685547,1.1164307594299316
1834,120.70199044304134,2.8412587642669678,22.977745056152344,40.96508026123047,1.116465449333191
1835,126.58289955131634,3.5680651664733887,20.05065155029297,40.636962890625,1.1164997816085815
1836,127.28682092918085,2.390310049057007,18.411664962768555,40.091224670410156,1.1164931058883667
1837,133.62909483096354,3.6596689224243164,17.05645179748535,40.49304962158203,1.1164840459823608
1838,125.92918006169556,3.688505172729492,17.2650203704834,40.767086029052734,1.11649751663208
1839,18.966571770576124,-9.313436508178711,127.57284545898438,41.75180435180664,1.1165164709091187
1840,100.88824278067825,0.786296010017395,25.2136173248291,41.88490676879883,1.1164852380752563
1841,119.2727006372638,2.5498836040496826,17.923965454101562,40.75313186645508,1.1164175271987915
1842,123.8307595204649,3.20540714263916,17.330158233642578,40.78477478027344,1.1163434982299805
1843,126.59844956722735,3.4302585124969482,16.243560791015625,40.67748260498047,1.1162747144699097
1844,93.54800212612074,1.1218732595443726,29.92176055908203,41.937496185302734,1.116193175315857
1845,123.06421711894635,3.4564592838287354,17.30821418762207,41.400177001953125,1.11613929271698
1846,100.14683120618537,2.4323947429656982,26.88059425354004,42.27107620239258,1.116114616394043
1847,90.28872053511842,1.643211841583252,31.79787826538086,42.6416015625,1.1160963773727417
1848,105.50175999407246,2.169971227645874,25.30864143371582,41.914833068847656,1.116072654724121
1849,117.72728092068618,1.8044135570526123,18.777084350585938,41.76715087890625,1.1159955263137817
1850,88.02862393879622,1.5816036462783813,30.34499740600586,42.746437072753906,1.115937352180481
1851,93.81734450392555,-0.2216421365737915,29.61113739013672,42.99295425415039,1.1158263683319092
1852,116.95894149724779,2.9720537662506104,18.232643127441406,41.58531188964844,1.1157315969467163
1853,84.75725531581413,1.8828301429748535,28.01363754272461,42.66901397705078,1.115697979927063
1854,107.54522765500526,3.0817954540252686,19.71377944946289,42.126365661621094,1.115723729133606
1855,74.26474005358949,-1.6402552127838135,36.19754409790039,43.291812896728516,1.1156984567642212
1856,74.71235398850669,0.5107237696647644,32.26913070678711,42.6592903137207,1.1156812906265259
1857,77.77177723921756,0.7848963737487793,29.01136589050293,43.01094055175781,1.1156781911849976
1858,67.5434787825754,2.275846004486084,35.25341033935547,43.9011344909668,1.1157716512680054
1859,75.98869062499523,0.3157798647880554,30.755403518676758,43.661346435546875,1.1158499717712402
1860,87.29213928086605,0.5643628835678101,24.7739315032959,42.912132263183594,1.1158857345581055
1861,60.75601554964649,-1.7021420001983643,36.702842712402344,44.90372848510742,1.115892767906189
1862,89.95064673038365,1.3164174556732178,19.777376174926758,42.00417709350586,1.1158932447433472
1863,73.26422130188944,-1.2752797603607178,27.432647705078125,43.753700256347656,1.1158593893051147
1864,82.8164786144871,0.7994377017021179,21.841495513916016,42.76633071899414,1.115820288658142
1865,80.2932437073074,1.7948476076126099,22.081525802612305,42.81755065917969,1.115859031677246
1866,70.25109330096777,-0.8665727376937866,24.19976043701172,44.15591049194336,1.1158709526062012
1867,66.23713777497247,0.8079282641410828,24.96437644958496,44.6446418762207,1.1159435510635376
1868,68.95943375275746,2.316577434539795,25.191116333007812,43.14047622680664,1.1160988807678223
1869,89.72853876444766,1.910928726196289,19.858055114746094,42.15628433227539,1.1162805557250977
1870,66.03520222838783,0.46612289547920227,29.281827926635742,45.151206970214844,1.1164747476577759
1871,67.57761060470543,0.11593623459339142,23.851375579833984,43.71185302734375,1.1166644096374512
1872,73.33296976492387,-2.514981985092163,24.505929946899414,43.601078033447266,1.1167573928833008
1873,70.25903994281595,1.0429844856262207,23.13966178894043,43.55482864379883,1.11690092086792
1874,77.47492068213141,0.3494415581226349,21.330869674682617,42.77016830444336,1.117008090019226
1875,87.16859119932404,0.3908904492855072,22.774600982666016,44.34840393066406,1.1170731782913208
1876,93.98822875126156,2.4533615112304688,18.473712921142578,42.96993637084961,1.1171746253967285
1877,77.90308467484185,0.8343694806098938,25.200847625732422,45.34579849243164,1.1172776222229004
1878,76.16943216645151,0.9048091173171997,22.236143112182617,43.549034118652344,1.1173924207687378
1879,86.85496049384369,1.893527865409851,24.025938034057617,44.20320129394531,1.117546558380127
1880,77.94199615662188,0.8938219547271729,24.56640625,45.07904052734375,1.1177051067352295
1881,87.45746706801174,1.5730618238449097,20.626163482666016,44.51211929321289,1.1178563833236694
1882,73.04178477574294,0.11725031584501266,28.286867141723633,47.442012786865234,1.117996335029602
1883,76.31904261357471,0.20388098061084747,28.84979248046875,47.7501106262207,1.1181203126907349
1884,69.06780627831446,0.5287045836448669,27.42606544494629,47.70275115966797,1.1182771921157837
1885,74.28204106779663,0.7245044112205505,28.763986587524414,47.148563385009766,1.1184415817260742
1886,76.27134959578716,-0.5473950505256653,24.35055160522461,46.69996643066406,1.1185624599456787
1887,65.82374162978756,-0.21594759821891785,34.49718475341797,48.483768463134766,1.1186938285827637
1888,73.79990371902477,1.3097665309906006,31.155017852783203,49.67325210571289,1.1189035177230835
1889,79.9229199962138,0.4252805709838867,25.022619247436523,48.32255554199219,1.1190940141677856
1890,73.33107573559766,-0.26098379492759705,28.263221740722656,48.892555236816406,1.1192625761032104
1891,81.66122159028545,-0.5269435048103333,21.887582778930664,48.72737121582031,1.1193867921829224
1892,77.57455744938264,0.022547457367181778,26.07499885559082,49.02190399169922,1.1194957494735718
1893,71.76691722672355,-0.44192245602607727,29.044879913330078,49.214046478271484,1.119590401649475
1894,74.95043021403822,-1.9840623140335083,27.28215217590332,50.39887619018555,1.1196222305297852
1895,79.25136922636023,0.3851562440395355,25.798337936401367,50.05534744262695,1.1196666955947876
1896,72.49712749105757,-1.1414835453033447,28.170190811157227,51.24406433105469,1.119686245918274
1897,85.47931744535012,0.49519580602645874,23.057159423828125,48.674049377441406,1.1196980476379395
1898,76.42733584453758,-0.8160516619682312,25.946409225463867,50.39215087890625,1.1196798086166382
1899,19.173613924211576,-12.965907096862793,159.92955017089844,54.00361633300781,1.11965012550354
1900,69.06619328831414,-0.5421038866043091,32.27867889404297,52.69157791137695,1.1196354627609253
1901,70.7623812184308,-0.4029749035835266,28.17412757873535,51.42811584472656,1.1196372509002686
1902,83.84113180308375,0.921184778213501,24.607894897460938,49.33187484741211,1.11965811252594
1903,14.006577577458724,-12.66166877746582,199.27206420898438,54.859825134277344,1.119693636894226
1904,74.71879839524571,0.2575186789035797,29.424880981445312,52.1796760559082,1.119767665863037
1905,16.021479465817198,-20.487218856811523,188.29991149902344,55.09579849243164,1.1197909116744995
1906,15.388919394596178,-9.70029067993164,189.20448303222656,55.171546936035156,1.119905948638916
1907,17.368115820195356,-8.445923805236816,177.81246948242188,55.41263961791992,1.1201955080032349
1908,17.48603137522839,-11.71684455871582,177.71005249023438,55.26152801513672,1.120469093322754
1909,70.39174974723626,-0.4843505024909973,27.619178771972656,50.25143051147461,1.1207276582717896
1910,79.85256516873822,-0.6940507888793945,24.85894775390625,47.90285110473633,1.1209402084350586
1911,92.65884133592874,1.5087013244628906,24.77082061767578,46.30872344970703,1.121156096458435
1912,75.28467951053669,0.10749953985214233,26.31779670715332,47.7172737121582,1.121362566947937
1913,75.49263136708423,0.27247703075408936,28.448366165161133,48.073272705078125,1.1215715408325195
1914,79.03726643724362,0.9203898310661316,27.830039978027344,47.812747955322266,1.1218072175979614
1915,16.279503188104158,-11.432411193847656,186.52476501464844,55.42497253417969,1.1220461130142212
1916,17.07421044221313,-11.890737533569336,175.39007568359375,55.41410827636719,1.12227201461792
1917,78.24053058744717,0.16823363304138184,25.152179718017578,46.90299987792969,1.122477412223816
1918,79.53540695161082,-0.7942102551460266,22.15348243713379,47.06241226196289,1.1226105690002441
1919,81.83292663488851,-1.7584292888641357,23.8834228515625,45.941749572753906,1.1226683855056763
1920,77.5601708521559,0.9779133796691895,26.335613250732422,45.9018669128418,1.1227692365646362
1921,86.85862931574039,0.8889954090118408,24.70772933959961,45.606510162353516,1.1228687763214111
1922,17.084119410811915,-8.865257263183594,174.90289306640625,55.44578170776367,1.1230329275131226
1923,86.30814912779434,-0.05563156306743622,21.166505813598633,44.74419021606445,1.123148798942566
1924,85.53948924809967,0.48879361152648926,20.871410369873047,44.632938385009766,1.123236060142517
1925,82.67385129466214,1.2846579551696777,19.55609130859375,43.85377883911133,1.1233539581298828
1926,79.56457094391288,0.6211137771606445,24.68863868713379,44.19607162475586,1.1234632730484009
1927,86.89513773220206,1.0586283206939697,21.357576370239258,44.963199615478516,1.123571515083313
1928,81.81230770254807,0.9047445058822632,19.29111671447754,44.459957122802734,1.1236821413040161
1929,81.8584110909806,1.305648922920227,19.469757080078125,43.51829147338867,1.1238088607788086
1930,75.58175569812862,0.20548555254936218,20.8697566986084,43.86201095581055,1.1239224672317505
1931,84.087953317251,0.8766090869903564,19.231664657592773,43.48820495605469,1.1240235567092896
1932,77.38716599591987,0.46918219327926636,23.48410415649414,45.75611877441406,1.1241222620010376
1933,77.05286105500338,0.8429343700408936,21.309480667114258,44.93666458129883,1.1242395639419556
1934,86.97060235655843,0.6044238805770874,19.532073974609375,43.592830657958984,1.1243282556533813
1935,83.34659136914253,-0.05832634121179581,19.726682662963867,45.09050369262695,1.1243773698806763
1936,89.80065115627251,0.9507564306259155,18.507020950317383,43.65365982055664,1.1244088411331177
1937,79.55039194313275,0.9951324462890625,23.225820541381836,46.29866409301758,1.1244568824768066
1938,87.10560175560278,0.10372543334960938,19.029802322387695,45.080204010009766,1.124464988708496
1939,70.46525486206647,-0.7181863188743591,25.90234375,47.67930603027344,1.1244603395462036
1940,77.94263423623359,0.28057003021240234,16.182785034179688,46.2523193359375,1.124459147453308
1941,75.50232777456887,0.5308621525764465,20.818662643432617,46.80223083496094,1.124523639678955
1942,74.22441932528942,1.114970326423645,30.965930938720703,48.611854553222656,1.1247131824493408
1943,84.98738540809404,1.1640183925628662,16.862773895263672,44.838768005371094,1.124906063079834
1944,78.28674748064546,0.554669201374054,18.390573501586914,46.77382278442383,1.125090479850769
1945,72.05777576491367,-0.18163612484931946,16.744678497314453,45.81266403198242,1.1252611875534058
1946,83.74422959156036,0.2830013930797577,16.96028709411621,44.69826126098633,1.1254000663757324
1947,82.18303217840278,0.940392792224884,14.392322540283203,45.6100959777832,1.1255544424057007
1948,81.23080010347664,-1.3671876192092896,19.98280906677246,44.46933364868164,1.1255979537963867
1949,60.06667365533527,-1.1860250234603882,18.367156982421875,49.22431564331055,1.1256881952285767
1950,71.45627441496069,-0.40284737944602966,30.56761932373047,46.46426010131836,1.1257778406143188
1951,66.86879346920705,-1.1142650842666626,15.303728103637695,48.06584548950195,1.1258682012557983
1952,67.88686639989142,-2.9413366317749023,20.792129516601562,47.76811981201172,1.1258676052093506
1953,57.769711183933325,-2.1686933040618896,22.33312225341797,50.8350830078125,1.1258854866027832
1954,69.8550289902741,-1.9223705530166626,25.79065704345703,47.48667526245117,1.1258803606033325
1955,64.04509337061762,-1.8464434146881104,20.782846450805664,49.97019958496094,1.125874400138855
1956,72.23968715903696,-0.7070266604423523,22.643407821655273,49.080604553222656,1.1258854866027832
1957,64.87317928389669,-0.9022949934005737,22.421255111694336,50.29154586791992,1.1259394884109497
1958,69.00354315151087,-1.0266038179397583,16.04322052001953,46.80339431762695,1.1259993314743042
1959,54.822038571864816,-3.209505319595337,23.238529205322266,52.901737213134766,1.1260555982589722
1960,54.53627301329405,-4.662197113037109,28.1307373046875,53.09601593017578,1.1260677576065063
1961,58.7281032971064,-3.4650306701660156,20.980010986328125,51.08561325073242,1.1260446310043335
1962,57.21361844103517,-3.7800326347351074,20.05052947998047,51.92529296875,1.1259973049163818
1963,60.28899031239704,-3.524193286895752,20.042102813720703,51.74077224731445,1.1259273290634155
1964,54.864490906386095,-4.0685553550720215,20.980871200561523,52.37727355957031,1.1258217096328735
1965,55.881396274035204,-2.4118564128875732,51.4280891418457,55.69407653808594,1.1257420778274536
1966,55.34088761090501,-2.5428829193115234,21.3077335357666,54.369808197021484,1.1256905794143677
1967,54.2257481317787,-2.532540798187256,22.603683471679688,54.840518951416016,1.1256588697433472
1968,59.22270732650243,-2.056856632232666,23.070398330688477,50.56568908691406,1.125637412071228
1969,58.32485419983769,-3.6766390800476074,21.974763870239258,52.01780700683594,1.1255711317062378
1970,63.96330024680427,-0.8531269431114197,20.562408447265625,49.15385437011719,1.1255348920822144
1971,60.70962656604125,-1.9920072555541992,22.082937240600586,50.29225540161133,1.1255003213882446
1972,53.63037729247284,-1.9923865795135498,26.163978576660156,54.01081085205078,1.1255052089691162
1973,65.68228735681689,-2.5128586292266846,19.158998489379883,49.29370880126953,1.1254831552505493
1974,57.27631481449793,-1.5837332010269165,25.705900192260742,52.203758239746094,1.1255098581314087
1975,62.40880708613377,-2.1841928958892822,23.488557815551758,49.38303756713867,1.1255261898040771
1976,46.19601832924295,-7.611721515655518,48.501285552978516,60.0394401550293,1.1254953145980835
1977,57.324646329172666,-3.3015565872192383,29.77572250366211,51.346214294433594,1.125447392463684
1978,63.73349888236715,-2.596553087234497,31.261259078979492,48.82675552368164,1.125372290611267
1979,55.02852179835895,-3.1806447505950928,27.118322372436523,52.573116302490234,1.1253100633621216
1980,68.1629528118263,-2.0191845893859863,21.949764251708984,46.39719772338867,1.1252378225326538
1981,60.599434833393474,-1.0732344388961792,35.891990661621094,48.64704132080078,1.1252211332321167
1982,60.512982218098834,-2.910323143005371,41.33769989013672,48.55638122558594,1.1252050399780273
1983,66.84123217610465,-2.6251606941223145,31.906124114990234,47.0865478515625,1.1251693964004517
1984,71.7183139178345,0.06457599252462387,22.920623779296875,43.034725189208984,1.125226616859436
1985,61.498922941471896,-2.388150691986084,36.3210334777832,47.16166305541992,1.1253093481063843
1986,63.337325513714454,-4.282609462738037,21.863616943359375,44.837074279785156,1.1253564357757568
1987,50.46429612402263,-3.6468803882598877,36.107215881347656,49.899627685546875,1.1254475116729736
1988,64.33927697462342,-4.450985908508301,36.688655853271484,43.33393096923828,1.1255073547363281
1989,57.04101788647332,-3.7264952659606934,36.11808395385742,46.31422805786133,1.1255874633789062
1990,54.84537128125588,-4.531338214874268,39.572471618652344,45.99706268310547,1.1256753206253052
1991,66.28946459589638,-3.592386245727539,20.217397689819336,42.40511703491211,1.1257412433624268
1992,72.57323493752688,-1.468085527420044,20.994665145874023,40.26549530029297,1.1258176565170288
1993,53.60479651762421,-4.554616928100586,25.771949768066406,47.013370513916016,1.1259043216705322
1994,67.54927774283333,-2.1838786602020264,26.35039520263672,41.56463623046875,1.1260019540786743
1995,59.05055916346485,-2.561227798461914,34.87736511230469,43.09954833984375,1.1261465549468994
1996,61.592271123591246,-3.8503739833831787,34.67226028442383,41.9398307800293,1.1262681484222412
1997,63.75661067495466,-2.0771312713623047,34.167179107666016,41.304832458496094,1.1264113187789917
1998,87.36950716644978,-1.0368432998657227,18.07838249206543,36.08485412597656,1.1264991760253906
1999,68.16608181838733,-1.3134931325912476,36.950721740722656,39.76620101928711,1.126624584197998
2000,60.647548265870775,-1.64565908908844,30.789403915405273,41.43031692504883,1.1267695426940918
2001,74.67590539950156,-1.1594957113265991,25.888402938842773,37.818058013916016,1.1268922090530396
2002,90.34445971246095,1.3891786336898804,16.19988441467285,35.012962341308594,1.1271166801452637
2003,63.73794652565917,-1.973764419555664,23.567853927612305,40.187801361083984,1.1273168325424194
2004,98.64921564917118,1.9303207397460938,20.239355087280273,33.351070404052734,1.1275192499160767
2005,92.38400527805956,0.7242267727851868,13.535917282104492,34.58673858642578,1.1276843547821045
2006,104.99738290618542,0.16826604306697845,16.75813102722168,32.577999114990234,1.1277672052383423
2007,104.16919805247595,1.9949405193328857,12.980290412902832,32.669891357421875,1.1278611421585083
2008,89.6408288380786,1.2124359607696533,18.092069625854492,34.525394439697266,1.127953290939331
2009,76.71990017520719,1.0233327150344849,21.26935577392578,36.79188919067383,1.128066062927246
2010,73.6987913346237,0.042442686855793,23.14803123474121,37.53859329223633,1.128170132637024
2011,83.55836954462666,0.6379831433296204,19.07057762145996,36.10251998901367,1.128261685371399
2012,148.5803101219645,3.6583549976348877,12.24024772644043,30.3218936920166,1.12833571434021
2013,150.76262671824875,3.74660062789917,10.719866752624512,31.05613136291504,1.1283923387527466
2014,117.18858971972597,3.887521982192993,14.867936134338379,32.814456939697266,1.128487467765808
2015,131.92647840132406,3.0895261764526367,12.579134941101074,32.680870056152344,1.1285713911056519
2016,148.42282837464768,4.3320698738098145,10.995859146118164,32.7504997253418,1.128736138343811
2017,164.23464098901158,4.632554531097412,11.756111145019531,32.94023513793945,1.1289311647415161
2018,163.71004147703928,4.295862674713135,11.783454895019531,33.97770690917969,1.1291193962097168
2019,158.1394239279243,4.103216648101807,12.87624740600586,34.580753326416016,1.1293185949325562
2020,144.4262925018422,3.7199289798736572,13.979442596435547,35.694122314453125,1.1295174360275269
2021,161.32756707921948,4.101067066192627,12.611623764038086,35.53218078613281,1.1297279596328735
2022,161.6693132491165,3.693524122238159,12.912898063659668,35.82374572753906,1.1299114227294922
2023,158.54690794807985,3.4289281368255615,13.422418594360352,36.43564224243164,1.1300525665283203
2024,160.27314100775962,3.794703483581543,13.218409538269043,36.69037628173828,1.1301792860031128
2025,147.81140034790124,3.1216416358947754,15.739114761352539,37.29997253417969,1.1302841901779175
2026,158.062698923593,3.431591033935547,12.606280326843262,37.537052154541016,1.1303739547729492
2027,153.61756883898624,3.2718491554260254,13.081588745117188,38.01896286010742,1.1304574012756348
2028,151.13641281940016,2.8696861267089844,14.568257331848145,38.33903884887695,1.1305227279663086
2029,150.47046334806555,2.9064080715179443,14.364128112792969,38.74433517456055,1.1305725574493408
2030,148.93949440649095,3.0946121215820312,13.820480346679688,38.987972259521484,1.1306182146072388
2031,156.2758069177648,3.435962677001953,14.763769149780273,39.09827423095703,1.1306613683700562
2032,153.04785592060307,2.886228322982788,14.111990928649902,39.15427017211914,1.1306843757629395
2033,152.9500633925449,3.2303104400634766,15.243181228637695,39.72792434692383,1.1307238340377808
2034,157.9274913292189,3.748809814453125,14.382530212402344,40.1737060546875,1.1307786703109741
2035,162.63895883634024,3.730282783508301,14.7755126953125,40.188663482666016,1.1308437585830688
2036,163.2502147468462,3.5124735832214355,15.32958698272705,40.7785758972168,1.1309008598327637
2037,154.9358862792924,3.5909805297851562,14.337913513183594,41.0118293762207,1.1309937238693237
2038,163.33683461016307,3.907823085784912,15.776102066040039,41.90107727050781,1.1311055421829224
2039,161.40446517343537,3.492009401321411,16.426071166992188,42.530006408691406,1.1312087774276733
2040,158.2525971586976,2.6207633018493652,17.76617431640625,43.03573226928711,1.1312849521636963
2041,167.17655523295727,3.708348274230957,18.9449520111084,43.578453063964844,1.1313601732254028
2042,157.25263315536034,2.4152169227600098,19.931217193603516,44.04705047607422,1.1313925981521606
2043,73.0771085610219,-0.5225179195404053,32.58788299560547,48.48196029663086,1.131467580795288
2044,85.85413042512793,0.17528989911079407,30.420936584472656,47.05857849121094,1.1315722465515137
2045,106.28436595186452,1.7076373100280762,23.98423957824707,45.767330169677734,1.1317585706710815
2046,73.21105012938835,-1.6847357749938965,35.72075653076172,48.30487060546875,1.1319198608398438
2047,106.70861420362856,1.8715708255767822,25.619873046875,46.18832015991211,1.1321156024932861
2048,68.00453361778315,-1.8693581819534302,40.581199645996094,49.44460678100586,1.132285714149475
2049,72.99024497770138,-1.2369650602340698,37.168212890625,48.51301956176758,1.132440209388733
2050,84.02632083265101,0.34581100940704346,30.57443618774414,47.035953521728516,1.1326135396957397
2051,102.67725493150245,0.44470271468162537,26.358684539794922,46.46882629394531,1.1327425241470337
2052,94.09803414963908,0.4346962869167328,29.343395233154297,47.47105026245117,1.132851243019104
2053,104.61955732924352,1.2605682611465454,28.49347686767578,47.09092712402344,1.132949709892273
2054,87.35687157357468,0.1600753217935562,30.662914276123047,47.4674186706543,1.1330350637435913
2055,75.1152379549522,-2.2363080978393555,33.68846130371094,48.99391174316406,1.13306725025177
2056,87.44467869454444,0.4750519394874573,29.845115661621094,47.94092559814453,1.1331065893173218
2057,94.01777959081842,1.3553346395492554,29.691951751708984,48.51244354248047,1.133181095123291
2058,91.7560629236156,0.12033571302890778,31.312082290649414,48.545188903808594,1.1332343816757202
2059,86.88265676790147,0.8511279225349426,30.87273406982422,48.779884338378906,1.1333247423171997
2060,98.18845096575254,0.7325248122215271,29.0965518951416,48.745819091796875,1.1333999633789062
2061,123.41399182778756,1.4121088981628418,25.008581161499023,47.63565444946289,1.1334346532821655
2062,178.72573798244719,3.2730109691619873,21.87228775024414,46.42045974731445,1.1334244012832642
2063,176.1967813584535,4.246036052703857,20.761383056640625,46.428993225097656,1.1334341764450073
2064,94.33192100553899,0.58575439453125,30.36104393005371,49.86371994018555,1.1334621906280518
2065,167.58109672269646,2.4560561180114746,22.3907527923584,46.93742752075195,1.1334450244903564
2066,175.9121728565417,3.657393217086792,21.70098304748535,46.949256896972656,1.1334141492843628
2067,181.14418004307745,4.0486297607421875,22.104833602905273,47.36237335205078,1.1333879232406616
2068,180.1118259044988,3.62176513671875,21.821870803833008,47.81801223754883,1.1333457231521606
2069,182.81246115959198,3.865537405014038,21.378381729125977,47.872901916503906,1.1333074569702148
2070,179.78257497499553,4.561601161956787,21.38744354248047,48.03348922729492,1.1333913803100586
2071,178.95554965641415,3.176163673400879,23.30123519897461,48.45965576171875,1.1334352493286133
2072,172.2434757006925,1.9471123218536377,23.163990020751953,48.78109359741211,1.133424162864685
2073,178.09224721766682,3.7149648666381836,22.12105941772461,49.3110466003418,1.1334233283996582
2074,175.64805034799738,4.304013729095459,22.749725341796875,49.546749114990234,1.1335023641586304
2075,171.4455497612659,3.340559482574463,26.900484085083008,49.676937103271484,1.1335855722427368
2076,171.13366765517446,2.8281595706939697,26.550235748291016,50.4560546875,1.1336456537246704
2077,129.47389281553987,1.5944606065750122,30.09393882751465,51.68182373046875,1.1337178945541382
2078,168.14155595944064,0.6221463084220886,28.590694427490234,50.74828338623047,1.1337264776229858
2079,176.6488504779588,3.6165621280670166,25.790796279907227,50.707149505615234,1.1337541341781616
2080,178.44408802931738,4.071650505065918,27.154762268066406,51.29071807861328,1.1338214874267578
2081,179.75056654339033,3.418233633041382,26.88661766052246,51.171199798583984,1.1338802576065063
2082,179.52753382851884,4.083215236663818,26.176979064941406,51.19300079345703,1.1339912414550781
2083,177.17705033764335,3.0489187240600586,25.469745635986328,50.886905670166016,1.1340563297271729
2084,132.37337518614314,1.5840647220611572,30.63434600830078,52.29207229614258,1.1341084241867065
2085,176.61683102743893,3.0353035926818848,27.123199462890625,51.43154525756836,1.1341300010681152
2086,181.19505118816562,3.7253899574279785,25.602144241333008,51.62309265136719,1.134149432182312
2087,173.59550351006519,3.1781716346740723,26.293872833251953,51.60802459716797,1.1341501474380493
2088,106.05204178110785,1.2731740474700928,35.69331741333008,53.65624237060547,1.13418710231781
2089,179.01206726498714,3.0159099102020264,26.158775329589844,51.94847106933594,1.1341819763183594
2090,118.76073604127407,0.14582720398902893,35.31250762939453,53.95234298706055,1.1341532468795776
2091,106.76659598881744,1.5168830156326294,36.00397491455078,53.78861999511719,1.1341723203659058
2092,176.63535739489504,2.704505681991577,26.96708869934082,52.15608596801758,1.134152889251709
2093,118.4086526574402,1.985873818397522,35.17180252075195,53.8765869140625,1.1341743469238281
2094,91.22013123366865,-0.5143328905105591,42.60763931274414,54.980133056640625,1.1341866254806519
2095,77.17417230752116,-0.9461511373519897,47.590938568115234,55.51667022705078,1.1342066526412964
2096,91.9227078205383,-1.463319182395935,41.343589782714844,54.70230484008789,1.1341756582260132
2097,80.35708464793713,-2.1118764877319336,48.15005111694336,54.967735290527344,1.134128212928772
2098,74.96546718163337,-2.022707462310791,47.93186569213867,55.46421432495117,1.1340656280517578
2099,94.0436681322261,0.6368355751037598,38.64883804321289,53.998233795166016,1.1340312957763672
2100,67.49689571388349,-1.2146522998809814,52.8731689453125,55.931697845458984,1.1340388059616089
2101,59.417155461017195,-3.6391327381134033,59.891502380371094,56.90695571899414,1.134028673171997
2102,77.51414784231042,-0.46366745233535767,45.656639099121094,55.066795349121094,1.1340447664260864
2103,66.87721005140355,-0.9140267968177795,53.933231353759766,55.730899810791016,1.1341112852096558
2104,67.99429813800828,-2.2258102893829346,53.9952507019043,55.76179504394531,1.134163737297058
2105,73.95503533016395,0.21780936419963837,50.65948486328125,55.41691207885742,1.1342897415161133
2106,66.47382243491604,-2.12436842918396,52.307559967041016,55.612464904785156,1.1344013214111328
2107,75.72535505134486,-1.2485599517822266,46.65399932861328,54.71684646606445,1.1345008611679077
2108,73.38582297912015,-0.8314007520675659,48.86383056640625,55.086456298828125,1.1346195936203003
2109,79.78937060788856,-2.14225435256958,45.20245361328125,54.60506057739258,1.1346946954727173
2110,65.57435231355485,-0.9823907613754272,52.425048828125,55.2280158996582,1.1348239183425903
2111,56.92475785810953,-1.8316915035247803,59.25857162475586,56.929874420166016,1.1349979639053345
2112,67.46405613180559,-2.1813416481018066,53.311405181884766,55.3458366394043,1.1351457834243774
2113,62.875312945311215,-0.9082643389701843,55.7900276184082,55.91539764404297,1.1353648900985718
2114,69.5879611229032,-3.390589475631714,49.478580474853516,54.944759368896484,1.1355241537094116
2115,70.73522669503478,-0.8360415697097778,48.554569244384766,54.597835540771484,1.1356871128082275
2116,73.29901652667296,-1.8703981637954712,46.2243766784668,54.428592681884766,1.1358215808868408
2117,61.69161977125348,-1.0932384729385376,54.4106330871582,55.78364944458008,1.1360002756118774
2118,74.68122166511452,-2.158947229385376,45.37424850463867,54.05568313598633,1.1361310482025146
2119,73.73754910683205,-1.3438819646835327,44.93913650512695,54.342586517333984,1.136247158050537
2120,79.91464884901487,-0.5093809962272644,41.61210250854492,53.769737243652344,1.136362910270691
2121,62.176743503216905,-2.132345199584961,53.2509880065918,55.4809455871582,1.1364755630493164
2122,75.8624904511129,-2.909411668777466,43.62749099731445,54.94382858276367,1.1365355253219604
2123,55.42546900133644,-4.167604446411133,58.24460220336914,56.831172943115234,1.136570930480957
2124,68.21652461061635,-1.42368745803833,47.6463737487793,55.37788391113281,1.1366174221038818
2125,73.91443038315708,-2.50407338142395,43.329345703125,54.224910736083984,1.1366291046142578
2126,61.01729934667708,-2.4968435764312744,51.731536865234375,55.760902404785156,1.1366466283798218
2127,62.067087167754174,-2.4225711822509766,51.72285842895508,55.76312255859375,1.1366684436798096
2128,76.53024043514523,-1.6730000972747803,41.35238265991211,54.07109832763672,1.1366733312606812
2129,70.55290842999604,-2.30004620552063,45.67526626586914,54.70054244995117,1.1366634368896484
2130,51.47917026892447,-3.958453416824341,62.166481018066406,57.1110954284668,1.1366612911224365
2131,66.03955061428411,-2.362090826034546,43.86806869506836,54.936546325683594,1.1366573572158813
2132,68.74697614589645,-1.1159639358520508,39.68941879272461,53.77554702758789,1.1366907358169556
2133,51.99193010857514,-4.083072662353516,49.736759185791016,56.07775115966797,1.1367266178131104
2134,54.33805320736409,-4.819450855255127,44.21525192260742,54.650455474853516,1.1367366313934326
2135,57.18051866116191,-3.9923012256622314,41.914058685302734,53.92637252807617,1.1367286443710327
2136,52.007532164581235,-3.052821397781372,45.137699127197266,54.7733154296875,1.136789083480835
2137,59.61655789765106,-6.570935249328613,41.090362548828125,52.337947845458984,1.1367847919464111
2138,63.95625058331273,-1.854411005973816,40.04141616821289,51.29004669189453,1.1368046998977661
2139,58.73602964639245,-2.0854358673095703,40.32704162597656,52.2083625793457,1.1369377374649048
2140,59.253717912873135,-2.1218278408050537,39.168701171875,52.75128936767578,1.1371108293533325
2141,58.062515803482114,-4.349323272705078,39.940372467041016,53.09288024902344,1.1372419595718384
2142,54.096571519719966,-3.0507702827453613,40.11824035644531,52.41184997558594,1.1373873949050903
2143,57.77121034704522,-3.6582560539245605,36.73542404174805,51.571258544921875,1.137501835823059
2144,50.32145823370243,-2.632701873779297,36.9901237487793,53.0969123840332,1.1377205848693848
2145,52.64152704638105,-3.126875877380371,36.56966781616211,52.024078369140625,1.137952208518982
2146,51.72076879863833,-4.053103923797607,35.81834030151367,51.72938919067383,1.13815438747406
2147,52.363548657262044,-3.955815315246582,34.61735153198242,50.66851806640625,1.138327956199646
2148,53.9632798692238,-2.5721194744110107,33.70682907104492,50.7435417175293,1.1384984254837036
2149,54.99277279619158,-2.299311399459839,32.8181037902832,49.71432876586914,1.1386957168579102
2150,53.21121074028501,-1.856994390487671,33.3250732421875,50.04341506958008,1.1389793157577515
2151,61.61203332938131,-1.2339204549789429,30.714244842529297,48.53636169433594,1.1392635107040405
2152,50.4836850614218,-6.464494228363037,35.265892028808594,49.83319091796875,1.1394809484481812
2153,48.4428951825156,-4.0877275466918945,35.694828033447266,51.03726577758789,1.139670968055725
2154,57.90597989152953,-2.9068500995635986,31.383535385131836,47.70694351196289,1.139818549156189
2155,60.54254340034789,-1.3722972869873047,30.532115936279297,47.94336700439453,1.139978289604187
2156,54.42713870292468,-2.987858295440674,32.05015563964844,48.267784118652344,1.1401143074035645
2157,58.28656049622823,-2.9448530673980713,26.78764533996582,46.83606719970703,1.1402140855789185
2158,58.862067384161044,-2.8054206371307373,27.773799896240234,46.33543014526367,1.1402798891067505
2159,61.557405426758876,-2.7602994441986084,25.146961212158203,45.36222457885742,1.1403166055679321
2160,62.53269872356966,-1.0812901258468628,27.960893630981445,45.109588623046875,1.1403614282608032
2161,56.737804932302524,-1.0247101783752441,24.473257064819336,45.7011833190918,1.1404531002044678
2162,55.63502576851365,-3.4320600032806396,26.17760467529297,45.69938659667969,1.1405086517333984
2163,63.736656914281184,-0.4905727803707123,17.47928237915039,43.10816192626953,1.1405882835388184
2164,64.80428509477422,-0.7792519927024841,20.293874740600586,41.494789123535156,1.1406750679016113
2165,64.37291541028564,-1.7514607906341553,18.60703468322754,41.66302490234375,1.1407444477081299
2166,69.52991922411012,-1.7159191370010376,14.08223819732666,40.58332443237305,1.1407666206359863
2167,70.20532025736965,-0.8756466507911682,13.311319351196289,38.78276443481445,1.1407824754714966
2168,88.34732990642871,1.527101993560791,13.156685829162598,37.1031494140625,1.1409083604812622
2169,86.73948821295826,-0.82631915807724,12.51380443572998,36.80247497558594,1.1409697532653809
2170,90.38106654797696,0.09100938588380814,11.774821281433105,36.54776382446289,1.1409803628921509
2171,65.68075594509403,-2.2610433101654053,15.051316261291504,40.41588592529297,1.140964150428772
2172,94.35135243140353,0.6997355222702026,12.597493171691895,36.47280502319336,1.1409403085708618
2173,80.10100049151951,-0.45690715312957764,12.91588020324707,37.58016586303711,1.140916347503662
2174,72.55483606018667,-0.10018247365951538,15.171953201293945,39.661659240722656,1.140944242477417
2175,144.21710064310045,1.8762158155441284,9.7498197555542,33.52516174316406,1.1409119367599487
2176,133.04026946801656,2.842988967895508,10.510406494140625,34.57368850708008,1.1408815383911133
2177,197.6136527411402,5.646243095397949,9.970647811889648,32.75236892700195,1.1409027576446533
2178,196.0660039936352,5.067779064178467,9.408053398132324,32.81843185424805,1.1409183740615845
2179,180.59815838013645,3.9402103424072266,10.91305160522461,33.67855453491211,1.1408733129501343
2180,192.73913342579306,5.477377891540527,11.618404388427734,33.33382034301758,1.1408616304397583
2181,202.92990919605575,5.126528263092041,11.705924987792969,33.436038970947266,1.1408437490463257
2182,199.9564699561996,5.036118507385254,12.076395988464355,33.093666076660156,1.1408096551895142
2183,197.08740151752195,4.886213302612305,11.977516174316406,33.46135711669922,1.1407569646835327
2184,205.57205934470443,5.744150161743164,11.1460542678833,33.81107711791992,1.1407474279403687
2185,18.86156795231547,-16.18140411376953,139.23760986328125,50.210323333740234,1.1407132148742676
2186,205.23596649346797,4.862826347351074,11.274894714355469,33.50014114379883,1.1406326293945312
2187,210.95167720782223,5.258921146392822,11.622105598449707,33.5246696472168,1.1405311822891235
2188,21.972679221724512,-11.225955963134766,121.38285827636719,48.976139068603516,1.1404324769973755
2189,20.905923250298272,-10.33471393585205,113.00084686279297,48.54684829711914,1.1403517723083496
2190,19.16164617025738,-9.60228443145752,116.84872436523438,48.406593322753906,1.1403197050094604
2191,205.43135906270464,5.645174980163574,11.444746017456055,33.76115417480469,1.1402732133865356
2192,17.199361996717982,-9.529217720031738,109.40564727783203,48.00124740600586,1.1402925252914429
2193,209.43670648317934,5.875312805175781,11.577448844909668,33.71441650390625,1.1403080224990845
2194,203.96910414935778,5.959291458129883,12.011615753173828,33.72521209716797,1.1403318643569946
2195,23.12016899763908,-9.264005661010742,81.19976043701172,46.73143768310547,1.1403400897979736
2196,19.589559384965984,-9.417673110961914,85.68466186523438,47.02981185913086,1.1403602361679077
2197,20.03883883442992,-8.656164169311523,83.0853271484375,46.55747985839844,1.1403999328613281
2198,17.384303040302843,-15.207086563110352,91.27767181396484,47.030784606933594,1.1404005289077759
2199,207.9864056314864,4.984437465667725,11.279258728027344,33.97743225097656,1.1403470039367676
2200,15.02595036267938,-11.230648040771484,115.23385620117188,47.260528564453125,1.140313982963562
2201,207.76070005727968,6.155198097229004,12.272380828857422,34.16218566894531,1.1402982473373413
2202,15.224768274870142,-9.682694435119629,121.02985382080078,47.38422393798828,1.1403156518936157
2203,16.78736014920743,-8.193004608154297,108.60086059570312,47.035362243652344,1.1403809785842896
2204,21.421099021938875,-11.44676399230957,63.49177932739258,45.186622619628906,1.140397071838379
2205,18.25500157226028,-10.358687400817871,68.51824951171875,46.251914978027344,1.1404008865356445
2206,19.71185858950019,-9.809601783752441,56.174278259277344,45.78102493286133,1.1403939723968506
2207,21.676973883338118,-7.974001884460449,69.46232604980469,44.51405334472656,1.1403855085372925
2208,17.336096208842154,-9.800782203674316,96.59956359863281,46.90330123901367,1.1403822898864746
2209,13.263402130818092,-13.54512882232666,125.96041870117188,46.73544692993164,1.1403735876083374
2210,18.09935257360455,-13.428380012512207,46.99956512451172,45.43363571166992,1.1403149366378784
2211,11.886351542256895,-16.643882751464844,139.0131378173828,47.10877227783203,1.140242576599121
2212,16.79781576374278,-10.461723327636719,69.5088882446289,45.283626556396484,1.1401681900024414
2213,14.06901949564317,-12.229724884033203,113.9542007446289,45.87002944946289,1.1400994062423706
2214,18.171204595319804,-9.310330390930176,39.32865524291992,43.48938751220703,1.1400279998779297
2215,26.50884443166026,-4.228976249694824,64.90127563476562,42.0297737121582,1.1399850845336914
2216,13.81843302924512,-11.228790283203125,104.454345703125,45.08005142211914,1.139948844909668
2217,17.03893152250054,-8.6174955368042,43.20230484008789,42.627716064453125,1.139932632446289
2218,20.247034299772476,-11.765983581542969,84.6203842163086,41.83483123779297,1.1398764848709106
2219,16.597706352207478,-12.01197338104248,38.54817581176758,41.79973220825195,1.1397804021835327
2220,211.29100052299563,6.786004066467285,18.49411964416504,33.93926239013672,1.1397156715393066
2221,209.54483958220186,5.775980472564697,17.68442153930664,33.912288665771484,1.139635443687439
2222,134.44341901896632,4.466567516326904,23.89629364013672,35.51653289794922,1.139583706855774
2223,197.43276318764296,6.165252208709717,17.505521774291992,33.80429458618164,1.1395381689071655
2224,201.6346616924996,4.938172817230225,16.333288192749023,34.224708557128906,1.1394529342651367
2225,200.96892603403185,7.300991058349609,18.876615524291992,34.535057067871094,1.1394250392913818
2226,200.2019288853494,5.694146156311035,18.935426712036133,34.40944290161133,1.1393603086471558
2227,199.35027567337323,5.914534568786621,17.174591064453125,34.73032760620117,1.1392830610275269
2228,199.09581445580935,6.505878925323486,21.290786743164062,34.91101837158203,1.139243245124817
2229,189.4528900029341,6.304619789123535,14.73637866973877,35.28252410888672,1.139263391494751
2230,190.38919570732529,6.669138431549072,18.178220748901367,35.652469635009766,1.139306664466858
2231,198.44418197701395,6.229274749755859,14.709932327270508,35.972808837890625,1.1393758058547974
2232,187.86197887746536,4.146254539489746,19.1844539642334,36.192237854003906,1.1393970251083374
2233,87.95813811390887,2.0890913009643555,32.351314544677734,38.14250946044922,1.1394367218017578
2234,100.27314680822946,1.4528329372406006,25.16568374633789,37.776527404785156,1.1394373178482056
2235,108.52303995062529,2.9408671855926514,27.265823364257812,37.944297790527344,1.1394429206848145
2236,184.8424966646684,5.717831134796143,21.0217342376709,37.03078842163086,1.1394609212875366
2237,186.24139609474284,4.6625237464904785,17.861494064331055,37.116493225097656,1.139440894126892
2238,187.73201081771566,5.406101703643799,21.268943786621094,37.29513168334961,1.139418125152588
2239,181.07370417200792,4.615392208099365,19.189672470092773,37.42323303222656,1.1393674612045288
2240,180.140806775843,5.232285976409912,20.1611385345459,37.364036560058594,1.1393241882324219
2241,175.97718845449603,6.258421421051025,20.899198532104492,37.52686309814453,1.1393719911575317
2242,180.59673229829946,5.276298999786377,19.604761123657227,37.66913986206055,1.1394211053848267
2243,181.87949816695902,4.976224899291992,19.64838218688965,37.954402923583984,1.1394556760787964
2244,132.83511358289192,3.423459053039551,22.007747650146484,38.62002944946289,1.1394810676574707
2245,125.35203194097343,3.824150562286377,25.241901397705078,38.65135955810547,1.139525055885315
2246,133.56173056075266,3.1036670207977295,23.157331466674805,38.447322845458984,1.139548420906067
2247,136.9258640649461,3.0090172290802,23.334941864013672,38.40302276611328,1.1395351886749268
2248,167.6108545843508,4.3043646812438965,21.577789306640625,38.507266998291016,1.139504075050354
2249,172.33031998174846,5.411655426025391,22.265602111816406,38.72434997558594,1.1395028829574585
2250,173.03650968667142,4.983543395996094,19.902164459228516,38.78952407836914,1.1395107507705688
2251,166.43713984261686,6.105439186096191,20.441072463989258,38.98701477050781,1.1396431922912598
2252,164.41674326460037,5.108469009399414,20.190372467041016,39.05100631713867,1.1397886276245117
2253,176.23356929766214,3.934774160385132,20.708749771118164,39.23432540893555,1.1398693323135376
2254,162.24145536425686,4.306583404541016,20.43703842163086,39.49245071411133,1.1399424076080322
2255,160.69138384314653,5.171144008636475,20.333454132080078,39.679168701171875,1.1400957107543945
2256,170.52791327651875,3.7598202228546143,20.93600845336914,40.0047492980957,1.1401821374893188
2257,161.77287791224305,2.9336671829223633,20.09137725830078,39.9532585144043,1.140189290046692
2258,156.11120425259608,3.601593017578125,20.689414978027344,40.204864501953125,1.1401830911636353
2259,158.59973239426424,3.9923300743103027,20.65397071838379,40.59263229370117,1.1401731967926025
2260,160.94115015591902,3.7135300636291504,20.015859603881836,40.90601348876953,1.140143632888794
2261,155.37672412288788,3.1967434883117676,20.049570083618164,40.99384689331055,1.1400789022445679
2262,153.5346386088732,3.7763524055480957,20.121156692504883,41.336490631103516,1.1400327682495117
2263,148.20565487435687,3.5757837295532227,20.339548110961914,41.53737258911133,1.1399961709976196
2264,154.41249377679725,3.7712109088897705,19.866487503051758,42.077571868896484,1.1399768590927124
2265,158.63445570932384,4.188110828399658,19.26312828063965,42.41482162475586,1.1399967670440674
2266,152.37798986555066,4.65535306930542,20.01094627380371,42.78965377807617,1.1400909423828125
2267,155.59673041909028,3.6973094940185547,20.1982421875,43.45255661010742,1.1401787996292114
2268,143.8204654624033,3.470752000808716,21.316572189331055,43.774620056152344,1.1402784585952759
2269,156.24779205226838,3.238818407058716,21.758691787719727,44.78933334350586,1.140351414680481
2270,147.92646292037398,2.8603217601776123,23.72414779663086,45.18996047973633,1.1403974294662476
2271,142.463198999133,3.997270345687866,25.21615982055664,45.84130096435547,1.1405259370803833
2272,155.28424539699859,4.165898323059082,24.648820877075195,46.40486526489258,1.1406995058059692
2273,148.77463748318354,2.820474624633789,25.544315338134766,46.627254486083984,1.140830397605896
2274,152.85288045519786,3.8253602981567383,25.152864456176758,46.960113525390625,1.1409908533096313
2275,140.67920306170558,3.3271195888519287,26.772964477539062,47.11087417602539,1.141157627105713
2276,148.78951119886855,3.217041015625,25.854867935180664,47.39868927001953,1.141311764717102
2277,154.52469749911612,3.186286687850952,25.294504165649414,47.70804214477539,1.1414411067962646
2278,154.16597630700238,1.6635938882827759,25.763967514038086,47.98606491088867,1.1414986848831177
2279,156.3549636794745,3.1387012004852295,25.13994789123535,48.41634750366211,1.14154052734375
2280,155.54243918452497,3.939314126968384,26.064674377441406,48.62053680419922,1.1416096687316895
2281,154.03563386100734,1.185280442237854,25.755348205566406,48.89201354980469,1.141605019569397
2282,156.40961202870284,3.876951217651367,25.959638595581055,49.3475456237793,1.141640067100525
2283,145.46090834800214,3.037843942642212,27.27374267578125,49.66598892211914,1.1416873931884766
2284,148.59592414312536,3.089506149291992,27.235382080078125,50.00424575805664,1.1417406797409058
2285,155.7379597262506,3.479360818862915,26.138086318969727,50.34629440307617,1.1418548822402954
2286,152.9225057751394,3.506124973297119,25.891895294189453,50.62069320678711,1.1419974565505981
2287,154.23471404322297,2.771580696105957,26.6710147857666,50.92512893676758,1.1421176195144653
2288,152.0041125245047,3.2574970722198486,26.796688079833984,51.30416488647461,1.1422654390335083
2289,153.6525995963959,3.259293556213379,27.368886947631836,51.81891632080078,1.1424599885940552
2290,151.97475052125137,3.0339503288269043,28.445323944091797,52.29031753540039,1.1426578760147095
2291,158.49694931296216,3.72367525100708,30.040943145751953,52.876182556152344,1.1428732872009277
2292,152.73576726466058,2.277857542037964,30.06313133239746,53.174041748046875,1.143051028251648
2293,156.49824850341588,3.5424020290374756,29.651308059692383,53.54051208496094,1.1432738304138184
2294,150.62283928553452,1.948872685432434,28.549039840698242,53.85768508911133,1.1434534788131714
2295,150.47879946498924,2.8929500579833984,28.869237899780273,54.020755767822266,1.1436513662338257
2296,149.94935001797052,2.229311943054199,32.065345764160156,54.35942077636719,1.1438230276107788
2297,154.70933314877607,2.628551721572876,29.8214168548584,54.47935104370117,1.143989086151123
2298,155.6480465747394,3.0964128971099854,29.76180648803711,54.493858337402344,1.1441847085952759
2299,148.57712879747996,2.708632707595825,32.787574768066406,54.74596405029297,1.1443898677825928
2300,104.16046915858642,1.465843915939331,41.55567932128906,56.087650299072266,1.1446328163146973
2301,152.46799725537932,2.397968053817749,30.00673484802246,54.84645080566406,1.1448535919189453
2302,151.12926605509523,2.2163994312286377,30.589548110961914,54.9044303894043,1.145046353340149
2303,140.56807234110417,2.2078778743743896,31.68182945251465,55.19970703125,1.1452362537384033
2304,136.50684707986758,2.65307879447937,33.54959487915039,55.36635971069336,1.1454626321792603
2305,111.30411921024678,1.6946665048599243,36.51101303100586,56.44466781616211,1.1457916498184204
2306,137.25235994172337,-1.3001508712768555,32.74298095703125,55.38387680053711,1.145998477935791
2307,92.3383414221558,-0.6158638000488281,44.04635238647461,57.65227508544922,1.1461741924285889
2308,103.20497269817517,1.0344843864440918,40.1063117980957,56.96793746948242,1.1463576555252075
2309,158.75374967350228,2.1825249195098877,29.194284439086914,55.172691345214844,1.146506428718567
2310,98.4629111261546,0.48010513186454773,42.8969612121582,57.67383575439453,1.14665949344635
2311,113.53173355838364,-0.6494674682617188,36.66658401489258,56.7340087890625,1.146753191947937
2312,149.19912631020955,2.7536025047302246,29.866687774658203,55.63595962524414,1.1468878984451294
2313,114.71770250356289,0.5407010316848755,36.58829116821289,56.85423278808594,1.1470003128051758
2314,103.55881286408571,0.9907412528991699,40.228912353515625,57.85708999633789,1.1471587419509888
2315,115.03365724656541,0.9960919618606567,36.5018196105957,57.33196258544922,1.1473084688186646
2316,112.84950694561635,1.0053720474243164,37.597198486328125,57.75309371948242,1.1474601030349731
2317,95.01710796735215,0.0831984132528305,47.91349792480469,59.36302947998047,1.147609829902649
2318,98.39745893414867,-0.7724280953407288,43.16530990600586,59.19959259033203,1.147720217704773
2319,112.5494428533279,1.6729843616485596,35.797794342041016,58.068851470947266,1.147971510887146
2320,73.8272678635116,0.11183196306228638,68.06141662597656,61.52104568481445,1.148276448249817
2321,79.08513080152156,-3.4246227741241455,60.476531982421875,61.39326095581055,1.1485098600387573
2322,83.75807826210587,-0.3886539340019226,53.847900390625,60.92683410644531,1.148751139640808
2323,94.76228947817633,-0.16373711824417114,44.64189147949219,59.95496368408203,1.148979902267456
2324,76.28474477457974,-3.1279313564300537,61.426483154296875,61.8017578125,1.149161696434021
2325,76.69469844556278,-0.1900411695241928,61.12917709350586,62.04443359375,1.1494885683059692
2326,87.58823368078451,-0.1525764763355255,48.18788528442383,60.881900787353516,1.1498125791549683
2327,70.92889788114277,-1.8737640380859375,67.05889129638672,62.77016830444336,1.1501199007034302
2328,70.26780410408135,-1.6118981838226318,65.45372772216797,62.929534912109375,1.1504244804382324
2329,72.0086792500939,-1.2894246578216553,58.417152404785156,62.380435943603516,1.1507362127304077
2330,79.39665875355595,-1.2247549295425415,52.09883117675781,61.013153076171875,1.1510272026062012
2331,72.27102881985363,-1.8937500715255737,56.14814758300781,62.30353927612305,1.1512962579727173
2332,82.58138239299028,-0.8286078572273254,49.91945266723633,60.67315673828125,1.1515541076660156
2333,81.95879717689476,-1.0455657243728638,49.105491638183594,60.72710418701172,1.1517947912216187
2334,83.87107571599898,-0.15725082159042358,45.22537612915039,60.08865737915039,1.1520487070083618
2335,66.0015554900135,-2.403968095779419,64.4555435180664,62.8504753112793,1.1522952318191528
2336,82.02129364885192,-1.8999367952346802,42.89390182495117,59.1967658996582,1.1524971723556519
2337,78.90888986284325,-2.9598548412323,44.823883056640625,60.13913345336914,1.1526386737823486
2338,71.70837635493574,-2.945664405822754,52.19511413574219,61.20013427734375,1.152751088142395
2339,73.56448540503017,-2.432060956954956,49.338050842285156,60.979248046875,1.152840495109558
2340,82.76464024710369,-1.091115117073059,41.3236198425293,59.260894775390625,1.1529234647750854
2341,68.8871152672471,-1.938709020614624,51.221405029296875,61.51457214355469,1.1530224084854126
2342,95.33085008334155,-0.12526236474514008,36.632328033447266,57.10361099243164,1.153114676475525
2343,82.44872926815455,-2.215139389038086,42.165008544921875,59.08278274536133,1.153170108795166
2344,84.6079469089919,-1.3138983249664307,39.70990753173828,58.09286117553711,1.1532115936279297
2345,93.8951958703547,0.8573833107948303,35.89023208618164,57.278472900390625,1.1534372568130493
2346,116.49925849489969,0.8230411410331726,28.790584564208984,54.77474594116211,1.153635859489441
2347,111.71946570946992,1.0755938291549683,29.038618087768555,55.30259704589844,1.15383780002594
2348,109.30372748649265,0.42140474915504456,29.681739807128906,55.26835250854492,1.1540145874023438
2349,157.44776370263742,2.2928290367126465,20.718626022338867,52.637393951416016,1.1541597843170166
2350,157.2873341357708,1.047041654586792,20.167552947998047,52.02874755859375,1.1542210578918457
2351,152.90443367030448,2.708909034729004,19.86520767211914,51.847259521484375,1.1543070077896118
2352,148.30527093095196,2.257033348083496,22.76663589477539,52.169647216796875,1.1543846130371094
2353,157.19684530829656,0.33623069524765015,20.268592834472656,51.84878158569336,1.1543928384780884
2354,163.41699277826655,3.1737422943115234,21.1210880279541,52.34145736694336,1.1544419527053833
2355,151.0228400411475,2.4212257862091064,22.638839721679688,52.66462707519531,1.1544994115829468
2356,159.5760604111989,2.1237847805023193,21.11018943786621,52.800411224365234,1.1545249223709106
2357,161.13936700604089,2.345806837081909,22.955402374267578,53.13466262817383,1.1545186042785645
2358,161.03923113188685,2.9468777179718018,23.133930206298828,53.210933685302734,1.154549241065979
2359,160.97481103554568,2.995922565460205,22.708778381347656,53.752296447753906,1.1546076536178589
2360,164.78449990801707,2.2753145694732666,22.5522403717041,53.772666931152344,1.15463387966156
2361,159.7345300026428,2.6755971908569336,22.737712860107422,53.74538803100586,1.154693841934204
2362,164.80239403576348,3.161071538925171,23.491920471191406,53.90583038330078,1.1547962427139282
2363,160.8480419773016,2.752268075942993,22.731935501098633,53.78886795043945,1.154943585395813
2364,155.73591923561548,2.463031530380249,23.41214942932129,53.86286926269531,1.1550909280776978
2365,162.19790925367298,2.0685462951660156,22.969247817993164,53.992034912109375,1.1552048921585083
2366,162.5471533056169,3.016604423522949,22.876680374145508,54.08253479003906,1.155360221862793
2367,159.04435942038782,2.5483429431915283,22.110998153686523,53.93082809448242,1.1555356979370117
2368,160.95949663520506,1.439155101776123,22.17656707763672,53.987552642822266,1.155653953552246
2369,157.0877570353104,2.712099075317383,21.58026885986328,53.932437896728516,1.1558552980422974
2370,158.82104601867823,2.723926305770874,22.56374168395996,53.919525146484375,1.1560883522033691
2371,161.82874823443416,2.5872626304626465,20.09540367126465,53.69858932495117,1.1563223600387573
2372,155.97066423111374,2.126351833343506,21.869260787963867,54.087337493896484,1.1565345525741577
2373,162.4780827593869,0.9961733818054199,21.270401000976562,54.21742630004883,1.1566554307937622
2374,160.180517912675,2.251655340194702,21.551448822021484,54.222713470458984,1.156767725944519
2375,163.36174428093017,3.050553321838379,21.114879608154297,54.552528381347656,1.156945824623108
2376,164.39225725762478,2.1636719703674316,20.268367767333984,54.213748931884766,1.1570876836776733
2377,163.58405160341803,2.011382818222046,19.682004928588867,54.123130798339844,1.1571933031082153
2378,166.4955980205682,1.6289829015731812,19.297792434692383,53.910423278808594,1.1572054624557495
2379,165.9093816996318,3.0138046741485596,19.952688217163086,54.22636795043945,1.1572632789611816
2380,165.32652364391586,2.591703176498413,19.972261428833008,54.38737869262695,1.1573188304901123
2381,165.8851600819869,2.8380956649780273,20.736967086791992,54.69659423828125,1.1573963165283203
2382,164.3234592239925,2.2505295276641846,21.140562057495117,54.86711883544922,1.1574515104293823
2383,161.82395632631014,2.8572981357574463,22.76857566833496,54.30466079711914,1.1575465202331543
2384,160.79965324118237,2.4322621822357178,24.143972396850586,54.41315460205078,1.1576485633850098
2385,163.28718958132637,1.7410411834716797,21.585092544555664,54.52909851074219,1.1577080488204956
2386,160.21005943570464,2.61337947845459,21.246490478515625,54.023677825927734,1.1577787399291992
2387,160.68049791119242,1.6529144048690796,21.26129913330078,53.88656997680664,1.1578081846237183
2388,159.3704662936025,2.4286725521087646,21.30609703063965,53.850154876708984,1.1578482389450073
2389,164.89011474195541,2.1251285076141357,18.820575714111328,53.69171905517578,1.1578582525253296
2390,161.4294136735387,1.6676949262619019,19.530742645263672,53.875789642333984,1.1578298807144165
2391,157.1524314429741,2.34234619140625,21.304941177368164,53.84501266479492,1.1578110456466675
2392,164.72255937319514,2.3315603733062744,20.324235916137695,53.96434020996094,1.1577759981155396
2393,163.2438622691626,0.1155315637588501,21.97272300720215,54.420326232910156,1.1576725244522095
2394,167.0181844685482,2.0449788570404053,20.659109115600586,54.43423843383789,1.1575533151626587
2395,157.7565478880691,2.227818727493286,21.284570693969727,54.48335647583008,1.1574472188949585
2396,158.2375051820678,0.7113702893257141,20.84708023071289,54.358116149902344,1.1572781801223755
2397,156.36373477129828,2.357818126678467,19.86299705505371,54.081722259521484,1.157138705253601
2398,162.8373066338596,2.788339614868164,17.863388061523438,53.82582473754883,1.1570621728897095
2399,158.96391252338708,2.801776885986328,17.218713760375977,53.51213073730469,1.1570605039596558
2400,140.43956667312847,1.7507452964782715,24.01483917236328,54.623573303222656,1.157070279121399
2401,155.48585547284753,1.9529383182525635,15.544370651245117,52.512916564941406,1.1570618152618408
2402,157.50034245349414,2.4319403171539307,17.047327041625977,52.90993118286133,1.1570606231689453
2403,150.9879692045328,2.2495827674865723,17.473299026489258,53.44974899291992,1.157078742980957
2404,151.9719655567235,1.8203132152557373,16.110544204711914,52.51603698730469,1.157078742980957
2405,161.091478721501,1.640281319618225,15.084455490112305,52.94225311279297,1.1570310592651367
2406,160.99522811829726,2.413102388381958,15.661005973815918,53.483638763427734,1.156994342803955
2407,139.12981881139228,2.380596876144409,24.059234619140625,55.73766326904297,1.1571153402328491
2408,159.63456223750055,2.9592220783233643,18.82192611694336,54.63256072998047,1.1572885513305664
2409,159.45922674132555,2.7963225841522217,18.268957138061523,54.39773178100586,1.1574997901916504
2410,153.19357263591442,2.482727289199829,20.057964324951172,55.07470703125,1.1577606201171875
2411,144.56962390915842,1.6208966970443726,24.30692481994629,55.618690490722656,1.1579920053482056
2412,162.8658110260187,2.5225000381469727,15.835354804992676,54.04931640625,1.158206820487976
2413,145.5906582153905,1.4284034967422485,19.474878311157227,55.24272537231445,1.1583876609802246
2414,155.04862114489615,1.94195556640625,15.879087448120117,54.316490173339844,1.1585420370101929
2415,167.97409462965766,3.0225188732147217,14.732074737548828,53.03519821166992,1.1586968898773193
2416,157.99312504808324,1.9533847570419312,14.331165313720703,52.64979934692383,1.1588205099105835
2417,158.406398711091,1.0510376691818237,12.164121627807617,52.910221099853516,1.1588706970214844
2418,148.17654022034935,1.8252111673355103,13.38814640045166,53.71959686279297,1.158903956413269
2419,167.7637095214,3.227835178375244,9.085741996765137,51.50303268432617,1.1589633226394653
2420,161.15558473823188,2.073350429534912,10.277034759521484,51.814666748046875,1.1589888334274292
2421,165.3160414288218,3.1173462867736816,10.608515739440918,52.17964172363281,1.1590509414672852
2422,162.89455882115038,2.6563382148742676,10.243978500366211,52.85765838623047,1.1591180562973022
2423,159.8013904648546,2.585287570953369,11.014485359191895,53.72603225708008,1.1592192649841309
2424,161.25623343439355,2.099595785140991,12.58907699584961,54.39415740966797,1.1592998504638672
2425,154.475459456952,2.0745041370391846,15.372718811035156,54.98066329956055,1.159380555152893
2426,167.5294645361659,2.7195990085601807,15.606022834777832,55.354774475097656,1.159464955329895
2427,147.6691099900155,1.4501464366912842,15.975483894348145,55.6319694519043,1.1595277786254883
2428,155.98267932295653,2.340815305709839,15.33031177520752,55.31047058105469,1.1596436500549316
2429,161.71249429045147,2.618098497390747,12.531428337097168,54.82863235473633,1.1597651243209839
2430,164.38318699938307,2.0051896572113037,11.922398567199707,54.542686462402344,1.1598314046859741
2431,163.792309112996,2.802032470703125,12.21885871887207,54.05482482910156,1.1599414348602295
2432,157.28031489720624,2.4671449661254883,12.80252456665039,54.62660217285156,1.1600557565689087
2433,155.1670281508983,1.6706352233886719,11.362444877624512,54.133819580078125,1.1601431369781494
2434,162.68576562714327,2.5451605319976807,10.753369331359863,54.09912109375,1.1602405309677124
2435,165.6980784424635,2.811734914779663,10.060664176940918,54.004417419433594,1.1603645086288452
2436,169.6117723742099,3.1321797370910645,9.834848403930664,54.31974792480469,1.16050386428833
2437,152.35882896846334,2.324878215789795,12.906673431396484,55.141300201416016,1.1606758832931519
2438,159.3729126386263,2.3851964473724365,11.891454696655273,54.98957824707031,1.1608597040176392
2439,163.3968010943735,2.7046542167663574,12.26331901550293,55.18367004394531,1.1610571146011353
2440,160.11184164233532,1.3907192945480347,11.931766510009766,55.43888854980469,1.1611882448196411
2441,160.43837048244353,2.235504627227783,10.598386764526367,55.80381774902344,1.161303997039795
2442,156.82767995607034,1.042460560798645,12.573295593261719,55.84994888305664,1.1613723039627075
2443,159.2805802632717,1.0674923658370972,11.593343734741211,56.045188903808594,1.161386251449585
2444,160.2343712339216,2.603149175643921,11.29947566986084,55.90005111694336,1.1614469289779663
2445,158.36665833182056,1.637842059135437,11.491493225097656,56.30152893066406,1.1614762544631958
2446,160.73253845977175,1.621915578842163,10.399709701538086,55.63272476196289,1.161464810371399
2447,169.78942515979486,2.7095367908477783,9.850593566894531,56.05158233642578,1.1614609956741333
2448,159.3615623005976,2.5444443225860596,11.340657234191895,56.206478118896484,1.1615139245986938
2449,159.3374306676787,2.0405960083007812,11.90987777709961,56.15188980102539,1.1615710258483887
2450,164.95205974697296,1.5479717254638672,10.451760292053223,56.83781814575195,1.1615766286849976
2451,153.56557337020016,1.368857741355896,10.968748092651367,56.40727233886719,1.1615639925003052
2452,163.60753551832875,2.6064670085906982,10.248394966125488,57.12217712402344,1.1615819931030273
2453,155.34963755522983,2.3394384384155273,10.169029235839844,56.68914794921875,1.161657691001892
2454,164.02227246967132,1.7299052476882935,10.525395393371582,56.6005973815918,1.1616859436035156
2455,158.49988500939224,2.2439839839935303,9.869169235229492,56.859596252441406,1.161745309829712
2456,134.3765885371229,1.5129209756851196,32.38460922241211,60.86936569213867,1.1618537902832031
2457,121.75627222120455,-0.1796094924211502,37.2420539855957,61.40916442871094,1.1619383096694946
2458,165.74019336830506,1.0003563165664673,9.809797286987305,57.41459655761719,1.1619324684143066
2459,163.09980345355,2.0146985054016113,9.398508071899414,57.22115707397461,1.1619163751602173
2460,141.30647118170936,1.5542852878570557,29.751197814941406,60.75636672973633,1.161940574645996
2461,110.2217690501856,-1.0819352865219116,44.320838928222656,62.495723724365234,1.1619468927383423
2462,167.04288989331866,2.6025819778442383,9.640120506286621,57.71730422973633,1.1619709730148315
2463,164.41913245388292,1.7175400257110596,9.402458190917969,57.81006622314453,1.1619614362716675
2464,125.89517360948908,0.5308927893638611,35.9621696472168,62.10701370239258,1.1619638204574585
2465,155.91923716018783,2.31562876701355,18.200897216796875,60.33104705810547,1.1620389223098755
2466,123.55253014360352,0.7008281350135803,36.23573303222656,62.28328323364258,1.1621513366699219
2467,179.04800873228373,2.846606969833374,8.890637397766113,57.426918029785156,1.1622675657272339
2468,171.91208479088795,2.6347970962524414,8.767721176147461,57.43021011352539,1.1623804569244385
2469,175.20139394031074,3.1592538356781006,9.243669509887695,57.4486198425293,1.1625447273254395
2470,117.71085816148387,-0.7485838532447815,45.58671951293945,63.33670425415039,1.1626758575439453
2471,185.16986046977965,2.739776372909546,9.126651763916016,57.854881286621094,1.1627753973007202
2472,162.88208473983832,1.870255708694458,20.076234817504883,61.149139404296875,1.1628586053848267
2473,183.52104342134908,3.5053648948669434,9.936064720153809,58.290122985839844,1.1630271673202515
2474,153.91907143600625,1.7805854082107544,26.713436126708984,61.899497985839844,1.1631860733032227
2475,192.13291251943477,3.1418354511260986,10.263206481933594,58.40089416503906,1.1633319854736328
2476,142.19213544579918,0.011171314865350723,31.35011100769043,62.581844329833984,1.1634254455566406
2477,195.24273737125205,3.1051478385925293,10.021157264709473,58.771484375,1.1635006666183472
2478,189.3399397047064,3.3396964073181152,8.82894229888916,58.45784378051758,1.163596272468567
2479,150.6559801191125,-0.11627690494060516,31.95256996154785,63.14728927612305,1.1636351346969604
2480,197.00727423047707,3.4526093006134033,9.837667465209961,59.26378631591797,1.1636987924575806
2481,191.1805555000757,3.233262538909912,7.690474987030029,57.920372009277344,1.1637639999389648
2482,193.00480334516274,2.966451406478882,8.66562271118164,59.10525894165039,1.163813591003418
2483,201.4582769310588,3.2798218727111816,10.932068824768066,59.758968353271484,1.163854956626892
2484,197.23768020022217,2.6107330322265625,10.388919830322266,60.0732421875,1.1638320684432983
2485,199.43824038619414,3.3649942874908447,9.515933990478516,59.843772888183594,1.1638234853744507
2486,197.96756209390023,3.1699068546295166,9.832172393798828,60.01378631591797,1.1638091802597046
2487,200.8913467205762,3.13777494430542,10.203166007995605,59.961570739746094,1.1637746095657349
2488,205.63052682784962,3.5233066082000732,10.281108856201172,60.44851303100586,1.1637539863586426
2489,208.40309719088285,3.2708215713500977,7.504157543182373,59.87458038330078,1.1637121438980103
2490,207.87933744860703,3.8626606464385986,9.594048500061035,59.72603988647461,1.16371488571167
2491,204.8456274482414,3.8639581203460693,9.153829574584961,60.224395751953125,1.16374933719635
2492,206.88134433631282,3.8134427070617676,7.93898868560791,60.072208404541016,1.1638245582580566
2493,19.202070869702567,-17.887802124023438,232.67657470703125,70.80937957763672,1.163906216621399
2494,204.82544761592152,3.8996851444244385,7.871109962463379,59.58467102050781,1.1640385389328003
2495,206.6757253923164,3.398627758026123,7.408557415008545,59.702117919921875,1.1641484498977661
2496,206.06037278858255,3.227015733718872,7.855072498321533,59.482635498046875,1.1642082929611206
2497,18.5530067414715,-18.035842895507812,282.8210144042969,71.16171264648438,1.1642769575119019
2498,212.60256805180506,3.198809862136841,6.903694152832031,59.58369827270508,1.1642874479293823
2499,209.42515302709643,3.374039888381958,6.999314308166504,59.868263244628906,1.1642580032348633
2500,15.71025788112908,-31.690933227539062,314.6689147949219,71.34274291992188,1.1641993522644043
2501,16.987874880638376,-15.569221496582031,269.29827880859375,71.19953918457031,1.1642473936080933
2502,15.91603894907194,-21.968278884887695,309.0668029785156,70.9954605102539,1.1642910242080688
2503,16.780374019222876,-20.530487060546875,270.0185546875,70.70970153808594,1.1643306016921997
2504,12.896516960548869,-20.858163833618164,335.25360107421875,71.04729461669922,1.1643973588943481
2505,210.00602233295263,3.5935049057006836,7.986815929412842,60.71921920776367,1.1644469499588013
2506,18.049530657673433,-19.15961456298828,249.22393798828125,69.81076049804688,1.164489507675171
2507,15.880876143550442,-23.805469512939453,284.33258056640625,69.79863739013672,1.1645174026489258
2508,16.948052836893282,-20.103551864624023,256.62030029296875,69.75537109375,1.1645427942276
2509,20.391981262287576,-18.565961837768555,336.1130065917969,68.97438049316406,1.1645556688308716
2510,207.5758359255625,3.841698408126831,7.56845760345459,59.73906707763672,1.1645833253860474
2511,18.4601575271099,-16.719863891601562,250.45623779296875,67.60603332519531,1.1646249294281006
2512,14.012258233165017,-20.294511795043945,271.3011779785156,67.55882263183594,1.1646777391433716
2513,12.460144342244353,-21.03120231628418,290.9909973144531,67.43890380859375,1.164754033088684
2514,14.277548906514152,-21.3844051361084,262.3973388671875,66.93049621582031,1.1648281812667847
2515,14.166440978933517,-18.53175163269043,268.23321533203125,66.59577178955078,1.1649198532104492
2516,206.48033088738092,3.411222457885742,7.682126522064209,59.8467903137207,1.1649770736694336
2517,16.817413479578818,-16.825876235961914,223.10986328125,65.53021240234375,1.1650618314743042
2518,202.87909267275307,3.6402196884155273,8.015822410583496,59.064720153808594,1.1651246547698975
2519,208.69551796030956,3.671250581741333,7.592796325683594,59.06383514404297,1.1651511192321777
2520,18.932803901943423,-14.982181549072266,341.35595703125,65.49569702148438,1.165199875831604
2521,20.47146024238084,-11.624143600463867,233.10472106933594,64.57312774658203,1.1653635501861572
2522,18.690051735287312,-14.175580024719238,220.88673400878906,64.27085876464844,1.1655560731887817
2523,17.628071080857836,-17.55882453918457,306.7229309082031,64.42150115966797,1.165738582611084
2524,205.1082819454109,4.711167812347412,7.975331783294678,58.928955078125,1.165967345237732
2525,17.824318443350844,-21.893436431884766,224.11582946777344,63.566070556640625,1.166142463684082
2526,203.47850417989494,4.323720932006836,7.3951520919799805,58.798702239990234,1.166347622871399
2527,17.668603214298408,-14.927942276000977,223.31983947753906,63.54114532470703,1.166580319404602
2528,206.93215786687065,4.52684211730957,7.635684490203857,58.17735290527344,1.1668356657028198
2529,206.14013657334226,4.40712308883667,7.782772541046143,58.572486877441406,1.1670938730239868
2530,206.1262757807662,3.7890207767486572,7.422143936157227,58.37721633911133,1.16728937625885
2531,203.7113388826994,3.8097500801086426,7.269077301025391,58.93341827392578,1.1674480438232422
2532,208.2012361259743,4.141872406005859,7.0213117599487305,58.99748611450195,1.1675950288772583
2533,207.48220492604287,4.337222576141357,6.9656524658203125,59.08494567871094,1.1677451133728027
2534,206.71879072058607,3.6328070163726807,7.339496612548828,59.102054595947266,1.1678403615951538
2535,202.87540707627488,3.726738452911377,6.945438385009766,59.824588775634766,1.16787588596344
2536,205.12399322228347,4.032843112945557,7.447131156921387,59.849937438964844,1.16789972782135
2537,208.78252059693935,3.349724054336548,6.924942493438721,59.85133361816406,1.1678781509399414
2538,205.03519265552777,3.332568407058716,9.20373249053955,60.732421875,1.1678298711776733
2539,206.6558479448184,3.5119340419769287,7.129762172698975,60.454071044921875,1.1677521467208862
2540,209.73542065448424,4.095693111419678,7.535933971405029,61.27253341674805,1.167690396308899
2541,206.53912034388438,4.441779136657715,8.200632095336914,61.32020568847656,1.1676952838897705
2542,209.6101387331854,4.024413585662842,7.934423446655273,61.376853942871094,1.1676974296569824
2543,204.41145132007085,4.153314113616943,8.356478691101074,60.73813247680664,1.1677123308181763
2544,201.21518691494487,4.238925933837891,8.031949043273926,61.0181884765625,1.167773962020874
2545,205.6819975713722,4.493396759033203,8.660881042480469,61.67744827270508,1.1679062843322754
2546,200.2460896213392,3.7455148696899414,8.971503257751465,62.768436431884766,1.1680251359939575
2547,196.86753965586158,3.3074898719787598,8.580269813537598,61.629058837890625,1.1680887937545776
2548,200.1373950812803,3.3593268394470215,8.774758338928223,61.818115234375,1.1681079864501953
2549,199.1166749206549,3.5710721015930176,9.094772338867188,63.25202941894531,1.16812264919281
2550,196.99261761311845,4.012914657592773,8.510814666748047,61.801307678222656,1.1681681871414185
2551,196.35031691711475,4.331318378448486,7.926084995269775,61.92710876464844,1.168274998664856
2552,199.61109265325805,4.10604190826416,8.019079208374023,62.296630859375,1.1684075593948364
2553,179.0110709038197,2.652740001678467,12.77230167388916,65.82847595214844,1.1685158014297485
2554,193.25461297911102,3.0864522457122803,7.283308506011963,62.38777160644531,1.1685909032821655
2555,190.71010747904717,3.2392444610595703,7.593620300292969,63.511383056640625,1.1686533689498901
2556,191.2623739132642,3.38071346282959,7.320225715637207,62.553672790527344,1.1687166690826416
2557,192.53456118398927,3.2476837635040283,7.093054294586182,63.035953521728516,1.1687694787979126
2558,180.50310047793172,2.9399356842041016,8.058682441711426,65.27869415283203,1.168832778930664
2559,165.17731577715446,2.219390392303467,14.714018821716309,68.13422393798828,1.1689038276672363
2560,153.3635129357619,1.4482403993606567,20.14157485961914,69.13162994384766,1.168959617614746
2561,115.50419541030345,-1.8994665145874023,70.18629455566406,71.83316802978516,1.1689833402633667
2562,140.70857351063847,-0.9014427065849304,34.62932586669922,70.82756805419922,1.168951392173767
2563,182.63736191378328,2.9442672729492188,6.861673355102539,61.64783477783203,1.1689220666885376
2564,155.9712322122146,1.7915176153182983,8.771780967712402,65.44107055664062,1.16889226436615
2565,156.04905279013684,1.7320767641067505,8.06223201751709,64.06541442871094,1.1688543558120728
2566,176.60996238838737,2.6128652095794678,7.8933305740356445,63.53804397583008,1.1688146591186523
2567,154.7889150667808,1.5057215690612793,8.317327499389648,63.699127197265625,1.1687573194503784
2568,173.92276043979,2.783081531524658,7.13847541809082,59.277618408203125,1.1686996221542358
2569,158.61050527528872,2.2387197017669678,7.7197265625,59.766658782958984,1.168650507926941
2570,168.7799984916565,3.528820753097534,7.1413116455078125,58.825157165527344,1.1686664819717407
2571,108.60224205427045,-1.4072401523590088,15.860489845275879,67.63241577148438,1.1686546802520752
2572,108.41051101082797,-2.075831651687622,18.150671005249023,67.8817367553711,1.1685799360275269
2573,149.95088144344683,1.6578185558319092,8.488825798034668,58.254085540771484,1.1684856414794922
2574,140.04201780192645,0.9628718495368958,9.774935722351074,57.73646545410156,1.168351650238037
2575,145.73059688255537,2.0922436714172363,8.778373718261719,54.732521057128906,1.1682387590408325
2576,160.6578085791254,2.571134090423584,7.928814888000488,53.44474411010742,1.1681156158447266
2577,143.93572590878716,2.399704694747925,9.401747703552246,54.277587890625,1.1680493354797363
2578,138.52017391523722,1.3540387153625488,9.700809478759766,54.2047119140625,1.1679487228393555
2579,120.09347704659024,1.0604890584945679,9.755620956420898,55.75082015991211,1.1679004430770874
2580,154.53607422892713,2.814594030380249,8.787527084350586,50.25474166870117,1.1678857803344727
2581,114.91988140987431,0.30095720291137695,11.722505569458008,52.50929260253906,1.167847990989685
2582,129.33600155032707,0.44112250208854675,11.308481216430664,49.55268478393555,1.1677610874176025
2583,136.96603701212345,0.4336174726486206,9.594842910766602,47.37433624267578,1.1675920486450195
2584,134.40797005785248,0.7499353289604187,14.05540943145752,49.280029296875,1.167392611503601
2585,152.0148955751329,3.225475549697876,16.35671043395996,47.94612503051758,1.167244553565979
2586,102.57758910735589,-0.6166676878929138,10.379825592041016,50.85102844238281,1.1670838594436646
2587,166.42452177537163,3.4505202770233154,16.815872192382812,45.850067138671875,1.16694974899292
2588,158.23349927687468,2.0667262077331543,19.12492561340332,46.16164779663086,1.166784405708313
2589,159.748365321721,2.9914283752441406,14.828666687011719,45.21052169799805,1.166629433631897
2590,142.05686774737367,1.9257915019989014,10.987786293029785,44.098262786865234,1.1664577722549438
2591,159.99174250229683,3.4291110038757324,9.471341133117676,40.80586242675781,1.1663331985473633
2592,161.45398395033402,2.9441401958465576,9.932071685791016,40.97043991088867,1.166200041770935
2593,135.9509759304898,2.2987470626831055,16.927045822143555,43.61500930786133,1.1660910844802856
2594,133.09876454261692,2.355814218521118,10.355279922485352,42.66127395629883,1.1660488843917847
2595,163.9010082698324,2.760272264480591,10.535001754760742,41.11035919189453,1.1659573316574097
2596,109.2380582920792,0.8240883946418762,15.461463928222656,44.785335540771484,1.1658812761306763
2597,77.02393211833464,-2.3297946453094482,20.08087730407715,51.745933532714844,1.1657835245132446
2598,167.73910328268727,3.869047164916992,9.57711410522461,40.58666229248047,1.1657094955444336
2599,151.62570631689374,3.113469362258911,13.439879417419434,41.64169692993164,1.1656455993652344
2600,160.85499538663308,2.7908880710601807,9.817414283752441,39.995723724365234,1.165507435798645
2601,159.70058072732596,2.9945478439331055,11.139250755310059,39.858314514160156,1.16536283493042
2602,155.27888245262443,2.876920461654663,10.891724586486816,41.10502243041992,1.16520357131958
2603,153.78021520379536,3.2098472118377686,10.5220365524292,39.701881408691406,1.1650625467300415
2604,164.48274961295056,3.152923107147217,9.910593032836914,39.85343933105469,1.164918303489685
2605,141.5524613362929,2.657017469406128,10.032842636108398,41.199554443359375,1.1647928953170776
2606,154.19820581174065,3.9626972675323486,9.72119140625,40.34672927856445,1.164857268333435
2607,158.64809621465847,2.942669153213501,9.935003280639648,39.62812805175781,1.1648961305618286
2608,161.23664139676288,3.3594701290130615,9.478093147277832,40.22661590576172,1.1649457216262817
2609,161.17105173607368,3.608888626098633,10.517354011535645,40.51694869995117,1.1650214195251465
2610,164.82882525564952,3.6710634231567383,10.348888397216797,41.051063537597656,1.1651053428649902
2611,158.8220859639372,2.943833589553833,9.979378700256348,41.47873306274414,1.165155053138733
2612,159.383674036556,3.0193028450012207,9.629844665527344,41.08075714111328,1.1651921272277832
2613,161.0789671603911,3.266313076019287,9.974275588989258,41.62154769897461,1.1652344465255737
2614,136.1251922673168,2.615811347961426,13.67590618133545,44.36543655395508,1.1653199195861816
2615,167.30153149196963,2.2935192584991455,10.885653495788574,43.63412857055664,1.165331244468689
2616,166.6619816645134,3.3767611980438232,11.487602233886719,43.58259582519531,1.1653403043746948
2617,168.60735159245587,3.302732467651367,11.673090934753418,44.436485290527344,1.1653321981430054
2618,168.40972938116465,3.935201406478882,12.826130867004395,44.94179153442383,1.165406584739685
2619,166.47506491116678,2.6683216094970703,12.381627082824707,44.996803283691406,1.1654356718063354
2620,170.20825314675585,3.9081692695617676,12.887432098388672,45.97832489013672,1.1655102968215942
2621,170.98441242169002,3.409364938735962,14.457352638244629,46.52622604370117,1.165562391281128
2622,174.83479497131177,3.97784423828125,13.799025535583496,46.925350189208984,1.1656326055526733
2623,173.2719022241456,3.753506898880005,13.904839515686035,47.60097122192383,1.1657098531723022
2624,170.0442904308739,3.65014910697937,13.742741584777832,47.586219787597656,1.1657934188842773
2625,169.51898291897268,3.2573320865631104,14.040060997009277,48.09867858886719,1.1658557653427124
2626,170.93415647887787,3.4913809299468994,14.189525604248047,49.11676025390625,1.165909767150879
2627,166.60604817830807,3.6578457355499268,14.115778923034668,49.438968658447266,1.1659992933273315
2628,166.6243158731155,3.508446216583252,14.32034683227539,49.83880615234375,1.1661072969436646
2629,174.26311201007496,2.857295036315918,14.467421531677246,50.745506286621094,1.1661752462387085
2630,169.15648035592417,3.1889142990112305,14.85113525390625,51.441776275634766,1.1662243604660034
2631,174.55653467465095,3.690924644470215,15.57447624206543,52.28115463256836,1.1663085222244263
2632,166.70606812919695,3.1520602703094482,16.847631454467773,52.180381774902344,1.1663914918899536
2633,164.13672006485916,2.0569660663604736,17.905427932739258,52.354862213134766,1.1664129495620728
2634,171.22569909662707,4.485601425170898,18.499855041503906,53.67880630493164,1.166524052619934
2635,170.53655412202622,2.295445442199707,18.958465576171875,54.12386703491211,1.1665964126586914
2636,167.94793939038067,2.7534403800964355,18.71066665649414,54.131141662597656,1.166641116142273
2637,175.58988936575244,3.7461798191070557,18.519559860229492,55.01884841918945,1.166704773902893
2638,168.40217410960182,3.5893046855926514,18.772977828979492,55.00053787231445,1.1668585538864136
2639,171.57709266093886,3.4958457946777344,19.214948654174805,55.58796310424805,1.1670106649398804
2640,179.13113830381798,3.6952707767486572,19.056007385253906,56.342350006103516,1.1671584844589233
2641,172.26639029135043,3.582453966140747,19.798721313476562,56.4599494934082,1.167306900024414
2642,166.60711100788458,3.108535051345825,18.42502784729004,56.47023391723633,1.1674619913101196
2643,175.5624053104851,3.446845054626465,20.178207397460938,57.323829650878906,1.1676076650619507
2644,170.59751244123294,2.9430854320526123,19.019128799438477,57.37971496582031,1.1677249670028687
2645,172.3926422116988,3.3951148986816406,19.441701889038086,57.57689666748047,1.1678428649902344
2646,171.910710606757,3.3670575618743896,18.894214630126953,57.72418212890625,1.167981743812561
2647,183.66563700777687,3.1082801818847656,18.225658416748047,58.25363540649414,1.1680868864059448
2648,175.72151966137596,3.5646350383758545,18.28775978088379,58.040687561035156,1.168201208114624
2649,178.25108804384124,4.125962257385254,18.278493881225586,58.486392974853516,1.1683799028396606
2650,165.01835665246358,2.7545125484466553,18.31112289428711,57.910465240478516,1.168535828590393
2651,171.4808304607879,3.067387342453003,17.112316131591797,57.96510314941406,1.1686772108078003
2652,170.90644443681234,3.2135167121887207,17.23115348815918,58.33235168457031,1.1688143014907837
2653,178.2669250699206,3.3795132637023926,16.984603881835938,58.930511474609375,1.168944239616394
2654,178.74658439704245,3.0629098415374756,16.050687789916992,58.98955535888672,1.169042706489563
2655,174.65455501152724,3.4533276557922363,16.480613708496094,59.74797439575195,1.1691659688949585
2656,179.05400526067692,3.750009775161743,16.35536766052246,60.14031219482422,1.1693243980407715
2657,176.24704494567763,3.3973217010498047,16.293045043945312,60.33958053588867,1.169485092163086
2658,174.27976889824714,2.935767889022827,16.372323989868164,60.72102737426758,1.1696195602416992
2659,175.26602320529398,3.59234881401062,16.55746841430664,61.00084686279297,1.1697851419448853
2660,186.85788585238194,2.374155044555664,17.08357810974121,61.99435806274414,1.1698870658874512
2661,175.99948184454036,3.0872926712036133,17.97141456604004,62.307682037353516,1.1699827909469604
2662,179.26984209740826,3.364931106567383,17.766708374023438,62.82451629638672,1.1700856685638428
2663,184.21453022390085,3.925503730773926,17.55257797241211,63.21855163574219,1.1702475547790527
2664,177.33647784384797,3.173046588897705,17.814163208007812,63.55826950073242,1.1704044342041016
2665,177.87612327049115,2.766017436981201,18.683746337890625,64.26166534423828,1.1705312728881836
2666,179.09695352732805,3.508877992630005,18.698183059692383,64.10747528076172,1.170674443244934
2667,181.26501677992067,3.503732204437256,20.90809440612793,64.56177520751953,1.1708534955978394
2668,169.0398189026734,2.597431182861328,19.34514045715332,64.63401794433594,1.1710118055343628
2669,181.96672361051935,2.6775882244110107,19.410476684570312,64.88446807861328,1.1711376905441284
2670,173.13416947830865,3.3026280403137207,18.192075729370117,64.64698028564453,1.1713038682937622
2671,184.35439280547013,2.8993189334869385,17.931859970092773,64.82987213134766,1.1714353561401367
2672,175.91856712562213,2.1649320125579834,19.024642944335938,64.8143081665039,1.1715248823165894
2673,175.32489185104194,3.059272527694702,17.731613159179688,64.89675903320312,1.1716290712356567
2674,172.00758619298927,2.6196048259735107,17.556840896606445,64.64671325683594,1.1717151403427124
2675,171.89131232027145,2.7567296028137207,17.289236068725586,64.56118774414062,1.1717942953109741
2676,182.23857653569388,3.222287178039551,17.266714096069336,65.18051147460938,1.1718757152557373
2677,176.9540561619416,2.347116231918335,16.71596336364746,65.17919921875,1.171927571296692
2678,181.63498623032717,3.5056040287017822,16.777738571166992,65.35841369628906,1.172027826309204
2679,169.67401688408322,2.341758966445923,17.7889404296875,65.96134185791016,1.1721076965332031
2680,172.19009636050498,2.438929319381714,17.509342193603516,66.12519836425781,1.1721559762954712
2681,175.1882063378633,3.147001028060913,17.460702896118164,66.49335479736328,1.1722418069839478
2682,182.65835232919264,1.857035756111145,16.95541000366211,66.49972534179688,1.1722732782363892
2683,183.73769810052417,2.5419418811798096,17.074108123779297,66.71602630615234,1.172271490097046
2684,181.62580663346296,2.9773104190826416,18.076017379760742,67.02671813964844,1.1722723245620728
2685,184.73121578182,2.31837797164917,18.09935188293457,67.12272644042969,1.1722379922866821
2686,177.76799991445554,2.1089789867401123,18.074960708618164,67.45987701416016,1.1721677780151367
2687,168.00368329230145,2.695037364959717,18.77251434326172,67.61358642578125,1.1721445322036743
2688,175.86034609086482,2.971055030822754,18.678756713867188,67.79096984863281,1.1721452474594116
2689,185.45227010741493,2.5065770149230957,18.09244155883789,68.1400146484375,1.1721206903457642
2690,169.1717998328763,3.018799304962158,19.312862396240234,67.9146957397461,1.1721843481063843
2691,189.65835095951792,3.4072999954223633,16.512977600097656,68.28280639648438,1.1722733974456787
2692,182.7143563525998,2.662208080291748,15.96406078338623,68.4241943359375,1.172343373298645
2693,173.149338537707,2.2977664470672607,17.403705596923828,68.45304107666016,1.1723881959915161
2694,179.9424672713706,3.0307652950286865,15.037947654724121,67.84281158447266,1.1724464893341064
2695,177.80912213123196,3.1344075202941895,15.424416542053223,68.47572326660156,1.1725585460662842
2696,177.75155734467634,3.0192012786865234,14.970004081726074,68.59207916259766,1.1726995706558228
2697,174.91164791438348,2.789764881134033,14.62765884399414,68.52139282226562,1.1728477478027344
2698,174.0556437693015,2.8283231258392334,14.96032428741455,68.45745086669922,1.1730016469955444
2699,180.72125169886445,2.578413724899292,15.54339599609375,68.58541107177734,1.173130750656128
2700,177.41474261426535,2.96732234954834,14.788276672363281,69.09913635253906,1.1732826232910156
2701,178.4201126578114,3.067995071411133,14.954351425170898,69.056884765625,1.173459768295288
2702,174.77666751191867,2.2630391120910645,15.058615684509277,68.93759155273438,1.173604130744934
2703,177.63777231955737,3.4108641147613525,15.070696830749512,69.2208023071289,1.1738286018371582
2704,175.76715483917963,2.7803635597229004,14.91769790649414,69.57473754882812,1.1740554571151733
2705,180.4308475576886,2.9127399921417236,15.078934669494629,69.02256774902344,1.174291729927063
2706,182.37086057664007,3.049241065979004,14.929923057556152,69.1483383178711,1.1745535135269165
2707,176.50577078569262,3.2257895469665527,15.19332218170166,69.39189910888672,1.1749142408370972
2708,176.88957165474795,2.4783473014831543,15.202991485595703,69.40790557861328,1.1752376556396484
2709,185.7965530046796,1.7358996868133545,14.903886795043945,69.5291748046875,1.175458312034607
2710,189.5916501921234,1.2603569030761719,15.046792030334473,69.81271362304688,1.175589680671692
2711,180.08084287544958,1.904198408126831,15.41149616241455,69.6333999633789,1.1756845712661743
2712,175.83947301043113,2.7813451290130615,15.463668823242188,70.34970092773438,1.1758121252059937
2713,178.69230877994696,2.3943333625793457,15.270788192749023,70.09378814697266,1.1759228706359863
2714,183.49424649892708,2.9661431312561035,15.50133991241455,70.65919494628906,1.1760592460632324
2715,182.3621869302444,2.752987861633301,15.314216613769531,70.77886199951172,1.1761986017227173
2716,174.641020815633,2.627671480178833,15.309769630432129,71.17195129394531,1.1763505935668945
2717,191.16207344589012,2.315025568008423,14.499442100524902,71.37084197998047,1.176467776298523
2718,176.17139217103377,2.3303887844085693,14.648937225341797,71.88729095458984,1.17658269405365
2719,166.6874374556779,1.9767652750015259,16.303403854370117,71.25382232666016,1.1767102479934692
2720,185.7384585600324,3.040257215499878,13.199832916259766,71.83946228027344,1.1768583059310913
2721,179.68095781140627,1.7473945617675781,13.411038398742676,72.42957305908203,1.176964282989502
2722,167.98497565384147,2.101034641265869,13.777255058288574,72.34526062011719,1.1770987510681152
2723,172.01904319166127,2.3010170459747314,13.409195899963379,72.31683349609375,1.1772433519363403
2724,180.15867585533908,2.6277246475219727,13.365775108337402,72.56572723388672,1.1774073839187622
2725,176.32740494996273,2.578537702560425,13.45984935760498,72.09550476074219,1.17763090133667
2726,179.16550633535,2.2789807319641113,13.551413536071777,72.100341796875,1.1778450012207031
2727,173.08514184602677,1.542402744293213,13.859855651855469,72.28208923339844,1.1780208349227905
2728,174.45705266444708,-0.022215262055397034,13.810165405273438,71.29694366455078,1.1780909299850464
2729,177.15725265820737,2.236513137817383,14.11135482788086,71.9344253540039,1.1781692504882812
2730,176.45935848668216,2.2316060066223145,14.380369186401367,71.5647964477539,1.1782628297805786
2731,176.0766762372349,2.639937162399292,14.488969802856445,70.78154754638672,1.1783833503723145
2732,177.13422588202607,2.924182653427124,14.846161842346191,71.26708984375,1.1785707473754883
2733,183.49035227500758,2.1810827255249023,14.967367172241211,70.73771667480469,1.178727626800537
2734,177.38593451121636,2.537611722946167,14.805237770080566,70.90339660644531,1.1789021492004395
2735,176.33547015038107,2.4495949745178223,14.821763038635254,69.97051239013672,1.179097056388855
2736,183.5606330695916,2.144348621368408,15.212714195251465,70.65618133544922,1.179256558418274
2737,179.44935317765487,2.3875842094421387,15.248710632324219,70.54405212402344,1.1794260740280151
2738,176.56583382171078,2.143795967102051,14.753600120544434,69.50540924072266,1.1795803308486938
2739,176.1588123418929,1.4950551986694336,13.73501205444336,68.56553649902344,1.1796507835388184
2740,173.38645948851257,2.3990073204040527,12.185598373413086,67.5400619506836,1.1797574758529663
2741,171.61587119252948,2.029252529144287,11.590591430664062,66.61994171142578,1.1798542737960815
2742,172.08899010207523,2.5565335750579834,11.946810722351074,65.96370697021484,1.1800113916397095
2743,180.13674423781362,1.9304580688476562,11.27890682220459,67.30264282226562,1.1801334619522095
2744,176.31340058923166,2.3582186698913574,11.737897872924805,66.98248291015625,1.1802626848220825
2745,162.00379338735786,1.6392862796783447,14.081904411315918,64.52606201171875,1.180384635925293
2746,168.85648087459037,2.631565809249878,13.425834655761719,65.62908172607422,1.1805745363235474
2747,174.3338818673081,2.4977610111236572,12.972085952758789,66.3249282836914,1.1807833909988403
2748,171.95917826889558,1.2997021675109863,14.80008316040039,66.30103302001953,1.180909276008606
2749,165.83166750595103,2.157081365585327,13.817657470703125,64.7818832397461,1.1810635328292847
2750,168.1665036632259,1.6270661354064941,13.84256649017334,65.70436096191406,1.1811870336532593
2751,171.85335758505892,2.2983663082122803,15.037327766418457,66.46614837646484,1.1813198328018188
2752,176.39886086175923,2.4220993518829346,13.029590606689453,65.90814208984375,1.181449055671692
2753,168.92216287746825,2.3149502277374268,13.23694133758545,66.27447509765625,1.1816002130508423
2754,168.37651555722152,1.2195496559143066,14.483203887939453,66.43357849121094,1.1816904544830322
2755,171.38753843838782,1.8142681121826172,14.065018653869629,66.25064086914062,1.1817599534988403
2756,173.20735443792285,2.227280616760254,12.87387466430664,66.18057250976562,1.1818379163742065
2757,141.35619937658674,0.8391083478927612,32.77764129638672,70.61412048339844,1.181935429573059
2758,179.76034162403718,2.8403141498565674,13.953758239746094,66.52658081054688,1.1820560693740845
2759,142.73478614172598,0.4865726828575134,31.031871795654297,68.84864807128906,1.1821579933166504
2760,160.97942152360574,1.419240951538086,19.762468338012695,67.30828094482422,1.1822426319122314
2761,177.4222878654219,1.8521158695220947,11.43510627746582,65.63433837890625,1.1822837591171265
2762,152.81336258224215,1.5289955139160156,22.47036361694336,67.62512969970703,1.1823445558547974
2763,137.79632076017492,1.0964930057525635,31.047386169433594,67.29678344726562,1.1824363470077515
2764,150.5783592986642,1.5324902534484863,18.421382904052734,64.13416290283203,1.182547926902771
2765,137.9603825010897,-1.8049867153167725,25.05858039855957,66.8388442993164,1.182570457458496
2766,153.09703087545748,1.8421310186386108,14.343209266662598,63.79618453979492,1.1826354265213013
2767,127.48659120269498,-0.9083992838859558,25.966182708740234,64.3301010131836,1.1826701164245605
2768,154.71121874454167,1.3215341567993164,12.129361152648926,60.9080696105957,1.1826990842819214
2769,165.55209039614104,2.211063861846924,9.47707462310791,59.570343017578125,1.182754635810852
2770,151.2937398851253,1.2635785341262817,12.591797828674316,62.180938720703125,1.1828023195266724
2771,144.84246695674034,1.305232048034668,19.300251007080078,60.815086364746094,1.1828866004943848
2772,166.31728576588478,2.3818418979644775,8.201484680175781,58.42095184326172,1.1830120086669922
2773,145.2166630902104,-1.6602094173431396,17.35545539855957,61.10313034057617,1.183035969734192
2774,165.59815803118778,2.3722753524780273,7.824924945831299,60.22022247314453,1.183095932006836
2775,169.5440783291372,2.271510124206543,6.162223815917969,59.21533966064453,1.1831786632537842
2776,122.92989964860102,0.5037146210670471,24.65289306640625,63.405784606933594,1.183312177658081
2777,156.67277125971592,1.8823649883270264,7.57813835144043,57.58251953125,1.1834710836410522
2778,161.2493422586369,1.8448530435562134,8.971199035644531,59.71304702758789,1.1836358308792114
2779,164.43803151741693,1.3890451192855835,6.639545440673828,59.64305877685547,1.183762550354004
2780,158.7631588949129,1.4647243022918701,9.750157356262207,59.30744934082031,1.1838817596435547
2781,163.3561871877089,1.5388964414596558,8.521626472473145,59.949798583984375,1.1839829683303833
2782,164.034238546198,1.8296422958374023,10.137682914733887,60.5132942199707,1.1840940713882446
2783,166.45723088341174,2.0811610221862793,5.771293640136719,60.868507385253906,1.184219479560852
2784,167.4495071486376,1.7908694744110107,5.17349910736084,61.11259460449219,1.184343695640564
2785,165.3392132070151,1.3360120058059692,4.398175239562988,61.02756881713867,1.1843820810317993
2786,157.21118437891081,0.9588603973388672,5.234132289886475,60.21194839477539,1.1843891143798828
2787,161.5313911677206,1.579406499862671,3.8987441062927246,59.32826232910156,1.1844106912612915
2788,157.19533563853724,0.9242199063301086,3.9515671730041504,58.65073776245117,1.1843801736831665
2789,142.9652632136698,0.5907702445983887,14.236396789550781,61.99445343017578,1.1843537092208862
2790,167.24160424667116,1.8656494617462158,3.938985586166382,59.23754119873047,1.1843440532684326
2791,158.72159894717467,1.205352544784546,4.668182849884033,59.66120147705078,1.1843258142471313
2792,162.1358326752561,1.42915940284729,4.519472599029541,60.61056900024414,1.1843154430389404
2793,159.55418192197718,0.9888704419136047,5.8631463050842285,60.4460563659668,1.1842570304870605
2794,166.41298954319655,1.502505898475647,3.7363436222076416,60.71465301513672,1.1841870546340942
2795,158.59558823273542,0.9853574633598328,10.077908515930176,62.3118782043457,1.1841025352478027
2796,160.7953472033072,1.7571841478347778,3.941899538040161,60.40629196166992,1.1841002702713013
2797,158.2387914066446,1.2707372903823853,3.8277268409729004,58.83306121826172,1.1840914487838745
2798,166.08970349765238,1.7000997066497803,2.799818515777588,59.54344940185547,1.1840800046920776
2799,157.54866059039028,0.6887666583061218,3.2215993404388428,59.22910690307617,1.1840001344680786
2800,156.62609978614387,1.2067822217941284,3.0457160472869873,58.81676483154297,1.1839276552200317
2801,160.1089051408949,1.5957543849945068,2.664916515350342,58.371883392333984,1.1839042901992798
2802,159.69982655244976,1.0470560789108276,3.018381118774414,58.99601745605469,1.1838387250900269
2803,164.30919208018622,1.6216650009155273,3.2763867378234863,59.6772346496582,1.183784008026123
2804,158.1024268304254,1.4844305515289307,3.784148693084717,59.49418258666992,1.1837660074234009
2805,162.67648485867426,1.1777411699295044,3.6817548274993896,59.435089111328125,1.1837049722671509
2806,160.90094138279144,1.153658390045166,3.438488006591797,59.25550842285156,1.1836285591125488
2807,164.4341446928923,1.5134148597717285,2.555713415145874,58.867061614990234,1.1835449934005737
2808,162.44094954952593,1.633544921875,3.056440830230713,59.53917694091797,1.1835180521011353
2809,156.61999217669793,1.164276361465454,2.9443936347961426,58.37116241455078,1.1834747791290283
2810,158.41372152459346,1.2238022089004517,2.5770514011383057,57.950740814208984,1.1834248304367065
2811,156.64531505982518,1.3957184553146362,2.571619987487793,58.22376251220703,1.1833969354629517
2812,157.490865436403,1.4865179061889648,2.7036421298980713,57.488914489746094,1.1833921670913696
2813,160.22884080402204,1.8059536218643188,2.2046358585357666,57.176918029785156,1.1834659576416016
2814,159.9972545138932,1.118401288986206,2.542693614959717,57.113433837890625,1.1834969520568848
2815,143.1735177810221,0.7736236453056335,4.88798189163208,60.92402267456055,1.1835495233535767
2816,159.8837638709189,1.4087891578674316,2.557039260864258,57.139469146728516,1.1835875511169434
2817,160.11678360633175,1.2982908487319946,2.3517489433288574,56.1093635559082,1.183583378791809
2818,163.90657648106043,2.066282272338867,2.6189253330230713,56.59013366699219,1.1836079359054565
2819,159.82335981292357,1.5644314289093018,1.8827611207962036,55.97934341430664,1.183638572692871
2820,150.13714941070467,1.3425782918930054,1.9767162799835205,56.276634216308594,1.1837016344070435
2821,164.0597880916444,1.7972246408462524,2.3348381519317627,55.94188690185547,1.183754801750183
2822,157.6252724566746,1.4030513763427734,2.911642551422119,56.38688278198242,1.183775544166565
2823,159.14480353195188,1.6867334842681885,1.8641307353973389,55.683807373046875,1.183834195137024
2824,163.77685690313228,1.7252821922302246,2.5651423931121826,56.75762939453125,1.1838682889938354
2825,164.0195167214237,1.950743556022644,2.300074338912964,57.5093879699707,1.1839357614517212
2826,142.79785541876814,0.9976856708526611,10.412744522094727,62.554298400878906,1.1840280294418335
2827,168.5852347386262,2.0894405841827393,2.1668856143951416,58.58803176879883,1.184110164642334
2828,163.999124575414,2.0507640838623047,2.6237194538116455,57.49007034301758,1.1842591762542725
2829,166.589028482486,2.067136287689209,2.67081880569458,59.37651062011719,1.1844078302383423
2830,169.7576064535619,2.2730517387390137,2.70084547996521,59.8173713684082,1.1845587491989136
2831,163.11809150035702,1.715124249458313,3.4407153129577637,58.87675857543945,1.1846851110458374
2832,169.69952204847513,1.887427806854248,2.965602159500122,59.74600601196289,1.1847586631774902
2833,161.40880761721328,2.023036003112793,6.239905834197998,59.517608642578125,1.1849031448364258
2834,166.94199989200055,2.3478996753692627,3.8277528285980225,59.67452621459961,1.1850773096084595
2835,164.73594792159733,1.974616527557373,4.514345645904541,60.05095672607422,1.185242772102356
2836,170.60337869324042,2.3145129680633545,3.8521597385406494,61.046695709228516,1.1853976249694824
2837,166.8472548008622,2.1895217895507812,4.0904316902160645,60.074729919433594,1.1855968236923218
2838,166.05784781828146,2.2105071544647217,3.9469847679138184,60.721492767333984,1.1858023405075073
2839,165.16056365115855,2.176978349685669,3.4147207736968994,60.66337585449219,1.186012864112854
2840,160.4567211335425,2.005737781524658,3.840379476547241,60.40612030029297,1.1862694025039673
2841,164.88857429854977,1.8939470052719116,2.9772372245788574,61.056396484375,1.1864820718765259
2842,166.2203009592335,2.1529786586761475,2.7375099658966064,61.396183013916016,1.1866936683654785
2843,167.43957125467762,1.7661476135253906,3.011054754257202,62.23798751831055,1.1868499517440796
2844,157.6708436906826,1.6140390634536743,4.990912437438965,61.63777160644531,1.187005877494812
2845,165.2700244821224,2.161057949066162,2.8693363666534424,62.002071380615234,1.1871795654296875
2846,160.2351639479816,0.9170271754264832,3.6272037029266357,60.53623580932617,1.1872797012329102
2847,162.80091620835051,1.8509788513183594,2.6864266395568848,61.04384994506836,1.1873618364334106
2848,162.59441619653762,1.9181458950042725,2.523303747177124,60.98869323730469,1.1874316930770874
2849,164.6023130158487,1.8009706735610962,2.101033926010132,60.53943634033203,1.1874645948410034
2850,160.31118283226394,2.288846731185913,2.0993101596832275,60.03291320800781,1.18766450881958
2851,167.4979499514661,1.924343228340149,1.3694462776184082,60.65504837036133,1.1878165006637573
2852,165.24838183276694,2.2600815296173096,1.5800542831420898,59.9283447265625,1.1880102157592773
2853,156.3409124706182,1.995465636253357,2.3687446117401123,58.9938850402832,1.1882659196853638
2854,160.95987966221765,2.191365957260132,1.7290126085281372,60.607601165771484,1.1885651350021362
2855,158.37058999609562,1.634040117263794,2.2174570560455322,60.855690002441406,1.1888465881347656
2856,161.80380027158046,1.7944139242172241,1.7665696144104004,61.82896041870117,1.1891037225723267
2857,165.0417194224583,1.8926949501037598,1.505454659461975,62.31459426879883,1.1893153190612793
2858,167.01894819657582,2.0251901149749756,1.5043460130691528,62.51782989501953,1.1894854307174683
2859,165.70496421340624,2.3315491676330566,1.6626652479171753,62.646793365478516,1.1897460222244263
2860,161.2327576958488,1.9428479671478271,1.8225022554397583,62.30841827392578,1.1900266408920288
2861,167.76325109550785,2.3031740188598633,1.3052446842193604,62.143802642822266,1.190339207649231
2862,162.6535114080721,1.7771580219268799,1.6013628244400024,62.09931945800781,1.1906238794326782
2863,168.8859175702514,2.154846668243408,1.0301847457885742,62.04154586791992,1.1908912658691406
2864,163.70778569405323,1.7522177696228027,1.2444084882736206,60.883216857910156,1.1911033391952515
2865,163.31486825478657,1.5671417713165283,1.2616764307022095,61.250160217285156,1.1912261247634888
2866,169.79883501689085,2.2613742351531982,1.0201497077941895,61.387779235839844,1.1913526058197021
2867,163.25388789141118,1.8630224466323853,1.3949427604675293,59.94084548950195,1.1914688348770142
2868,165.479874038071,1.7121387720108032,1.930364727973938,60.009376525878906,1.1915203332901
2869,165.0023232643247,2.20965313911438,1.3353816270828247,60.636741638183594,1.191615343093872
2870,163.59073840451876,1.9028198719024658,1.9027906656265259,59.4677619934082,1.1917202472686768
2871,171.15594306857597,2.309629440307617,1.2127882242202759,60.8413200378418,1.1918317079544067
2872,121.8517662508205,-1.5779833793640137,19.654064178466797,69.86212158203125,1.1918814182281494
2873,164.61297664494393,1.594557762145996,2.3122408390045166,60.21161651611328,1.191902756690979
2874,119.24731012945786,-0.15790706872940063,18.878726959228516,70.50381469726562,1.1919668912887573
2875,131.54994191106107,-0.27809250354766846,10.932958602905273,68.06011199951172,1.1920113563537598
2876,103.02537239421605,-2.814358949661255,38.21967697143555,74.59453582763672,1.1920305490493774
2877,143.42231669894161,0.8323249220848083,3.7160701751708984,65.79971313476562,1.192071795463562
2878,159.5601966376232,1.3905283212661743,2.5523719787597656,60.123046875,1.1920758485794067
2879,135.11156256522193,0.5475795269012451,6.518196105957031,66.77835845947266,1.192116379737854
2880,109.60636674105392,-1.1609171628952026,20.779386520385742,71.98869323730469,1.192179560661316
2881,142.5126353238246,0.8710622787475586,3.572265625,66.66365814208984,1.1922714710235596
2882,107.50527723079671,-2.4192581176757812,19.01514434814453,71.10374450683594,1.1923130750656128
2883,114.79611741109811,-1.1100081205368042,12.12437915802002,69.3250732421875,1.1923400163650513
2884,72.95593745816737,-7.606505393981934,115.09226989746094,80.75345611572266,1.1923198699951172
2885,122.6505418466883,-0.6488096117973328,7.295193195343018,67.13141632080078,1.1922777891159058
2886,162.54435851517042,1.5956696271896362,3.311894416809082,56.05644989013672,1.1922004222869873
2887,139.92046724153101,0.8236376047134399,3.39699387550354,61.41403579711914,1.1921579837799072
2888,126.78985170006348,0.045058444142341614,4.183620929718018,64.03143310546875,1.192156434059143
2889,130.90512575901246,0.40238288044929504,3.6774682998657227,60.363983154296875,1.192173957824707
2890,134.82312103113438,-0.1396208256483078,3.062981128692627,61.712677001953125,1.1921436786651611
2891,102.85145056159428,-1.279511570930481,13.575406074523926,67.69796752929688,1.1921648979187012
2892,148.25110561323336,2.137840509414673,3.234827995300293,55.38002014160156,1.1922794580459595
2893,146.9175927025058,1.8005173206329346,3.1303629875183105,57.12918472290039,1.1924324035644531
2894,94.13760342042842,-1.7263140678405762,12.270466804504395,66.24115753173828,1.192618489265442
2895,92.30916809262754,-3.6282451152801514,21.209524154663086,67.8927001953125,1.1927400827407837
2896,102.02924466658551,-1.5116057395935059,5.242519378662109,62.69928741455078,1.192847728729248
2897,100.78009221092498,-1.372859239578247,3.774920701980591,59.08643341064453,1.1929415464401245
2898,147.4717397258906,1.6690360307693481,3.482442855834961,47.4726448059082,1.1930180788040161
2899,98.78107079225869,-1.2567001581192017,3.769136905670166,58.35319900512695,1.193142294883728
2900,107.51583542771671,-0.5946528911590576,3.007634162902832,54.78538513183594,1.1932809352874756
2901,128.37724595497028,1.161607265472412,3.181104898452759,50.45055389404297,1.1934880018234253
2902,104.54526634957503,-1.3245902061462402,7.3228302001953125,54.1332893371582,1.1936341524124146
2903,86.94130671262135,-3.2873473167419434,6.0462541580200195,59.118316650390625,1.1937052011489868
2904,119.79424955225807,0.6287953853607178,3.236750841140747,48.41602325439453,1.1938161849975586
2905,117.88481080352219,0.6852850914001465,3.3648648262023926,47.33681869506836,1.1939641237258911
2906,101.26437762443847,-0.7166973948478699,3.639599084854126,51.38280487060547,1.1941264867782593
2907,135.93342210109867,1.5162419080734253,3.7153148651123047,42.735328674316406,1.1942405700683594
2908,160.22757131593127,3.1827094554901123,5.053171634674072,41.811370849609375,1.1944243907928467
2909,141.3788567192974,2.0229289531707764,4.17064094543457,43.55159378051758,1.194595456123352
2910,129.4535009638789,1.3773741722106934,3.9638075828552246,42.04886245727539,1.1947365999221802
2911,111.11590560042981,0.023786354809999466,3.6654484272003174,43.08952713012695,1.1948356628417969
2912,132.09047181403338,1.3399747610092163,5.338655948638916,42.76415252685547,1.1948870420455933
2913,164.83396003871673,3.8224868774414062,8.11613941192627,37.335994720458984,1.1949443817138672
2914,138.6036290822302,2.944676160812378,6.619863033294678,39.88808822631836,1.1950350999832153
2915,120.6065486533124,1.7504502534866333,7.034108638763428,41.35387420654297,1.195130705833435
2916,149.68832252714026,3.6439592838287354,7.728785514831543,38.44000244140625,1.195245623588562
2917,139.2747153898648,2.6160435676574707,7.9828972816467285,38.68484115600586,1.195338249206543
2918,161.66721768432942,4.182961463928223,8.62808609008789,37.28669357299805,1.1954569816589355
2919,180.23933369259237,4.674066543579102,11.01695442199707,36.95219421386719,1.195592999458313
2920,161.7015214902325,3.3756494522094727,10.077746391296387,36.99440002441406,1.1956719160079956
2921,154.27859809963033,3.652474880218506,5.729858875274658,36.00529098510742,1.1957367658615112
2922,177.57685147442248,4.631371021270752,9.721251487731934,36.76338195800781,1.195809006690979
2923,143.8709772938093,3.096189260482788,9.119454383850098,37.5905647277832,1.195875644683838
2924,190.16395201669494,4.649844646453857,9.000883102416992,34.456642150878906,1.1959158182144165
2925,136.77223345922135,2.1901166439056396,9.936622619628906,41.17055130004883,1.1959229707717896
2926,173.0666426024776,4.023396015167236,8.403862953186035,34.926422119140625,1.1959125995635986
2927,153.25013602346573,2.704789400100708,10.028079986572266,38.37015151977539,1.1958526372909546
2928,199.01056714289487,4.996895790100098,11.671399116516113,36.63014221191406,1.1958009004592896
2929,150.90437217438708,3.1787612438201904,11.573323249816895,39.83835220336914,1.1957579851150513
2930,198.9059100101326,4.196144104003906,10.168411254882812,36.754051208496094,1.1956788301467896
2931,194.20457841858632,5.127509117126465,9.989947319030762,36.034732818603516,1.1956281661987305
2932,199.53242747079585,4.6935715675354,7.6963982582092285,35.648311614990234,1.195567011833191
2933,202.48344072168368,4.955380916595459,10.898253440856934,37.53258514404297,1.1955146789550781
2934,153.5338860152267,3.613215684890747,13.707174301147461,40.63029479980469,1.1955114603042603
2935,175.9807037516849,4.175223350524902,11.579042434692383,37.6947135925293,1.1955151557922363
2936,156.94241001864285,2.768437147140503,12.959816932678223,41.39390563964844,1.1954989433288574
2937,179.74348240090202,3.742302179336548,8.935622215270996,37.31455993652344,1.195449709892273
2938,209.33597694517286,3.993370294570923,10.46953296661377,38.33306121826172,1.1953223943710327
2939,162.36676377057134,3.9586329460144043,10.360322952270508,39.83441162109375,1.195245385169983
2940,195.56119271578052,4.347651481628418,8.876898765563965,37.532142639160156,1.1951559782028198
2941,166.98360118069598,3.7302401065826416,10.342399597167969,38.3443603515625,1.19507896900177
2942,185.26578784876415,3.988650321960449,9.31995964050293,37.792869567871094,1.1949702501296997
2943,194.74262270762708,4.686363220214844,8.650546073913574,36.904808044433594,1.1948703527450562
2944,182.38139907135388,4.275583744049072,9.538393020629883,38.275543212890625,1.1947683095932007
2945,171.59834778929365,4.138714790344238,10.175714492797852,38.90903854370117,1.1946877241134644
2946,178.41149131161632,4.813014507293701,8.627429008483887,37.988094329833984,1.1946748495101929
2947,177.93825049025423,4.150511264801025,9.33237075805664,37.97971725463867,1.1946343183517456
2948,189.27645945151608,4.775004863739014,9.35360336303711,37.65290451049805,1.194595456123352
2949,183.5654022797961,4.619947910308838,9.473965644836426,38.20714569091797,1.194554090499878
2950,173.97281855415537,4.759729385375977,8.196273803710938,38.895973205566406,1.1945449113845825
2951,166.03327128511611,4.831286907196045,9.31643009185791,38.575740814208984,1.1945844888687134
2952,168.8920972821788,3.607013702392578,10.220211029052734,40.00283432006836,1.1945492029190063
2953,162.44499092382995,3.2742977142333984,9.720155715942383,38.80889892578125,1.194456934928894
2954,162.9374435979558,4.285318374633789,10.031097412109375,39.426177978515625,1.1943780183792114
2955,188.76573654898732,4.7302446365356445,10.642066955566406,39.87492370605469,1.194288730621338
2956,186.03831369817448,5.50178337097168,9.69222354888916,39.4386100769043,1.1942695379257202
2957,179.95234445305903,5.060904502868652,9.95922565460205,39.81425857543945,1.194271206855774
2958,178.96706084658453,4.881409168243408,9.33751106262207,39.53361511230469,1.194299340248108
2959,181.81966076963712,4.710280895233154,10.248393058776855,40.07463836669922,1.194318413734436
2960,173.08802082344658,4.10889196395874,9.641551971435547,39.67413330078125,1.1942979097366333
2961,180.00985756566757,4.942243576049805,12.023582458496094,40.95228576660156,1.194292426109314
2962,169.5807092455378,4.08611536026001,10.049728393554688,39.86235427856445,1.194265365600586
2963,179.80176837778782,4.276255130767822,11.019015312194824,41.11481857299805,1.1942098140716553
2964,177.90042614400107,5.196398735046387,10.712176322937012,41.31019973754883,1.1942133903503418
2965,185.1925707887594,4.525019645690918,11.426873207092285,41.89768981933594,1.194173812866211
2966,179.35619559653068,4.102219581604004,11.783576011657715,41.410301208496094,1.1940956115722656
2967,182.063803277215,4.748342990875244,10.916374206542969,42.37097930908203,1.1940281391143799
2968,178.12254213640995,4.709815502166748,9.852998733520508,42.073158264160156,1.193981647491455
2969,176.810628630823,5.095181941986084,10.399059295654297,42.49653625488281,1.1940218210220337
2970,194.89194692479433,4.986733913421631,10.408502578735352,43.818294525146484,1.1940547227859497
2971,177.87155304762726,4.918834209442139,10.53879451751709,43.48756790161133,1.1941115856170654
2972,186.0065430312121,4.3278937339782715,12.590361595153809,44.606964111328125,1.194145917892456
2973,182.20167253973298,5.267832279205322,12.233800888061523,44.27713394165039,1.1943000555038452
2974,176.64759692062069,4.609652996063232,10.483778953552246,43.70663070678711,1.1944586038589478
2975,179.00959288554802,4.816929340362549,9.575453758239746,44.303253173828125,1.1946383714675903
2976,179.62018881619375,4.888964653015137,9.377467155456543,44.59486389160156,1.1948522329330444
2977,174.85431832845813,4.390442371368408,10.1660737991333,45.13825607299805,1.1950663328170776
2978,176.70640640501043,4.843358993530273,12.092597961425781,45.76121520996094,1.195315957069397
2979,183.32907760773674,4.157381534576416,11.330016136169434,47.15920639038086,1.1955164670944214
2980,155.51470227741225,3.951428174972534,15.314894676208496,49.056095123291016,1.1957271099090576
2981,129.82284829132252,2.2508254051208496,13.025897979736328,50.61802673339844,1.1959290504455566
2982,173.02916057506366,4.292309761047363,13.811698913574219,48.81548309326172,1.1961407661437988
2983,185.48816909908354,4.987488269805908,11.689428329467773,48.349029541015625,1.1963796615600586
2984,178.29161395750938,3.9256439208984375,10.152813911437988,48.215755462646484,1.1965843439102173
2985,133.50324433662055,2.6716372966766357,19.580442428588867,52.90737533569336,1.1968035697937012
2986,175.8602859450403,4.383800983428955,10.836637496948242,48.9328498840332,1.1970436573028564
2987,125.22109744194039,1.3577858209609985,23.288911819458008,54.17305374145508,1.197243332862854
2988,184.65168780525264,4.3209547996521,11.717619895935059,50.23647689819336,1.1974366903305054
2989,162.64203949063693,3.2356297969818115,15.421304702758789,52.51883316040039,1.1976114511489868
2990,146.09878366389822,3.2929036617279053,19.02448844909668,52.80335998535156,1.1978217363357544
2991,177.61393848771678,3.594089984893799,10.35787582397461,50.881103515625,1.1979984045028687
2992,171.98982943692906,3.586945056915283,11.889351844787598,51.17616271972656,1.1981524229049683
2993,180.67794597775082,4.088812828063965,11.721132278442383,51.794254302978516,1.1983181238174438
2994,186.52603507204662,3.5180001258850098,11.207287788391113,52.741065979003906,1.1984376907348633
2995,184.06581705441874,4.188357353210449,11.717223167419434,52.99358367919922,1.1985812187194824
2996,177.49394081800253,3.713303804397583,11.792241096496582,53.34585952758789,1.1987265348434448
2997,179.98463382050397,3.679075002670288,11.691731452941895,53.499969482421875,1.1988638639450073
2998,178.37930124274942,4.211170196533203,11.748517990112305,53.97443389892578,1.199063777923584
2999,188.83689400929873,4.042552947998047,12.409908294677734,55.266136169433594,1.1992979049682617
3000,177.35513678468766,2.3295626640319824,12.805683135986328,55.24473190307617,1.1994597911834717
3001,181.25001854810998,3.4346773624420166,12.223127365112305,56.25468063354492,1.199610710144043
3002,186.20586596764662,3.625917911529541,12.537400245666504,56.76293182373047,1.1997696161270142
3003,180.5365843398281,3.404369354248047,12.009638786315918,57.09114074707031,1.199931263923645
3004,188.7947600451772,3.4072837829589844,12.194284439086914,57.9992790222168,1.2000786066055298
3005,179.20558876730527,3.647998094558716,11.423344612121582,58.04713439941406,1.200290560722351
3006,183.0438425030968,3.4638898372650146,11.77529525756836,59.23667907714844,1.2005680799484253
3007,181.70255902457157,2.9624550342559814,11.632061958312988,59.49160385131836,1.200826644897461
3008,187.6655131051018,3.1283066272735596,11.281662940979004,60.67192459106445,1.201075553894043
3009,187.66068753043498,2.8956680297851562,10.919144630432129,61.07914733886719,1.2012983560562134
3010,186.39870965662382,2.9925177097320557,10.961470603942871,61.570858001708984,1.2015444040298462
3011,190.92147524585388,3.7211828231811523,12.688000679016113,62.529293060302734,1.2018356323242188
3012,183.894590721466,2.7266550064086914,11.321550369262695,62.75277328491211,1.2021068334579468
3013,193.4871630238128,2.828238010406494,11.17487621307373,63.33101272583008,1.2023495435714722
3014,194.56645641882224,2.5371947288513184,11.474751472473145,64.63037872314453,1.2025431394577026
3015,184.72002273263175,2.6731390953063965,11.686697959899902,64.55567169189453,1.202776551246643
3016,193.33051683749974,2.5711798667907715,12.4661865234375,65.7598648071289,1.2029809951782227
3017,189.9276249373611,2.9335129261016846,12.660341262817383,66.25601959228516,1.2032270431518555
3018,191.19702471470947,2.3294308185577393,12.34333610534668,66.51641082763672,1.2034335136413574
3019,193.6314010195939,2.639549732208252,12.617451667785645,67.27952575683594,1.2036356925964355
3020,196.7357720691009,2.6373231410980225,16.0920352935791,68.35892486572266,1.2038263082504272
3021,200.04720098132995,2.5586140155792236,13.867177963256836,68.59439849853516,1.204001545906067
3022,182.85971586636214,2.725827693939209,13.62002944946289,68.2340316772461,1.2042266130447388
3023,187.2104409849761,1.6113510131835938,14.206969261169434,68.53489685058594,1.2043651342391968
3024,193.53435191536767,-0.15445369482040405,15.869233131408691,69.43579864501953,1.204405665397644
3025,194.6560195823755,2.4866092205047607,12.367959976196289,69.280517578125,1.2044655084609985
3026,197.03912829343145,2.15496563911438,12.440221786499023,69.75824737548828,1.2045036554336548
3027,199.02095817689153,2.1588668823242188,12.668607711791992,69.89990234375,1.2045272588729858
3028,195.48399292197024,2.8344571590423584,12.465826988220215,69.78343963623047,1.204598069190979
3029,200.00758876639733,2.9055089950561523,11.715425491333008,69.8489761352539,1.204719066619873
3030,197.0323121525805,2.596864700317383,11.544105529785156,70.13021087646484,1.204849362373352
3031,128.1692199838324,0.8202348947525024,67.36152648925781,75.83541107177734,1.2051283121109009
3032,194.1099617764301,1.8489325046539307,11.509040832519531,69.9542007446289,1.2053542137145996
3033,147.58714839034812,-0.24554653465747833,55.8023796081543,75.7728500366211,1.2055411338806152
3034,199.83547198405324,2.6409196853637695,10.23294448852539,70.34909057617188,1.2057271003723145
3035,144.74988540622405,0.06494975090026855,58.15999984741211,76.21034240722656,1.2058995962142944
3036,199.66090406259974,2.6801538467407227,8.483882904052734,69.64352416992188,1.2061187028884888
3037,198.0041838991001,2.3164377212524414,8.264531135559082,69.65498352050781,1.2063058614730835
3038,135.63324607655923,-1.6693267822265625,63.50997543334961,77.096435546875,1.2064433097839355
3039,157.2452534535861,-0.11485671997070312,35.675941467285156,75.99349975585938,1.206546664237976
3040,163.04828046525427,1.2266905307769775,21.489103317260742,75.0127944946289,1.2066618204116821
3041,197.40467454615614,2.459355115890503,8.207542419433594,68.34459686279297,1.2067683935165405
3042,191.73392170202632,1.4169304370880127,8.092382431030273,67.73900604248047,1.2067877054214478
3043,158.8315056063382,1.1301424503326416,16.319156646728516,75.51153564453125,1.2069262266159058
3044,196.82738786951336,2.37492036819458,8.668966293334961,67.53528594970703,1.2070459127426147
3045,141.43297567386122,-1.310278296470642,31.644859313964844,76.64202880859375,1.2071207761764526
3046,134.97027416315166,-0.3147261142730713,45.82719421386719,77.4941177368164,1.2072052955627441
3047,197.64029925588255,2.693345069885254,9.442071914672852,66.37820434570312,1.20730459690094
3048,148.9829361691224,-0.37301722168922424,13.94522762298584,75.44226837158203,1.2073638439178467
3049,116.07651697707821,-1.3375606536865234,64.52324676513672,78.39595794677734,1.2074313163757324
3050,200.98316220726903,3.05670428276062,9.070002555847168,65.87354278564453,1.2075401544570923
3051,198.05801440426796,2.8201193809509277,9.632991790771484,65.10009002685547,1.207649827003479
3052,195.0046089415826,2.3920931816101074,9.689888000488281,64.6474609375,1.2077378034591675
3053,194.95296801006359,2.736469268798828,9.909249305725098,64.13796997070312,1.207839012145996
3054,198.95372857396003,2.6791279315948486,9.515780448913574,64.1329345703125,1.2079352140426636
3055,188.66468149156276,2.683473825454712,9.776860237121582,62.664398193359375,1.2080907821655273
3056,197.24125483562017,2.6539063453674316,9.298201560974121,62.76658630371094,1.2082306146621704
3057,195.0050647916012,2.4348642826080322,10.028902053833008,62.806854248046875,1.2083386182785034
3058,202.13841540164165,2.8929262161254883,9.341526985168457,62.89003372192383,1.2084509134292603
3059,193.0526549560376,2.710315704345703,9.214412689208984,62.03618621826172,1.2085601091384888
3060,192.38845465495794,2.773193359375,9.081245422363281,61.60093688964844,1.2086738348007202
3061,198.06033839017584,2.9798645973205566,8.873725891113281,62.41015625,1.2088032960891724
3062,193.74178174616682,2.470846652984619,8.968765258789062,61.07123565673828,1.2088919878005981
3063,197.52517126670912,2.6113741397857666,8.986584663391113,61.10081481933594,1.2089567184448242
3064,204.62206896449092,2.2501296997070312,8.096455574035645,62.28185272216797,1.208975911140442
3065,204.1880976643422,2.667961835861206,8.092394828796387,61.92766571044922,1.2089604139328003
3066,204.172496116111,2.8487725257873535,8.115389823913574,61.41773986816406,1.2089341878890991
3067,203.17975968901817,2.841263771057129,8.078985214233398,60.959617614746094,1.2089056968688965
3068,203.55095907194627,3.2244348526000977,7.941005706787109,60.63324737548828,1.2089042663574219
3069,208.20560164821262,3.343126058578491,7.426001071929932,60.838951110839844,1.2089228630065918
3070,201.28036176247304,2.5888915061950684,7.799983024597168,60.38617706298828,1.2089027166366577
3071,207.84867215079734,3.063443422317505,7.659328937530518,60.86052703857422,1.2088816165924072
3072,205.10997733649623,3.4227824211120605,9.554519653320312,60.19649124145508,1.2088907957077026
3073,206.39740484908046,2.906773090362549,7.421352863311768,60.518367767333984,1.2088903188705444
3074,203.1830137741234,3.1348226070404053,11.122118949890137,60.11162185668945,1.208897352218628
3075,203.44935370188884,3.080792188644409,8.169693946838379,59.97667694091797,1.2089086771011353
3076,202.37883259440594,2.63655161857605,8.909926414489746,59.480533599853516,1.208884358406067
3077,18.909211829342677,-29.462066650390625,466.7629089355469,95.44470977783203,1.2088309526443481
3078,206.7516772423437,2.7457096576690674,13.47851276397705,60.125118255615234,1.2087526321411133
3079,208.30671370550536,2.8330612182617188,8.20981216430664,60.20797348022461,1.208651065826416
3080,17.113889768107192,-32.54439926147461,516.0379028320312,96.3149642944336,1.2085312604904175
3081,22.51356081385163,-18.34032440185547,386.8665466308594,94.58899688720703,1.2084492444992065
3082,15.755533234453473,-26.542722702026367,559.9346923828125,95.82453155517578,1.2083762884140015
3083,17.58237140346499,-31.534997940063477,457.6004333496094,94.98352813720703,1.2082765102386475
3084,14.614908697785166,-43.07907485961914,574.1785888671875,95.26238250732422,1.2081416845321655
3085,17.273336135842474,-30.489042282104492,506.98321533203125,94.45939636230469,1.208000659942627
3086,15.895233620092938,-26.834495544433594,538.870361328125,94.36839294433594,1.2078672647476196
3087,18.475272596088704,-19.220190048217773,415.6883239746094,92.8485336303711,1.2077726125717163
3088,15.674226608888576,-23.68626594543457,473.0272216796875,92.25027465820312,1.2077020406723022
3089,15.307516485443914,-20.54017448425293,525.9564819335938,91.49784851074219,1.2076644897460938
3090,15.547534325696116,-26.270057678222656,454.9228515625,89.6102294921875,1.207625150680542
3091,15.334510224564712,-26.55658721923828,461.2060852050781,88.70437622070312,1.2075848579406738
3092,15.801557336506203,-24.459915161132812,450.8778991699219,87.63888549804688,1.207550048828125
3093,14.342970390424416,-31.467559814453125,474.62579345703125,87.01131439208984,1.2075010538101196
3094,14.138326154324792,-33.993446350097656,482.4660339355469,86.67533111572266,1.2074248790740967
3095,15.667122521243897,-29.371522903442383,417.0236511230469,85.81061553955078,1.2073286771774292
3096,19.987288551197697,-14.32452392578125,334.09808349609375,85.03631591796875,1.20733642578125
3097,17.45984997432608,-26.229185104370117,375.5081481933594,84.58312225341797,1.2073169946670532
3098,15.760813407411773,-19.599145889282227,389.7508850097656,84.41394805908203,1.207362174987793
3099,15.749631213291895,-21.13394546508789,386.67950439453125,83.27505493164062,1.2074271440505981
3100,209.4044085491553,3.7604777812957764,11.4296236038208,56.42769241333008,1.2074791193008423
3101,14.484852593528178,-21.808683395385742,383.1011657714844,81.11865234375,1.2075517177581787
3102,17.33176322092789,-18.16197395324707,360.7450256347656,80.17112731933594,1.207653284072876
3103,210.86541891175787,3.8704841136932373,11.653841972351074,55.40864562988281,1.207741618156433
3104,17.43929700059583,-26.8028564453125,346.41180419921875,77.56632232666016,1.207788109779358
3105,206.66397989208102,4.24313497543335,11.861318588256836,53.99769973754883,1.2078605890274048
3106,212.00962674180167,4.000328540802002,12.26098918914795,54.28953170776367,1.2079213857650757
3107,203.17070567941343,4.662001609802246,13.65017318725586,53.084476470947266,1.2080529928207397
3108,212.86271121196143,3.3780736923217773,11.864407539367676,53.82693099975586,1.2081435918807983
3109,206.409402418576,4.335773468017578,11.815889358520508,53.24213409423828,1.2082653045654297
3110,211.71314083209134,3.7104580402374268,13.646170616149902,53.597408294677734,1.2083545923233032
3111,207.78321266062764,4.278563976287842,11.974044799804688,53.381690979003906,1.2084531784057617
3112,209.26444042811983,3.7565417289733887,11.131803512573242,53.80573654174805,1.2085151672363281
3113,208.77716928650815,3.813565969467163,12.014403343200684,53.266300201416016,1.208541989326477
3114,210.716447398145,4.047018051147461,9.983654975891113,53.765167236328125,1.2085692882537842
3115,207.75054692850964,3.7144081592559814,12.921731948852539,53.728214263916016,1.2085795402526855
3116,211.92011519071838,4.33331298828125,10.318020820617676,54.16892623901367,1.2086100578308105
3117,200.9149497368655,3.9697790145874023,10.748734474182129,52.22624588012695,1.2086501121520996
3118,209.3256886188079,3.545182704925537,11.857640266418457,53.60704040527344,1.208659052848816
3119,206.41762581596564,3.733745813369751,10.451102256774902,53.81161117553711,1.2086386680603027
3120,204.80133097229051,2.966726064682007,11.007075309753418,53.74248504638672,1.2085518836975098
3121,197.9913059904083,4.14028263092041,10.479382514953613,52.21051788330078,1.2085102796554565
3122,208.72788426104486,4.196512699127197,10.493505477905273,54.50090026855469,1.2085007429122925
3123,196.1249797991052,3.1704695224761963,10.33080768585205,52.60323715209961,1.2084466218948364
3124,206.380381378859,3.8855745792388916,10.4095458984375,54.65237045288086,1.2084012031555176
3125,201.07569220549166,3.982236862182617,10.754779815673828,53.898956298828125,1.2083908319473267
3126,200.02169566043435,3.5230298042297363,11.037199020385742,53.946956634521484,1.2083724737167358
3127,204.4050307308628,3.10282826423645,9.839223861694336,54.633243560791016,1.2083029747009277
3128,203.5874135878598,4.211920738220215,10.240006446838379,54.66700744628906,1.2083221673965454
3129,202.4431386247101,2.8601460456848145,9.90005874633789,55.34003829956055,1.2082663774490356
3130,196.07723734454046,4.018840789794922,9.938410758972168,54.298763275146484,1.2082637548446655
3131,202.1015281566757,3.3233206272125244,10.16165828704834,55.43790817260742,1.2082282304763794
3132,206.25453437722177,3.5796051025390625,9.861669540405273,56.0339241027832,1.208177924156189
3133,201.37889968460524,1.7841308116912842,9.359312057495117,56.2643928527832,1.2080059051513672
3134,202.683605452635,4.085652828216553,9.282964706420898,56.14637756347656,1.2079061269760132
3135,206.74054894242877,2.8979296684265137,9.669111251831055,57.5014533996582,1.2077351808547974
3136,197.7478414118361,3.5252184867858887,9.5314302444458,56.84159469604492,1.207595944404602
3137,196.52170984169558,2.4421942234039307,10.316474914550781,57.06482696533203,1.207417607307434
3138,202.5599762589007,2.7589852809906006,9.128438949584961,58.41255569458008,1.2072046995162964
3139,198.10105458511035,3.5908913612365723,9.333024024963379,58.62420654296875,1.2070279121398926
3140,198.58475832802793,3.3088958263397217,9.218340873718262,59.0684700012207,1.2068735361099243
3141,210.66046747775792,3.911301612854004,9.79626750946045,60.372676849365234,1.2067736387252808
3142,198.5212442658291,3.331533908843994,9.570596694946289,60.20721435546875,1.2066911458969116
3143,197.0223880382565,3.1925034523010254,9.749958038330078,61.1404914855957,1.2066227197647095
3144,195.780367041575,3.806086540222168,10.539597511291504,61.361942291259766,1.2066401243209839
3145,199.65468406597464,2.954115152359009,10.857434272766113,62.20804977416992,1.2066388130187988
3146,195.4049910254488,2.2230417728424072,10.32975959777832,62.40707015991211,1.206584095954895
3147,196.80526452827587,2.7982516288757324,10.067343711853027,62.638919830322266,1.2065130472183228
3148,194.09247410797906,2.668703556060791,10.020118713378906,63.23849105834961,1.2064343690872192
3149,191.41570036969406,3.3547494411468506,9.681915283203125,63.5320930480957,1.2063908576965332
3150,191.83633160073052,2.762406349182129,9.564332008361816,63.88180923461914,1.2063452005386353
3151,190.8359452887373,2.197068691253662,8.979461669921875,63.84601593017578,1.2062593698501587
3152,192.4291640851623,3.1105518341064453,8.917670249938965,64.63090515136719,1.20622718334198
3153,195.4648964878548,1.859406590461731,9.009520530700684,65.65876007080078,1.20614755153656
3154,200.04622632903823,3.0412278175354004,8.1041841506958,66.10633850097656,1.20608651638031
3155,197.69391904177888,2.5343070030212402,7.689520359039307,66.40735626220703,1.2060106992721558
3156,193.03727160760778,2.15844988822937,8.052770614624023,66.5009536743164,1.2058898210525513
3157,187.29002987974036,2.8602304458618164,8.147229194641113,66.85259246826172,1.2058364152908325
3158,190.5354646271454,2.363837242126465,8.272613525390625,67.65118408203125,1.2057703733444214
3159,191.41801500147247,2.700120449066162,8.313980102539062,68.56880187988281,1.205731987953186
3160,191.22538568002994,2.793046712875366,8.231878280639648,68.89942169189453,1.205736756324768
3161,186.94410709178368,2.805959463119507,8.322580337524414,69.15746307373047,1.2058684825897217
3162,185.88851232255215,1.1412612199783325,8.626049995422363,70.06520080566406,1.2059030532836914
3163,193.86549903249946,2.07358455657959,8.504555702209473,71.16858673095703,1.205903172492981
3164,188.14131304689968,1.5755709409713745,8.550400733947754,71.22508239746094,1.205841064453125
3165,187.89776217474585,2.086142063140869,8.526497840881348,71.90071105957031,1.2057749032974243
3166,189.82239236650554,2.137326955795288,8.847092628479004,72.94779205322266,1.2057082653045654
3167,193.38414982664548,2.3523967266082764,8.597718238830566,74.0093765258789,1.2056727409362793
3168,188.98789656388377,2.6121628284454346,8.531761169433594,73.80451965332031,1.2057567834854126
3169,193.26616648204566,2.185943603515625,8.751619338989258,74.96066284179688,1.2058461904525757
3170,195.81330910463353,2.2342422008514404,8.578452110290527,75.64356231689453,1.2059351205825806
3171,192.19351742040786,2.5431582927703857,8.753621101379395,76.0819320678711,1.2060950994491577
3172,195.94546927112336,2.5675766468048096,8.647971153259277,77.34386444091797,1.2063162326812744
3173,189.09954720764225,1.6899174451828003,9.046932220458984,77.259033203125,1.2065147161483765
3174,184.9200707253995,1.7854923009872437,9.564238548278809,78.25618743896484,1.2067381143569946
3175,190.4609844489361,0.5162059664726257,9.084029197692871,78.9401626586914,1.2068723440170288
3176,185.54276063270996,1.5710231065750122,9.280342102050781,78.81543731689453,1.2070279121398926
3177,186.37466339648083,1.7344406843185425,9.606082916259766,79.63531494140625,1.207232117652893
3178,190.36049808964103,1.8004682064056396,9.638622283935547,80.24811553955078,1.2074558734893799
3179,187.1886289326121,1.1727375984191895,9.822504043579102,80.6439208984375,1.2076416015625
3180,187.09474971567752,1.986885905265808,9.990489959716797,81.2965316772461,1.2078946828842163
3181,192.14956779236653,1.2917574644088745,9.909331321716309,81.74557495117188,1.2081159353256226
3182,190.20872398453156,0.7917085886001587,10.056920051574707,81.43385314941406,1.208256483078003
3183,184.54756892383077,0.9299744963645935,10.699352264404297,81.05126190185547,1.208368182182312
3184,186.67933522052218,1.4392619132995605,10.287942886352539,81.06130981445312,1.2084975242614746
3185,194.4151681311627,1.981591820716858,10.09904956817627,81.34234619140625,1.208685278892517
3186,181.1539478664303,1.0976275205612183,10.47061538696289,80.39483642578125,1.2088651657104492
3187,189.08630133225606,1.3664729595184326,10.274832725524902,80.1592788696289,1.209046721458435
3188,182.42939136729248,1.4295498132705688,10.92483901977539,80.4340591430664,1.209255337715149
3189,188.04545536047897,1.5891588926315308,10.656281471252441,80.20803833007812,1.2094779014587402
3190,187.138573891312,1.0519156455993652,11.09719181060791,79.53840637207031,1.2096627950668335
3191,181.07460444788592,0.6543454527854919,11.4968900680542,79.68206787109375,1.2097936868667603
3192,183.83312777445497,0.6449778079986572,11.220251083374023,78.8856201171875,1.2098829746246338
3193,174.4003586650284,1.279727816581726,12.238150596618652,80.31047821044922,1.2100492715835571
3194,157.5895288651937,-0.5071074366569519,16.31972885131836,84.03826141357422,1.210187554359436
3195,123.17651199796305,-3.489063024520874,100.30279541015625,91.46670532226562,1.2102807760238647
3196,155.32112793107868,-1.1013280153274536,15.453089714050293,83.43289184570312,1.2103108167648315
3197,122.96096563528366,-3.2567832469940186,84.36463928222656,91.37812042236328,1.2103146314620972
3198,117.73609042783144,-4.0451741218566895,82.77828979492188,90.89081573486328,1.2102826833724976
3199,103.7926398540604,-3.9420835971832275,114.68081665039062,91.33747863769531,1.2102513313293457
3200,114.06406074132359,-2.638742685317993,69.35836029052734,90.27749633789062,1.2102375030517578
3201,141.44576704043405,-0.7487127780914307,15.96992301940918,82.014892578125,1.2102493047714233
3202,159.43457226172,-0.5654497742652893,12.087093353271484,79.58081817626953,1.2102323770523071
3203,77.57043929593151,-6.969850540161133,165.34400939941406,92.6935806274414,1.210208535194397
3204,76.52613709810826,-8.155961990356445,165.9161376953125,92.86084747314453,1.210158348083496
3205,114.00034792829696,-2.2595632076263428,29.535581588745117,84.87879180908203,1.210148811340332
3206,72.88612378846746,-6.115686416625977,173.73497009277344,92.99392700195312,1.210167407989502
3207,75.65684557238083,-8.78541374206543,154.98678588867188,92.5718002319336,1.2101496458053589
3208,79.85669233761072,-6.764900207519531,107.97433471679688,91.16495513916016,1.2101157903671265
3209,70.23915503830425,-6.944715976715088,171.41433715820312,92.7872314453125,1.2101019620895386
3210,95.36547087790969,-4.388583660125732,25.4361629486084,84.63778686523438,1.2100821733474731
3211,78.85316843282037,-4.725973606109619,89.7381591796875,90.36077880859375,1.2101386785507202
3212,89.06382079696075,-5.3906354904174805,67.4184341430664,86.57510375976562,1.2101730108261108
3213,96.65619133916124,-3.7100367546081543,32.599464416503906,82.3642807006836,1.2102147340774536
3214,68.99343686808389,-5.373963356018066,137.67518615722656,91.7459945678711,1.2103676795959473
3215,77.629656824638,-5.675040245056152,80.24658203125,90.10468292236328,1.2105263471603394
3216,90.54657070184993,-6.032967567443848,20.289892196655273,79.43553924560547,1.2106026411056519
3217,100.75517470160132,-4.976406097412109,16.601816177368164,75.80013275146484,1.2106009721755981
3218,70.02194471958467,-7.022383213043213,112.88301849365234,90.74947357177734,1.210608720779419
3219,70.2359395983751,-5.384156227111816,63.33068084716797,86.72998809814453,1.2107473611831665
3220,65.87216858638568,-6.662961483001709,108.09064483642578,89.61024475097656,1.2109241485595703
3221,80.04381779896211,-5.556473731994629,29.349609375,82.70980072021484,1.2110868692398071
3222,110.06442775959913,-1.954144835472107,9.035242080688477,69.13660430908203,1.2112784385681152
3223,91.59087526091012,-4.339021682739258,15.393900871276855,72.44867706298828,1.2114120721817017
3224,110.06354337406358,-2.3427670001983643,7.520921230316162,65.17054748535156,1.2115052938461304
3225,87.0937936025381,-3.84562611579895,13.98251724243164,72.12905883789062,1.211621642112732
3226,97.65820290557801,-3.492790937423706,9.093798637390137,67.20967864990234,1.2116910219192505
3227,94.1643533361104,-3.2331910133361816,9.372208595275879,67.87865447998047,1.211769938468933
3228,80.37107135338941,-4.562833309173584,17.22361946105957,73.7655258178711,1.211889386177063
3229,81.83712207608336,-4.620656490325928,14.771894454956055,73.37262725830078,1.2120095491409302
3230,104.06422432711466,-2.381793975830078,6.17343807220459,59.46678161621094,1.2120908498764038
3231,77.73679065602616,-5.75408935546875,13.368444442749023,71.51591491699219,1.2121363878250122
3232,108.68531592340895,-1.8358464241027832,5.544164657592773,56.62275695800781,1.2121444940567017
3233,91.2885341683054,-2.977828025817871,7.587308883666992,61.829559326171875,1.2121825218200684
3234,97.2866314778103,-2.5987234115600586,6.140428066253662,55.5357780456543,1.2122020721435547
3235,75.16902490972875,-6.2709527015686035,12.6918363571167,67.3374252319336,1.2121644020080566
3236,93.99060303521144,-2.425225257873535,6.542635440826416,56.42473220825195,1.2121597528457642
3237,71.93028336941056,-5.340124607086182,13.470234870910645,63.4566535949707,1.2121800184249878
3238,117.70825377018166,-0.833637535572052,5.5246500968933105,49.47422790527344,1.212171196937561
3239,85.67411231815365,-3.3485524654388428,9.076231956481934,56.014869689941406,1.212166428565979
3240,113.03744837643399,-1.018367886543274,5.96422004699707,45.223636627197266,1.2121261358261108
3241,166.98804968451813,2.2696170806884766,6.883447170257568,38.19007110595703,1.2120428085327148
3242,110.26734635346621,-0.4358476996421814,7.257055759429932,44.88818359375,1.211988091468811
3243,75.27226444327998,-3.612323522567749,16.97179412841797,52.78669738769531,1.2119501829147339
3244,128.50837203034752,0.8551034927368164,11.658207893371582,38.80878448486328,1.2119040489196777
3245,98.0655514948458,-0.5364094972610474,11.978766441345215,45.20047378540039,1.2119393348693848
3246,102.90980102752172,-0.834635317325592,15.53630542755127,41.48165512084961,1.2119535207748413
3247,101.11216153511634,-0.12738004326820374,13.8068208694458,41.50482940673828,1.2119994163513184
3248,137.93036314537645,2.346774101257324,12.594220161437988,37.85934829711914,1.2120630741119385
3249,148.91959022805455,2.9085516929626465,11.342981338500977,37.12299346923828,1.2121386528015137
3250,131.6116838806716,3.0573952198028564,13.116447448730469,37.12625503540039,1.212254524230957
3251,93.24139647170632,-1.7282153367996216,16.57651138305664,42.70447540283203,1.2123161554336548
3252,143.05600534487013,2.3055598735809326,12.589356422424316,37.84140396118164,1.2123260498046875
3253,139.45101136371,2.267008066177368,13.065180778503418,37.145790100097656,1.2123042345046997
3254,158.3790664262114,3.7353672981262207,12.568089485168457,35.330650329589844,1.2122803926467896
3255,136.06778036435182,2.164715528488159,15.422087669372559,36.835872650146484,1.2121785879135132
3256,146.7765111726758,2.699483633041382,12.71056079864502,36.960052490234375,1.2120155096054077
3257,133.56195713097634,1.7837294340133667,14.345566749572754,37.6671257019043,1.2118279933929443
3258,118.1745391215982,2.1109862327575684,17.00429916381836,38.49937438964844,1.2116674184799194
3259,140.7103948657587,3.6665360927581787,13.168818473815918,36.93488311767578,1.211607813835144
3260,171.6317340885933,3.803420305252075,13.441995620727539,35.349727630615234,1.2115120887756348
3261,156.92227021386432,4.440191268920898,13.328113555908203,36.655601501464844,1.2114677429199219
3262,178.93560577822163,3.819523334503174,14.357511520385742,33.89057159423828,1.2113566398620605
3263,183.19290446731574,4.308846950531006,12.371042251586914,34.26664352416992,1.2112255096435547
3264,164.22145607898273,4.2440032958984375,13.142157554626465,35.22652053833008,1.2111282348632812
3265,172.23622898589534,4.696871280670166,13.042915344238281,35.15353012084961,1.2110861539840698
3266,169.5369615631118,4.097357749938965,13.012989044189453,35.287864685058594,1.2110437154769897
3267,184.51076890089476,4.461922645568848,11.270391464233398,34.287052154541016,1.2109882831573486
3268,192.65974803933173,5.1516265869140625,10.855942726135254,34.32262420654297,1.2109695672988892
3269,186.81086235656383,4.5149617195129395,11.094046592712402,34.37321090698242,1.2109489440917969
3270,180.66619441943104,4.911231994628906,10.506485939025879,34.172019958496094,1.210976004600525
3271,177.63997929984586,4.1745924949646,10.627208709716797,34.21342086791992,1.2110048532485962
3272,159.46542966631105,3.725001811981201,10.865559577941895,35.34537887573242,1.2110525369644165
3273,174.67270906252273,3.610910415649414,10.138285636901855,35.296600341796875,1.2110824584960938
3274,171.1500724549541,2.881786346435547,9.962271690368652,35.357872009277344,1.2110427618026733
3275,155.0135049218843,2.6137380599975586,9.934264183044434,35.58816146850586,1.2109637260437012
3276,186.91643563518983,4.402007579803467,9.780473709106445,34.20471954345703,1.2109129428863525
3277,178.1932246621391,4.138518333435059,9.27380657196045,33.751277923583984,1.2108901739120483
3278,180.50578665745022,3.9206011295318604,8.752544403076172,34.07658386230469,1.2108688354492188
3279,186.58388186784381,3.941537857055664,9.113460540771484,34.084381103515625,1.210830569267273
3280,181.65028001946803,3.914137840270996,8.67066764831543,33.784358978271484,1.2107890844345093
3281,176.96065251333914,3.4296958446502686,8.98450756072998,33.62342071533203,1.210720419883728
3282,185.81395595127267,3.248500108718872,8.671929359436035,33.7913703918457,1.2105706930160522
3283,179.72149815264646,3.45265531539917,8.948713302612305,33.59376907348633,1.2103981971740723
3284,183.63032562580491,4.257050037384033,9.340737342834473,33.70692825317383,1.2102500200271606
3285,181.6824548743518,4.390994071960449,9.358741760253906,33.62799835205078,1.2101439237594604
3286,177.36328437250563,4.617023468017578,9.043094635009766,33.596893310546875,1.2101112604141235
3287,176.82566407852897,4.355296611785889,9.174559593200684,33.57438278198242,1.2101207971572876
3288,179.94663015349818,4.356011390686035,9.174785614013672,33.671321868896484,1.2101531028747559
3289,182.03861103782035,4.49732780456543,9.00345230102539,34.23476791381836,1.2102044820785522
3290,180.00658020963564,3.551844358444214,9.313117980957031,34.155616760253906,1.2101941108703613
3291,179.54305673167198,4.474752426147461,9.69447135925293,34.26580810546875,1.2101845741271973
3292,173.76139826596923,4.628439426422119,10.190354347229004,34.431514739990234,1.2101937532424927
3293,177.5440936304266,5.2989420890808105,10.496179580688477,34.51443862915039,1.210310935974121
3294,187.8844342904778,5.038343906402588,10.523924827575684,35.031715393066406,1.2104296684265137
3295,179.4934261495118,5.475400924682617,10.758720397949219,34.98136901855469,1.2105926275253296
3296,177.8880327561741,4.951699256896973,10.801539421081543,35.084495544433594,1.2107501029968262
3297,180.47657798365213,4.854270935058594,10.83154010772705,35.07038879394531,1.2108629941940308
3298,174.4116945224813,4.920719623565674,11.15102481842041,35.05046463012695,1.2109712362289429
3299,179.31159585649812,2.807142972946167,10.942499160766602,35.30894470214844,1.2109211683273315
3300,182.68455206141618,5.694931983947754,10.914022445678711,35.77737808227539,1.2109497785568237
3301,183.18947146270438,5.587541580200195,10.9620361328125,35.73277282714844,1.2110003232955933
3302,174.5052553635489,5.293015003204346,11.220505714416504,35.62799072265625,1.2110943794250488
3303,179.0928865152785,4.47888708114624,11.080204010009766,35.954315185546875,1.2111479043960571
3304,169.3233128671273,4.765798568725586,11.372259140014648,36.4898681640625,1.2111932039260864
3305,182.60185048447084,5.611108303070068,11.385024070739746,36.43169021606445,1.2112879753112793
3306,174.84986923327997,4.539853572845459,11.522771835327148,36.49125671386719,1.211334228515625
3307,157.35369146655253,5.133449077606201,11.808431625366211,37.24690246582031,1.211474061012268
3308,175.73505871305377,5.736937522888184,11.800666809082031,36.974578857421875,1.2116845846176147
3309,174.698342172372,5.853792190551758,11.991968154907227,37.48809814453125,1.2119522094726562
3310,183.18557176690632,5.5030412673950195,11.765141487121582,37.52846908569336,1.212229609489441
3311,179.6442061036227,5.39609956741333,11.87709903717041,38.0240364074707,1.2125588655471802
3312,133.88498960956335,3.6881141662597656,12.976541519165039,39.8928337097168,1.212891697883606
3313,154.5105749635606,5.044548511505127,12.700105667114258,38.7241325378418,1.2132964134216309
3314,144.66794510892294,2.9240171909332275,13.004523277282715,39.444271087646484,1.2136114835739136
3315,136.0700835914512,4.01384973526001,13.5213623046875,40.33594512939453,1.2139534950256348
3316,183.5089516597192,5.239953517913818,12.762137413024902,38.99229431152344,1.2142678499221802
3317,172.0908437170065,5.243132591247559,12.83094310760498,39.55350112915039,1.2146121263504028
3318,126.65930228250137,2.8444223403930664,14.308065414428711,41.348114013671875,1.2149165868759155
3319,132.23284419168772,2.5345983505249023,14.579611778259277,41.6971321105957,1.2151508331298828
3320,144.31717742294705,3.3536932468414307,13.92586612701416,41.11520004272461,1.2153338193893433
3321,138.51499107329292,3.991359233856201,14.42158317565918,41.67844772338867,1.215563178062439
3322,86.60503666738776,0.049162037670612335,19.885509490966797,45.62968063354492,1.2157503366470337
3323,121.91002650689688,1.4277957677841187,15.326944351196289,42.902591705322266,1.2158492803573608
3324,178.02726910804336,4.825379848480225,14.003952980041504,41.377899169921875,1.2159377336502075
3325,113.51925117468518,2.1941020488739014,16.23064613342285,43.92776107788086,1.216033697128296
3326,117.77833472465886,2.066617965698242,16.506669998168945,44.65074157714844,1.216101050376892
3327,145.33849491062452,3.659663438796997,15.553995132446289,42.85810470581055,1.2161693572998047
3328,105.92645685004064,0.4245303273200989,18.00723648071289,46.002540588378906,1.2161812782287598
3329,106.4602328860314,1.5898182392120361,17.864059448242188,45.84567642211914,1.2162081003189087
3330,144.21169292683027,3.5768237113952637,16.035236358642578,44.26746368408203,1.216255784034729
3331,87.36007933677281,0.7330639362335205,22.436128616333008,48.23686981201172,1.2163482904434204
3332,117.14316112827419,2.900942325592041,17.7780818939209,45.90055465698242,1.2165335416793823
3333,129.91971512019683,3.0586323738098145,17.89006996154785,46.299560546875,1.2167456150054932
3334,170.95255529377417,4.992079257965088,15.94398307800293,44.08950424194336,1.2169967889785767
3335,143.1118444681679,3.129253625869751,16.7320499420166,45.91356658935547,1.2172266244888306
3336,86.59642013769317,0.30221620202064514,23.854755401611328,50.872894287109375,1.2174605131149292
3337,128.58631687090605,2.464771032333374,18.090564727783203,47.16877746582031,1.2176750898361206
3338,103.29996869423798,0.24583308398723602,20.423757553100586,49.03923034667969,1.2178367376327515
3339,79.79159244205033,-1.3660264015197754,26.740028381347656,53.20363235473633,1.2179640531539917
3340,101.34212548363007,-0.22863779962062836,20.78253936767578,49.793540954589844,1.2180421352386475
3341,101.26507217946622,1.2986962795257568,20.957242965698242,50.01840591430664,1.2181949615478516
3342,123.04511414904673,1.9030193090438843,18.669448852539062,49.13090896606445,1.2183408737182617
3343,162.14826926549296,3.3716318607330322,17.05051040649414,47.470516204833984,1.2184489965438843
3344,152.92410902366916,3.657655715942383,17.437728881835938,48.3730583190918,1.2185925245285034
3345,167.67815724042947,3.167158603668213,16.986621856689453,47.4882698059082,1.218671441078186
3346,85.62898975816212,-2.4538004398345947,26.36635971069336,54.346824645996094,1.2186752557754517
3347,156.43306339291223,3.167776584625244,17.894285202026367,48.760738372802734,1.2186709642410278
3348,122.0743422043989,0.7011692523956299,19.040674209594727,51.143394470214844,1.2186204195022583
3349,97.89639761283308,-0.6751481294631958,23.676332473754883,53.821529388427734,1.2185355424880981
3350,112.12554213353654,1.1421315670013428,20.373310089111328,52.706722259521484,1.2184721231460571
3351,172.92446097149698,4.06387186050415,17.071985244750977,48.513336181640625,1.2184292078018188
3352,174.71016482594163,4.14061164855957,17.366519927978516,48.68860626220703,1.2184075117111206
3353,177.39905083738523,4.5050740242004395,16.940401077270508,49.2415657043457,1.2184735536575317
3354,174.04474265690104,3.9285976886749268,17.213266372680664,50.009517669677734,1.2185319662094116
3355,146.60294382565664,2.9610278606414795,18.52893829345703,51.087406158447266,1.218603491783142
3356,170.82060884363852,4.564075946807861,17.537912368774414,49.63680648803711,1.218834400177002
3357,178.91291942285383,5.159241676330566,17.215991973876953,50.205013275146484,1.2191206216812134
3358,170.23044420776515,3.9473862648010254,17.74965476989746,50.1799201965332,1.219404697418213
3359,133.79768552692516,1.711732268333435,19.47833251953125,53.19749069213867,1.2196317911148071
3360,165.479656184056,4.160425186157227,18.02511215209961,50.572940826416016,1.2198954820632935
3361,171.60641039295234,3.833552360534668,17.689693450927734,51.4957275390625,1.2201451063156128
3362,172.93454343449037,3.165503740310669,18.236106872558594,51.63412857055664,1.220342993736267
3363,166.1707842571077,3.6444385051727295,18.992761611938477,51.95680236816406,1.2205352783203125
3364,170.71925050627837,4.08851432800293,19.561193466186523,52.48410415649414,1.2207798957824707
3365,166.3474893818576,4.191951751708984,21.01082420349121,52.71772384643555,1.2210599184036255
3366,177.5444241976543,3.922452688217163,21.177154541015625,53.50333786010742,1.221326231956482
3367,168.62457390026984,3.70649790763855,22.335689544677734,53.69629669189453,1.2215907573699951
3368,169.33117284398924,4.120454788208008,22.68527603149414,53.62899398803711,1.2218785285949707
3369,175.68982060397587,3.16218900680542,22.881938934326172,54.46082305908203,1.2221075296401978
3370,175.94056112610932,3.905869960784912,23.276172637939453,54.51060104370117,1.2223378419876099
3371,166.49426078907842,3.5727694034576416,23.994543075561523,54.480228424072266,1.222585678100586
3372,172.50103760268595,4.101925373077393,23.68313217163086,55.08135986328125,1.2228647470474243
3373,169.22579165195773,3.0148091316223145,24.01350975036621,55.05611801147461,1.2230983972549438
3374,181.49507764906696,4.487706184387207,23.50339126586914,55.875247955322266,1.223399043083191
3375,175.96175089178018,3.6163837909698486,24.034652709960938,56.06699752807617,1.2236751317977905
3376,172.17855513549574,3.883211135864258,24.38249397277832,56.36176300048828,1.2239999771118164
3377,167.00774784675968,3.8176774978637695,24.601274490356445,56.58328628540039,1.2243536710739136
3378,170.2226924964752,3.621697425842285,24.969364166259766,57.03135299682617,1.2247267961502075
3379,166.92707845376515,1.83551025390625,25.140268325805664,57.45161437988281,1.2250087261199951
3380,169.401874348808,3.9651875495910645,25.640933990478516,57.941036224365234,1.2253131866455078
3381,180.55763418671987,3.3300600051879883,25.105154037475586,58.83595275878906,1.225578784942627
3382,172.99687965057734,3.7127227783203125,25.775651931762695,58.61225128173828,1.2258702516555786
3383,165.9089122432049,3.491880178451538,26.31987762451172,58.56657791137695,1.226218342781067
3384,172.99819039614056,3.177422285079956,25.669584274291992,59.38390350341797,1.2265353202819824
3385,168.47152228498672,2.7165937423706055,25.671091079711914,59.38630294799805,1.2268069982528687
3386,175.50732301081624,3.3836781978607178,24.805192947387695,60.0434455871582,1.227068305015564
3387,169.74214299009475,3.2464160919189453,25.22861099243164,60.11851119995117,1.2273176908493042
3388,171.26690311503194,2.8644354343414307,24.620180130004883,60.34946060180664,1.2275344133377075
3389,172.58727941543833,3.3586690425872803,24.699003219604492,60.69633483886719,1.2277480363845825
3390,172.77000469277712,3.111346960067749,24.881370544433594,61.154571533203125,1.2279514074325562
3391,170.29297121014395,2.9644360542297363,26.792884826660156,61.40160369873047,1.2281346321105957
3392,181.42039885666043,3.9700703620910645,26.258121490478516,61.85268783569336,1.2283469438552856
3393,175.1153761958379,3.9472880363464355,27.2375545501709,62.0853271484375,1.2286382913589478
3394,171.25388537357452,1.5826632976531982,27.09624481201172,62.007041931152344,1.2288497686386108
3395,174.12132954234255,3.0502898693084717,27.23320770263672,62.27701950073242,1.2290438413619995
3396,174.88499153562248,3.053567886352539,26.00358009338379,62.63135528564453,1.2292264699935913
3397,172.95743829030567,3.0130295753479004,26.151241302490234,62.55531692504883,1.229399561882019
3398,179.64175836499737,1.8543176651000977,24.423521041870117,62.66608428955078,1.2294949293136597
3399,173.6588810417735,3.1689960956573486,24.151132583618164,62.713623046875,1.2296048402786255
3400,181.39311996315197,3.2062792778015137,23.331287384033203,62.999351501464844,1.2297091484069824
3401,171.36916308268292,2.9218292236328125,23.516437530517578,62.8422966003418,1.2298134565353394
3402,171.39081876682081,2.8403584957122803,23.208568572998047,62.92262268066406,1.2299175262451172
3403,162.7672475967663,2.551478385925293,24.022972106933594,62.84382629394531,1.2300304174423218
3404,172.47244702362542,3.239239454269409,24.068326950073242,63.31389236450195,1.230165719985962
3405,181.1302566604152,3.7120468616485596,23.072940826416016,63.5551643371582,1.2303756475448608
3406,173.31476909419519,2.987987995147705,23.900829315185547,63.60913848876953,1.2305794954299927
3407,178.67513095352317,1.970116138458252,23.797189712524414,64.05831909179688,1.2306991815567017
3408,168.38389995161327,2.4187967777252197,24.794469833374023,64.0323486328125,1.2307995557785034
3409,163.84894490611768,2.7195327281951904,25.446882247924805,64.08745574951172,1.230939269065857
3410,165.8925590505969,2.776249408721924,25.04513931274414,64.3275146484375,1.2311187982559204
3411,166.73119693152063,2.8227877616882324,25.105655670166016,64.62159729003906,1.231319785118103
3412,171.27964427104905,2.82430362701416,24.59882164001465,65.04782104492188,1.2315157651901245
3413,166.42497599413377,2.128007173538208,25.65784454345703,64.87515258789062,1.231676697731018
3414,173.04798189466425,2.7187418937683105,24.683685302734375,65.08370208740234,1.2318235635757446
3415,164.39948832996603,2.9046471118927,24.858551025390625,65.32630920410156,1.2320212125778198
3416,166.50953927088744,2.5962367057800293,25.994354248046875,65.60366821289062,1.2322157621383667
3417,170.1089590601478,2.4804980754852295,24.336437225341797,65.65284729003906,1.2323945760726929
3418,171.10733751992422,2.029437303543091,24.35239028930664,65.931640625,1.2325338125228882
3419,168.07725187172298,1.7424558401107788,24.72027015686035,65.76557159423828,1.2326321601867676
3420,162.95803653993246,3.2045161724090576,24.824993133544922,65.72895812988281,1.2329140901565552
3421,164.28856358929417,1.6447573900222778,25.29159927368164,66.25300598144531,1.2331491708755493
3422,165.11972108031583,2.9107420444488525,25.18354606628418,66.4161605834961,1.233424186706543
3423,174.1658028623296,1.8060985803604126,24.963455200195312,67.1220703125,1.2336407899856567
3424,180.51594139205775,2.5886406898498535,24.56295394897461,67.5044937133789,1.2338318824768066
3425,164.45767180264903,2.6533567905426025,25.323333740234375,67.2693099975586,1.2341388463974
3426,167.65133978119187,1.1567773818969727,25.250478744506836,67.63134765625,1.2343721389770508
3427,167.96596104404517,2.6953587532043457,25.740201950073242,67.87012481689453,1.234632134437561
3428,174.0987927591853,0.7081344127655029,25.484615325927734,68.38816833496094,1.234788179397583
3429,165.1962613173162,1.3751112222671509,26.628623962402344,68.5958023071289,1.234899878501892
3430,161.93303340740113,2.5413601398468018,26.789133071899414,68.76680755615234,1.2351588010787964
3431,167.0649853339524,1.8801392316818237,26.6677188873291,68.89041137695312,1.2353883981704712
3432,161.3714695883754,2.3325860500335693,26.640254974365234,68.77767181396484,1.2356923818588257
3433,176.2228711986852,0.8055059313774109,25.421215057373047,69.6196060180664,1.2359256744384766
3434,175.38719139397233,2.662170886993408,26.121854782104492,70.0965576171875,1.2361605167388916
3435,158.50773233139486,0.06662502139806747,26.929410934448242,69.38015747070312,1.2363228797912598
3436,166.29733795529037,1.5367112159729004,26.83500862121582,69.98880767822266,1.2364420890808105
3437,163.67845414697902,1.6788793802261353,27.141267776489258,70.1872329711914,1.2365518808364868
3438,176.86103005642556,2.6237499713897705,26.24587059020996,70.89556884765625,1.2367050647735596
3439,167.02304808101383,0.4265648424625397,26.895761489868164,70.89939880371094,1.2367955446243286
3440,170.36516762493304,1.8655682802200317,26.94990348815918,71.2820816040039,1.2368711233139038
3441,169.4738045170393,1.1245850324630737,27.12761116027832,71.65435028076172,1.2369179725646973
3442,165.70320160004744,1.9177879095077515,27.52361297607422,71.85970306396484,1.236977458000183
3443,163.53724562750295,0.7772863507270813,27.492177963256836,72.03553771972656,1.2369965314865112
3444,166.97664431973973,1.9592169523239136,27.532682418823242,72.11710357666016,1.23703134059906
3445,165.28676044568354,0.915537416934967,27.37665557861328,72.40438079833984,1.237033486366272
3446,168.74040872154706,2.1014039516448975,27.230609893798828,72.82427978515625,1.2370749711990356
3447,164.36366653847676,0.35116297006607056,27.633167266845703,72.46121978759766,1.2370657920837402
3448,163.5830933809661,1.3503167629241943,27.91556739807129,72.44153594970703,1.237047553062439
3449,163.83284406694563,0.5762361288070679,27.82579231262207,72.66803741455078,1.236984133720398
3450,164.42319163312055,1.510369062423706,28.164104461669922,72.8691177368164,1.2369216680526733
3451,164.70047535238325,0.8782144784927368,27.944549560546875,72.91513061523438,1.236843466758728
3452,169.8586191791866,2.0516090393066406,27.678958892822266,73.12501525878906,1.236806035041809
3453,172.35117962332453,2.008594512939453,27.377193450927734,73.19600677490234,1.236788272857666
3454,169.24684496809047,2.1739020347595215,27.630624771118164,73.3470230102539,1.2368310689926147
3455,167.1255962412911,1.2552915811538696,28.307903289794922,73.2859115600586,1.2368544340133667
3456,172.3666565400628,2.0447299480438232,27.5358943939209,73.68922424316406,1.236892819404602
3457,169.27643122349426,0.9302976727485657,28.049760818481445,74.04328155517578,1.2369110584259033
3458,163.67722228440897,0.9860440492630005,28.088581085205078,74.13412475585938,1.2369073629379272
3459,167.74871312053747,1.0619646310806274,28.350460052490234,74.43685913085938,1.2368890047073364
3460,166.022753783583,1.8938090801239014,28.482194900512695,74.6581039428711,1.2369283437728882
3461,167.03401167132773,1.4043508768081665,28.252227783203125,74.71369934082031,1.2369601726531982
3462,164.72752574662317,1.6187975406646729,28.668081283569336,74.76612854003906,1.2370067834854126
3463,171.1409820950767,1.7555652856826782,28.041358947753906,75.33541107177734,1.237066388130188
3464,165.33955239827122,1.3932491540908813,28.467247009277344,75.40702056884766,1.2371330261230469
3465,167.45618580760438,1.3505756855010986,28.756868362426758,75.77082824707031,1.2371922731399536
3466,170.89962360235066,2.1168529987335205,28.444114685058594,75.98296356201172,1.237283706665039
3467,169.8912868984649,2.4164698123931885,28.500009536743164,76.41770935058594,1.2374651432037354
3468,174.0197838005215,2.026548385620117,28.231000900268555,76.5882339477539,1.2377283573150635
3469,166.04117671120497,-0.12449297308921814,28.864776611328125,76.22936248779297,1.2379099130630493
3470,167.37683266568285,1.1144136190414429,29.005197525024414,76.67584991455078,1.2380642890930176
3471,172.28096289223893,1.0492595434188843,28.828468322753906,77.14607238769531,1.2381854057312012
3472,172.66155622421718,2.0945839881896973,28.663297653198242,76.91832733154297,1.2383311986923218
3473,175.14566470798604,1.196507453918457,28.631380081176758,77.19783782958984,1.238442301750183
3474,166.9009115243578,1.6690114736557007,29.715805053710938,77.1034164428711,1.2385762929916382
3475,160.398866127223,0.6587026715278625,30.059188842773438,76.70709228515625,1.2386903762817383
3476,168.6886108448156,2.077763795852661,29.247066497802734,77.53630828857422,1.2389003038406372
3477,171.80292780873867,1.5996531248092651,28.952651977539062,77.72605895996094,1.2391198873519897
3478,172.02445712919166,0.5661283731460571,29.041231155395508,77.91043090820312,1.23928701877594
3479,171.60356629480464,-0.45277300477027893,29.15241813659668,78.12928009033203,1.2393922805786133
3480,167.37288939438767,1.8673254251480103,29.462099075317383,77.98707580566406,1.2395704984664917
3481,164.7913464613251,-0.21479275822639465,29.527626037597656,78.31193542480469,1.2396928071975708
3482,164.91433206782364,-2.4825680255889893,29.695375442504883,78.76344299316406,1.2397019863128662
3483,159.96378164348266,0.615835964679718,31.559814453125,78.01467895507812,1.2397105693817139
3484,162.64704056967517,1.079345464706421,30.012229919433594,79.05325317382812,1.2397416830062866
3485,167.57320335784635,1.4366674423217773,29.800703048706055,79.00377655029297,1.2397929430007935
3486,167.6201945550496,0.5426576733589172,29.47121238708496,79.20132446289062,1.2398158311843872
3487,168.84321204049377,0.8386503458023071,29.58477020263672,79.55110168457031,1.2398244142532349
3488,171.00853256132845,0.9999071359634399,29.64752197265625,79.29420471191406,1.2398260831832886
3489,165.5865541113599,1.7598316669464111,30.151500701904297,79.10665130615234,1.239864706993103
3490,168.38322958412004,1.6591638326644897,29.293750762939453,79.1057357788086,1.2399415969848633
3491,180.05150276178017,2.176959753036499,28.50923728942871,79.04444885253906,1.2400590181350708
3492,168.2154725342539,1.1341298818588257,29.147546768188477,78.87454986572266,1.240169882774353
3493,168.81709368463893,1.4474167823791504,28.730960845947266,78.6398696899414,1.240286946296692
3494,164.7987407902154,-0.6894289255142212,28.484710693359375,78.0511245727539,1.240352749824524
3495,161.73725392014225,1.4359301328659058,29.176189422607422,77.52293395996094,1.2404839992523193
3496,165.99200733113304,1.2077178955078125,27.594097137451172,78.35796356201172,1.240621566772461
3497,163.46675399279982,1.5809595584869385,27.833730697631836,78.45658111572266,1.2408076524734497
3498,165.67184534190167,1.7744073867797852,27.552961349487305,78.36710357666016,1.2410370111465454
3499,169.86312085195402,0.21427412331104279,27.214670181274414,78.29965209960938,1.241199254989624
3500,165.32419428729497,-0.15494798123836517,26.887361526489258,78.62113952636719,1.2413058280944824
3501,163.37117531346632,-1.6519978046417236,25.88410758972168,78.81305694580078,1.2413233518600464
3502,167.8764497023227,1.1381022930145264,24.099464416503906,78.66802978515625,1.2413445711135864
3503,156.32519372026607,0.8800430297851562,25.020952224731445,77.2510986328125,1.241407871246338
3504,164.38753080873732,0.9711461663246155,23.275041580200195,78.18482208251953,1.2414740324020386
3505,163.7983666336793,0.9135626554489136,22.858924865722656,77.86209106445312,1.2415480613708496
3506,163.69677130295153,1.0096842050552368,22.83477210998535,77.77233123779297,1.2416419982910156
3507,157.16854450514023,-1.6543173789978027,24.095134735107422,76.06723022460938,1.2416449785232544
3508,160.31813082289239,0.545616865158081,22.707761764526367,77.85810852050781,1.2416431903839111
3509,166.90631269334386,1.3667576313018799,21.399612426757812,78.54147338867188,1.2416812181472778
3510,162.9166891353304,1.3185057640075684,19.585771560668945,78.26753997802734,1.241810917854309
3511,159.72406199546515,-0.31935232877731323,17.378572463989258,77.77457427978516,1.2418736219406128
3512,162.02479006804174,1.2392942905426025,16.057720184326172,77.24971771240234,1.24201238155365
3513,161.15037828679365,0.4808245301246643,14.914562225341797,75.73591613769531,1.2421237230300903
3514,156.57610970068745,-0.22217343747615814,16.08328628540039,74.25690460205078,1.2421878576278687
3515,157.716261495466,0.9083284735679626,15.427728652954102,75.44551086425781,1.2423152923583984
3516,157.4722715943191,0.5789095163345337,15.980865478515625,74.36729431152344,1.2424416542053223
3517,148.89318509014473,0.5850478410720825,17.650354385375977,73.50665283203125,1.2425943613052368
3518,160.06231446944378,0.9163233637809753,14.886713027954102,75.92890167236328,1.242760419845581
3519,160.3271249539918,0.6399391889572144,14.536163330078125,75.61151885986328,1.2429202795028687
3520,160.4189276740766,0.5205656886100769,14.482585906982422,75.71668243408203,1.2430669069290161
3521,155.49740423493824,0.49813419580459595,14.980056762695312,76.33699798583984,1.24322509765625
3522,157.95776583066825,0.5189563035964966,13.870420455932617,76.86134338378906,1.2433891296386719
3523,160.87175865237538,-0.3498345911502838,13.009984970092773,77.030029296875,1.2434755563735962
3524,151.74257292877078,0.05779184773564339,13.014569282531738,75.1136245727539,1.2435575723648071
3525,156.60008736478824,-0.03548289090394974,11.149599075317383,75.08796691894531,1.2436071634292603
3526,157.9541865809389,-0.41353464126586914,9.07719612121582,75.6788330078125,1.2435798645019531
3527,154.13760167482008,0.40012818574905396,9.649595260620117,73.45259857177734,1.243581771850586
3528,162.59529455836633,0.008689948357641697,8.579951286315918,75.01436614990234,1.2435427904129028
3529,158.7066807474405,0.7036634683609009,9.225993156433105,73.45307159423828,1.2435598373413086
3530,146.53180719777654,0.08567075431346893,9.251409530639648,71.27558898925781,1.2436171770095825
3531,157.0822615023159,0.5493666529655457,9.468955039978027,71.99984741210938,1.2437119483947754
3532,155.08553275136222,0.4888831079006195,9.483490943908691,71.11474609375,1.243831992149353
3533,155.2878565715824,0.00860593467950821,9.932884216308594,71.6899642944336,1.2439240217208862
3534,160.91374009516724,1.280137062072754,8.734783172607422,72.2076644897461,1.244120478630066
3535,161.16926957044228,0.33953630924224854,8.59814167022705,72.6685791015625,1.2443019151687622
3536,159.67928581566056,-2.2434048652648926,8.74428939819336,72.64459228515625,1.2443467378616333
3537,158.7494663624586,0.15329989790916443,8.587470054626465,72.59072875976562,1.2443703413009644
3538,158.61128648129633,0.4387224018573761,8.763915061950684,72.0924072265625,1.244431734085083
3539,159.41304020627373,-0.45211324095726013,8.746099472045898,72.20690155029297,1.2444238662719727
3540,166.89472142826855,0.2169416844844818,8.110095024108887,73.51313018798828,1.2443889379501343
3541,158.8625945177231,0.4450854957103729,8.574753761291504,71.57659149169922,1.2444480657577515
3542,161.361355743354,0.9012407660484314,7.833432197570801,72.76199340820312,1.2446017265319824
3543,162.7389641281274,0.20769092440605164,8.02521800994873,71.76228332519531,1.2447218894958496
3544,147.23050391552147,0.037563420832157135,8.50080680847168,70.6243896484375,1.2449020147323608
3545,166.41070444010657,0.8810192942619324,7.9616498947143555,73.47102355957031,1.2450896501541138
3546,162.0828526515633,0.3554021120071411,7.727142810821533,70.57007598876953,1.2452518939971924
3547,166.34803684940437,0.41109025478363037,7.885003089904785,72.08843994140625,1.245362401008606
3548,158.76691860197633,0.3762787878513336,8.089273452758789,69.66934967041016,1.2454684972763062
3549,160.53661571127623,0.3005109429359436,7.953047752380371,69.83543395996094,1.2455531358718872
3550,159.35468282823845,0.5599549412727356,7.903016567230225,69.26806640625,1.2456570863723755
3551,163.2799884830148,-0.11678873002529144,7.875328063964844,69.05060577392578,1.2457060813903809
3552,162.29796776231055,0.626194953918457,7.7294206619262695,69.43207550048828,1.2457698583602905
3553,156.1550317407767,0.5786083340644836,8.305074691772461,67.58031463623047,1.2458633184432983
3554,158.26628025656248,-0.02031489834189415,7.758299350738525,69.0298080444336,1.2459174394607544
3555,161.60561726680075,0.36398497223854065,7.741972923278809,69.02596282958984,1.2459540367126465
3556,165.00037637505363,0.4585333466529846,7.662139415740967,69.46977233886719,1.2459654808044434
3557,164.47255454723305,0.7391659021377563,7.980813503265381,70.9568862915039,1.2460079193115234
3558,157.08438313708228,-0.16486619412899017,8.259875297546387,69.21312713623047,1.2460097074508667
3559,139.23046361102996,-0.5723675489425659,13.532673835754395,78.30023956298828,1.2460516691207886
3560,163.3480382456532,0.4206715226173401,8.162839889526367,69.98458099365234,1.2460776567459106
3561,116.92603614133967,-1.4929063320159912,27.42237663269043,82.02320098876953,1.2461748123168945
3562,164.52339852267284,0.9040103554725647,8.875714302062988,72.69803619384766,1.2462996244430542
3563,153.95108797781708,0.1514829844236374,9.855082511901855,71.53588104248047,1.246425747871399
3564,163.9524969917928,0.37496861815452576,8.433606147766113,70.515380859375,1.2465256452560425
3565,120.38211490310609,-1.1534982919692993,21.1981201171875,77.6585922241211,1.2467213869094849
3566,162.48371770993936,0.4116673171520233,8.37024974822998,68.71062469482422,1.2468820810317993
3567,105.54941868142431,-2.973926544189453,29.51479721069336,81.39127349853516,1.2470391988754272
3568,163.58255253591582,0.8058302998542786,8.17601203918457,68.51882934570312,1.2472046613693237
3569,111.03892442789045,-4.083399295806885,22.825658798217773,79.83621978759766,1.2473007440567017
3570,101.3806641072117,-2.4691858291625977,31.31531524658203,81.16697692871094,1.2474855184555054
3571,139.3891446482892,-0.8686175346374512,15.22816276550293,70.87860870361328,1.2476277351379395
3572,138.6163502364538,-0.41649413108825684,15.959515571594238,71.20230102539062,1.247775673866272
3573,139.19630895460227,-0.41865670680999756,15.952348709106445,71.3061752319336,1.2479296922683716
3574,101.14285538635615,-2.370647668838501,24.724958419799805,77.38343048095703,1.248397946357727
3575,107.88787229795751,-2.07271409034729,24.125717163085938,77.15106201171875,1.2489409446716309
3576,113.98829089206961,-2.859053611755371,18.40283966064453,72.2563705444336,1.249390959739685
3577,162.44844546335773,1.4342845678329468,8.045695304870605,62.67173767089844,1.2499133348464966
3578,137.1918477287675,-0.5433737635612488,15.59763240814209,68.43492126464844,1.2503809928894043
3579,149.6591520818867,0.6944138407707214,10.963220596313477,64.218505859375,1.2509034872055054
3580,151.14620694257937,0.6493920683860779,8.862799644470215,63.51760482788086,1.2513936758041382
3581,134.6020386126239,-0.7468354105949402,15.708046913146973,67.41603088378906,1.2518235445022583
3582,163.9584175879141,1.192763090133667,7.987849235534668,59.745033264160156,1.2522376775741577
3583,102.0168087338677,-2.952777862548828,24.81515884399414,73.30314636230469,1.252614140510559
3584,99.67564741298332,-3.6183316707611084,26.09786033630371,73.12986755371094,1.2529288530349731
3585,165.54167022191123,1.049450159072876,8.08663272857666,58.817405700683594,1.2531812191009521
3586,137.55065955118917,-0.08473198115825653,12.384560585021973,62.315765380859375,1.2534096240997314
3587,147.7803252623584,-0.04019729793071747,9.225631713867188,61.35647201538086,1.2535566091537476
3588,130.4983926616507,-0.7397117018699646,16.944015502929688,63.658023834228516,1.2536672353744507
3589,95.29710698523827,-3.2919437885284424,27.64848518371582,70.68830108642578,1.25375235080719
3590,116.4530954010423,-1.7501033544540405,19.360464096069336,65.51608276367188,1.2538102865219116
3591,166.27733291429422,1.302240014076233,8.514890670776367,56.94866180419922,1.253832221031189
3592,92.35389549275934,-3.7107961177825928,32.3389778137207,71.31401062011719,1.2538236379623413
3593,155.83002182495926,1.2569135427474976,9.782739639282227,53.998416900634766,1.2537928819656372
3594,167.73918758718293,2.504945993423462,10.018654823303223,56.7597770690918,1.2537922859191895
3595,157.01852601855137,1.9104180335998535,10.071194648742676,54.39986038208008,1.2538305521011353
3596,139.7732633751855,1.1879801750183105,14.0590181350708,60.529991149902344,1.2539151906967163
3597,164.9899685423383,1.3865628242492676,9.874598503112793,56.053565979003906,1.2539520263671875
3598,159.0485597730645,1.0385057926177979,10.205123901367188,56.532630920410156,1.2539342641830444
3599,167.42803937326792,2.1105129718780518,10.741865158081055,56.40810012817383,1.253909707069397
3600,160.37244646726614,1.8194234371185303,10.990924835205078,56.22227478027344,1.2538918256759644
3601,166.36122353372036,2.245675563812256,10.427517890930176,56.74897766113281,1.2539047002792358
3602,162.14002381902887,1.5746142864227295,10.658506393432617,57.45606231689453,1.253894567489624
3603,167.35229465218387,2.0492048263549805,9.730753898620605,56.621395111083984,1.2538870573043823
3604,171.8655689679555,2.2312798500061035,10.717052459716797,57.8686408996582,1.2538756132125854
3605,159.56036038373713,0.9397757649421692,10.299812316894531,56.51243209838867,1.2538336515426636
3606,163.95322461785085,1.9252183437347412,10.307942390441895,57.070377349853516,1.2538126707077026
3607,161.28733367629175,1.2265777587890625,10.96335220336914,57.57933044433594,1.2537684440612793
3608,167.3791904914327,2.158179759979248,9.180218696594238,57.85693359375,1.2537882328033447
3609,160.46127296299082,1.4441334009170532,9.705429077148438,56.84992218017578,1.2538100481033325
3610,169.09640935588487,1.9729467630386353,6.469480037689209,58.08225631713867,1.2538317441940308
3611,164.59863777920356,1.5108203887939453,6.677719593048096,56.89625930786133,1.2538328170776367
3612,155.09006822688082,-0.03099878877401352,8.923653602600098,56.02471923828125,1.2537500858306885
3613,166.7453022362212,1.5701837539672852,6.946048736572266,57.79077911376953,1.2536579370498657
3614,161.3268972016665,1.2678759098052979,7.201296329498291,56.37785339355469,1.2535462379455566
3615,165.98377792545085,1.8142300844192505,6.730191707611084,57.84739303588867,1.2534855604171753
3616,165.4046708767472,2.076145887374878,6.750458240509033,57.81818389892578,1.2535606622695923
3617,168.80364352557797,0.979853093624115,6.440672397613525,58.114810943603516,1.2535589933395386
3618,158.65454938794426,0.8275940418243408,7.3162455558776855,56.05517578125,1.2535113096237183
3619,161.72454744064987,1.594675064086914,6.313405990600586,55.865657806396484,1.2534953355789185
3620,163.25150435945653,1.8605231046676636,5.505871295928955,56.90355682373047,1.2535065412521362
3621,168.3822048865574,1.391867995262146,5.468735694885254,57.78692626953125,1.25346839427948
3622,157.6487214377859,1.4164974689483643,6.644288063049316,55.8391227722168,1.25343656539917
3623,162.45716285307978,1.951784610748291,6.017252445220947,56.785823822021484,1.2534435987472534
3624,162.87316848716694,1.824021339416504,5.586235523223877,56.60972213745117,1.2534476518630981
3625,162.41978848979517,1.9109710454940796,6.153660297393799,56.30217742919922,1.2534757852554321
3626,175.2092038125503,2.48661208152771,5.597021102905273,58.06231689453125,1.2534905672073364
3627,156.8626089811144,0.8256329298019409,6.099223613739014,56.13638687133789,1.2534345388412476
3628,167.65298163190755,1.9801453351974487,5.4667816162109375,57.89013671875,1.2533695697784424
3629,162.5933153686645,2.002528429031372,5.599646091461182,57.51416778564453,1.253344178199768
3630,170.8803513888154,2.556040048599243,5.261435508728027,58.971466064453125,1.2533576488494873
3631,164.2426777887261,1.6840593814849854,5.940824031829834,58.34303665161133,1.2533503770828247
3632,162.6993160069555,2.126323699951172,6.570437431335449,59.072242736816406,1.2533730268478394
3633,170.46459896056672,2.411940574645996,5.702913761138916,59.76068878173828,1.2534533739089966
3634,163.93424161925935,1.9795682430267334,6.150529384613037,59.50603485107422,1.253555178642273
3635,163.27470206548043,1.0961928367614746,6.12540340423584,60.011741638183594,1.2535862922668457
3636,177.23924241186413,2.2828242778778076,6.048246383666992,61.13288116455078,1.2536009550094604
3637,161.9066296356358,1.4056421518325806,7.000583648681641,60.12337112426758,1.2536001205444336
3638,165.3618419228203,1.4942506551742554,6.472081661224365,61.10263442993164,1.2535748481750488
3639,166.16306551168088,1.7324624061584473,6.466259479522705,61.60530090332031,1.2535330057144165
3640,161.15621248575982,1.6073070764541626,7.138716697692871,60.97027587890625,1.2534990310668945
3641,166.2913224821013,1.491652011871338,6.360236167907715,62.225364685058594,1.2534472942352295
3642,168.92097983663226,1.7679117918014526,6.27079963684082,62.35676193237305,1.2533844709396362
3643,168.6944278519091,1.3845514059066772,6.294639587402344,62.68673324584961,1.2532819509506226
3644,175.37181886099324,1.8011502027511597,6.260927677154541,63.48690414428711,1.2531579732894897
3645,173.08889105048638,2.092022180557251,5.8332929611206055,63.430145263671875,1.2530540227890015
3646,165.39114917069932,1.0879663228988647,6.064906120300293,63.006710052490234,1.2529040575027466
3647,175.0627984036009,2.515349864959717,5.8166093826293945,63.2461051940918,1.2528289556503296
3648,166.81599807629973,1.7730125188827515,5.614558696746826,62.92866516113281,1.252766489982605
3649,166.3739294000311,1.6590304374694824,5.750062465667725,63.648231506347656,1.2527045011520386
3650,164.98715823234858,1.9922881126403809,5.590588092803955,63.64601516723633,1.2527793645858765
3651,163.86917935275684,0.9603118896484375,5.105442523956299,63.62732696533203,1.252799391746521
3652,180.5236387896199,2.1189491748809814,3.7857701778411865,64.34148406982422,1.2528034448623657
3653,174.43326204692568,1.9810454845428467,2.930004119873047,63.563804626464844,1.2528012990951538
3654,164.63410224744084,1.5959430932998657,2.73834228515625,62.08152389526367,1.2528386116027832
3655,168.4853789656829,1.654065728187561,2.616473436355591,63.077972412109375,1.252848505973816
3656,174.71080514541507,2.1988580226898193,2.6744518280029297,63.709712982177734,1.2529045343399048
3657,167.68375511033852,1.4725561141967773,2.692305564880371,63.51200485229492,1.2529371976852417
3658,166.01814072305953,1.4845869541168213,3.1247777938842773,64.0224380493164,1.2529622316360474
3659,168.64931400004596,1.6290826797485352,2.9274325370788574,63.5722541809082,1.2530068159103394
3660,168.5853345940241,1.6208610534667969,2.796978235244751,64.0686264038086,1.2530730962753296
3661,164.03871350148944,1.1242555379867554,3.0278308391571045,63.707679748535156,1.253091812133789
3662,160.1551893300202,0.6687669157981873,3.5117907524108887,62.74893569946289,1.2530683279037476
3663,165.10685792191998,1.658639907836914,3.048444986343384,64.31724548339844,1.2531193494796753
3664,165.74367457714106,0.7345378398895264,2.8133018016815186,64.1318359375,1.2531089782714844
3665,173.65435239179274,1.8420277833938599,2.7220351696014404,64.78744506835938,1.253104329109192
3666,164.4907406659651,1.390679121017456,2.5971791744232178,63.96775436401367,1.2531059980392456
3667,161.084823599025,1.1904572248458862,2.6113905906677246,63.161380767822266,1.253133773803711
3668,169.18318737771654,1.2354793548583984,2.45664644241333,65.01846313476562,1.2531179189682007
3669,168.21828594102854,1.5629371404647827,2.377734661102295,63.926944732666016,1.2531391382217407
3670,163.12238468210188,0.8879504203796387,2.4687182903289795,63.74982833862305,1.253122091293335
3671,159.3146798949227,0.6674444675445557,2.676398754119873,62.327171325683594,1.2530633211135864
3672,167.5471730499984,1.5438340902328491,2.4401724338531494,65.64022827148438,1.2530550956726074
3673,169.0318555908715,1.4531984329223633,2.443308115005493,65.20642852783203,1.2530537843704224
3674,167.24428523383966,1.0199570655822754,2.496450901031494,65.72810363769531,1.252968668937683
3675,165.55168163691886,1.0206903219223022,2.4990737438201904,65.2276840209961,1.2528445720672607
3676,161.36066574733564,0.5671297907829285,2.9511845111846924,64.21692657470703,1.2526823282241821
3677,161.463370039034,1.0969889163970947,3.070671319961548,64.38146209716797,1.252548336982727
3678,163.13605744471616,0.8853694796562195,2.4050400257110596,65.65199279785156,1.252381682395935
3679,169.96635975294222,1.542945146560669,2.0371572971343994,66.29476165771484,1.2522367238998413
3680,164.29631886928564,1.1208796501159668,1.5592811107635498,65.34759521484375,1.2520955801010132
3681,161.74824236173865,1.1418886184692383,1.9563772678375244,65.76004791259766,1.2520503997802734
3682,165.39311910781066,1.1874524354934692,1.2366573810577393,66.0818862915039,1.2520477771759033
3683,169.17295866308817,1.387128233909607,0.9665986895561218,65.69116973876953,1.2520322799682617
3684,164.6601466234184,1.3378348350524902,1.1438651084899902,63.92543411254883,1.2520337104797363
3685,165.3364562232705,1.2831342220306396,1.0267529487609863,64.59720611572266,1.2520161867141724
3686,104.11001976986509,-2.549252510070801,57.19131851196289,78.19210815429688,1.2520068883895874
3687,55.76641853964272,-11.360464096069336,186.57037353515625,82.64077758789062,1.2519673109054565
3688,95.5600312970628,-3.3507022857666016,68.8068618774414,77.81734466552734,1.2519274950027466
3689,131.8095012705032,-0.6398898363113403,11.125150680541992,68.34725189208984,1.2518681287765503
3690,86.912614149892,-7.281579494476318,90.33470916748047,78.53482055664062,1.251752257347107
3691,118.79967868623595,-0.7654175758361816,24.763877868652344,72.25511932373047,1.2517012357711792
3692,84.89984137818078,-3.2772672176361084,89.5001449584961,77.3482666015625,1.2516807317733765
3693,95.87058218353135,-2.512990713119507,61.41743087768555,75.75253295898438,1.251686930656433
3694,50.48280828945612,-14.72895336151123,186.38299560546875,80.90269470214844,1.2516409158706665
3695,48.037970222998624,-25.493358612060547,195.16561889648438,80.94991302490234,1.2515099048614502
3696,55.58462722953254,-6.145122051239014,161.46231079101562,78.96931457519531,1.251499056816101
3697,70.13707031295426,-7.034813404083252,120.6640396118164,76.83685302734375,1.2514642477035522
3698,60.987441961790374,-6.969250679016113,138.6615753173828,77.31600952148438,1.2514421939849854
3699,84.5142054103438,-3.812429904937744,79.30854034423828,74.568359375,1.2514232397079468
3700,60.73037205650277,-5.810823917388916,140.9323272705078,76.57611083984375,1.2514504194259644
3701,61.95270976832513,-4.141750335693359,136.31260681152344,76.23429870605469,1.251778483390808
3702,69.09892378655876,-11.318561553955078,116.21709442138672,75.27519226074219,1.2519985437393188
3703,51.15180055326047,-16.11741065979004,165.38743591308594,76.56497192382812,1.2521270513534546
3704,57.250815687615514,-6.770351409912109,143.36224365234375,75.5453872680664,1.2522659301757812
3705,104.14525616507441,-0.8080950975418091,22.66316032409668,65.55765533447266,1.252486228942871
3706,73.76459097594119,-4.387307167053223,70.71115112304688,72.08602142333984,1.2526898384094238
3707,62.95104679873393,-4.044442653656006,109.4256362915039,74.01657104492188,1.2530033588409424
3708,57.89232166360168,-4.815535068511963,127.10181427001953,74.44551086425781,1.253374695777893
3709,62.7407817689142,-6.554320812225342,94.89109802246094,72.74031829833984,1.2536979913711548
3710,66.08708792104035,-4.544620037078857,67.39749145507812,69.57794189453125,1.25401771068573
3711,58.280453169327146,-12.999871253967285,84.76138305664062,70.53804779052734,1.2542203664779663
3712,57.97980124000889,-6.6717915534973145,83.8275146484375,70.03746032714844,1.254404067993164
3713,61.77691355011135,-4.768037796020508,65.00899505615234,66.54452514648438,1.2546062469482422
3714,77.3771487230211,-2.5446579456329346,45.827919006347656,62.580970764160156,1.2548153400421143
3715,64.75685343499056,-3.8146419525146484,60.886566162109375,64.92796325683594,1.2550674676895142
3716,71.51629928943878,-2.498319149017334,51.2666015625,62.303680419921875,1.2553819417953491
3717,87.00175509708059,-0.9151214361190796,35.47249984741211,58.4455451965332,1.2557910680770874
3718,69.18530402697733,-5.412704944610596,50.70570373535156,61.168739318847656,1.25612211227417
3719,69.89143877189706,-3.441885232925415,46.82724380493164,59.52997970581055,1.2564276456832886
3720,72.23280726863847,-3.2412331104278564,44.11751174926758,58.18426513671875,1.2567007541656494
3721,65.69183786257045,-4.288801193237305,48.167903900146484,58.34931945800781,1.2569352388381958
3722,94.98546165390977,-0.24629926681518555,19.677404403686523,52.34029006958008,1.2571650743484497
3723,91.24873334673664,-0.6319682002067566,19.48845863342285,52.01960754394531,1.257375717163086
3724,73.25792355002784,-1.2833398580551147,40.886932373046875,54.27302169799805,1.2576513290405273
3725,73.59094194828408,-2.692046880722046,41.38785934448242,54.521549224853516,1.2578816413879395
3726,100.35986831709691,-0.4440807104110718,12.632791519165039,49.18403625488281,1.2580490112304688
3727,134.93606240407615,2.421257734298706,2.2631537914276123,42.3693962097168,1.2581877708435059
3728,99.81127453799398,0.10551486164331436,12.143160820007324,48.83782958984375,1.2582930326461792
3729,79.07271648723679,-2.9428629875183105,34.55039978027344,53.04410934448242,1.2583271265029907
3730,158.85137954427105,4.086246013641357,1.2387064695358276,37.694732666015625,1.2584972381591797
3731,151.04458144269805,3.2035913467407227,1.190819501876831,38.31679916381836,1.2585744857788086
3732,125.84255682374393,2.2652294635772705,2.437088966369629,40.87531661987305,1.258644938468933
3733,166.9218226596859,4.030633449554443,1.453137755393982,36.159156799316406,1.2586565017700195
3734,98.465457833513,0.8904702067375183,11.328587532043457,48.5739631652832,1.2587485313415527
3735,167.1587708554538,3.850238084793091,1.378313422203064,36.323753356933594,1.2587990760803223
3736,165.8544428547272,4.065513610839844,1.6420742273330688,36.67549514770508,1.2588740587234497
3737,165.24116630591067,3.652294874191284,1.7399557828903198,36.936580657958984,1.258912444114685
3738,145.68714876268683,2.6774282455444336,2.655921459197998,41.67238235473633,1.258887767791748
3739,163.6435714021685,3.7790021896362305,2.569518566131592,37.948978424072266,1.258898138999939
3740,154.75576646430207,3.3062963485717773,2.9926741123199463,39.63148498535156,1.2589116096496582
3741,144.67343069353456,2.756727457046509,3.0705068111419678,41.99916458129883,1.2589178085327148
3742,168.80244849908757,3.6405766010284424,2.910059928894043,39.3836669921875,1.2589235305786133
3743,169.0035993146829,3.7670531272888184,3.4143378734588623,40.09463882446289,1.2589184045791626
3744,167.23416440377827,3.509303569793701,3.158864736557007,39.86906433105469,1.2589205503463745
3745,170.37497808284206,4.097945213317871,3.5253841876983643,41.080101013183594,1.2589694261550903
3746,164.8147413735135,3.1763291358947754,3.7069692611694336,40.792152404785156,1.2589889764785767
3747,169.16591037198793,3.7152767181396484,3.7644524574279785,41.63544845581055,1.2590434551239014
3748,167.80798726871865,3.5269298553466797,3.902219772338867,42.443973541259766,1.2591279745101929
3749,169.0658567148756,3.352369546890259,4.099116325378418,42.94707489013672,1.2591922283172607
3750,166.7388229104032,3.259552001953125,4.655027389526367,43.10468673706055,1.2592545747756958
3751,169.63333948205295,3.1381518840789795,5.327672958374023,43.67991256713867,1.2592848539352417
3752,173.1547481324871,4.247180461883545,5.607605457305908,45.40778732299805,1.2593821287155151
3753,168.16579391398307,3.163194417953491,5.5920562744140625,44.40473175048828,1.2595189809799194
3754,168.5332709636466,2.387755870819092,6.223496437072754,45.81589126586914,1.2595800161361694
3755,167.60226444309973,2.5560028553009033,6.384711265563965,45.56598663330078,1.2595882415771484
3756,164.15334636624837,1.951404333114624,6.651233673095703,45.19147872924805,1.2595185041427612
3757,166.16109221935963,1.274327039718628,7.028728485107422,46.44534683227539,1.2593412399291992
3758,165.27395314000563,2.8588879108428955,7.234731674194336,46.208534240722656,1.2591971158981323
3759,167.52752073456213,3.0297398567199707,7.106426239013672,46.10243225097656,1.259115219116211
3760,166.58946911794166,2.8553428649902344,7.198487758636475,47.46678924560547,1.2590305805206299
3761,167.7833065564661,1.8356443643569946,7.731415271759033,47.08139419555664,1.2588988542556763
3762,168.01285472002144,2.4221322536468506,8.294046401977539,46.612491607666016,1.2587543725967407
3763,165.836532363872,2.359153985977173,7.769815921783447,46.702388763427734,1.2585855722427368
3764,168.88638406896945,2.5057835578918457,7.249550819396973,47.72431182861328,1.2583962678909302
3765,166.5485955535349,2.9570727348327637,7.89192533493042,47.729061126708984,1.2582495212554932
3766,165.85238748911846,2.8208775520324707,7.751714706420898,46.7993278503418,1.2581150531768799
3767,165.43601577177674,3.1583750247955322,7.848025798797607,47.066986083984375,1.2581161260604858
3768,169.42696451097717,3.603604316711426,6.509680271148682,47.97092056274414,1.2582019567489624
3769,161.92676242906083,3.311246633529663,7.049749374389648,47.236358642578125,1.2583707571029663
3770,163.23351908869492,3.066638231277466,7.129899024963379,47.72932052612305,1.258561134338379
3771,164.4227561567167,2.910228729248047,5.442258358001709,47.779850006103516,1.2587121725082397
3772,166.76508548818455,3.2954065799713135,5.08804988861084,47.76899337768555,1.258855938911438
3773,168.53344296694925,3.330098867416382,4.470770835876465,48.5199089050293,1.2589744329452515
3774,166.772862419936,3.472688913345337,4.774075984954834,48.49294662475586,1.2591606378555298
3775,163.62965197392813,3.216567277908325,4.4656758308410645,48.602142333984375,1.2593508958816528
3776,165.051299426927,3.2444820404052734,4.275777339935303,48.5595817565918,1.259543538093567
3777,168.04065661447189,3.544959783554077,4.573129177093506,49.346736907958984,1.2597459554672241
3778,165.88251773183038,3.197604179382324,4.260136127471924,49.678199768066406,1.2599220275878906
3779,164.5052339000407,3.2223570346832275,4.391033172607422,49.741722106933594,1.2600821256637573
3780,163.6389654841279,2.930622100830078,4.483614921569824,50.28671646118164,1.2602001428604126
3781,165.41203241056124,3.2654776573181152,4.498592376708984,50.691619873046875,1.2603310346603394
3782,157.80527808141622,2.9567337036132812,4.882208347320557,50.4836311340332,1.2604581117630005
3783,163.39051608942907,3.124319314956665,5.055161952972412,51.78569793701172,1.260572910308838
3784,164.26367021710107,3.053133249282837,4.982991695404053,51.911033630371094,1.2606837749481201
3785,168.61968431435488,3.2184815406799316,4.800091743469238,53.116451263427734,1.2607719898223877
3786,163.04618524353847,3.335301399230957,5.905752658843994,53.65850830078125,1.2609509229660034
3787,164.99549084329257,3.354257345199585,5.502059459686279,54.1282844543457,1.2611831426620483
3788,161.43017877289768,2.871629238128662,5.976943016052246,54.42402267456055,1.2614150047302246
3789,160.23940167051586,3.1099796295166016,6.30566930770874,54.94131851196289,1.2616783380508423
3790,159.6961930072325,2.6496243476867676,6.752599716186523,55.56483459472656,1.2618812322616577
3791,162.10105144041142,3.2371315956115723,6.408616065979004,55.57243728637695,1.2621372938156128
3792,163.6436069808653,3.0882925987243652,6.3210554122924805,56.43087387084961,1.2624492645263672
3793,155.08210297029336,2.8623194694519043,6.443508148193359,55.73303985595703,1.262797236442566
3794,165.23164706083492,3.1691884994506836,5.766697406768799,56.426605224609375,1.263187050819397
3795,167.11729809620667,3.038433790206909,5.340094566345215,56.86672592163086,1.2635577917099
3796,163.48345750363347,3.056879758834839,5.391939163208008,56.695858001708984,1.2639976739883423
3797,157.62031138025137,2.366210460662842,5.8569159507751465,56.8618049621582,1.264370322227478
3798,162.68993379050482,3.029184341430664,5.229296684265137,56.78701400756836,1.264767050743103
3799,164.35495391905226,2.3749098777770996,5.294564723968506,57.34516525268555,1.2650765180587769
3800,164.0533838313596,2.405163049697876,5.299964904785156,57.810848236083984,1.2653146982192993
3801,162.3167824122234,2.529083728790283,5.2939019203186035,57.539249420166016,1.265494704246521
3802,166.16829278937422,2.2658884525299072,5.254515171051025,57.50413131713867,1.26560378074646
3803,161.4012624950139,2.824859619140625,5.466558456420898,57.725921630859375,1.265726923942566
3804,155.70148462364503,2.7795581817626953,5.422580718994141,57.24419403076172,1.2659344673156738
3805,159.00035063385732,1.899960994720459,5.58015251159668,57.23853302001953,1.2660681009292603
3806,163.99435518746307,2.4779415130615234,5.370443344116211,57.50996780395508,1.266173005104065
3807,159.21207740788256,2.6566720008850098,5.644972801208496,58.01591110229492,1.266311526298523
3808,162.96352574676965,1.8042329549789429,5.467304706573486,57.606910705566406,1.2663726806640625
3809,163.8428840907605,2.8620641231536865,5.519067764282227,57.844364166259766,1.2664541006088257
3810,162.89384323983566,2.4411401748657227,5.532677173614502,57.934452056884766,1.2665125131607056
3811,163.10326108647038,2.8958215713500977,5.620517253875732,57.739967346191406,1.2666343450546265
3812,158.800607148658,2.0871269702911377,5.626717567443848,57.5557861328125,1.2667075395584106
3813,163.7650063831691,2.445826768875122,5.5441365242004395,57.63661193847656,1.2667628526687622
3814,164.32501022063977,2.7493598461151123,5.69868803024292,57.48698043823242,1.2668333053588867
3815,162.3258622735435,2.4433746337890625,5.664629936218262,57.697017669677734,1.266884684562683
3816,158.42462027890087,1.7176111936569214,5.830702304840088,57.37003707885742,1.2668817043304443
3817,163.4027974401602,2.850153684616089,6.005670547485352,57.76255798339844,1.2669299840927124
3818,164.29430214839786,2.3205084800720215,5.746524810791016,57.802398681640625,1.2669349908828735
3819,154.76868488990587,2.553738832473755,6.103278160095215,57.7809944152832,1.266993522644043
3820,162.42712707800018,2.337085723876953,5.403672695159912,58.37592315673828,1.2670270204544067
3821,158.57638546078246,2.602330446243286,4.701691627502441,56.85895538330078,1.2670997381210327
3822,160.73585135810472,2.6279404163360596,3.5746264457702637,57.03068161010742,1.267229437828064
3823,164.2285658580813,1.8513492345809937,2.991793632507324,56.876155853271484,1.267245888710022
3824,154.46209873534605,2.352198839187622,3.1923277378082275,55.32949447631836,1.2672717571258545
3825,163.24612045411996,2.589475631713867,3.1115550994873047,56.33056640625,1.2672895193099976
3826,164.1038142058208,2.549595355987549,3.1640684604644775,56.06969451904297,1.2672981023788452
3827,161.37619131069056,2.4254724979400635,3.3073172569274902,55.37366485595703,1.2672924995422363
3828,157.9094252350031,2.3804097175598145,3.4143810272216797,54.630313873291016,1.2672885656356812
3829,165.10942236240493,2.8514890670776367,3.2688119411468506,55.493812561035156,1.2673219442367554
3830,164.56792355481383,2.7861082553863525,3.640505313873291,55.203182220458984,1.2673808336257935
3831,163.46482686793314,2.5718302726745605,3.6823976039886475,54.646881103515625,1.2674366235733032
3832,164.49404481646857,3.1648025512695312,3.6367437839508057,55.214027404785156,1.2675942182540894
3833,157.45080600789132,2.097810745239258,3.976919651031494,53.383358001708984,1.2676976919174194
3834,158.62417554262555,2.4191322326660156,4.057995796203613,53.82388687133789,1.2677818536758423
3835,164.3148450805788,2.4774253368377686,4.284360885620117,53.81163024902344,1.267837405204773
3836,151.2769362691698,2.743320941925049,4.751396656036377,52.80939483642578,1.2679392099380493
3837,160.2878236682995,2.022986650466919,3.8407483100891113,52.9066162109375,1.2679716348648071
3838,165.02921118483908,2.6770918369293213,3.92578387260437,53.85791015625,1.2679868936538696
3839,165.4978739329964,2.391629695892334,3.9314327239990234,52.36405563354492,1.2679635286331177
3840,169.17989922143593,2.6480493545532227,3.7577106952667236,53.16635513305664,1.2678947448730469
3841,162.6772955454995,2.4559452533721924,4.216517448425293,52.14128112792969,1.2677327394485474
3842,165.34554479135156,2.5990660190582275,4.02783727645874,52.64982223510742,1.2675660848617554
3843,160.62216385656154,2.8509726524353027,4.206476211547852,51.25862121582031,1.267458438873291
3844,161.1162699000306,2.4135892391204834,4.082171440124512,50.78395080566406,1.2673344612121582
3845,161.18459381535166,2.718371629714966,4.213143348693848,50.5190315246582,1.2672277688980103
3846,162.8220436058868,2.8102316856384277,4.260130405426025,50.17539596557617,1.267144799232483
3847,160.73561236809783,2.7453110218048096,4.27871036529541,50.69895553588867,1.2670809030532837
3848,167.31082601460136,2.8142335414886475,4.112615585327148,51.15437698364258,1.267001748085022
3849,160.71271607463441,2.2831192016601562,4.017419338226318,49.62035369873047,1.2668601274490356
3850,162.7753528041995,2.7284178733825684,3.7618110179901123,49.732627868652344,1.2667359113693237
3851,167.31149725034052,3.0380139350891113,3.0434324741363525,50.14767837524414,1.2666308879852295
3852,167.0586010710155,2.823328971862793,3.0883355140686035,49.90401077270508,1.2665256261825562
3853,164.49306538269533,2.9372646808624268,3.480865716934204,50.07451248168945,1.2664819955825806
3854,165.15982613509755,2.7879984378814697,3.8854527473449707,49.93867111206055,1.2664532661437988
3855,167.65664867565954,2.897714614868164,3.3473689556121826,50.40158462524414,1.2664175033569336
3856,160.43273595020952,2.5932114124298096,3.4209439754486084,49.37517166137695,1.2663825750350952
3857,168.5110203853672,2.2815210819244385,2.6430344581604004,50.196048736572266,1.2662404775619507
3858,166.48806594765867,2.6732139587402344,2.4700918197631836,49.49187469482422,1.2660952806472778
3859,166.56684155799778,3.231041669845581,2.0642266273498535,49.66923141479492,1.2660197019577026
3860,163.84779312568241,2.919943332672119,2.753135919570923,49.63351058959961,1.2659984827041626
3861,164.53002473490636,2.7484326362609863,2.701796531677246,49.6772575378418,1.2659716606140137
3862,154.9798920992636,2.258148670196533,2.981398344039917,48.38998031616211,1.2659167051315308
3863,164.24773142663483,2.9816441535949707,2.689852476119995,49.77893829345703,1.2658934593200684
3864,166.1634465993613,2.828693389892578,2.0743460655212402,49.96893310546875,1.2658805847167969
3865,109.70985841426507,0.03150080144405365,17.478811264038086,57.39474868774414,1.2658742666244507
3866,136.90693970281478,0.8156080842018127,12.52522087097168,52.658721923828125,1.2658253908157349
3867,90.29811024084043,-0.40590453147888184,43.57664108276367,63.273128509521484,1.2658418416976929
3868,139.04053062238611,1.933721661567688,11.360613822937012,53.935813903808594,1.2658988237380981
3869,99.05425255331787,-0.2013985812664032,34.610782623291016,61.73871994018555,1.2660218477249146
3870,130.57092439964487,0.77574622631073,10.437958717346191,53.66293716430664,1.2661007642745972
3871,82.17471729372284,-2.5039570331573486,48.179603576660156,63.957801818847656,1.266170859336853
3872,105.6611248983614,-1.0276497602462769,11.267276763916016,57.53127670288086,1.266196846961975
3873,82.0264817091935,-2.313096761703491,45.44040298461914,63.95144271850586,1.2662280797958374
3874,125.11870953187069,-0.1194857731461525,7.739088535308838,56.1842155456543,1.2661919593811035
3875,97.62925264602328,-0.6049255132675171,20.629138946533203,59.97719192504883,1.266182541847229
3876,132.37342634827974,1.377906322479248,6.512471675872803,51.60597610473633,1.2661633491516113
3877,76.6592122351474,-2.3404996395111084,39.995933532714844,64.25041198730469,1.2662032842636108
3878,123.920985254163,0.4677610397338867,6.832034587860107,51.36539840698242,1.2662062644958496
3879,92.63803466151214,-0.9308353066444397,20.96863555908203,58.86796188354492,1.2662444114685059
3880,85.21357438941449,-1.1580510139465332,27.09095573425293,61.2653923034668,1.2663623094558716
3881,121.7033335464292,-1.0234527587890625,6.861217498779297,50.3339729309082,1.2663559913635254
3882,142.349756491395,1.472157597541809,4.8937506675720215,49.62390899658203,1.2663050889968872
3883,142.77734376988053,2.287986993789673,3.570134401321411,47.4508171081543,1.2662882804870605
3884,125.06908370591829,1.0773086547851562,6.331334590911865,51.328853607177734,1.2662702798843384
3885,117.93836037802974,1.2839443683624268,6.763016223907471,48.889949798583984,1.2663553953170776
3886,107.01000446440966,0.6990243196487427,7.962651252746582,52.449241638183594,1.2665313482284546
3887,176.24454291327262,3.681429624557495,2.350837230682373,44.61745834350586,1.2666643857955933
3888,90.08313624363537,-0.380329966545105,19.749801635742188,56.345176696777344,1.2669243812561035
3889,140.9742639368786,1.8823415040969849,3.439507246017456,44.24482345581055,1.2671202421188354
3890,168.69202186154374,4.01772403717041,2.280986785888672,43.00425720214844,1.2673367261886597
3891,131.49839212818208,1.074137568473816,5.314687252044678,48.658695220947266,1.2674616575241089
3892,168.36191726099597,3.5586957931518555,2.2873167991638184,42.669036865234375,1.2675515413284302
3893,137.2908426448897,2.1019234657287598,3.627474784851074,43.90819549560547,1.2675933837890625
3894,111.65825090607336,0.12303289026021957,8.026768684387207,52.30665969848633,1.2675968408584595
3895,166.40677855508605,3.788877248764038,2.6087329387664795,43.95854187011719,1.2676488161087036
3896,168.33338385592876,4.12359094619751,2.642625093460083,43.74740219116211,1.2678009271621704
3897,165.28835899099658,3.135608196258545,2.6437644958496094,45.00414276123047,1.267867922782898
3898,161.20505279038872,3.069765329360962,2.401344060897827,43.753746032714844,1.2679033279418945
3899,144.39577956850974,2.2459769248962402,4.69081449508667,48.53657913208008,1.2679212093353271
3900,180.3140677481303,4.150471210479736,2.6633477210998535,47.58431625366211,1.2679593563079834
3901,168.47638313242587,3.6389293670654297,2.625822067260742,46.504676818847656,1.2680344581604004
3902,161.81429410756678,2.7144434452056885,2.6286137104034424,45.97160339355469,1.2680734395980835
3903,179.63410603458902,3.634446620941162,2.4897215366363525,49.9919319152832,1.2680888175964355
3904,164.12250012960587,3.020453691482544,2.5836193561553955,48.13325119018555,1.26810884475708
3905,174.78888912469162,3.6022486686706543,2.6553122997283936,49.928409576416016,1.2681689262390137
3906,178.52767491824235,3.295775890350342,2.419027090072632,51.537288665771484,1.268142819404602
3907,155.23858833201754,2.0078678131103516,3.765543222427368,49.515541076660156,1.268084168434143
3908,169.48669201027383,3.2054007053375244,2.6092209815979004,52.14389419555664,1.2680531740188599
3909,169.40418324329656,2.83931303024292,3.1416399478912354,53.05632019042969,1.2679930925369263
3910,176.32348715000583,3.3208463191986084,2.6638410091400146,54.08687973022461,1.2679415941238403
3911,169.63233382550087,2.682833671569824,3.3109443187713623,54.34403991699219,1.2678345441818237
3912,179.40877456715268,3.299283266067505,3.3339030742645264,55.81922149658203,1.2677370309829712
3913,173.53544342476053,2.9832632541656494,4.313777446746826,56.50928497314453,1.2676361799240112
3914,177.96886905195265,3.119013547897339,3.4856131076812744,57.40298843383789,1.26754629611969
3915,168.28817855934247,2.69928240776062,3.962433338165283,56.825897216796875,1.2674765586853027
3916,171.1308567265233,2.994751214981079,5.293407917022705,58.146568298339844,1.2674617767333984
3917,180.68168755319587,2.980764865875244,4.790760517120361,59.0479850769043,1.2674356698989868
3918,175.38345108931446,2.4897167682647705,6.129830837249756,59.157379150390625,1.2673510313034058
3919,184.9814180752387,3.147564649581909,5.2379655838012695,60.19713592529297,1.2672415971755981
3920,165.0620639425604,2.482299327850342,7.588808536529541,59.11100769042969,1.2671884298324585
3921,178.86935785986276,2.9377994537353516,5.983734130859375,60.707183837890625,1.2671351432800293
3922,180.90536381755763,2.7237560749053955,4.707837104797363,61.31009292602539,1.2670544385910034
3923,171.41665126507462,2.767719268798828,4.59494686126709,60.73487091064453,1.267012596130371
3924,177.14732035212677,2.672118663787842,3.324202060699463,60.727142333984375,1.2669522762298584
3925,171.5771649178437,2.550990581512451,2.9276397228240967,60.451934814453125,1.2668882608413696
3926,171.16560485666105,2.7252683639526367,2.5385866165161133,60.26062774658203,1.2668548822402954
3927,176.77576170961333,2.820935010910034,2.463397264480591,60.570716857910156,1.2668200731277466
3928,168.49796508207646,2.3794753551483154,2.2822771072387695,59.95280075073242,1.2667934894561768
3929,169.34903982463845,2.1916041374206543,2.2066855430603027,59.635040283203125,1.2667371034622192
3930,174.9940520406785,2.96740984916687,2.487877607345581,60.12623596191406,1.2667279243469238
3931,166.9744897558669,2.3513238430023193,2.6256439685821533,59.23741149902344,1.266715407371521
3932,180.60468219844503,2.4130406379699707,2.6080799102783203,61.107479095458984,1.2666311264038086
3933,188.3769484804552,3.4354546070098877,2.5200212001800537,60.9266357421875,1.2666202783584595
3934,181.40447056879907,2.885979175567627,2.559593915939331,60.640682220458984,1.266614317893982
3935,179.12242960226902,2.5993292331695557,2.6955041885375977,60.13051223754883,1.2665752172470093
3936,178.72959767711774,3.2305617332458496,2.701127052307129,59.45047378540039,1.2666058540344238
3937,177.05891618230692,3.1019368171691895,2.8933472633361816,58.99360656738281,1.266667366027832
3938,170.83609028506933,2.480731248855591,2.6022043228149414,58.13287353515625,1.26671302318573
3939,168.6066798834667,2.8195056915283203,2.966742753982544,57.39177703857422,1.2668040990829468
3940,181.03837775541967,2.95595383644104,3.1654601097106934,58.334896087646484,1.266897201538086
3941,170.0976616100191,2.447988510131836,2.7396340370178223,56.597537994384766,1.2669683694839478
3942,176.87851440341447,2.957881212234497,2.8456578254699707,58.43813705444336,1.2670665979385376
3943,169.04853623430486,2.1105895042419434,2.6300525665283203,55.487613677978516,1.267099142074585
3944,171.71023320093354,2.6316096782684326,2.747645616531372,56.29535675048828,1.2671270370483398
3945,170.3571140273363,2.257091522216797,2.743823289871216,55.86084747314453,1.2670847177505493
3946,180.98447046734435,3.226414680480957,2.973912239074707,57.0917854309082,1.2671054601669312
3947,169.6362289744868,2.4302356243133545,2.7767672538757324,54.79008102416992,1.2670775651931763
3948,179.09512657655407,2.7548656463623047,3.132655620574951,55.9854850769043,1.267016053199768
3949,165.42365934126173,2.410551071166992,2.9616198539733887,52.913639068603516,1.266963243484497
3950,173.84980245678898,2.8608040809631348,3.260209321975708,55.630210876464844,1.2669256925582886
3951,172.09156788434515,2.5217583179473877,3.2391703128814697,53.16535186767578,1.2668794393539429
3952,173.16055289662967,2.3264529705047607,3.4219067096710205,55.14225769042969,1.2667917013168335
3953,168.66503959337686,2.564507484436035,3.564542770385742,53.42289352416992,1.2667049169540405
3954,176.99940056382482,3.152843713760376,3.4292311668395996,55.0751953125,1.266667127609253
3955,162.85645345736674,2.126268148422241,3.3489742279052734,49.89421081542969,1.2666300535202026
3956,174.76523208394042,2.901189088821411,4.061463356018066,53.54569625854492,1.2666102647781372
3957,180.09515350374113,3.447908639907837,4.151026248931885,54.81812286376953,1.2666504383087158
3958,154.87361838012922,1.7469875812530518,4.185948371887207,49.043548583984375,1.2666734457015991
3959,171.24631240100595,3.003324270248413,4.6555256843566895,52.11195755004883,1.2667440176010132
3960,183.53009333904504,3.3604671955108643,4.877431392669678,53.71803665161133,1.266857624053955
3961,174.39363291526993,2.7913036346435547,4.909743785858154,52.560604095458984,1.2669721841812134
3962,168.21119289395153,2.547083616256714,4.73476505279541,50.99675750732422,1.2671040296554565
3963,173.02103167792743,2.9849696159362793,5.312209606170654,51.58713912963867,1.2672613859176636
3964,169.1334012718916,2.7010245323181152,5.1071271896362305,50.6542854309082,1.2674363851547241
3965,180.57477377710688,2.890631914138794,5.139126300811768,52.89698028564453,1.2675806283950806
3966,176.65285912465453,3.1144790649414062,5.318023204803467,52.11966323852539,1.2677483558654785
3967,169.21271945158642,2.4085874557495117,5.425225734710693,50.43197250366211,1.2678802013397217
3968,183.6387097519702,3.0346479415893555,5.36324405670166,52.815635681152344,1.2679842710494995
3969,164.12400330037758,2.159404993057251,5.870576858520508,48.75847244262695,1.2680660486221313
3970,165.85503428043333,2.8123183250427246,6.1079912185668945,49.789390563964844,1.268189787864685
3971,170.98651850779447,3.026189088821411,7.560739994049072,50.167579650878906,1.2683467864990234
3972,172.9339354629189,2.4771251678466797,6.864264965057373,49.791439056396484,1.2684634923934937
3973,172.03035058839217,2.339002847671509,8.826077461242676,49.53133773803711,1.2685154676437378
3974,163.07115395616674,2.650498628616333,9.909552574157715,46.366722106933594,1.2685918807983398
3975,164.31625229010186,2.94256329536438,10.692280769348145,47.68486785888672,1.2687150239944458
3976,177.97422629355222,2.9801971912384033,11.003900527954102,49.51118850708008,1.2688044309616089
3977,179.86452539427466,2.5690953731536865,10.593134880065918,49.439918518066406,1.2688440084457397
3978,164.24500292431853,1.774217128753662,9.8470458984375,45.929786682128906,1.2688227891921997
3979,181.52042302321,3.816567897796631,8.711886405944824,48.86049270629883,1.2688466310501099
3980,188.62340877190005,4.453307628631592,8.581158638000488,48.43743133544922,1.2689707279205322
3981,173.24455332613977,2.9607527256011963,8.709847450256348,46.52493667602539,1.2690558433532715
3982,179.85693378451825,3.509845495223999,7.427206993103027,47.20185089111328,1.269116759300232
3983,174.8271553606504,3.4123570919036865,7.560732841491699,46.533443450927734,1.2691774368286133
3984,170.58401296771297,3.6940150260925293,7.514702796936035,45.77866744995117,1.2692939043045044
3985,176.2661437250393,3.7969703674316406,7.741450786590576,46.425262451171875,1.2694190740585327
3986,170.23492847348683,3.436335802078247,7.199468612670898,45.170143127441406,1.2695403099060059
3987,181.07599353644338,3.9670140743255615,6.626506805419922,46.89136505126953,1.2696739435195923
3988,175.90630108536666,3.9384703636169434,5.966226577758789,46.04936218261719,1.269870638847351
3989,175.82796257124235,3.543111562728882,5.900009632110596,46.04263687133789,1.2700201272964478
3990,175.02539238552768,3.4665379524230957,5.832068920135498,45.44645690917969,1.2700724601745605
3991,161.69815092679482,3.150510787963867,7.515751838684082,45.48868942260742,1.2701307535171509
3992,177.246002941669,4.0447869300842285,5.472330093383789,45.313262939453125,1.270193338394165
3993,193.82875768999742,4.418209552764893,5.541522026062012,46.54048156738281,1.2702587842941284
3994,188.15889707458712,4.524888038635254,5.393838405609131,45.79268264770508,1.270362377166748
3995,183.53963223361143,3.7037923336029053,5.832530975341797,46.1606559753418,1.2703863382339478
3996,181.94799916413464,3.831256628036499,5.428239345550537,45.959014892578125,1.270380973815918
3997,179.70530652442295,4.052151203155518,5.533749580383301,46.03545379638672,1.2703776359558105
3998,182.73804580747645,3.8704707622528076,5.776246070861816,46.106651306152344,1.2703276872634888
3999,195.25869806923757,4.312994480133057,6.472114086151123,46.88558578491211,1.2702549695968628
4000,178.96619053151852,4.2194695472717285,6.3012566566467285,46.32399368286133,1.270198941230774
4001,182.03069052816795,4.500020503997803,6.474915981292725,46.6838493347168,1.270236611366272
4002,183.99277667668062,4.40322208404541,7.486504077911377,46.93343734741211,1.2702889442443848
4003,179.76570664227458,3.818768262863159,9.499680519104004,48.0767707824707,1.270303726196289
4004,140.65871254297898,2.8695101737976074,13.932438850402832,49.3857536315918,1.2703708410263062
4005,170.37701087938606,4.1004862785339355,7.181585788726807,46.89550018310547,1.2704962491989136
4006,192.97247284589858,4.788776397705078,7.076081275939941,47.636600494384766,1.270632266998291
4007,189.2058038119132,4.139227867126465,8.046711921691895,48.131595611572266,1.2707260847091675
4008,188.87305941224514,3.809483051300049,7.39937162399292,47.87599182128906,1.2707396745681763
4009,174.01100437656615,3.682542562484741,8.820954322814941,48.913665771484375,1.2707194089889526
4010,175.96066257536688,3.9863474369049072,7.6179704666137695,48.34171676635742,1.2706997394561768
4011,180.1830679662764,4.455850601196289,8.387957572937012,48.7567024230957,1.2707399129867554
4012,186.01826618621493,4.271913528442383,7.131430149078369,48.805458068847656,1.2707611322402954
4013,153.45100260676776,3.2927258014678955,19.014755249023438,50.6364631652832,1.2708038091659546
4014,177.4427792954518,4.112598419189453,13.788175582885742,50.8733024597168,1.2708492279052734
4015,179.15084637387582,3.667590856552124,9.563464164733887,49.70630645751953,1.2708672285079956
4016,189.21984807728342,4.940652370452881,8.27285099029541,49.572513580322266,1.2709711790084839
4017,180.03170834260575,3.960343360900879,7.091034889221191,49.157108306884766,1.2710400819778442
4018,186.9849364454739,4.27325439453125,7.703042984008789,49.12554168701172,1.271087408065796
4019,175.63871004563757,4.0635294914245605,7.444764137268066,49.375064849853516,1.271136999130249
4020,169.96610239015516,3.6740763187408447,7.703105449676514,48.69978713989258,1.271177887916565
4021,162.92812681684907,2.4148342609405518,11.995023727416992,50.725433349609375,1.2711725234985352
4022,180.287078507351,4.427165985107422,8.174797058105469,49.60368728637695,1.2712002992630005
4023,128.6913081592492,0.7365751266479492,23.36781883239746,51.87807083129883,1.2711728811264038
4024,188.28447971197733,4.848171234130859,7.724740028381348,50.062232971191406,1.2712527513504028
4025,178.3505915468678,3.7880992889404297,8.053142547607422,49.69708251953125,1.2712969779968262
4026,172.9512979802325,3.728118896484375,7.0458760261535645,49.41686248779297,1.2713279724121094
4027,172.52846546381025,3.6366841793060303,7.272639751434326,49.241764068603516,1.2713431119918823
4028,172.90557294654184,3.694489002227783,6.958959102630615,49.73176193237305,1.2713512182235718
4029,175.58590691369875,3.890110969543457,6.77325439453125,49.53168487548828,1.271349310874939
4030,171.82475959116954,4.051817893981934,6.972014427185059,49.72172927856445,1.2713760137557983
4031,170.854435008764,3.744574546813965,6.871023654937744,49.725563049316406,1.2714253664016724
4032,182.16343303764768,4.25182580947876,6.860302925109863,50.474212646484375,1.2715102434158325
4033,175.82541734991682,3.93091082572937,6.88416051864624,50.077232360839844,1.27161705493927
4034,174.5321519385878,3.670098066329956,7.257484436035156,50.75808334350586,1.2717103958129883
4035,177.66605048272572,4.256271839141846,7.0651326179504395,50.55283737182617,1.2718591690063477
4036,169.3023325138605,2.6366195678710938,8.354826927185059,51.0770263671875,1.271941065788269
4037,171.43604935189586,3.4306695461273193,7.77488899230957,50.86132049560547,1.272005558013916
4038,167.9454297982102,3.307478666305542,7.837856769561768,50.758331298828125,1.2720659971237183
4039,168.14451477164545,3.648181676864624,7.940256595611572,51.492469787597656,1.272168755531311
4040,173.1898700885652,3.709967851638794,7.649822235107422,51.89031982421875,1.2722948789596558
4041,168.70340944300835,3.900886297225952,7.98072624206543,52.46656036376953,1.2725354433059692
4042,164.36218189804453,3.444779872894287,8.618172645568848,52.48482894897461,1.272797703742981
4043,168.84182360442327,3.8249804973602295,8.449922561645508,52.97587585449219,1.2731304168701172
4044,179.87874357296369,3.773390293121338,7.861248016357422,53.83174133300781,1.2734445333480835
4045,172.9663607161768,3.8805437088012695,8.24929428100586,53.71786880493164,1.2737656831741333
4046,167.68158214396203,2.262122392654419,8.89428424835205,53.90974044799805,1.2739839553833008
4047,170.187553070012,3.3030004501342773,8.92037582397461,54.77798843383789,1.2741903066635132
4048,171.1825745935094,3.493854284286499,8.662382125854492,55.25196075439453,1.2744065523147583
4049,168.50240323844352,3.1114261150360107,9.003791809082031,55.81610870361328,1.2746087312698364
4050,163.22280830739527,2.3282079696655273,9.272826194763184,55.48854064941406,1.2747610807418823
4051,174.51059991022564,3.6133487224578857,8.8141450881958,56.218082427978516,1.274936318397522
4052,173.27871441944296,2.6565968990325928,8.548015594482422,56.5107536315918,1.2750495672225952
4053,163.12682562429757,2.4506008625030518,9.390518188476562,56.57809066772461,1.2751517295837402
4054,172.11975980425464,2.504236936569214,8.955487251281738,57.254703521728516,1.2751903533935547
4055,170.74712452458382,2.911412477493286,8.655123710632324,57.50751876831055,1.2752351760864258
4056,167.83394061293671,2.869082450866699,9.1002197265625,57.67957305908203,1.2753058671951294
4057,179.42815782451245,3.361851930618286,9.043479919433594,58.23253631591797,1.2754184007644653
4058,165.37043641428883,2.8880202770233154,9.56099796295166,57.69657897949219,1.275560975074768
4059,173.90314333856065,2.656921148300171,9.038990020751953,58.32863235473633,1.2756534814834595
4060,166.4932047622685,2.5422980785369873,8.787925720214844,57.701637268066406,1.2757810354232788
4061,168.82654643613765,2.818694829940796,8.610441207885742,57.96726608276367,1.2759300470352173
4062,164.41417160140705,2.7186214923858643,8.934798240661621,58.00593185424805,1.2761179208755493
4063,175.14512221479382,2.568897008895874,8.60765552520752,57.86687469482422,1.2762624025344849
4064,172.7552431789152,2.711493730545044,8.706315994262695,57.792659759521484,1.2763811349868774
4065,175.52318129836573,3.4412708282470703,8.41274356842041,57.33270263671875,1.2765703201293945
4066,174.5802851636901,2.910621404647827,8.709088325500488,57.299922943115234,1.2767505645751953
4067,169.23160012630157,1.9395748376846313,8.685901641845703,57.25136947631836,1.2768734693527222
4068,171.8125052373504,3.122161388397217,8.678760528564453,57.16880416870117,1.277023434638977
4069,173.65027243197397,3.09604811668396,9.089521408081055,57.31642532348633,1.2771730422973633
4070,178.70654865509758,2.899047374725342,8.873605728149414,57.1933708190918,1.2772979736328125
4071,170.60909347068568,3.096170663833618,9.225218772888184,57.33515548706055,1.2774442434310913
4072,179.5020673662091,3.468801259994507,9.213432312011719,57.27549362182617,1.2775965929031372
4073,173.18506467167083,3.304109811782837,9.284440040588379,57.46702194213867,1.2777894735336304
4074,161.19595384107478,2.4029994010925293,9.342900276184082,56.82781982421875,1.2779771089553833
4075,166.09007425867708,2.8359785079956055,9.301623344421387,57.47186279296875,1.2781693935394287
4076,169.73155561413827,3.0883986949920654,9.677224159240723,57.62522506713867,1.2783714532852173
4077,171.40270725455207,3.304750442504883,9.562037467956543,57.817543029785156,1.278583288192749
4078,171.18490176757655,3.0698862075805664,9.68821907043457,58.10601043701172,1.2788046598434448
4079,172.17876723107065,2.349490165710449,9.945113182067871,58.47565841674805,1.2789573669433594
4080,152.58626015699113,2.089411497116089,11.261554718017578,57.1124267578125,1.2791088819503784
4081,167.4902077948072,3.014742851257324,9.660330772399902,58.59273147583008,1.2792894840240479
4082,167.845280111876,2.7071778774261475,9.781763076782227,58.70259475708008,1.2794384956359863
4083,167.67047564939182,3.4458463191986084,9.766718864440918,59.0742073059082,1.2797390222549438
4084,172.5171197561059,2.8792226314544678,9.791421890258789,59.12173843383789,1.2799763679504395
4085,164.37924159469955,2.7815680503845215,10.12805461883545,59.250328063964844,1.2802094221115112
4086,167.73165648461398,2.702571153640747,10.271059036254883,60.21720504760742,1.2804021835327148
4087,175.86124903576203,2.2439844608306885,10.174479484558105,60.55614471435547,1.2805190086364746
4088,163.1801777843878,2.4745233058929443,10.734705924987793,60.63779067993164,1.2806222438812256
4089,172.6918977393535,2.673430919647217,10.61670970916748,61.01028823852539,1.2806915044784546
4090,169.14372273375605,2.9369490146636963,10.35697078704834,61.183536529541016,1.2807742357254028
4091,163.38876630543947,2.3854541778564453,10.83942985534668,61.5609130859375,1.280834436416626
4092,170.88494306447052,2.923628330230713,10.018173217773438,61.937767028808594,1.2808924913406372
4093,165.9777515750363,0.937862753868103,10.085538864135742,62.131248474121094,1.2808352708816528
4094,159.85189336986824,2.33966326713562,10.100321769714355,61.65510177612305,1.280819296836853
4095,168.36618276234978,2.999030590057373,7.933888912200928,62.26001739501953,1.2808390855789185
4096,163.25989301612543,2.54223370552063,6.929361343383789,61.79667663574219,1.280869483947754
4097,163.10231298420302,2.852271795272827,6.431572914123535,61.32777404785156,1.2809680700302124
4098,157.66497031035712,1.9086270332336426,7.433921813964844,60.296817779541016,1.2810291051864624
4099,159.11652058543675,1.5624306201934814,6.579593658447266,60.176700592041016,1.2810171842575073
4100,163.88892425117783,2.760328769683838,6.383676052093506,61.17586898803711,1.281064510345459
4101,158.8168796105966,2.1934568881988525,6.568972110748291,60.7671012878418,1.2811211347579956
4102,165.51110471652615,2.4725990295410156,6.4296770095825195,61.393150329589844,1.281173586845398
4103,163.3521667098909,2.512155294418335,6.507388114929199,62.07759094238281,1.2812464237213135
4104,167.2338565542355,2.7561421394348145,6.445476055145264,62.294898986816406,1.2813283205032349
4105,161.39769627006604,2.4177191257476807,6.446254730224609,62.1714973449707,1.2814432382583618
4106,159.6868978703981,2.1181328296661377,6.394419193267822,61.80167770385742,1.2815784215927124
4107,161.97005159792732,2.256483793258667,6.4968671798706055,62.535953521728516,1.2817081212997437
4108,164.78085113004056,2.072298765182495,6.343361854553223,62.602882385253906,1.2817937135696411
4109,158.47975238570544,1.8703471422195435,6.700065612792969,63.29146957397461,1.2818603515625
4110,154.8142628205499,2.037003755569458,6.771012783050537,61.48143768310547,1.2820059061050415
4111,161.63934583274414,1.317050576210022,5.269830703735352,62.18403625488281,1.2820801734924316
4112,146.30532949877585,1.470513939857483,5.668087005615234,60.3657112121582,1.2821403741836548
4113,164.11915375744337,2.913843870162964,3.9481937885284424,61.46138000488281,1.282341480255127
4114,151.27715504467403,1.8610856533050537,4.614114284515381,60.20984649658203,1.2825384140014648
4115,145.382679938126,1.0663032531738281,4.09279203414917,59.19007873535156,1.2826523780822754
4116,163.3668228242585,2.1353578567504883,3.9839565753936768,60.02364730834961,1.2827366590499878
4117,165.7937202031379,2.426985502243042,3.6863317489624023,59.86712646484375,1.2827965021133423
4118,159.4834428239517,2.1296005249023438,4.455203533172607,56.42074966430664,1.2828497886657715
4119,158.52419161080596,2.359057903289795,4.630489826202393,56.322364807128906,1.282934308052063
4120,161.66316941196342,2.4820334911346436,4.324141502380371,57.11806869506836,1.2830322980880737
4121,165.41571960328585,2.504086494445801,3.9604623317718506,58.6035041809082,1.2831002473831177
4122,156.5865089220538,1.894899606704712,4.279271125793457,54.18748092651367,1.2831226587295532
4123,161.86934911684904,2.2414300441741943,4.46551513671875,54.323829650878906,1.2831257581710815
4124,167.55318396776033,2.8182499408721924,4.483208656311035,54.26404571533203,1.2831345796585083
4125,154.81804615760058,2.076951026916504,4.830286979675293,52.034996032714844,1.2831262350082397
4126,168.2548776544323,3.2888667583465576,4.197352409362793,54.52827453613281,1.2832003831863403
4127,163.40375621098048,2.991102933883667,4.2749433517456055,53.960296630859375,1.2833107709884644
4128,165.81018285168983,2.942249059677124,3.927762269973755,54.34486770629883,1.283450961112976
4129,160.1687982205478,2.5615596771240234,4.294614791870117,51.27701950073242,1.2836005687713623
4130,162.3114570476247,2.414599895477295,4.423961639404297,51.874568939208984,1.2837260961532593
4131,172.89167350455008,2.9834868907928467,3.724008798599243,55.78665542602539,1.2838128805160522
4132,154.37745221111012,1.8425794839859009,4.606386661529541,50.94688034057617,1.2838410139083862
4133,165.79921828048086,2.819119453430176,4.176455020904541,54.02954864501953,1.2838730812072754
4134,167.6928835859162,3.0486092567443848,3.9095425605773926,54.75616455078125,1.2839429378509521
4135,166.10903789156063,2.3361093997955322,4.211626052856445,54.65414810180664,1.283961296081543
4136,172.1174117127805,3.160592794418335,4.896938800811768,55.74848937988281,1.2840076684951782
4137,169.46385865125504,3.305979013442993,5.022458076477051,55.96811294555664,1.2841631174087524
4138,180.33477500856384,3.111417531967163,5.5149078369140625,57.58895492553711,1.284289836883545
4139,165.80543832264954,2.8147332668304443,6.937307834625244,54.44535446166992,1.2844324111938477
4140,167.6702471633803,2.875654935836792,7.8057708740234375,55.4825325012207,1.2845922708511353
4141,169.40186632568845,1.9623918533325195,7.807517051696777,55.68257522583008,1.284663200378418
4142,183.05870690350528,3.3831677436828613,7.448049545288086,58.0641975402832,1.284722089767456
4143,175.1607952080476,3.618886709213257,8.037409782409668,56.55315017700195,1.284871220588684
4144,170.5236605907145,2.4693245887756348,10.641812324523926,57.64069366455078,1.2849653959274292
4145,171.7697184146319,2.219130277633667,11.6823148727417,58.82843017578125,1.2850072383880615
4146,165.67085074401973,3.1937389373779297,9.380002975463867,55.802520751953125,1.2851136922836304
4147,73.70553102633384,-3.2184934616088867,76.42049407958984,72.88036346435547,1.285244345664978
4148,182.74923366348335,3.7523250579833984,7.402736186981201,55.664215087890625,1.2854276895523071
4149,130.75277760568372,1.4244109392166138,14.948382377624512,62.233341217041016,1.2856642007827759
4150,76.62978250836987,-2.3074560165405273,61.569026947021484,72.27840423583984,1.2859715223312378
4151,79.15114579522596,-2.2545156478881836,44.33462905883789,69.33401489257812,1.2863248586654663
4152,106.5374952859477,-0.2183317393064499,17.486215591430664,62.481136322021484,1.2866932153701782
4153,184.42959822715957,3.726076126098633,7.25689172744751,53.44441604614258,1.2870326042175293
4154,99.94098406319425,-0.9345168471336365,18.89292335510254,63.557838439941406,1.2873622179031372
4155,152.04760666616846,2.502856969833374,12.523722648620605,58.12917709350586,1.2877055406570435
4156,139.83890707703253,1.4457371234893799,13.095610618591309,57.59637451171875,1.2880061864852905
4157,183.668048839841,3.506544589996338,7.761086463928223,54.589752197265625,1.2882742881774902
4158,162.4643662427391,2.3160486221313477,10.118485450744629,55.15830993652344,1.2884831428527832
4159,173.297534100901,3.270780324935913,10.788039207458496,56.95412063598633,1.2887094020843506
4160,121.8837313949936,-1.3175722360610962,14.442465782165527,58.813316345214844,1.288845181465149
4161,166.1945402774629,2.8081183433532715,7.4534382820129395,51.2830696105957,1.2889673709869385
4162,127.26970512178353,1.1020965576171875,13.660382270812988,55.891876220703125,1.2891126871109009
4163,159.30563792809238,1.3906205892562866,7.8621649742126465,51.43452835083008,1.2891558408737183
4164,179.7678756665424,3.8917346000671387,7.625335216522217,52.12070083618164,1.2892683744430542
4165,179.29799067817618,3.809093713760376,7.653882026672363,51.8514404296875,1.289454698562622
4166,175.90639445282497,3.2841968536376953,7.656905174255371,52.10375213623047,1.2896246910095215
4167,187.84209446198088,3.5697944164276123,7.641971111297607,53.436031341552734,1.2897740602493286
4168,172.76966799884454,2.8919458389282227,7.6265740394592285,51.80002975463867,1.2898885011672974
4169,163.90463241980623,2.637073278427124,7.876930236816406,50.17006301879883,1.2899936437606812
4170,175.0249933106212,2.776477575302124,7.70216178894043,52.31779861450195,1.2900587320327759
4171,161.141117117797,2.7779910564422607,12.231569290161133,55.371456146240234,1.2901495695114136
4172,174.3931435139406,2.8462297916412354,8.168045043945312,52.992408752441406,1.2902100086212158
4173,179.6055488612269,3.3057618141174316,8.379589080810547,54.69990158081055,1.2902706861495972
4174,168.1461964841173,2.217308282852173,8.11347770690918,52.16059112548828,1.2902755737304688
4175,162.9319663250895,2.5474066734313965,8.626270294189453,51.57780075073242,1.2902995347976685
4176,174.1174044632516,3.4219436645507812,8.70666217803955,53.49566650390625,1.2903536558151245
4177,182.68429914238348,3.2151176929473877,9.473424911499023,55.178985595703125,1.2903938293457031
4178,191.03884374809587,3.822133779525757,9.285280227661133,55.90745162963867,1.2904706001281738
4179,175.1390213142132,3.058966636657715,9.224119186401367,54.71147155761719,1.2905545234680176
4180,187.63182222250387,3.6974596977233887,9.66294002532959,56.31605911254883,1.2906743288040161
4181,182.7234073057358,2.8254106044769287,9.667417526245117,56.02052688598633,1.2907353639602661
4182,180.53908493769967,3.2891337871551514,10.180173873901367,56.24473190307617,1.2908296585083008
4183,173.9889895552787,2.9457993507385254,9.961494445800781,55.8366813659668,1.2909221649169922
4184,170.8866780479775,2.2874326705932617,10.46533203125,55.66947937011719,1.290940284729004
4185,177.91899950586844,2.808328628540039,9.999772071838379,56.929569244384766,1.290944218635559
4186,183.342328847761,3.3993983268737793,9.810625076293945,57.28157424926758,1.2909845113754272
4187,169.49641213899002,3.0185115337371826,10.392430305480957,55.483482360839844,1.2910939455032349
4188,175.30949578736337,2.8087456226348877,9.528061866760254,56.78956985473633,1.2911955118179321
4189,175.6334017951469,2.5241782665252686,9.454752922058105,57.46138381958008,1.2912651300430298
4190,167.89241566175141,2.8240039348602295,9.099149703979492,56.36314392089844,1.291408896446228
4191,173.16582462534066,2.6943397521972656,8.536589622497559,57.22471237182617,1.2915393114089966
4192,165.2058776068336,1.987605094909668,9.7755765914917,56.89829635620117,1.291643500328064
4193,170.82383553417648,2.5931284427642822,8.905204772949219,57.52842330932617,1.2917444705963135
4194,174.84399568186396,2.7154507637023926,8.740367889404297,58.47598648071289,1.2918353080749512
4195,173.37938800050398,2.7549750804901123,8.656463623046875,58.45684814453125,1.2919301986694336
4196,163.99111423701385,2.0948173999786377,9.137898445129395,57.5053596496582,1.2920246124267578
4197,163.68949458266437,1.1413527727127075,9.694693565368652,57.85105514526367,1.2920589447021484
4198,179.8737932146319,3.2436137199401855,9.297018051147461,59.68190383911133,1.2921521663665771
4199,176.4214658682335,2.2609031200408936,8.935925483703613,60.0931396484375,1.2922013998031616
4200,170.06169444644246,2.2003183364868164,8.609719276428223,59.49374771118164,1.2922340631484985
4201,170.77426635550307,1.2520952224731445,9.308614730834961,60.035396575927734,1.2922213077545166
4202,165.03255315339763,1.9461692571640015,9.618669509887695,59.50505447387695,1.2922029495239258
4203,170.11720064577833,2.565485715866089,8.901235580444336,60.339595794677734,1.2922477722167969
4204,162.15784897419314,1.9900078773498535,10.674824714660645,60.11451721191406,1.2923046350479126
4205,174.03349055501323,2.934936046600342,8.377277374267578,61.55615234375,1.2924150228500366
4206,162.81837563164214,2.0867726802825928,9.087566375732422,60.56776809692383,1.292565941810608
4207,164.40669379440354,1.8541042804718018,8.068390846252441,61.076725006103516,1.2927004098892212
4208,163.1627628954128,1.325377345085144,7.982375144958496,60.502864837646484,1.2927778959274292
4209,170.70407289112526,1.9015083312988281,6.00817346572876,61.51921463012695,1.2927933931350708
4210,160.7955750797539,1.6844217777252197,6.662271022796631,60.99329376220703,1.2928119897842407
4211,166.20138174783295,1.3751490116119385,6.23887300491333,60.99613571166992,1.2927714586257935
4212,170.1342509679992,2.4035236835479736,5.9895429611206055,62.18960189819336,1.2927597761154175
4213,158.799732703101,1.7302870750427246,5.840821266174316,59.961246490478516,1.2927579879760742
4214,164.134078782789,2.459031343460083,5.655551433563232,60.15471267700195,1.2928818464279175
4215,160.74734919303233,1.4298943281173706,5.954381465911865,58.6378288269043,1.2929688692092896
4216,160.66752770129833,1.9882605075836182,6.107865333557129,58.87079620361328,1.2931004762649536
4217,161.24895113554152,2.165027618408203,5.531169891357422,59.5044059753418,1.2932957410812378
4218,160.89509073566842,0.8356242179870605,5.728799819946289,59.692359924316406,1.293412208557129
4219,162.5055542522861,1.4302644729614258,5.543941497802734,60.19199752807617,1.2934902906417847
4220,164.12437079789956,1.7363193035125732,5.394523620605469,60.66025161743164,1.2935504913330078
4221,171.77313773874116,2.738354444503784,5.582746982574463,61.86319351196289,1.2936915159225464
4222,167.98745931260532,2.3878285884857178,5.465249061584473,60.981231689453125,1.2938684225082397
4223,167.25039332424504,1.6581937074661255,5.549659252166748,61.54025650024414,1.2939826250076294
4224,161.1197391605244,1.7614511251449585,5.618217468261719,60.34819030761719,1.294114351272583
4225,171.48783631223029,2.449408531188965,5.627179145812988,61.30478286743164,1.2942835092544556
4226,167.47384178215484,1.5141469240188599,5.589439392089844,61.730167388916016,1.2943791151046753
4227,180.42787429888915,2.58650279045105,6.072919845581055,61.44234085083008,1.2944663763046265
4228,172.60657868386974,2.4918534755706787,5.115396499633789,61.72757339477539,1.2945812940597534
4229,169.85604190114756,2.243119478225708,4.7138776779174805,61.23024368286133,1.2947115898132324
4230,162.44660856321366,1.6542646884918213,4.383343696594238,60.93402862548828,1.2948122024536133
4231,160.75617768611636,1.6292123794555664,3.8054134845733643,59.56679153442383,1.2948927879333496
4232,172.15125151781064,2.2468745708465576,5.216623306274414,64.66594696044922,1.2949804067611694
4233,189.4620982115314,3.068512201309204,4.25961971282959,61.509765625,1.29508638381958
4234,149.94878703776487,0.8082081079483032,5.7266740798950195,66.1128158569336,1.2951551675796509
4235,175.63170580829998,2.2898550033569336,3.7164223194122314,61.31493377685547,1.2951902151107788
4236,178.1127530332764,2.598928689956665,4.124826431274414,61.25105667114258,1.2952375411987305
4237,167.067618935066,2.158660411834717,3.6099495887756348,61.168582916259766,1.295297622680664
4238,177.5808478925826,2.686718702316284,4.370848178863525,62.342376708984375,1.2953944206237793
4239,185.8330597823222,2.986457347869873,4.602810859680176,62.231571197509766,1.2955149412155151
4240,186.90481267818302,3.1206722259521484,5.223562717437744,63.14101791381836,1.2956970930099487
4241,198.7725020002767,3.464294195175171,5.0893402099609375,64.17938995361328,1.2959035634994507
4242,186.886144909005,2.9140241146087646,5.416849613189697,63.71322250366211,1.2961186170578003
4243,197.53447234284852,2.66839337348938,5.664771556854248,64.08521270751953,1.2962766885757446
4244,184.28375188062577,2.6198372840881348,5.686357021331787,63.337913513183594,1.2964192628860474
4245,189.92740937514404,2.56070876121521,5.595971584320068,64.93303680419922,1.2965279817581177
4246,184.39833243640027,2.282306432723999,5.672487258911133,64.53678894042969,1.2965977191925049
4247,185.97693286760608,2.807556390762329,6.0414276123046875,65.17024993896484,1.2966989278793335
4248,189.44569362279302,3.127065420150757,6.042166233062744,65.28156280517578,1.2968405485153198
4249,176.12959374794886,2.432694673538208,5.698360443115234,65.56294250488281,1.2970046997070312
4250,156.96214656635198,1.0591392517089844,14.128241539001465,69.24686431884766,1.297136902809143
4251,184.89633644520637,2.520094871520996,6.343470573425293,66.40840911865234,1.297255277633667
4252,144.9354606248266,-0.1030915156006813,23.926025390625,74.19416046142578,1.297338843345642
4253,178.24451424964516,2.421218156814575,6.825006484985352,66.93830108642578,1.2974475622177124
4254,170.20199157320684,2.019723415374756,17.54059600830078,70.95606994628906,1.2975727319717407
4255,139.76491900194932,0.5507887601852417,24.659143447875977,74.23338317871094,1.2977256774902344
4256,149.30577296148928,0.885572075843811,23.48150634765625,74.05675506591797,1.297876238822937
4257,156.22918007326683,1.512631893157959,20.965839385986328,72.6129379272461,1.2980473041534424
4258,127.25225019043353,-0.47153785824775696,26.9395751953125,75.47034454345703,1.2982029914855957
4259,164.3476788828518,1.7870337963104248,8.603896141052246,67.16500854492188,1.2983437776565552
4260,130.84027706114512,-1.8256726264953613,26.272083282470703,74.82990264892578,1.2984319925308228
4261,178.31613439351128,2.9744999408721924,6.481575965881348,66.83594512939453,1.2986124753952026
4262,172.05356245552275,2.2273614406585693,8.472081184387207,68.23512268066406,1.2987995147705078
4263,141.06717903990426,0.5346238613128662,21.36853790283203,73.75672912597656,1.299007773399353
4264,141.3342925259952,0.2418944090604782,20.805450439453125,73.95407104492188,1.2991963624954224
4265,123.48015757581274,-1.1352136135101318,32.644775390625,78.07736206054688,1.2993582487106323
4266,186.44507636608665,2.718475580215454,5.160205364227295,64.03572082519531,1.299509882926941
4267,194.71863725364912,3.051274538040161,6.034095764160156,63.97298049926758,1.2996643781661987
4268,179.2511633879779,1.1988718509674072,6.623678207397461,62.14181137084961,1.29972505569458
4269,194.49289067950943,2.973191261291504,5.134200572967529,63.1381721496582,1.2997699975967407
4270,205.26663925186875,3.0692906379699707,5.04879903793335,64.10758209228516,1.2997967004776
4271,208.53287739693306,3.0581815242767334,5.4966840744018555,64.30350494384766,1.2997876405715942
4272,199.03706002032916,2.7277603149414062,5.573691368103027,64.41283416748047,1.2997100353240967
4273,198.34461381503115,3.502573013305664,5.255259037017822,64.12120819091797,1.2997344732284546
4274,192.21987454851254,2.799708366394043,5.3950395584106445,64.28691864013672,1.2997475862503052
4275,212.18210447712306,3.0776734352111816,4.967414379119873,66.774169921875,1.2997193336486816
4276,204.67708816591093,3.0188066959381104,5.0149455070495605,65.90011596679688,1.2996805906295776
4277,202.58981498391202,2.896949529647827,4.867475986480713,66.38925170898438,1.299622654914856
4278,212.18118442109724,3.429565191268921,5.1527485847473145,68.04827880859375,1.2996128797531128
4279,214.328338108166,3.453521966934204,5.011399269104004,68.01969146728516,1.2996383905410767
4280,197.9191023540275,2.921015501022339,6.1252827644348145,67.58926391601562,1.2996773719787598
4281,192.65902613055718,1.8271735906600952,7.180294513702393,68.09436798095703,1.2996115684509277
4282,200.9324062511074,3.288529872894287,8.512367248535156,69.00702667236328,1.2996431589126587
4283,212.0774468220116,3.299192428588867,9.04989242553711,70.18673706054688,1.299715518951416
4284,199.7319751231641,2.002277374267578,10.03458023071289,69.48770904541016,1.299737572669983
4285,196.2851023548642,2.7568745613098145,10.471602439880371,69.57872772216797,1.2997674942016602
4286,204.00072105783764,2.6818320751190186,8.81908130645752,69.54643249511719,1.2997746467590332
4287,17.788132410403314,-22.68040657043457,424.47705078125,88.36351013183594,1.2997995615005493
4288,193.31779056196396,2.0897884368896484,9.543838500976562,69.51626586914062,1.299784541130066
4289,208.4634392868032,3.4280166625976562,7.9552693367004395,69.98789978027344,1.2998285293579102
4290,205.14968990352716,2.4200026988983154,7.738171100616455,69.7417221069336,1.2998065948486328
4291,210.1657293138723,3.1151273250579834,7.227912425994873,70.38478088378906,1.299797534942627
4292,17.78901599608329,-26.007736206054688,407.9988098144531,88.47679901123047,1.2997829914093018
4293,201.19520337429591,2.070505142211914,5.43194580078125,68.929931640625,1.2996701002120972
4294,204.33754660854044,2.9488866329193115,5.576772689819336,69.1605453491211,1.2995636463165283
4295,208.04764239122005,3.264483690261841,6.067592144012451,69.77740478515625,1.2994937896728516
4296,205.4937285424664,2.295788526535034,5.303259372711182,69.31217193603516,1.299381136894226
4297,194.69286722800933,3.0912201404571533,5.669607162475586,69.24125671386719,1.2994033098220825
4298,218.50301535034419,3.604485511779785,5.325362682342529,70.52373504638672,1.2994881868362427
4299,205.26645691641133,3.0134761333465576,5.427183628082275,69.75064849853516,1.2995673418045044
4300,199.34324086151105,3.0462565422058105,5.105620861053467,69.48515319824219,1.29970383644104
4301,201.67257927406698,2.8480730056762695,5.13429594039917,70.1686782836914,1.2998701333999634
4302,214.4380726539441,3.116797924041748,5.660228252410889,71.43614959716797,1.3000379800796509
4303,202.94738805148793,2.7522494792938232,5.539854526519775,71.07310485839844,1.300209641456604
4304,215.03042737707392,2.6014559268951416,5.917018890380859,72.65367126464844,1.3003431558609009
4305,200.8783607682841,2.7080750465393066,5.1491241455078125,71.53858947753906,1.3005210161209106
4306,212.41245783323276,3.0424182415008545,5.558383464813232,72.71784973144531,1.300742745399475
4307,201.01167844975916,2.446629762649536,5.477625370025635,72.46044158935547,1.3009519577026367
4308,209.27713856201345,2.6989006996154785,4.995540618896484,73.09796142578125,1.301162838935852
4309,203.88983964921275,1.1243934631347656,5.988722801208496,72.95846557617188,1.3012568950653076
4310,200.83907578477647,2.4227654933929443,5.538275718688965,73.44709014892578,1.3013852834701538
4311,209.34170817423822,2.5424559116363525,4.868990898132324,73.95257568359375,1.3015190362930298
4312,216.34474710126244,2.9207563400268555,4.792494297027588,74.75260925292969,1.301694393157959
4313,213.03502631970568,2.3581907749176025,5.141524314880371,75.05406188964844,1.3018279075622559
4314,207.65829317045294,2.2170310020446777,5.057501316070557,74.90538787841797,1.3019322156906128
4315,213.38190012686752,2.5701396465301514,4.838747024536133,76.09901428222656,1.3020635843276978
4316,196.02566048070668,1.242238163948059,5.451455593109131,75.99687957763672,1.3021217584609985
4317,210.36873688964062,2.4071238040924072,4.933484077453613,77.21167755126953,1.302201747894287
4318,206.62171166784123,1.6643139123916626,4.997756481170654,77.7691421508789,1.3022139072418213
4319,208.6231971997702,2.0646891593933105,4.747193336486816,77.79805755615234,1.3022199869155884
4320,216.82006135729773,2.2147586345672607,4.972786903381348,79.82102966308594,1.3022186756134033
4321,210.19283352275613,2.248927354812622,4.916301250457764,78.809814453125,1.3022316694259644
4322,201.8896580234998,1.971528172492981,5.240800380706787,79.41908264160156,1.3022576570510864
4323,207.2242502882559,2.129952907562256,5.052267551422119,79.23128509521484,1.3022981882095337
4324,209.20310823897643,2.545048475265503,5.155632972717285,79.749755859375,1.3024569749832153
4325,204.90818303209872,2.1528244018554688,5.071889877319336,79.40907287597656,1.3026292324066162
4326,206.5978626056809,1.7489917278289795,5.215662956237793,78.99955749511719,1.3027477264404297
4327,216.37195402908324,2.5094873905181885,5.228930950164795,79.8084945678711,1.3028756380081177
4328,212.38154382027022,2.2220096588134766,5.147634506225586,79.17243957519531,1.3029834032058716
4329,214.12967478736525,2.5822322368621826,5.123266220092773,79.45071411132812,1.303135633468628
4330,207.57330847930018,2.2115285396575928,5.443404674530029,79.1691665649414,1.3032729625701904
4331,203.64978991431974,2.46040415763855,5.4004621505737305,77.95439910888672,1.3034791946411133
4332,206.60694562874235,1.9147948026657104,5.1547956466674805,78.04656982421875,1.3035874366760254
4333,217.1248961521686,2.6019527912139893,5.233462810516357,78.39920043945312,1.3036943674087524
4334,210.6539440380609,2.772322416305542,5.442623138427734,77.19689178466797,1.3038631677627563
4335,16.70477266385071,-48.54558181762695,508.86083984375,92.58599853515625,1.3039631843566895
4336,203.16764455348635,2.1926498413085938,5.511508941650391,76.56925201416016,1.304052710533142
4337,209.2992798828579,2.4874048233032227,5.575987339019775,76.5986099243164,1.3041561841964722
4338,202.31328692342132,2.3545966148376465,5.852884292602539,76.2986831665039,1.3042607307434082
4339,207.7981390051811,2.5637316703796387,5.515548229217529,76.94757843017578,1.304386019706726
4340,198.41461500665326,2.6329185962677,5.888119220733643,76.40894317626953,1.3046518564224243
4341,208.59878211314467,2.9498300552368164,6.335099697113037,77.47079467773438,1.3049755096435547
4342,200.79520024951404,2.392733097076416,6.6419453620910645,76.40973663330078,1.3052940368652344
4343,213.5799779337659,2.782512903213501,6.771140098571777,77.46894073486328,1.305606722831726
4344,214.15544130143027,2.6529347896575928,7.068354606628418,77.19978332519531,1.3058924674987793
4345,211.0670299838771,2.877394914627075,6.917271614074707,77.29369354248047,1.3061890602111816
4346,219.1210564996183,2.7567946910858154,7.041916370391846,78.4155502319336,1.3064802885055542
4347,199.22122341143094,2.075188398361206,7.630435466766357,77.29666137695312,1.3067412376403809
4348,16.250222965713974,-26.362403869628906,519.2540893554688,92.81217193603516,1.3069968223571777
4349,212.03555235860136,2.576327323913574,7.5184550285339355,78.72982788085938,1.307236909866333
4350,213.78826792019032,1.8876845836639404,7.246973991394043,78.78941345214844,1.3074063062667847
4351,210.49177067670303,2.7793824672698975,6.832172393798828,78.16362762451172,1.3076539039611816
4352,204.9208815172707,2.46842360496521,6.775878429412842,77.35298156738281,1.3079149723052979
4353,210.70069553090545,2.162797451019287,6.852604866027832,79.2083969116211,1.308139681816101
4354,209.30426432949255,2.6043448448181152,6.605882167816162,78.34231567382812,1.3083826303482056
4355,213.69720957009338,2.8298211097717285,6.499394416809082,78.47371673583984,1.3086847066879272
4356,211.58797203635123,2.6019668579101562,6.322412490844727,78.4007339477539,1.309008002281189
4357,207.38774757063777,2.373098611831665,6.913658618927002,78.24102020263672,1.3093029260635376
4358,199.9057542201479,1.9825384616851807,6.648960590362549,77.61531829833984,1.3095617294311523
4359,214.16227843096055,2.612037181854248,6.344089508056641,78.57172393798828,1.3098138570785522
4360,206.27182819994272,2.0456490516662598,6.589074611663818,78.14415740966797,1.310021996498108
4361,208.9490092800328,2.0923476219177246,6.763593673706055,78.82626342773438,1.3101857900619507
4362,201.396139923672,2.651219606399536,7.042579174041748,78.37799835205078,1.3104037046432495
4363,209.41150229726097,2.8578929901123047,6.64980936050415,78.97576904296875,1.3108210563659668
4364,205.67540338471215,2.2057063579559326,18.243330001831055,80.38667297363281,1.3111993074417114
4365,207.3086425358378,2.3052916526794434,7.268283843994141,79.56089782714844,1.3115521669387817
4366,205.14938792204708,2.5524795055389404,7.324193477630615,79.6707992553711,1.3119264841079712
4367,190.78805752712702,0.8433223962783813,22.801280975341797,83.92791748046875,1.3122302293777466
4368,202.3387854971162,1.965447187423706,7.121251106262207,79.67967987060547,1.3125027418136597
4369,201.9089590679094,1.7626285552978516,7.016242980957031,79.31198120117188,1.3127323389053345
4370,209.1497311954905,0.7927566170692444,6.773916721343994,80.43084716796875,1.3128447532653809
4371,199.95329093410282,2.0826306343078613,6.952149868011475,80.02719116210938,1.312965750694275
4372,163.123771747901,1.1293708086013794,33.92865753173828,83.47789764404297,1.3131557703018188
4373,200.59390020122524,1.9514026641845703,7.64589786529541,82.06269836425781,1.313340187072754
4374,172.1841856843693,0.7518848180770874,36.712860107421875,85.87928771972656,1.3135175704956055
4375,190.04396253738304,1.6824926137924194,19.315542221069336,85.37252807617188,1.313787579536438
4376,170.06443224507498,0.6433113217353821,32.327388763427734,85.68622589111328,1.3140456676483154
4377,183.49377134154673,1.1622403860092163,18.15878677368164,85.50846099853516,1.3143008947372437
4378,124.02543262575327,-1.6659374237060547,59.43170166015625,90.88954162597656,1.3145657777786255
4379,190.92986234290098,0.8172378540039062,21.520483016967773,87.09805297851562,1.3147883415222168
4380,162.65435450709492,0.02792786993086338,33.936927795410156,87.23629760742188,1.3149954080581665
4381,151.10571019581226,-2.8490896224975586,39.26218032836914,88.46186065673828,1.3151148557662964
4382,160.47846947408823,0.14206042885780334,28.012264251708984,86.39019775390625,1.315237283706665
4383,161.57960027775022,0.258425235748291,21.32784080505371,84.4920425415039,1.315374732017517
4384,154.81049941248395,-0.4148489534854889,24.86341094970703,84.94509887695312,1.3154934644699097
4385,75.60379291533732,-5.2121357917785645,195.52345275878906,96.68217468261719,1.3156663179397583
4386,129.52258316288686,-1.1691111326217651,52.75468826293945,91.32003021240234,1.3158830404281616
4387,155.35796491336845,0.1306544840335846,26.390674591064453,88.03044128417969,1.316151738166809
4388,159.54802325644854,-1.594146490097046,17.654329299926758,86.3230209350586,1.3163260221481323
4389,121.38846013471407,-3.4949631690979004,58.018760681152344,91.33839416503906,1.316452145576477
4390,99.22056854929633,-3.6596548557281494,121.11511993408203,95.34039306640625,1.3166042566299438
4391,139.18149160265529,-1.7458175420761108,43.43730163574219,91.71546936035156,1.3167338371276855
4392,140.19457646586244,-1.3775453567504883,32.119873046875,88.41645050048828,1.316846251487732
4393,121.99953124146651,-0.9554731845855713,47.90965270996094,88.96253204345703,1.3171337842941284
4394,134.14551915013195,-2.856639862060547,45.76018524169922,92.1869125366211,1.317349910736084
4395,145.8255573845889,-0.28115352988243103,15.096745491027832,80.94959259033203,1.3175724744796753
4396,130.15612965033688,-1.2906689643859863,44.25461959838867,91.6999740600586,1.3178471326828003
4397,113.55526345200926,-2.6148436069488525,34.874359130859375,81.48339080810547,1.3181042671203613
4398,123.69865071033584,-1.8272006511688232,40.85877227783203,86.10616302490234,1.3183597326278687
4399,92.96404658714796,-3.6863389015197754,111.6217041015625,92.78787994384766,1.318651556968689
4400,173.56151455872322,1.2530698776245117,8.27163314819336,78.29796600341797,1.3189688920974731
4401,81.63166532330935,-6.402350425720215,59.37100601196289,87.39862823486328,1.3192425966262817
4402,139.0898836108381,-2.035621166229248,21.547903060913086,80.79747772216797,1.3194280862808228
4403,162.0922246153248,0.5404497385025024,8.356400489807129,73.68632507324219,1.3195887804031372
4404,122.44808838566293,-1.3356846570968628,30.677345275878906,79.57147216796875,1.3197880983352661
4405,144.12548482535044,-0.3011432886123657,10.177656173706055,74.56668090820312,1.3199740648269653
4406,152.30380833506035,0.4497365951538086,8.866497039794922,69.27213287353516,1.3201613426208496
4407,153.53399369255257,0.13904006779193878,9.066184043884277,70.43753814697266,1.320303201675415
4408,131.5154773837398,-0.28453290462493896,9.269166946411133,70.18656158447266,1.3205146789550781
4409,127.81620396989898,-2.2138473987579346,20.976743698120117,74.30033874511719,1.3206645250320435
4410,138.38406077130563,0.2325880080461502,10.906298637390137,71.38922119140625,1.320941686630249
4411,102.08450069038443,-3.212890386581421,32.30710983276367,73.92213439941406,1.3211922645568848
4412,95.29959805925525,-3.577584743499756,49.71261215209961,78.91498565673828,1.3214458227157593
4413,120.852550977572,-2.0868279933929443,18.92765235900879,70.81593322753906,1.3216427564620972
4414,147.0907453207751,-0.0299970842897892,9.711101531982422,61.24763870239258,1.321789264678955
4415,74.60180683551522,-7.092164516448975,60.07864761352539,78.50411224365234,1.321903109550476
4416,160.16898675887717,1.626929521560669,9.184009552001953,61.74231719970703,1.3220747709274292
4417,117.39076197416766,-1.8957476615905762,24.070133209228516,70.78715515136719,1.3222225904464722
4418,160.27829267218905,1.59675133228302,9.475378036499023,59.24021530151367,1.322402000427246
4419,128.87802172772595,-1.0516796112060547,11.020564079284668,66.3402328491211,1.322540283203125
4420,138.8796780482814,-0.4255659580230713,11.831047058105469,60.7248649597168,1.3226262331008911
4421,158.83609998794927,0.9626970887184143,9.851790428161621,61.41464614868164,1.3226884603500366
4422,164.97297308897842,1.945371389389038,10.49449634552002,59.48209762573242,1.3227752447128296
4423,114.74760990545698,-1.0249013900756836,21.467504501342773,66.12399291992188,1.3228983879089355
4424,124.11824458782226,-0.11831319332122803,12.639307022094727,63.11249923706055,1.3230870962142944
4425,159.65921757791648,1.4659868478775024,11.067137718200684,57.4894905090332,1.3232516050338745
4426,144.99360110200934,0.07014761865139008,12.681180953979492,64.6187744140625,1.3233696222305298
4427,169.55948384311753,2.2184500694274902,13.087743759155273,60.43657302856445,1.3235176801681519
4428,120.84071181122006,-1.0799723863601685,15.610403060913086,64.72529602050781,1.323642611503601
4429,130.1225915645273,0.2965281307697296,15.652201652526855,65.96710968017578,1.3238016366958618
4430,118.21824101892521,-1.3943020105361938,21.059946060180664,66.15664672851562,1.3239177465438843
4431,192.43207375637348,3.8913917541503906,11.941954612731934,53.78338623046875,1.3240729570388794
4432,156.2691215981317,2.076157331466675,11.981717109680176,60.38473129272461,1.3243293762207031
4433,14.513452593676634,-35.87982940673828,601.769287109375,95.11631774902344,1.3245362043380737
4434,172.49799839611813,2.264341354370117,14.112689018249512,59.723838806152344,1.3247212171554565
4435,98.61883835178654,-3.426077365875244,55.67182540893555,72.13109588623047,1.324872612953186
4436,181.91128934960227,2.4372634887695312,13.028718948364258,56.77915573120117,1.324976921081543
4437,127.87510286242406,-0.6195118427276611,15.477537155151367,66.90760040283203,1.3250352144241333
4438,136.36342468879852,-1.5839900970458984,12.616477966308594,65.01529693603516,1.3249807357788086
4439,13.51285697934931,-32.057376861572266,650.5543823242188,94.4139175415039,1.3249289989471436
4440,16.277997288814795,-35.85606384277344,393.32916259765625,93.25904846191406,1.3248647451400757
4441,12.092685107072782,-28.928936004638672,681.9310302734375,93.88710021972656,1.3248295783996582
4442,16.655424384904567,-30.177928924560547,399.1030578613281,92.18580627441406,1.3247671127319336
4443,18.224446870578845,-26.945558547973633,339.7274169921875,91.05248260498047,1.3246995210647583
4444,17.880183974401756,-19.07700538635254,304.216064453125,89.44722747802734,1.3247020244598389
4445,19.22672259992088,-21.92219352722168,266.76251220703125,85.2003173828125,1.3247051239013672
4446,16.414137892117584,-25.18521499633789,314.9409484863281,89.32412719726562,1.3247052431106567
4447,16.218446701049274,-25.03927993774414,172.87118530273438,84.8853530883789,1.324699878692627
4448,14.628860286973243,-24.518882751464844,290.84930419921875,85.21421813964844,1.3247097730636597
4449,153.1309285718095,1.702042579650879,21.769142150878906,57.715938568115234,1.3246859312057495
4450,20.023204583938213,-19.639076232910156,134.26138305664062,72.69380187988281,1.3246647119522095
4451,18.27028228862403,-17.673974990844727,116.6058120727539,72.73075866699219,1.3247116804122925
4452,186.23100881773323,5.210421085357666,34.35221481323242,49.65823745727539,1.324794054031372
4453,197.91488795782232,4.65186882019043,31.768754959106445,45.62587356567383,1.3248568773269653
4454,19.18690023840169,-13.489441871643066,105.11614990234375,51.60750198364258,1.3249374628067017
4455,211.22219232877305,6.8773956298828125,36.37907791137695,39.634437561035156,1.3250445127487183
4456,17.04450188980472,-15.93977165222168,65.12232208251953,38.49787902832031,1.3251466751098633
4457,214.52934368017148,6.207406520843506,27.6586856842041,38.97608947753906,1.3252248764038086
4458,17.344243282335135,-14.936407089233398,31.09393882751465,31.374879837036133,1.3252977132797241
4459,19.0265806553488,-14.841941833496094,82.3624496459961,26.308969497680664,1.3253403902053833
4460,207.42146172202357,6.17645263671875,33.80369567871094,36.47433090209961,1.3253406286239624
4461,207.0077437441404,6.670734882354736,29.530832290649414,35.88526153564453,1.3253167867660522
4462,213.83616060906178,6.903554916381836,25.76069450378418,38.34193420410156,1.3252882957458496
4463,208.59263931887875,7.040591239929199,32.80329513549805,38.3131217956543,1.3252636194229126
4464,24.794729975995644,-8.172483444213867,19.100954055786133,21.723979949951172,1.3251978158950806
4465,204.20404467678313,7.519784927368164,31.679372787475586,37.397926330566406,1.3251676559448242
4466,196.39186629020412,5.855127334594727,29.461688995361328,37.5916748046875,1.3250964879989624
4467,183.12056218163985,6.958117961883545,28.586278915405273,35.448753356933594,1.325042963027954
4468,192.74731519652923,7.301433086395264,36.46430587768555,36.651832580566406,1.3250194787979126
4469,194.10676217283054,6.17471170425415,22.142484664916992,36.4378662109375,1.3249303102493286
4470,191.80665030422244,6.027214050292969,29.655899047851562,36.303768157958984,1.324795126914978
4471,189.40305792435848,7.458032131195068,30.36404800415039,36.809993743896484,1.3247147798538208
4472,178.1313056624405,6.629194736480713,23.502962112426758,36.47565841674805,1.3246763944625854
4473,198.3956597888189,6.662774085998535,29.77692413330078,37.92730712890625,1.3246406316757202
4474,170.72520339634508,5.328126430511475,27.225635528564453,36.92735290527344,1.324567437171936
4475,174.47051560844847,6.0389580726623535,26.82822036743164,36.57887649536133,1.324506402015686
4476,148.50205725220482,5.945864200592041,22.63054847717285,38.476043701171875,1.3245116472244263
4477,169.82463341494486,5.494057655334473,19.707365036010742,36.337158203125,1.3244881629943848
4478,169.95507444735821,5.574351787567139,23.156068801879883,36.11480712890625,1.3244433403015137
4479,157.60023568231244,4.889607906341553,23.920101165771484,37.51670837402344,1.3243829011917114
4480,151.58421384001775,4.893469333648682,21.36585235595703,36.30771255493164,1.3243107795715332
4481,168.15944286088302,6.721860408782959,19.730356216430664,36.81161880493164,1.3242764472961426
4482,162.07949213617252,5.386955738067627,19.215829849243164,36.121585845947266,1.3242262601852417
4483,177.6794317972041,6.491990566253662,20.43187141418457,37.9686279296875,1.324182391166687
4484,164.74381608972067,5.294885635375977,19.478622436523438,36.154151916503906,1.3241058588027954
4485,174.42811280998635,5.417720794677734,20.035688400268555,37.20710372924805,1.323940634727478
4486,170.74047560048228,6.518846035003662,17.903221130371094,36.83157730102539,1.3238085508346558
4487,169.39495246846775,6.105091094970703,19.233638763427734,36.82834243774414,1.3236807584762573
4488,181.16973041045694,6.815738677978516,18.550012588500977,38.16477584838867,1.3235856294631958
4489,165.76120765068754,5.526930332183838,18.313758850097656,35.54494094848633,1.3234838247299194
4490,167.59359082037057,5.958491802215576,15.280538558959961,36.432735443115234,1.3234156370162964
4491,170.04635172613075,5.559399127960205,14.766301155090332,36.36668014526367,1.3233500719070435
4492,171.27239566695917,5.9939703941345215,15.211217880249023,37.80485916137695,1.3233104944229126
4493,171.0304088279976,5.174569606781006,14.889714241027832,37.937320709228516,1.323264479637146
4494,171.99790828592327,5.585521221160889,12.94957160949707,38.87742614746094,1.3232539892196655
4495,177.57256739324578,4.977481842041016,17.73955726623535,39.76865005493164,1.3232229948043823
4496,170.13178307149346,5.155756950378418,14.258260726928711,39.3093147277832,1.3232132196426392
4497,173.3253976136989,3.757652997970581,18.995210647583008,40.382713317871094,1.3231372833251953
4498,170.4197154464266,4.540961265563965,11.113513946533203,40.147090911865234,1.3230623006820679
4499,160.15841351500217,2.8005752563476562,10.689984321594238,39.200286865234375,1.322903037071228
4500,173.82555800246507,4.528963088989258,11.156099319458008,41.273468017578125,1.3227474689483643
4501,168.90319317710043,3.8147811889648438,11.575665473937988,40.84800720214844,1.3225594758987427
4502,171.4919897396557,3.9643943309783936,10.712717056274414,40.85322189331055,1.3223704099655151
4503,168.4310197795226,3.6735610961914062,11.128704071044922,39.79639434814453,1.3221681118011475
4504,170.02664822208322,3.7713637351989746,11.094095230102539,40.495601654052734,1.3219441175460815
4505,124.63868834694235,2.3769285678863525,12.529906272888184,43.446712493896484,1.3217626810073853
4506,166.72986679963856,4.583230972290039,11.810969352722168,39.9505615234375,1.3216632604599
4507,168.27770927822021,3.215430498123169,12.153739929199219,40.08162307739258,1.3215192556381226
4508,170.4002459120405,4.137487888336182,12.122488021850586,40.72023391723633,1.3213847875595093
4509,163.12807683038764,2.962402105331421,13.458622932434082,39.74962615966797,1.3212190866470337
4510,171.8677733212333,4.146294593811035,13.428377151489258,40.4312858581543,1.3210679292678833
4511,169.13152872310005,4.310012340545654,13.34128189086914,41.105533599853516,1.3209506273269653
4512,168.75045288817233,4.166465759277344,13.489042282104492,40.35407257080078,1.3208645582199097
4513,137.47366267867545,2.820801019668579,15.028419494628906,41.638526916503906,1.3208121061325073
4514,167.85602579238827,3.8197290897369385,13.540266036987305,40.69707107543945,1.3207716941833496
4515,171.25584429657383,3.7492804527282715,13.119422912597656,40.976722717285156,1.3207274675369263
4516,165.1601723467822,4.005871295928955,14.7339448928833,40.5305061340332,1.3207124471664429
4517,162.33412618997505,3.5608584880828857,14.431671142578125,40.791847229003906,1.3207086324691772
4518,167.43827700266786,2.6921634674072266,15.493020057678223,41.015045166015625,1.3206501007080078
4519,165.78649766896828,3.731276273727417,15.467268943786621,41.00532150268555,1.320608139038086
4520,155.38554280447514,3.141904830932617,16.239152908325195,41.33198165893555,1.3205689191818237
4521,165.09794395055377,4.217546463012695,16.261798858642578,41.404052734375,1.3205736875534058
4522,165.53910455563835,3.3170390129089355,15.013483047485352,41.6478385925293,1.3205586671829224
4523,164.09865387176652,3.688124895095825,16.08399200439453,42.31108093261719,1.320554256439209
4524,164.05972647647033,3.502269744873047,15.707139015197754,42.317142486572266,1.3205631971359253
4525,173.05909873715143,3.8835079669952393,15.633854866027832,43.786712646484375,1.320580005645752
4526,167.06501549931306,1.8151606321334839,16.308897018432617,43.59832763671875,1.3204790353775024
4527,163.7618723416056,3.252758264541626,15.831708908081055,43.569419860839844,1.3203840255737305
4528,170.04447003129306,3.058637857437134,14.898691177368164,44.18386459350586,1.3202661275863647
4529,161.47218669832566,3.722476005554199,16.430370330810547,43.98931121826172,1.3202300071716309
4530,163.2185008584412,3.628690481185913,16.168087005615234,44.42540740966797,1.320246696472168
4531,167.5177968994307,3.600775957107544,16.829517364501953,44.87329864501953,1.3202847242355347
4532,173.2335056577075,4.378734588623047,15.596044540405273,46.03470993041992,1.3203855752944946
4533,165.51706180179534,3.505601644515991,15.883110046386719,44.93796920776367,1.320494294166565
4534,164.3228246911797,2.0887844562530518,15.822596549987793,45.30662155151367,1.3205232620239258
4535,168.30872364383262,1.7123873233795166,16.880691528320312,45.987369537353516,1.3204526901245117
4536,168.05424290818524,3.8467202186584473,16.415433883666992,46.159095764160156,1.320424199104309
4537,166.80171484927683,2.8868110179901123,15.62995719909668,46.28350067138672,1.320367455482483
4538,175.2926988520387,2.564892292022705,17.283376693725586,46.29523468017578,1.3202511072158813
4539,172.05385195451208,4.8043532371521,17.849159240722656,46.568092346191406,1.3202182054519653
4540,176.65878902811957,3.221020460128784,18.10597038269043,46.98828887939453,1.3201546669006348
4541,166.40512851080308,3.8916869163513184,16.05033302307129,46.06002426147461,1.32013738155365
4542,173.487052702609,3.2656257152557373,17.117694854736328,46.907386779785156,1.3200846910476685
4543,179.94602055095945,2.9727401733398438,16.793655395507812,47.172203063964844,1.319985032081604
4544,170.58147661438863,3.821969747543335,16.755191802978516,46.74882507324219,1.3199166059494019
4545,173.18397112811923,4.734272003173828,16.668983459472656,46.87316131591797,1.3200327157974243
4546,174.45684956090423,4.4614787101745605,17.277341842651367,47.748111724853516,1.320191740989685
4547,186.192602207536,4.38216495513916,16.991695404052734,47.7752571105957,1.3203374147415161
4548,186.62792261761626,4.774506568908691,16.825843811035156,47.84139633178711,1.3205069303512573
4549,193.07311039826038,4.755466461181641,16.79918670654297,48.35844421386719,1.320676565170288
4550,195.3870318978499,4.912158012390137,16.89712905883789,48.53676986694336,1.3208550214767456
4551,155.40847946705995,2.6406571865081787,18.686222076416016,50.91569519042969,1.3209816217422485
4552,193.19812779740818,4.991515636444092,17.33575439453125,48.99883270263672,1.3211168050765991
4553,184.08368412220926,4.780611991882324,17.739013671875,50.42813491821289,1.3212677240371704
4554,199.36836163855935,5.059505462646484,17.201557159423828,49.56961441040039,1.3214198350906372
4555,189.6703424608424,3.9817776679992676,17.515913009643555,50.34892654418945,1.3215184211730957
4556,208.37154744692984,5.613730430603027,17.110502243041992,51.424137115478516,1.3216789960861206
4557,202.3813484863149,3.8527770042419434,17.400245666503906,50.87923812866211,1.3217782974243164
4558,176.72997487969798,4.432929992675781,19.329570770263672,52.15582275390625,1.3218904733657837
4559,183.71583650451385,3.981168031692505,19.886817932128906,52.75627517700195,1.3219550848007202
4560,179.16938890784746,4.181015968322754,21.78821563720703,53.81624984741211,1.3220139741897583
4561,203.47873281643774,5.357951641082764,19.452526092529297,53.38724899291992,1.3221014738082886
4562,60.112350728582236,-7.108531951904297,90.87814331054688,62.00658416748047,1.3221365213394165
4563,53.21329920591684,-5.847757816314697,104.55137634277344,62.337772369384766,1.3221607208251953
4564,209.67809523324806,4.790498733520508,21.03902816772461,55.05942153930664,1.3221598863601685
4565,159.34116649262413,2.1087048053741455,26.300111770629883,57.808067321777344,1.3221189975738525
4566,192.64074912783272,5.4710798263549805,23.319780349731445,55.69034957885742,1.3221560716629028
4567,71.72830712816742,-4.571499824523926,77.83660125732422,62.75909423828125,1.3221619129180908
4568,174.47338950329822,3.587045907974243,25.228364944458008,58.01648712158203,1.3221536874771118
4569,207.29446057898764,5.09814977645874,22.59408187866211,56.81123733520508,1.3221544027328491
4570,204.38364535328898,4.975046634674072,23.09097671508789,57.15741729736328,1.3221627473831177
4571,171.11429438178615,3.962360382080078,26.529232025146484,59.24847412109375,1.3222354650497437
4572,202.66236582599504,5.329784393310547,23.614450454711914,58.148155212402344,1.3223639726638794
4573,172.91988451229665,3.3844363689422607,30.088903427124023,59.07854461669922,1.3224648237228394
4574,163.49986140282098,3.928832530975342,31.372066497802734,60.15680694580078,1.3226717710494995
4575,18.491456627279423,-12.397208213806152,263.43939208984375,67.37480926513672,1.323025107383728
4576,183.44291492252904,4.625081539154053,29.47357749938965,60.075138092041016,1.3234071731567383
4577,171.82461234665104,2.231555938720703,30.4218807220459,60.417076110839844,1.3237181901931763
4578,172.36739245296602,3.527587890625,30.3635196685791,60.537689208984375,1.3239948749542236
4579,192.41866016599556,4.685868740081787,27.230077743530273,59.91093063354492,1.3242915868759155
4580,191.57061446283635,4.9676666259765625,27.82431411743164,60.27019500732422,1.3246650695800781
4581,65.16922191508304,-2.4331765174865723,86.70699310302734,64.32117462158203,1.32503080368042
4582,177.01843451427285,3.5167720317840576,29.458209991455078,60.6547966003418,1.3253517150878906
4583,155.9585623599414,3.3070907592773438,32.68683624267578,61.55974578857422,1.3256679773330688
4584,181.21025616808285,4.576412200927734,26.522537231445312,60.436771392822266,1.326033115386963
4585,96.0719805780081,-1.940889596939087,66.80329132080078,63.72431945800781,1.3263261318206787
4586,92.95119846026688,-3.229969024658203,68.10499572753906,63.64004898071289,1.3265341520309448
4587,108.8398572037476,1.2772374153137207,59.935585021972656,63.55128479003906,1.3267909288406372
4588,139.38925789216503,0.8114976286888123,39.250553131103516,62.866641998291016,1.3269773721694946
4589,189.9508277055621,4.008401393890381,24.611236572265625,60.04563903808594,1.3271342515945435
4590,141.71179417793286,2.749351739883423,34.133907318115234,62.49928665161133,1.3273286819458008
4591,171.03999324410455,3.4915831089019775,26.55919647216797,61.5654182434082,1.3275222778320312
4592,190.13266138345705,4.044312953948975,23.816869735717773,59.95470428466797,1.3276869058609009
4593,175.17133416476273,3.0612406730651855,24.929250717163086,60.84447479248047,1.3278112411499023
4594,18.430824009205903,-15.295112609863281,267.16949462890625,68.49345397949219,1.3279619216918945
4595,178.71730449643766,4.477382659912109,23.52989387512207,60.3315544128418,1.328236699104309
4596,215.72047398715918,5.054049491882324,19.40266990661621,57.966312408447266,1.3284854888916016
4597,176.18043490965334,4.7252960205078125,22.66154670715332,60.27220153808594,1.3288131952285767
4598,130.14589770870333,1.6414039134979248,46.91400146484375,63.837947845458984,1.3291178941726685
4599,186.19721993734973,2.9741733074188232,20.965822219848633,60.27460861206055,1.329342246055603
4600,14.625851884034923,-21.86204719543457,304.1743469238281,68.92286682128906,1.329545021057129
4601,211.48255109811168,4.596225738525391,19.307640075683594,58.85249710083008,1.329720139503479
4602,217.94461849902487,4.9469733238220215,19.14671516418457,58.223243713378906,1.3298708200454712
4603,16.738948323421518,-28.78718376159668,286.9830017089844,69.05467224121094,1.3299640417099
4604,13.636254409754667,-26.899446487426758,331.57757568359375,69.18755340576172,1.3300323486328125
4605,200.62942374460644,4.831052780151367,20.054231643676758,59.25339126586914,1.330127239227295
4606,206.2387118571948,4.325482368469238,19.750200271606445,59.18970489501953,1.3301758766174316
4607,216.19570847296345,4.918292045593262,19.541854858398438,58.25588607788086,1.3302098512649536
4608,216.71906414351514,4.482495307922363,19.495298385620117,58.568214416503906,1.330220341682434
4609,213.90757905017327,5.310184001922607,19.860515594482422,58.785892486572266,1.3302935361862183
4610,16.298080586361785,-15.608760833740234,281.0188903808594,69.37679290771484,1.3304250240325928
4611,18.0120944043976,-23.769317626953125,260.6598205566406,69.301513671875,1.3305195569992065
4612,18.452818190693463,-14.604487419128418,257.6899719238281,69.43514251708984,1.3306807279586792
4613,16.3154996102743,-19.413970947265625,278.05902099609375,69.17106628417969,1.3308379650115967
4614,16.410950861989893,-16.70542335510254,274.2098083496094,69.34760284423828,1.331031322479248
4615,15.81201125007875,-22.354814529418945,257.7460632324219,69.2215347290039,1.3311926126480103
4616,16.461268043819775,-17.418384552001953,267.0828552246094,69.15657806396484,1.3313798904418945
4617,16.303600608449834,-25.679967880249023,222.54515075683594,68.3575668334961,1.3315218687057495
4618,16.2259953532941,-16.30079460144043,268.5982360839844,68.68415069580078,1.3317152261734009
4619,22.750140281184514,-14.874090194702148,211.1421661376953,68.21676635742188,1.331895351409912
4620,211.95939218156164,5.549612522125244,19.87776756286621,59.282249450683594,1.332203984260559
4621,19.779942908595192,-22.276487350463867,236.28135681152344,68.33468627929688,1.3324437141418457
4622,214.1917562430639,4.312352657318115,20.598724365234375,59.09636306762695,1.332639217376709
4623,208.73924746841232,5.215991973876953,20.439613342285156,59.02433395385742,1.3328450918197632
4624,17.96674231886396,-18.64806365966797,245.2208709716797,67.01504516601562,1.3330293893814087
4625,18.401236725564356,-16.6005859375,184.37469482421875,66.16397094726562,1.3332234621047974
4626,217.165035831852,5.902439594268799,19.860029220581055,59.60696792602539,1.3335703611373901
4627,19.899718052095892,-18.880048751831055,209.25363159179688,65.75088500976562,1.3338651657104492
4628,216.3091822211449,5.0044989585876465,20.888429641723633,59.575164794921875,1.3341280221939087
4629,211.23246983984998,5.227142333984375,21.817394256591797,59.523399353027344,1.3343919515609741
4630,14.572625840303283,-16.99431037902832,259.30584716796875,65.84648895263672,1.3346792459487915
4631,216.76551451587326,5.453446865081787,21.679309844970703,59.84286117553711,1.334973692893982
4632,17.894528142521438,-16.179649353027344,214.24891662597656,66.18412017822266,1.3352707624435425
4633,214.2395112304609,4.857773303985596,22.1787109375,60.24876022338867,1.335536003112793
4634,216.65271113751695,5.263876438140869,21.56342315673828,60.33130645751953,1.335805058479309
4635,218.4346198770269,5.410433292388916,21.7421932220459,60.56112289428711,1.33609139919281
4636,211.52244017960936,5.245967864990234,22.529640197753906,60.63489532470703,1.336386799812317
4637,208.3345308830062,4.927910804748535,23.991802215576172,60.69988250732422,1.3366737365722656
4638,212.7076201339531,4.274763584136963,21.944110870361328,61.09779739379883,1.3369086980819702
4639,208.84649986207538,1.8247647285461426,22.335756301879883,61.1684684753418,1.3370147943496704
4640,206.7199956884649,4.641208171844482,23.162107467651367,61.50072479248047,1.3371104001998901
4641,219.64433988106512,5.025928020477295,21.4031982421875,62.00086975097656,1.3372071981430054
4642,214.4993984222981,4.401026725769043,21.375267028808594,62.002193450927734,1.3372637033462524
4643,212.54852382158688,5.220455169677734,22.33966064453125,62.533206939697266,1.33734929561615
4644,209.00419310420466,5.242709636688232,21.778844833374023,62.789825439453125,1.3375324010849
4645,211.38846786999173,5.00442361831665,21.910839080810547,63.07966995239258,1.3377212285995483
4646,208.60341936874642,4.91588020324707,22.246601104736328,63.38508224487305,1.337927222251892
4647,202.17234820446828,3.875304937362671,24.599645614624023,63.803810119628906,1.33807373046875
4648,210.21458795623855,4.024615287780762,22.920774459838867,64.32087707519531,1.3381696939468384
4649,212.61711591215703,4.3035569190979,24.815385818481445,64.794677734375,1.3382415771484375
4650,179.18798617271344,3.122587203979492,45.3534049987793,66.46649932861328,1.3382881879806519
4651,204.86159251189852,4.416497707366943,27.06220245361328,65.50502014160156,1.3383368253707886
4652,179.76475811438974,2.6641552448272705,43.58444595336914,66.54612731933594,1.338347315788269
4653,206.7871396491523,2.827451705932617,26.079265594482422,65.9087905883789,1.338283658027649
4654,207.17487164777177,4.722309589385986,24.342470169067383,66.07843017578125,1.338255763053894
4655,205.61761881244263,4.59826135635376,25.182430267333984,65.9688949584961,1.338255524635315
4656,201.79966000427677,3.4912850856781006,27.782596588134766,66.25518798828125,1.3382230997085571
4657,202.9237274694956,3.668829917907715,34.31719207763672,67.16767883300781,1.3381682634353638
4658,203.61669878342616,4.029531002044678,30.719263076782227,67.04981231689453,1.338110327720642
4659,219.28833363538618,4.390703201293945,23.96712303161621,66.33891296386719,1.3380464315414429
4660,206.91111558538734,4.109912395477295,23.2512149810791,66.30726623535156,1.3379703760147095
4661,200.97297750298588,3.7369942665100098,23.624528884887695,66.35408020019531,1.337880253791809
4662,211.6933412951171,4.288903713226318,22.71186065673828,66.48258209228516,1.3377984762191772
4663,204.77775733135326,4.2983927726745605,23.31272315979004,66.5214614868164,1.3377304077148438
4664,207.98870724734934,3.134277582168579,25.033092498779297,66.79322814941406,1.3376078605651855
4665,203.63507162944703,2.877981185913086,24.33704376220703,66.92879486083984,1.3374361991882324
4666,205.7686828407968,4.569144248962402,28.47728157043457,67.46277618408203,1.3373322486877441
4667,195.05132700416888,4.651925086975098,28.157712936401367,68.19042205810547,1.3374067544937134
4668,203.59244120463046,3.188396453857422,25.7581844329834,67.90740203857422,1.3374429941177368
4669,209.45504505753524,4.600489616394043,23.32876205444336,67.57630157470703,1.337504267692566
4670,212.22136637597896,3.901686906814575,24.811281204223633,67.89371490478516,1.3375300168991089
4671,208.9328283293846,2.154301881790161,24.81026840209961,68.0173568725586,1.3374799489974976
4672,202.2451744074249,4.053248405456543,26.157859802246094,68.6343994140625,1.3374522924423218
4673,205.91729281226242,2.8164854049682617,23.91059684753418,68.3563232421875,1.337379813194275
4674,206.18653744858938,3.860652446746826,26.565467834472656,68.90532684326172,1.3373088836669922
4675,203.16248131692078,3.2269978523254395,25.774877548217773,68.82313537597656,1.3372074365615845
4676,203.27518146669578,4.538319110870361,25.03615951538086,69.34762573242188,1.3371883630752563
4677,208.59623937448478,3.98758864402771,24.98879623413086,69.5266342163086,1.3371816873550415
4678,202.82458616770404,3.9480373859405518,25.23856544494629,69.59991455078125,1.3371938467025757
4679,205.25130739226904,3.4317963123321533,24.83865737915039,69.68956756591797,1.3371847867965698
4680,211.7365113712886,4.336111545562744,24.46818733215332,69.89751434326172,1.3371995687484741
4681,202.5787184837979,3.942673444747925,25.320350646972656,70.16719055175781,1.3372349739074707
4682,201.10434483788956,3.1732139587402344,28.017873764038086,70.3475570678711,1.337250828742981
4683,203.71021638604066,3.324070930480957,25.147525787353516,70.28711700439453,1.337243676185608
4684,199.45680247134754,4.095532417297363,25.375289916992188,70.6322250366211,1.3373522758483887
4685,196.35311745705968,3.830554246902466,26.529388427734375,70.7670669555664,1.3375086784362793
4686,198.79524130684533,2.3651092052459717,25.696102142333984,71.03099822998047,1.3375877141952515
4687,196.87226261180984,3.8565900325775146,25.992408752441406,71.15918731689453,1.3377065658569336
4688,196.22221790680538,3.9413535594940186,25.845630645751953,71.12071228027344,1.3379383087158203
4689,202.4260239644525,3.8130404949188232,25.686311721801758,71.60562896728516,1.3381656408309937
4690,199.43764510812485,3.8086142539978027,25.944936752319336,71.7161636352539,1.3384294509887695
4691,195.73860743541513,2.092808485031128,26.5745849609375,71.98442840576172,1.3386307954788208
4692,192.29849198356678,2.469442367553711,26.789701461791992,72.05486297607422,1.3387737274169922
4693,195.16876427833913,3.531480312347412,26.636455535888672,72.15215301513672,1.338929533958435
4694,195.05847798928,3.0744781494140625,26.85613441467285,72.52178192138672,1.3390647172927856
4695,195.35647759825508,3.2772836685180664,27.255525588989258,72.85735321044922,1.3392024040222168
4696,199.42028327200916,3.514800786972046,27.303543090820312,73.06155395507812,1.3393503427505493
4697,187.99065528151704,3.474522113800049,28.55360221862793,73.2378921508789,1.3395429849624634
4698,198.62047153503062,3.5488500595092773,27.779874801635742,73.39521026611328,1.3397430181503296
4699,189.3073423413021,3.3854472637176514,28.136043548583984,73.20797729492188,1.3399715423583984
4700,196.54582811415705,2.954120397567749,27.909460067749023,73.62358856201172,1.3401702642440796
4701,192.45085594722653,2.760380506515503,28.74561882019043,73.97753143310547,1.3403429985046387
4702,186.11132274562024,3.4554665088653564,29.469322204589844,74.06243896484375,1.3405698537826538
4703,193.68797180818635,3.568845510482788,28.412511825561523,74.32979583740234,1.3408526182174683
4704,195.5188969451294,1.835057020187378,28.291717529296875,74.3177719116211,1.3410686254501343
4705,190.7191509117766,2.2228007316589355,29.261545181274414,74.6702651977539,1.3412472009658813
4706,189.13955864327855,0.946388840675354,29.444538116455078,74.75746154785156,1.341333031654358
4707,203.3500585563366,3.3540046215057373,28.94409942626953,75.33563995361328,1.3414465188980103
4708,199.92944030178174,3.1232595443725586,28.871530532836914,75.60292053222656,1.3415828943252563
4709,193.45852520644684,3.8073179721832275,30.40345573425293,75.52647399902344,1.3419222831726074
4710,191.04694479860046,0.921574056148529,30.073945999145508,75.75753784179688,1.3421564102172852
4711,184.18517242194847,2.4341604709625244,31.237783432006836,75.96846771240234,1.3423768281936646
4712,192.9795308161273,2.61126708984375,30.71813201904297,76.52803039550781,1.342579960823059
4713,185.3591003514812,2.723780393600464,31.228221893310547,76.43265533447266,1.3428258895874023
4714,189.4085788663514,2.5253591537475586,31.163494110107422,76.69479370117188,1.343058466911316
4715,182.8241850024719,2.359395742416382,32.69136428833008,76.76248931884766,1.34329092502594
4716,189.23030722983825,2.3668153285980225,31.907737731933594,77.07976531982422,1.3435052633285522
4717,188.22200496566612,2.557023286819458,31.59599494934082,77.02859497070312,1.343719482421875
4718,190.15791870355636,2.7104318141937256,32.019935607910156,77.49568176269531,1.3439579010009766
4719,201.04286606763327,3.392948627471924,30.8515625,77.37256622314453,1.344222068786621
4720,182.59124569679022,2.364468574523926,33.41622543334961,77.57626342773438,1.3445310592651367
4721,194.90293896131863,1.2898997068405151,32.088191986083984,77.77835845947266,1.344765305519104
4722,186.49871137106697,2.682215452194214,33.29336166381836,77.92064666748047,1.3450335264205933
4723,194.0906187982907,1.8568756580352783,32.382896423339844,78.21045684814453,1.3452506065368652
4724,194.50528650406406,2.018726348876953,32.47785186767578,78.47014617919922,1.3454313278198242
4725,193.59473523426104,1.86897611618042,32.567726135253906,78.43737030029297,1.345563292503357
4726,194.13011479881504,2.475627899169922,32.904972076416016,78.5130386352539,1.345704436302185
4727,193.34755060974078,2.1962523460388184,33.61465072631836,78.77641296386719,1.345833420753479
4728,188.77714373205984,2.368549346923828,34.156982421875,79.46112823486328,1.3459839820861816
4729,197.37489942760828,0.8518731594085693,32.678932189941406,79.3652572631836,1.3460674285888672
4730,181.13520613870799,2.8195903301239014,34.873291015625,79.46571350097656,1.3463791608810425
4731,198.29254979560906,1.616626501083374,33.3975830078125,80.04896545410156,1.3466373682022095
4732,187.09603620653235,2.335858106613159,35.547035217285156,80.28404235839844,1.3469308614730835
4733,200.95109052744928,2.274723529815674,32.77961349487305,80.60318756103516,1.3471927642822266
4734,196.71671797650828,2.652198076248169,33.67364501953125,80.6552963256836,1.3474539518356323
4735,192.4053708611638,2.845062017440796,34.10569763183594,80.85384368896484,1.347745418548584
4736,180.41042440324563,1.3250705003738403,35.329254150390625,80.29349517822266,1.3479951620101929
4737,186.74998247613908,2.118452548980713,34.133575439453125,80.635498046875,1.348249077796936
4738,192.85797394039955,2.3347952365875244,31.211557388305664,80.60640716552734,1.348496913909912
4739,193.83352002619463,0.9884385466575623,30.14820098876953,80.75811767578125,1.3486531972885132
4740,196.3006954219599,2.415548801422119,28.738115310668945,81.06029510498047,1.348817229270935
4741,195.59531757582323,2.4855802059173584,28.685335159301758,80.61784362792969,1.3489855527877808
4742,199.99785421509148,2.4494097232818604,27.9198055267334,80.47420501708984,1.3491560220718384
4743,201.50007142885386,3.0927066802978516,28.340139389038086,80.84989929199219,1.3493967056274414
4744,193.1266200624706,2.487388849258423,28.62957763671875,80.42878723144531,1.3496589660644531
4745,188.81067099785443,2.922870635986328,29.535173416137695,80.81743621826172,1.3500725030899048
4746,197.94614462324512,0.6510359048843384,29.534950256347656,81.03368377685547,1.3503583669662476
4747,198.19465319703986,2.937835454940796,29.547531127929688,81.7344741821289,1.350724697113037
4748,173.94787258238176,1.8355684280395508,31.210533142089844,82.09574127197266,1.3510974645614624
4749,187.90101955519847,-0.1601487100124359,30.698013305664062,81.51969909667969,1.3513818979263306
4750,186.8424255580985,1.622988224029541,31.065275192260742,81.51883697509766,1.3516346216201782
4751,198.1886452635264,2.3592307567596436,29.66358184814453,82.27320098876953,1.3518849611282349
4752,177.9199155420801,0.7861604690551758,32.98186492919922,83.91981506347656,1.3520883321762085
4753,180.193022362234,1.652320384979248,36.317840576171875,85.22804260253906,1.3523006439208984
4754,193.89425626471422,2.451768636703491,32.35289001464844,83.025634765625,1.3525453805923462
4755,188.14112392727034,1.0534608364105225,31.169790267944336,83.73397064208984,1.3527426719665527
4756,189.42797840496658,2.8807575702667236,31.337627410888672,84.6111068725586,1.3530889749526978
4757,189.51099650117555,2.2108004093170166,31.527202606201172,83.16808319091797,1.3534609079360962
4758,183.646482051056,0.9855777025222778,32.520267486572266,83.02149963378906,1.3537639379501343
4759,200.71364873802668,1.9764846563339233,30.177547454833984,83.83091735839844,1.3540376424789429
4760,189.5961965099816,1.1708842515945435,32.945655822753906,83.22564697265625,1.3542652130126953
4761,197.8064682012813,1.674047589302063,30.785505294799805,83.50518035888672,1.3544597625732422
4762,190.59135681658725,2.124784469604492,31.86417007446289,83.4039535522461,1.354689121246338
4763,188.11275986707756,2.3809800148010254,32.88717269897461,83.70272064208984,1.3550084829330444
4764,192.96844617060813,1.3706694841384888,33.330657958984375,84.22340393066406,1.355286717414856
4765,195.04494893892107,1.2605671882629395,31.6339054107666,83.73937225341797,1.3555110692977905
4766,198.81902048019117,2.367910385131836,31.241849899291992,84.18631744384766,1.3557738065719604
4767,171.1466923022582,0.8821067810058594,46.99379348754883,87.17376708984375,1.3560266494750977
4768,191.16595538426247,1.9237204790115356,33.864253997802734,83.40870666503906,1.35627019405365
4769,188.8041829708852,1.4541270732879639,37.190303802490234,83.7713851928711,1.3564866781234741
4770,196.24668119838924,2.676055669784546,32.81182861328125,83.22664642333984,1.3567842245101929
4771,192.47046147119798,1.8802074193954468,32.445655822753906,82.59992218017578,1.3570724725723267
4772,186.45264830866225,2.465864896774292,36.29328536987305,83.28724670410156,1.357399821281433
4773,195.77024718013683,1.5845363140106201,34.53269958496094,82.41667938232422,1.3576847314834595
4774,190.6781251191224,2.2603797912597656,34.11865997314453,82.5283432006836,1.3579918146133423
4775,193.32648561007454,2.226719379425049,33.551673889160156,82.36717224121094,1.3582948446273804
4776,204.48305582238063,3.635282039642334,31.576019287109375,82.6673812866211,1.3586478233337402
4777,193.4280265508179,2.458742380142212,32.857181549072266,81.79005432128906,1.3590102195739746
4778,190.16750418306552,1.7895432710647583,34.053951263427734,81.91907501220703,1.359340786933899
4779,190.39415384150996,2.1735482215881348,33.36162185668945,82.29559326171875,1.3596611022949219
4780,197.00437334968498,1.825576663017273,33.58779525756836,82.33674621582031,1.3599385023117065
4781,199.06579426715027,2.2744510173797607,31.984704971313477,81.41581726074219,1.3602076768875122
4782,165.99127279946345,0.21787960827350616,41.39607620239258,84.01731872558594,1.3604310750961304
4783,199.70855397642754,2.6055681705474854,32.29005813598633,82.04729461669922,1.36070716381073
4784,188.77419272365492,2.6170129776000977,32.88030242919922,81.67943572998047,1.361018180847168
4785,190.72311527861297,2.3467392921447754,35.6242561340332,81.76493072509766,1.361345887184143
4786,202.37282528210568,1.9589735269546509,32.80557632446289,81.55419158935547,1.3616293668746948
4787,194.4542691113194,2.892287492752075,32.80252456665039,81.12579345703125,1.3620120286941528
4788,189.56654005810012,2.3115217685699463,33.29001235961914,79.8619613647461,1.3624061346054077
4789,191.1973932783164,1.9692944288253784,35.133670806884766,82.46806335449219,1.3627725839614868
4790,200.72129441219974,1.9061845541000366,32.45706558227539,81.26055908203125,1.363089680671692
4791,179.15331738677924,1.6782634258270264,36.93489456176758,79.71749877929688,1.3633928298950195
4792,180.84511439900223,2.393836259841919,37.18924331665039,81.378173828125,1.3637796640396118
4793,187.75295146578662,2.3695852756500244,34.18270492553711,78.920166015625,1.3641501665115356
4794,184.17705046961967,2.075368642807007,34.9219970703125,79.46721649169922,1.364519476890564
4795,189.56554664114,2.56259822845459,33.760009765625,79.17707824707031,1.3649221658706665
4796,201.39120625556365,1.8438258171081543,32.501007080078125,80.8252182006836,1.365272879600525
4797,181.7392053020436,1.8992427587509155,35.3084716796875,79.65596771240234,1.3656131029129028
4798,204.83392109991152,1.3912713527679443,32.132652282714844,80.86827087402344,1.3658663034439087
4799,191.4830932261354,1.9208731651306152,33.533241271972656,79.05262756347656,1.366099238395691
4800,189.79996430885973,2.491032123565674,33.711090087890625,79.3246078491211,1.3663607835769653
4801,188.2113264640829,2.4259560108184814,34.32778549194336,78.67904663085938,1.366660714149475
4802,187.61285374253907,2.0610897541046143,35.26714324951172,79.2830581665039,1.3669867515563965
4803,195.8533580781279,2.8373842239379883,34.05878829956055,80.91889953613281,1.3673502206802368
4804,180.0910070187943,1.8663544654846191,35.73004913330078,78.65093994140625,1.3677183389663696
4805,190.74799215639158,2.6825273036956787,35.00303649902344,79.97578430175781,1.368195652961731
4806,187.34875302040157,0.8817481398582458,34.89469909667969,79.83467864990234,1.36859130859375
4807,186.9998854995902,2.283200263977051,34.6162109375,79.76331329345703,1.369003415107727
4808,181.89296067312424,2.09502911567688,35.240806579589844,79.88831329345703,1.3694442510604858
4809,182.8407305120245,2.0357506275177,35.04564666748047,79.87286376953125,1.3698972463607788
4810,185.19503188100958,-0.4632015526294708,35.22909927368164,80.52649688720703,1.370246410369873
4811,185.3180188460872,0.9120515584945679,35.181461334228516,80.661376953125,1.3705331087112427
4812,188.82207656464112,1.2970534563064575,35.124267578125,80.85328674316406,1.3707795143127441
4813,176.65013685727374,1.4690072536468506,35.933345794677734,80.49671173095703,1.3710298538208008
4814,183.72997129872607,-2.1241536140441895,35.9013557434082,80.88917541503906,1.3711763620376587
4815,185.6915535967425,1.7828534841537476,34.82036209106445,81.27159881591797,1.3713226318359375
4816,182.0322560818657,1.5135915279388428,35.78398513793945,81.08346557617188,1.3714793920516968
4817,186.41846574886432,1.4809743165969849,36.24614715576172,81.35983276367188,1.3716241121292114
4818,179.98049829112477,1.414363980293274,36.74369812011719,81.32505798339844,1.3717724084854126
4819,188.6881883625217,0.5180158615112305,35.287574768066406,82.1586685180664,1.371870517730713
4820,186.45598696336333,1.7760695219039917,36.93391418457031,82.40471649169922,1.372005820274353
4821,177.11154570349154,0.986016035079956,39.28262710571289,81.7069091796875,1.3721259832382202
4822,187.8334312400932,1.563650131225586,35.379112243652344,82.5193099975586,1.3722652196884155
4823,179.4288142426375,0.987213671207428,36.433509826660156,82.31963348388672,1.3723907470703125
4824,180.22920740698675,2.261735677719116,36.10883712768555,82.25639343261719,1.3726215362548828
4825,183.52024604177456,-0.7888966798782349,35.63384246826172,83.00554656982422,1.3727580308914185
4826,187.53880314517147,1.704418659210205,35.06645584106445,83.52876281738281,1.3729015588760376
4827,176.95607368778127,1.7685697078704834,37.27640914916992,82.91500091552734,1.37311589717865
4828,190.9308744606182,1.174768328666687,34.76532745361328,84.21607208251953,1.3733015060424805
4829,181.93731404871014,0.43222376704216003,35.65251541137695,84.0934066772461,1.3734437227249146
4830,184.62608020470287,1.7663216590881348,36.43474197387695,84.54371643066406,1.3736151456832886
4831,181.30588045269155,0.9932788610458374,36.61455535888672,84.81761169433594,1.3737754821777344
4832,189.3726005293254,0.8080008625984192,35.826805114746094,85.49628448486328,1.373902678489685
4833,188.35870129330567,-0.32084131240844727,35.436279296875,85.27880859375,1.3739560842514038
4834,181.9004221334574,0.8581212162971497,36.71962356567383,86.15599060058594,1.374005913734436
4835,173.73830972369302,1.2445042133331299,37.44646072387695,85.24463653564453,1.374100685119629
4836,176.7936489484007,-1.2230416536331177,37.37112808227539,86.1893539428711,1.374135136604309
4837,180.80636331190965,1.401684045791626,36.417144775390625,86.30416107177734,1.3741947412490845
4838,174.52138793885035,-1.0393000841140747,37.50907897949219,86.10577392578125,1.3741949796676636
4839,181.18725430062995,-0.31392788887023926,36.773292541503906,87.11131286621094,1.3741531372070312
4840,180.6433403867873,1.0148168802261353,36.95692825317383,87.14178466796875,1.374137282371521
4841,184.8947372135098,1.8538373708724976,36.36100769042969,88.02535247802734,1.3742121458053589
4842,186.02093842509055,1.029899001121521,36.39148712158203,88.83190155029297,1.3742932081222534
4843,172.9693350187628,0.989944577217102,37.14533233642578,87.62599182128906,1.3744562864303589
4844,181.1700548895247,-0.8370121717453003,36.37575149536133,88.66490173339844,1.3745574951171875
4845,183.89265308896213,1.0959612131118774,36.02513122558594,89.4211196899414,1.374717354774475
4846,189.87788078954085,1.9279690980911255,34.831626892089844,89.9681396484375,1.3750554323196411
4847,175.3277928705514,0.3992386758327484,37.11191177368164,89.61383056640625,1.3753657341003418
4848,174.1026033276679,1.1405446529388428,37.72361755371094,89.84564971923828,1.3758090734481812
4849,169.1834036324228,-1.3412346839904785,38.22725296020508,89.53466033935547,1.3761659860610962
4850,172.50299523197697,-0.7009771466255188,37.34804153442383,90.52405548095703,1.376463770866394
4851,184.80015706630212,0.3435646891593933,36.02566146850586,90.87621307373047,1.376717448234558
4852,181.07707819941717,-0.6037018895149231,36.41249084472656,90.79727172851562,1.3769029378890991
4853,176.33123612402562,0.7404335737228394,36.646549224853516,91.16338348388672,1.3771291971206665
4854,190.35121855842118,0.811583936214447,35.609962463378906,91.73513793945312,1.377332329750061
4855,171.91168638805112,0.3719823360443115,38.030094146728516,91.5481185913086,1.377535343170166
4856,189.77149808445418,1.4422093629837036,35.32414627075195,92.11952209472656,1.3777662515640259
4857,181.92145406607807,1.1772769689559937,36.76359558105469,91.67514038085938,1.3780540227890015
4858,179.38432176657693,0.8195145130157471,37.9641227722168,91.64922332763672,1.3783549070358276
4859,179.20174819544528,0.7800123691558838,37.43824005126953,91.19589233398438,1.3786534070968628
4860,182.4498820928317,0.7048800587654114,36.87322235107422,91.48331451416016,1.3789368867874146
4861,182.3313199511023,-0.5732197761535645,36.53610610961914,90.78157806396484,1.379145622253418
4862,177.9468278730515,0.7783247232437134,37.73588562011719,90.47396087646484,1.3793869018554688
4863,182.07746382923392,0.7175657749176025,39.02251434326172,90.48382568359375,1.3796168565750122
4864,181.3497768887083,0.6360528469085693,37.25530242919922,89.78131866455078,1.3798251152038574
4865,183.14504778625997,0.8923448920249939,36.420372009277344,89.645263671875,1.3800331354141235
4866,177.0299916030401,0.8335161209106445,38.273006439208984,89.93445587158203,1.3802460432052612
4867,182.23003541809388,1.8430993556976318,36.8128547668457,88.66583251953125,1.3805392980575562
4868,183.25762068450575,1.38240647315979,36.435001373291016,88.71700286865234,1.3809148073196411
4869,180.88436439157408,0.23857085406780243,37.25724411010742,88.19835662841797,1.3812326192855835
4870,181.80091464879388,0.9408578276634216,36.838966369628906,88.46355438232422,1.381538987159729
4871,178.11098099717057,-0.4496811032295227,37.309593200683594,87.9242172241211,1.3817849159240723
4872,170.11560687513534,-0.23518267273902893,43.984771728515625,86.242919921875,1.3819886445999146
4873,181.8031443802457,-5.750015735626221,37.318458557128906,86.95694732666016,1.382088303565979
4874,179.29673564911042,1.0346320867538452,37.74787521362305,86.47671508789062,1.3822016716003418
4875,180.4281088768251,-0.1753123700618744,43.43051528930664,86.68719482421875,1.3822706937789917
4876,174.80568763014966,1.2089811563491821,37.5697021484375,85.36559295654297,1.3823949098587036
4877,178.5444973364118,0.9291320443153381,39.62583541870117,85.94981384277344,1.3825136423110962
4878,182.74380495096898,1.231061339378357,37.8369140625,85.84658813476562,1.3826500177383423
4879,180.34445921191954,0.9129418134689331,36.3714485168457,85.64433288574219,1.38278329372406
4880,186.347082084724,0.470220148563385,36.21798324584961,85.75320434570312,1.3828758001327515
4881,172.52052794795466,-1.0731083154678345,37.60411071777344,83.41539764404297,1.3828922510147095
4882,189.0057982858172,1.490431308746338,35.71619415283203,86.14088439941406,1.3829361200332642
4883,177.58199148130066,0.8973107933998108,39.7148323059082,84.12220001220703,1.3829874992370605
4884,179.4819747333056,0.7956768870353699,36.14253616333008,83.815185546875,1.383040428161621
4885,183.48069405497807,0.7133608460426331,37.173831939697266,84.46498107910156,1.3830782175064087
4886,180.4971528370695,-0.19153039157390594,36.608768463134766,83.72480010986328,1.3830757141113281
4887,178.0599252624645,0.7428662180900574,36.765567779541016,83.02812957763672,1.383080005645752
4888,189.60456743787202,1.112760305404663,35.56169509887695,85.02476501464844,1.383086085319519
4889,186.78114199413966,-0.08301400393247604,36.00974655151367,84.91017150878906,1.3830503225326538
4890,183.59903603089623,0.06335099786520004,35.92551803588867,83.36418914794922,1.382986068725586
4891,186.45201765694625,0.8831762671470642,36.16486358642578,83.95635223388672,1.382926106452942
4892,180.54099479430903,1.3757182359695435,36.59303283691406,83.34298706054688,1.3829728364944458
4893,184.37526857466543,1.4328352212905884,36.02899169921875,83.45394134521484,1.3830581903457642
4894,183.05885329680547,-1.3560996055603027,36.12797546386719,83.7231216430664,1.3830723762512207
4895,182.60111779102692,1.740869402885437,36.3599967956543,83.09249114990234,1.3832675218582153
4896,184.13153181006194,1.5109355449676514,36.28696823120117,84.18719482421875,1.3835169076919556
4897,181.001562112907,-0.5745881795883179,36.52410125732422,84.45565032958984,1.3837021589279175
4898,176.68039471460685,0.9228900671005249,37.26298522949219,83.45215606689453,1.3839187622070312
4899,182.88478587772929,-1.3801473379135132,36.135108947753906,84.36701965332031,1.3840583562850952
4900,179.556766226264,-0.6144213080406189,36.98695373535156,84.4651870727539,1.3841581344604492
4901,184.29897285976995,1.0507612228393555,36.484676361083984,85.63072204589844,1.3842862844467163
4902,189.43681841872578,0.5239953994750977,35.64586639404297,86.10912322998047,1.384386658668518
4903,188.3626506009509,1.1938679218292236,35.744384765625,86.26361846923828,1.3845282793045044
4904,188.7308860275754,1.3626620769500732,35.50277328491211,86.6781005859375,1.3847137689590454
4905,184.08295099158437,0.1283438503742218,39.69652557373047,86.93473052978516,1.3848658800125122
4906,186.1324154115542,1.0902915000915527,35.930519104003906,86.76273345947266,1.3850234746932983
4907,179.89581067596131,0.2543333172798157,36.721961975097656,87.02433013916016,1.3851661682128906
4908,185.92758778397007,0.28378331661224365,36.3665771484375,87.66365051269531,1.3852835893630981
4909,188.04591726384325,0.02628668025135994,35.81989669799805,87.77351379394531,1.3853727579116821
4910,177.42964390099723,0.47793060541152954,36.80006790161133,87.96556091308594,1.385487675666809
4911,182.53944064804696,0.5297431945800781,36.27595901489258,88.7793197631836,1.3856052160263062
4912,182.58870144152164,-0.5223060250282288,36.38679122924805,88.83819580078125,1.3856782913208008
4913,170.5813635719266,0.18458105623722076,37.29865646362305,87.63603210449219,1.3857932090759277
4914,181.2357833060876,-0.4327022135257721,37.30506134033203,89.72315979003906,1.3858699798583984
4915,183.9389629550479,0.7104469537734985,36.197853088378906,90.24162292480469,1.3859883546829224
4916,173.60037872162334,-0.2589295208454132,37.720970153808594,89.15910339355469,1.3860951662063599
4917,189.72875593649027,1.141887903213501,38.331424713134766,91.48030090332031,1.3863039016723633
4918,185.95164306708693,0.38839608430862427,37.2220573425293,91.16378784179688,1.3864995241165161
4919,182.63166424821094,0.47723188996315,37.47032165527344,91.29520416259766,1.386693000793457
4920,170.05367765249508,-0.4988442063331604,39.0958251953125,90.2596664428711,1.3868688344955444
4921,185.08325960799252,-0.19410067796707153,37.467491149902344,91.70659637451172,1.3870134353637695
4922,170.53644547732807,-1.5351707935333252,38.18885803222656,90.50797271728516,1.387105107307434
4923,175.79453798193742,0.4080546200275421,37.45998001098633,91.24723052978516,1.3872733116149902
4924,172.06483851029884,-1.0321340560913086,37.843509674072266,91.42607879638672,1.387402892112732
4925,175.51819913749293,0.606935441493988,37.60268020629883,91.9819564819336,1.387612223625183
4926,183.62740462239688,0.4899611175060272,36.39484405517578,92.29117584228516,1.3878284692764282
4927,179.79223724664962,-1.4610209465026855,35.82911682128906,91.83648681640625,1.3879777193069458
4928,184.03536854413306,0.2090121954679489,32.56666946411133,91.81892395019531,1.38812255859375
4929,190.0829192876842,0.5345898866653442,28.91585922241211,92.0985107421875,1.388277530670166
4930,172.64309183106857,0.24600298702716827,27.671833038330078,91.24016571044922,1.388490080833435
4931,177.4735201287783,-0.9328955411911011,26.260074615478516,91.43367767333984,1.3886381387710571
4932,182.65319303636696,0.2814262807369232,25.994857788085938,90.7900161743164,1.3887912034988403
4933,173.17264902790444,0.3343268632888794,26.247610092163086,90.70341491699219,1.3890129327774048
4934,176.811118854366,0.5054364204406738,25.873323440551758,90.38485717773438,1.3892990350723267
4935,180.18967745920295,0.4901011288166046,25.580032348632812,90.93470001220703,1.3896074295043945
4936,172.65608962120675,-0.2910514175891876,25.697856903076172,90.74905395507812,1.3899027109146118
4937,181.66583713054496,-0.16234728693962097,25.56032371520996,91.05271911621094,1.390160083770752
4938,178.3106609079559,-0.12243133038282394,25.942079544067383,91.58877563476562,1.390398621559143
4939,179.32064101259812,-0.3753752112388611,25.952743530273438,91.56771087646484,1.3905978202819824
4940,177.20731949108657,-2.1161646842956543,26.15602684020996,91.9102554321289,1.390691876411438
4941,183.73029712611236,-0.04772523045539856,26.219560623168945,92.27198791503906,1.3907737731933594
4942,173.24897563276332,-0.4553062617778778,26.659770965576172,91.78956604003906,1.3908456563949585
4943,180.17179938135618,0.4643918573856354,25.880313873291016,91.74809265136719,1.3909916877746582
4944,182.43919128266307,0.14747515320777893,26.589523315429688,92.46591186523438,1.3911322355270386
4945,173.20795761475964,-1.9837762117385864,25.630615234375,91.33710479736328,1.3912087678909302
4946,177.31228564695442,0.15689964592456818,26.106609344482422,91.232177734375,1.3913098573684692
4947,176.43944779396594,-0.22074058651924133,25.914213180541992,91.35537719726562,1.3914040327072144
4948,175.580591308374,-0.20016275346279144,25.38755226135254,90.8683090209961,1.391502022743225
4949,187.26489267218417,0.5933668613433838,25.944538116455078,91.61946105957031,1.391638159751892
4950,183.61502648650955,0.6068776845932007,25.07034683227539,90.98533630371094,1.391815185546875
4951,178.0683989643365,0.2995247542858124,25.641334533691406,89.98094177246094,1.3920259475708008
4952,182.68715571241083,0.07333078980445862,26.556758880615234,90.32159423828125,1.392215371131897
4953,179.48932035282755,-1.1867408752441406,25.715126037597656,89.49517059326172,1.392344355583191
4954,188.4497102430764,0.6976208090782166,25.01447296142578,89.49162292480469,1.3924813270568848
4955,176.8359442100207,0.2859949767589569,26.21476936340332,89.38243103027344,1.392656922340393
4956,187.142662934654,0.14954668283462524,24.567602157592773,90.21192169189453,1.392804741859436
4957,179.1616012335207,0.034546494483947754,24.624113082885742,89.0147933959961,1.3929401636123657
4958,184.3791514152299,-0.40625426173210144,21.788036346435547,88.11813354492188,1.3930336236953735
4959,173.05542682653316,0.19263745844364166,19.13620376586914,84.75108337402344,1.3931702375411987
4960,180.08278042168004,0.3022359311580658,17.636268615722656,86.55290222167969,1.3933213949203491
4961,184.97887910779656,1.3254770040512085,18.228317260742188,86.93675231933594,1.393509864807129
4962,184.2147333148519,-0.3086385428905487,17.39493751525879,86.65013885498047,1.3936433792114258
4963,178.41778325038086,0.5223676562309265,18.068662643432617,84.33969116210938,1.3937956094741821
4964,174.18379696675717,0.08473826944828033,18.600496292114258,82.56940460205078,1.3939290046691895
4965,174.43455313380295,0.8895021080970764,17.369239807128906,81.50215911865234,1.3941755294799805
4966,184.2301639626727,0.27319493889808655,17.79706382751465,82.04503631591797,1.394378662109375
4967,178.33359331400746,0.7081908583641052,19.55302619934082,80.63027954101562,1.3945776224136353
4968,178.20446199814734,0.18955816328525543,18.289907455444336,80.22348022460938,1.394742488861084
4969,182.09352752766992,-0.33358892798423767,20.136058807373047,79.91807556152344,1.3948460817337036
4970,176.72132329230985,-0.7991612553596497,17.893531799316406,79.03730010986328,1.3948850631713867
4971,173.65228733473134,0.2558826208114624,20.760297775268555,79.4135513305664,1.3949187994003296
4972,172.4230405641343,1.063523292541504,19.666189193725586,78.07975769042969,1.395024299621582
4973,181.70490365418902,0.38219937682151794,18.270217895507812,78.20441436767578,1.395090937614441
4974,178.97075963121245,1.1566345691680908,17.620037078857422,79.17221069335938,1.3952692747116089
4975,186.67336708665587,0.5438927412033081,17.564401626586914,79.23494720458984,1.395392894744873
4976,184.00803302846595,1.3160003423690796,18.08578872680664,79.7657241821289,1.3955446481704712
4977,188.52058553714926,0.11263647675514221,17.154870986938477,79.72140502929688,1.39564049243927
4978,179.58330757383538,0.03412998095154762,18.648906707763672,79.25709533691406,1.3956834077835083
4979,179.1995813860355,1.9830492734909058,18.055288314819336,79.3228988647461,1.3959150314331055
4980,177.45071933778172,0.7193803191184998,17.56646728515625,79.7560806274414,1.3961271047592163
4981,177.63594064087127,1.2131552696228027,20.188936233520508,80.565185546875,1.3963688611984253
4982,186.90811999236226,1.3731334209442139,17.522127151489258,81.7665786743164,1.396644115447998
4983,184.36230151959396,0.9890488386154175,18.433231353759766,82.06385803222656,1.3969110250473022
4984,184.3885081634893,0.9496793746948242,17.52392578125,82.77542877197266,1.397186279296875
4985,182.14771270099791,1.1073553562164307,18.77626609802246,83.910400390625,1.3974887132644653
4986,181.6137257320315,1.1791162490844727,19.126585006713867,83.53172302246094,1.3978581428527832
4987,181.3342826150609,-0.41186612844467163,19.441566467285156,85.06890869140625,1.3981348276138306
4988,180.09321569870264,0.31330791115760803,18.599977493286133,85.27635192871094,1.3983854055404663
4989,180.9990602592911,0.7578293681144714,18.233909606933594,86.10509490966797,1.3986310958862305
4990,179.92246986617658,-0.05166846513748169,18.802024841308594,86.14241027832031,1.3988405466079712
4991,180.71821736186354,0.7732293009757996,20.508338928222656,87.36044311523438,1.3990739583969116
4992,175.02761909828857,0.2596263289451599,19.278045654296875,87.4256591796875,1.3992987871170044
4993,178.87931096302822,-1.2971010208129883,18.993314743041992,87.63167572021484,1.3994592428207397
4994,180.7250370290944,0.3404412567615509,17.758525848388672,87.77919006347656,1.3996280431747437
4995,186.63994864861073,0.7583558559417725,18.754867553710938,87.8872299194336,1.3998342752456665
4996,190.01752403651824,-0.08320359140634537,17.749189376831055,87.90626525878906,1.4000011682510376
4997,180.40943304286233,-0.35134369134902954,19.004070281982422,88.29346466064453,1.4001234769821167
4998,179.29450303626697,0.1681416630744934,18.563739776611328,88.72218322753906,1.4002394676208496
4999,182.16586885538146,-0.08651510626077652,19.153282165527344,88.39959716796875,1.4003286361694336
5000,188.71337182378542,0.7565481066703796,18.682327270507812,88.05154418945312,1.4004465341567993
