episode,reward,actor_loss,critic_loss,mean_value,mean_sigma
1,34.603632024452736,4.363491058349609,1.1672725677490234,-0.0063480655662715435,0.9738696217536926
2,25.963808770418478,4.834533214569092,1.4178780317306519,0.28887683153152466,0.973731517791748
3,9.224308646250558,3.840977430343628,0.6927103400230408,0.37547996640205383,0.9737167358398438
4,24.25521691849472,3.0501372814178467,0.6373221278190613,0.3576144278049469,0.9736692309379578
5,4.311875282760858,1.169310212135315,0.2527679204940796,0.16029547154903412,0.9735468029975891
6,14.040889196968283,3.520603656768799,0.8490379452705383,0.8540868759155273,0.9734106063842773
7,18.44734254221888,2.3666303157806396,0.6681593656539917,0.5221702456474304,0.9732823371887207
8,14.080300008925196,3.3006887435913086,0.8175821900367737,1.1149981021881104,0.9731923937797546
9,30.208469583726817,3.21427845954895,0.8003994226455688,0.4485377371311188,0.9731321930885315
10,31.599333619769574,4.502121448516846,1.3792349100112915,1.2599109411239624,0.9730870127677917
11,15.523999432399064,3.477773666381836,0.8637602925300598,1.2625010013580322,0.9731187224388123
12,7.995084866735358,2.7894086837768555,1.3188579082489014,1.7188332080841064,0.9731937050819397
13,11.763748213576447,3.375101327896118,1.2604222297668457,2.1167197227478027,0.9732783436775208
14,26.606314641179257,6.068143844604492,2.2426962852478027,2.395034074783325,0.9733848571777344
15,13.658877420601629,3.0929107666015625,1.3167266845703125,2.451578378677368,0.9734818935394287
16,6.214185156188401,1.8105601072311401,1.9539966583251953,2.556708574295044,0.9735734462738037
17,9.744372742839165,3.546424150466919,2.146477222442627,2.78326416015625,0.973717212677002
18,7.917139488969595,2.0726592540740967,2.159881114959717,2.9792680740356445,0.9738381505012512
19,11.138313905832515,1.852574110031128,1.7627836465835571,2.938406467437744,0.9739222526550293
20,10.814271258782991,3.0016939640045166,2.5433950424194336,3.4015567302703857,0.9740030169487
21,9.837674347974398,3.134613275527954,2.706179618835449,3.73514723777771,0.9741315841674805
22,10.074036105800268,2.101468563079834,2.1427907943725586,3.401607036590576,0.9742429256439209
23,6.35225095767366,2.241950035095215,4.2256879806518555,4.120685577392578,0.9743459820747375
24,8.838069284509626,1.8526850938796997,3.2570526599884033,4.285258769989014,0.9744107127189636
25,6.1381403640425365,2.389167308807373,3.8769681453704834,4.3976874351501465,0.9744864106178284
26,7.0999333316218936,2.542126417160034,3.940735340118408,4.596839904785156,0.9746065139770508
27,4.867186854262503,1.4918752908706665,5.489605903625488,4.796830654144287,0.9747279286384583
28,6.250939491600276,1.1463091373443604,4.632839679718018,4.896157741546631,0.9748366475105286
29,7.582723800367701,1.2972424030303955,4.432775020599365,5.057997703552246,0.974921464920044
30,8.430631477424077,1.4308799505233765,4.0530476570129395,5.090703964233398,0.9749879837036133
31,6.1265478558166695,0.21346282958984375,4.870234966278076,5.546640872955322,0.9750308990478516
32,5.936723976831554,0.414968341588974,5.684690952301025,5.654544353485107,0.97506183385849
33,8.035746129671086,0.9360672235488892,4.4720458984375,5.505651473999023,0.975081741809845
34,5.209337354867468,-0.680170476436615,6.043001651763916,5.908416271209717,0.9750816822052002
35,9.217496098183409,1.1642714738845825,4.070783615112305,5.713898181915283,0.9750663638114929
36,5.568421497615333,-1.004185438156128,5.688466548919678,5.9754204750061035,0.9750329852104187
37,7.608134782772138,0.5271689891815186,4.591211318969727,6.009827613830566,0.9749800562858582
38,11.611029600108306,1.1225922107696533,3.295206308364868,5.916650772094727,0.9749075770378113
39,5.600903270069101,-0.9997691512107849,5.470180988311768,6.180466651916504,0.9748234748840332
40,6.405008801339474,-0.900158166885376,5.0122880935668945,6.233358383178711,0.9747231006622314
41,7.7808204665802805,-0.1040509045124054,4.1430816650390625,6.204476833343506,0.9746091961860657
42,7.206556785204006,1.6222695112228394,3.9695615768432617,6.344151020050049,0.9745514988899231
43,6.585540688298878,0.304271936416626,4.495276927947998,6.281787395477295,0.9745073318481445
44,7.876367903093202,0.17279492318630219,3.6557600498199463,6.340738296508789,0.974452793598175
45,6.5320199184752035,-0.37408947944641113,4.276834487915039,6.328016757965088,0.9743930697441101
46,8.459624105838612,0.5324047803878784,2.998051404953003,6.550185680389404,0.9743368625640869
47,6.573168385391637,-2.135958671569824,3.944847345352173,6.356899738311768,0.9742559790611267
48,10.356954362446263,1.5657421350479126,2.3422791957855225,6.5876922607421875,0.9742172360420227
49,5.510000379320853,-1.0456392765045166,3.846730947494507,6.175383567810059,0.9741777777671814
50,11.638854040281403,1.0649750232696533,2.5850741863250732,6.586938858032227,0.9741323590278625
51,6.323113612468418,-1.084889531135559,2.80855655670166,6.354068756103516,0.9740664958953857
52,10.418296585953275,0.6577058434486389,1.8333452939987183,6.717617511749268,0.9739916920661926
53,6.044123348696941,0.0869143009185791,2.924182653427124,6.55630350112915,0.9739847183227539
54,9.18489596200829,1.1855790615081787,1.7741514444351196,6.210627555847168,0.9740059971809387
55,6.896588134603894,-0.6491634845733643,1.8711994886398315,5.710671901702881,0.9740197062492371
56,6.681633419472294,0.1356065273284912,1.454263687133789,5.686750411987305,0.9740875363349915
57,6.711111274786853,-0.20910918712615967,1.6606134176254272,5.567755699157715,0.9742072224617004
58,7.744565326392897,0.020797571167349815,1.47523832321167,5.593332767486572,0.9743215441703796
59,11.128784775160566,1.1282925605773926,0.8413810133934021,5.648248672485352,0.9744194149971008
60,6.861810880507412,-0.07321995496749878,1.1719681024551392,4.802655220031738,0.9745360016822815
61,5.782925348788375,-2.0912842750549316,0.8301110863685608,4.687511920928955,0.9746060371398926
62,9.640825877973048,1.139812707901001,0.5918777585029602,4.94374942779541,0.9747369289398193
63,5.908049668999987,-0.919860303401947,0.46757033467292786,4.6145920753479,0.9749116897583008
64,4.930171208152083,-1.6845625638961792,0.6755752563476562,4.693776607513428,0.9750838279724121
65,6.569774500758044,-1.267507791519165,0.9747101664543152,6.216813087463379,0.9752081036567688
66,12.835543174197035,2.054641008377075,0.9233052730560303,4.181595802307129,0.9753486514091492
67,6.8775580092229,-0.32718735933303833,0.8078106641769409,5.29849100112915,0.9755163192749023
68,9.887035322056905,0.45970913767814636,0.9654048681259155,5.053008079528809,0.9756546020507812
69,9.434679474561078,0.333102822303772,0.619296133518219,3.832873582839966,0.975764811038971
70,8.575050376703805,-0.38490939140319824,0.6863535642623901,4.677172660827637,0.9758243560791016
71,21.640499487195097,3.467918634414673,2.357840061187744,3.3833887577056885,0.9758846759796143
72,11.430704534246964,0.8577470183372498,0.7564423084259033,5.185149669647217,0.9759323000907898
73,7.283604555972159,0.003968689125031233,0.6272264719009399,4.506252765655518,0.9760448932647705
74,8.63782150009527,0.7470817565917969,1.049573302268982,2.905050754547119,0.9761807918548584
75,11.702384001276709,1.534239649772644,1.6651089191436768,4.2221598625183105,0.976325511932373
76,11.642393522938152,1.1666792631149292,1.520479440689087,4.077545166015625,0.976464033126831
77,27.072380190315933,3.841182231903076,1.7955586910247803,4.284919738769531,0.9766071438789368
78,42.352541329648325,3.5991060733795166,5.10628080368042,6.103003025054932,0.9767192006111145
79,15.93420593763636,2.7969326972961426,4.229401588439941,5.978436470031738,0.9768571853637695
80,14.964901554607348,1.1580891609191895,2.603684663772583,5.911617755889893,0.9769718647003174
81,44.91712515403425,4.185153961181641,3.807255506515503,6.260756492614746,0.9770682454109192
82,62.40326079408821,4.474387168884277,3.6229138374328613,6.6792683601379395,0.9771013259887695
83,21.668196118074764,2.592604398727417,1.9395151138305664,5.841832160949707,0.9771392345428467
84,28.036420158002358,2.7532424926757812,3.6216180324554443,6.277723789215088,0.9771478176116943
85,17.040711607157647,1.0392732620239258,2.135420322418213,6.716949939727783,0.977169930934906
86,81.78992343153415,5.312525272369385,3.2968204021453857,7.652852535247803,0.9771766662597656
87,17.517066750721295,1.6438791751861572,2.4873523712158203,7.026424884796143,0.9771806597709656
88,79.1368398352202,4.997867107391357,3.395895004272461,8.121125221252441,0.9771690368652344
89,86.14388319510566,4.620703220367432,2.918964385986328,8.539061546325684,0.9771366715431213
90,97.16902743277946,5.416314125061035,3.905308723449707,8.018677711486816,0.9771125912666321
91,33.50149838902326,2.7568485736846924,3.826474666595459,8.371709823608398,0.9770591259002686
92,67.47581867216459,4.483379364013672,3.3656203746795654,9.111058235168457,0.9769701957702637
93,28.03767093342329,0.7862193584442139,3.1202521324157715,8.899502754211426,0.9768406748771667
94,155.22810952494362,5.955399513244629,3.320054292678833,9.795615196228027,0.976747989654541
95,62.23485917588366,3.874607563018799,3.360488176345825,9.759742736816406,0.9766345024108887
96,199.42621962196242,7.234287738800049,4.272013187408447,10.21661376953125,0.9765410423278809
97,182.27321796282044,6.596312522888184,3.80257248878479,10.33326244354248,0.9764512181282043
98,90.3623308685045,5.929898738861084,4.267782688140869,10.54095458984375,0.9763544201850891
99,94.94191369252167,6.167235374450684,4.079746246337891,10.70009994506836,0.9762942790985107
100,225.90976842058433,7.350236415863037,3.9515161514282227,10.918087005615234,0.9763228893280029
101,160.38045678121006,6.891600131988525,4.443732261657715,11.02759838104248,0.9763451218605042
102,144.7069338296743,6.142513751983643,4.177351951599121,11.209877967834473,0.9762849807739258
103,259.2190703999697,6.620573043823242,3.445744276046753,11.293657302856445,0.9762737154960632
104,129.13956148035103,6.7770795822143555,4.622456073760986,11.589756965637207,0.9762849807739258
105,79.31729654739436,5.77348518371582,4.953223705291748,11.633609771728516,0.9763066172599792
106,125.14642530221421,6.244792938232422,4.078567028045654,11.874825477600098,0.9763665795326233
107,75.25826260017398,5.183220386505127,5.149823188781738,12.084558486938477,0.9763948321342468
108,142.57266547272638,5.653754711151123,4.178849220275879,12.382084846496582,0.976356029510498
109,128.03157904651056,5.437768936157227,3.784804344177246,12.401406288146973,0.9762900471687317
110,148.08528434348955,5.837579250335693,3.7557761669158936,12.697857856750488,0.9762215614318848
111,61.791982912426086,4.884914398193359,5.776448726654053,12.752226829528809,0.9761450290679932
112,58.401942704176705,4.292642116546631,5.995979309082031,12.84007740020752,0.9760408997535706
113,78.28251281327458,5.43067741394043,5.47727632522583,13.188675880432129,0.9759483337402344
114,135.21916505311464,6.347144603729248,5.165991306304932,13.40752124786377,0.9758288264274597
115,60.83919475336058,5.049283504486084,6.574963569641113,13.447406768798828,0.9757286906242371
116,63.93248541388118,5.193681716918945,6.326972484588623,13.639958381652832,0.9756556153297424
117,104.83362271372792,4.769804000854492,4.217136383056641,13.767605781555176,0.9755718111991882
118,75.7925801140434,5.327104568481445,5.337238788604736,14.067546844482422,0.9755067825317383
119,74.00516226592302,3.160748243331909,4.573552131652832,14.038511276245117,0.9753628373146057
120,66.39424695849895,4.334288597106934,5.832518577575684,14.334980964660645,0.9751872420310974
121,72.03920008953388,4.890277862548828,6.461802959442139,14.616189002990723,0.9750040173530579
122,59.43372121583168,5.056905746459961,7.404166221618652,14.747040748596191,0.9748604893684387
123,69.43014524209092,5.20067024230957,6.183602333068848,14.895852088928223,0.9747922420501709
124,69.66519688760535,3.9845468997955322,6.7723069190979,15.056234359741211,0.9746782183647156
125,136.43782071896018,5.3736491203308105,4.109521389007568,15.158617973327637,0.9746032357215881
126,84.54757507932732,5.95147705078125,6.487710952758789,15.428372383117676,0.9745900630950928
127,114.87421592433037,5.712480545043945,5.027499675750732,15.662891387939453,0.9746346473693848
128,56.69739031424974,4.4651899337768555,8.176374435424805,15.799813270568848,0.974674642086029
129,50.845829339367164,4.13792085647583,8.986444473266602,15.910090446472168,0.974703311920166
130,102.229188584715,4.193994045257568,4.5260539054870605,15.945408821105957,0.9747345447540283
131,64.84174535810956,4.798415660858154,6.842541217803955,16.23381996154785,0.9747726321220398
132,52.23679236100568,4.693084716796875,8.956269264221191,16.466703414916992,0.9748454689979553
133,69.95579529259382,4.837441444396973,7.7741169929504395,16.635427474975586,0.9749184250831604
134,50.18485091254271,4.21127462387085,9.8101806640625,16.788633346557617,0.9749987721443176
135,68.03987222799626,4.666463375091553,7.967245578765869,16.98175811767578,0.9750698208808899
136,51.480592649216966,4.190814018249512,8.747719764709473,17.01756477355957,0.9751423001289368
137,83.44724409879244,4.605349540710449,6.79372501373291,17.347156524658203,0.9751856923103333
138,65.1647452050795,4.567086219787598,8.517300605773926,17.4749755859375,0.9752371907234192
139,61.22843716407556,4.0692362785339355,9.356818199157715,17.652809143066406,0.9752584099769592
140,62.62865574622213,4.456520080566406,9.158942222595215,17.817855834960938,0.9753167033195496
141,63.709173390324246,3.6029229164123535,9.109938621520996,17.91974449157715,0.975309431552887
142,48.01555398948208,3.813870668411255,11.220781326293945,18.123531341552734,0.975310742855072
143,93.89618011038546,5.281846523284912,7.70426607131958,18.280414581298828,0.9753134846687317
144,106.89202512664991,5.102499485015869,6.758013725280762,18.470195770263672,0.9753074645996094
145,78.60499475605839,4.988370895385742,8.281521797180176,18.595661163330078,0.9753342270851135
146,95.28625449103042,5.210826396942139,7.801555156707764,18.774110794067383,0.9753608107566833
147,71.97238815273957,4.821841239929199,9.168724060058594,18.976411819458008,0.9754090905189514
148,95.6215210559822,5.641590118408203,8.09399127960205,19.13384246826172,0.9754722118377686
149,47.730725658605564,2.9838976860046387,12.700139045715332,19.2154483795166,0.9755131602287292
150,95.76204297640925,6.081579685211182,7.679424285888672,19.41771125793457,0.9756841063499451
151,95.09496592014212,5.009176254272461,8.040647506713867,19.539281845092773,0.9758429527282715
152,54.54294947537244,2.913151741027832,11.776148796081543,19.70639991760254,0.9759557843208313
153,78.29182879883832,4.333792686462402,9.923216819763184,19.88376235961914,0.9760422706604004
154,70.95869489363152,4.902615547180176,9.969440460205078,20.045190811157227,0.9761808514595032
155,66.60708494972268,3.853914260864258,11.438769340515137,20.208948135375977,0.9762811660766602
156,114.80749875522399,4.431100368499756,7.24298620223999,20.423585891723633,0.9763404726982117
157,77.1959085680604,4.398430347442627,10.634709358215332,20.550046920776367,0.9763719439506531
158,66.77068344426803,4.474193096160889,11.049135208129883,20.75634765625,0.9764236807823181
159,90.13800096208078,5.115930080413818,9.258393287658691,20.87457847595215,0.9765128493309021
160,90.80449490462284,4.919960975646973,9.292490005493164,21.09064292907715,0.9766520857810974
161,80.90615932589304,4.6297607421875,10.11889934539795,21.24129295349121,0.9768087863922119
162,91.47707963406603,4.521332740783691,9.277584075927734,21.40195655822754,0.9769399762153625
163,90.74380454103245,3.959768056869507,9.623037338256836,21.570602416992188,0.9770195484161377
164,95.63891277544238,5.202483654022217,9.603899955749512,21.726404190063477,0.9771432876586914
165,107.66239633895421,4.418206214904785,8.713147163391113,21.884702682495117,0.9772240519523621
166,64.65548023808431,4.05708122253418,13.63489055633545,22.010231018066406,0.9773008227348328
167,65.1385341087327,3.4113237857818604,12.932698249816895,22.179744720458984,0.977357804775238
168,92.53879876312625,4.411428451538086,9.79211139678955,22.350399017333984,0.9774035811424255
169,56.370739193854575,3.7546887397766113,15.581719398498535,22.461833953857422,0.9774565696716309
170,73.8790637878216,4.396461486816406,12.191085815429688,22.65972900390625,0.9775199294090271
171,139.04847783026776,4.891363620758057,7.584499359130859,22.82718276977539,0.9775493741035461
172,115.64641163836048,4.918054580688477,8.708952903747559,22.985076904296875,0.9775822758674622
173,50.48669346483229,3.421196937561035,17.816696166992188,23.07411766052246,0.9776244163513184
174,76.81782202345714,3.680117130279541,12.51781940460205,23.292659759521484,0.9776377081871033
175,62.43465644629589,4.467174530029297,15.778154373168945,23.404836654663086,0.9777196049690247
176,94.98940657848802,4.690685272216797,11.12967586517334,23.60164451599121,0.9778025150299072
177,64.58996981299586,2.732661485671997,14.790509223937988,23.7276668548584,0.9778440594673157
178,47.248028103534374,1.7270156145095825,19.070053100585938,23.85884666442871,0.9778522849082947
179,57.82503717535524,3.9543650150299072,16.938419342041016,24.032032012939453,0.9778849482536316
180,60.784906239089764,4.237415790557861,16.33980369567871,24.187471389770508,0.9779656529426575
181,67.74479820689567,3.9474334716796875,15.136686325073242,24.367185592651367,0.9780613780021667
182,65.58897457024993,4.613038539886475,16.266300201416016,24.51321029663086,0.9782453179359436
183,78.34458781133476,5.016840934753418,13.890424728393555,24.653667449951172,0.9785348773002625
184,122.09070445264963,5.074493408203125,9.653939247131348,24.803424835205078,0.9788125157356262
185,77.74384327569575,4.309572696685791,14.047106742858887,24.9741153717041,0.9790935516357422
186,65.06790505072405,2.405445098876953,16.008272171020508,25.137924194335938,0.9793086051940918
187,105.86697208296238,5.149326801300049,11.339577674865723,25.21123695373535,0.9795279502868652
188,53.552078566638535,3.5416111946105957,20.88199234008789,25.39609718322754,0.9797624945640564
189,58.83062447795808,2.944634437561035,18.780275344848633,25.579423904418945,0.9799689650535583
190,100.65079371763915,4.721617698669434,11.85407829284668,25.76441764831543,0.9802007079124451
191,65.13251038948077,3.179821729660034,17.32556915283203,25.897451400756836,0.980402410030365
192,128.92987102742094,4.650172710418701,10.141705513000488,25.765968322753906,0.9805733561515808
193,93.54502133051537,4.542327404022217,13.031360626220703,26.21567153930664,0.9807670712471008
194,123.8188886796442,5.278905391693115,10.555886268615723,26.370370864868164,0.9810066819190979
195,108.42582136514791,4.333891868591309,11.809674263000488,26.480344772338867,0.9812190532684326
196,90.062331464184,4.908097743988037,14.09869384765625,26.650354385375977,0.9814576506614685
197,73.03023758652793,1.9284393787384033,17.030248641967773,26.803449630737305,0.9815909266471863
198,127.87342907917345,4.874014377593994,10.2039213180542,26.97830581665039,0.981723964214325
199,137.77742073371243,4.851197242736816,10.365949630737305,27.11688995361328,0.9818377494812012
200,132.76863679539343,4.0870561599731445,10.531082153320312,27.276897430419922,0.9819042086601257
201,140.74550650615245,4.951733112335205,10.572282791137695,27.434749603271484,0.9819629788398743
202,134.83731555527552,5.5725998878479,10.799154281616211,27.55054473876953,0.9821235537528992
203,76.07922301371146,3.21820068359375,15.215335845947266,27.481775283813477,0.9822903275489807
204,139.02001815808688,5.129391193389893,10.712377548217773,27.873348236083984,0.9824609756469727
205,157.61627954733024,4.296789169311523,10.01993179321289,28.03022575378418,0.9825753569602966
206,158.71656816017511,5.608262538909912,10.160568237304688,28.180219650268555,0.982806921005249
207,115.57484531233192,3.987788438796997,12.462470054626465,28.323650360107422,0.9829942584037781
208,161.93904316067133,5.174689292907715,9.862065315246582,28.477815628051758,0.9831885695457458
209,159.01162759160198,4.582473278045654,9.753427505493164,28.620651245117188,0.9833414554595947
210,162.75309176437685,4.936357021331787,10.051005363464355,28.774105072021484,0.9834687113761902
211,174.88184240369876,4.973871231079102,9.251970291137695,28.92795753479004,0.9836212992668152
212,65.21131380902766,3.445542335510254,19.105335235595703,29.004514694213867,0.983816921710968
213,162.5705964708104,4.76645040512085,10.197657585144043,29.167011260986328,0.9839949607849121
214,150.20166232349607,3.6646833419799805,10.128388404846191,29.374282836914062,0.9841057658195496
215,65.79803651185776,1.5815967321395874,19.456119537353516,29.368728637695312,0.98418790102005
216,135.5404196375849,3.8922119140625,10.331554412841797,29.65380859375,0.9842883944511414
217,168.60079362354057,4.402900695800781,9.497684478759766,29.81239891052246,0.9843742251396179
218,156.69096469194022,5.248525142669678,11.166934967041016,29.951623916625977,0.9844954013824463
219,174.7807399727432,4.678538799285889,9.712296485900879,30.102468490600586,0.9846040606498718
220,153.0880785173207,4.553061008453369,11.195889472961426,30.242525100708008,0.9846982359886169
221,11.898743324527626,-3.939316511154175,38.21377944946289,30.0854434967041,0.9847930073738098
222,185.90933329196739,5.593101501464844,10.002394676208496,30.498592376708984,0.9849810600280762
223,162.19049669290123,5.042895317077637,11.43529987335205,30.602340698242188,0.9851539731025696
224,147.1075291952557,4.717182159423828,11.134989738464355,30.732091903686523,0.9853666424751282
225,201.7583379466703,5.292019367218018,9.583013534545898,30.8715877532959,0.9855751395225525
226,145.0157552415468,3.8240725994110107,11.249834060668945,30.879070281982422,0.9857466816902161
227,146.9908634764689,4.39237642288208,12.805145263671875,31.107255935668945,0.9858555793762207
228,155.4415034589295,4.676733493804932,11.97362995147705,31.23643684387207,0.9859556555747986
229,197.6788224286449,5.580589771270752,10.533976554870605,31.388151168823242,0.9860805869102478
230,129.5766719804246,4.448179244995117,13.993975639343262,31.515228271484375,0.9862080216407776
231,164.75798339905631,4.816283226013184,11.429810523986816,31.646657943725586,0.9863292574882507
232,78.02969679084242,2.097273349761963,17.364185333251953,31.698570251464844,0.9864291548728943
233,158.97428844516094,5.42645263671875,12.746208190917969,31.898509979248047,0.9865657687187195
234,226.66839732757347,5.70595121383667,10.867582321166992,32.02617645263672,0.986667811870575
235,175.13205085238155,5.284177780151367,11.536544799804688,32.183719635009766,0.986809253692627
236,209.3713117823962,5.37401008605957,7.179539203643799,31.9925594329834,0.9869472980499268
237,170.9971112797221,5.122114658355713,12.028983116149902,32.441551208496094,0.9870884418487549
238,219.34024288294052,5.250736713409424,9.711986541748047,32.556358337402344,0.9872397780418396
239,58.58937157083237,2.6655752658843994,24.401966094970703,31.4531192779541,0.9874053001403809
240,149.74435125508984,4.957848072052002,13.148876190185547,32.81379318237305,0.9875900149345398
241,136.47730104812382,2.7381038665771484,13.529928207397461,32.839420318603516,0.9876871109008789
242,128.7185136867536,4.537038803100586,15.757579803466797,32.92460632324219,0.9877942204475403
243,203.8638167238815,5.115902900695801,10.602529525756836,33.19874572753906,0.9879062175750732
244,69.64107777271374,2.166206121444702,21.60861587524414,32.920684814453125,0.9880149960517883
245,153.7576951524613,4.996212482452393,13.755209922790527,33.46193313598633,0.9881767630577087
246,60.53796552022364,0.03733549639582634,29.009428024291992,32.91729736328125,0.9882855415344238
247,232.1147995608998,6.188072204589844,11.338500022888184,33.722286224365234,0.9884352684020996
248,202.76119817782208,3.63969349861145,11.715703010559082,33.827388763427734,0.9885018467903137
249,120.12585643349335,4.2575554847717285,17.541038513183594,33.919105529785156,0.9885665774345398
250,213.72137393872663,5.671695709228516,11.809603691101074,34.073089599609375,0.988654375076294
251,215.81155297958875,4.8383002281188965,10.479778289794922,34.22365188598633,0.9887270927429199
252,172.06628687797576,4.139410495758057,12.420178413391113,34.268577575683594,0.9887686371803284
253,190.43781804210465,4.589177131652832,13.45530891418457,34.31459426879883,0.9887558817863464
254,131.72449867905365,4.191895484924316,17.01089096069336,34.3614387512207,0.9887478947639465
255,208.92168273713105,4.811891078948975,11.796847343444824,34.76176452636719,0.9887151122093201
256,192.07623518977667,4.250634670257568,11.54819107055664,34.888427734375,0.9886693954467773
257,138.70832446661944,3.963010787963867,15.432241439819336,35.02738571166992,0.9886215329170227
258,173.06775263170894,4.679497718811035,13.550976753234863,35.16999816894531,0.9885944724082947
259,89.4458365113049,1.1644214391708374,20.14365005493164,35.28885269165039,0.9885169863700867
260,202.730649840632,4.786888599395752,11.67951488494873,35.45184326171875,0.9884611964225769
261,182.62015962407395,4.976010799407959,13.374499320983887,35.59064865112305,0.9884293675422668
262,200.10104323737406,4.329440593719482,11.540292739868164,35.73367691040039,0.9883904457092285
263,199.53201005541393,4.95089864730835,12.434107780456543,35.8736686706543,0.9883686900138855
264,124.35220672621206,4.015872001647949,18.380537033081055,35.99687194824219,0.9883663654327393
265,199.3481573833005,5.3598856925964355,13.083948135375977,36.13132858276367,0.9884364604949951
266,101.7722865943297,3.0107500553131104,22.191152572631836,36.2752571105957,0.9884907603263855
267,123.31114903453214,4.637455463409424,19.076189041137695,36.4251594543457,0.9886457920074463
268,189.5724905076964,5.219030380249023,13.7017183303833,36.58254623413086,0.98882657289505
269,175.6816992089572,5.333830833435059,16.043977737426758,36.704410552978516,0.9890077710151672
270,104.94490003746958,2.661341905593872,21.444725036621094,36.735042572021484,0.9891586303710938
271,59.62863627453217,2.00996994972229,37.41252136230469,36.98563766479492,0.9893202781677246
272,99.77718956620639,1.999122977256775,23.826271057128906,37.1328010559082,0.9894377589225769
273,64.8643755244194,1.6416335105895996,35.436302185058594,37.26590347290039,0.989544689655304
274,174.68583002915992,5.415482521057129,15.868401527404785,37.42987060546875,0.9897144436836243
275,90.23121476056771,1.915131688117981,27.204113006591797,37.566650390625,0.9898409843444824
276,165.94713202268167,4.277320384979248,16.09575653076172,37.72590255737305,0.9899349808692932
277,214.69069041676872,5.007164001464844,14.197137832641602,37.859134674072266,0.9900111556053162
278,133.27449868151308,4.237398147583008,19.898279190063477,37.97636032104492,0.9901034235954285
279,168.25817715359426,4.192654609680176,17.03660774230957,38.1331787109375,0.990163266658783
280,135.56951791828692,4.625572681427002,19.807361602783203,38.27498245239258,0.9902603030204773
281,125.92573688246883,1.9242401123046875,20.130435943603516,38.43567657470703,0.9903077483177185
282,165.7558048774535,4.3094892501831055,17.377643585205078,38.58271026611328,0.9903267025947571
283,219.82500002420872,4.789648532867432,13.262970924377441,38.72589874267578,0.9903414845466614
284,97.09747638432349,3.031014919281006,27.397573471069336,38.855979919433594,0.990359365940094
285,189.4894878540755,3.490561008453369,15.929731369018555,39.019039154052734,0.990324079990387
286,159.11398395903223,4.234980583190918,17.48412322998047,39.14640426635742,0.990302562713623
287,179.28121070919087,4.878842353820801,17.14617156982422,39.298519134521484,0.9902963638305664
288,194.93655461968498,4.163804054260254,15.445466995239258,39.44825744628906,0.9902534484863281
289,201.20572331139698,3.552224636077881,13.089897155761719,39.57501220703125,0.9901862144470215
290,167.0169100460421,4.411283016204834,18.587543487548828,39.72285079956055,0.9901199340820312
291,162.8881768307287,4.136481285095215,18.198801040649414,39.87576675415039,0.9900567531585693
292,193.4513278103533,4.32625675201416,15.632844924926758,40.022544860839844,0.9899876713752747
293,168.25076357570572,4.0969157218933105,17.103111267089844,40.1619758605957,0.9899320006370544
294,183.70616494400858,4.909581184387207,16.757463455200195,40.31380081176758,0.9899258017539978
295,175.62184161001852,4.572697162628174,18.09840965270996,40.42957305908203,0.9899114966392517
296,165.66089885422784,3.17120361328125,18.319496154785156,40.573486328125,0.9898416996002197
297,196.64974076704797,4.633874893188477,15.106127738952637,40.73861312866211,0.9898282885551453
298,181.03196495419144,4.6774582862854,16.569822311401367,40.888526916503906,0.9898846745491028
299,140.77886952788492,3.9708173274993896,21.925453186035156,41.01045608520508,0.9899449348449707
300,151.82556244648308,4.080669403076172,20.64972496032715,41.14295196533203,0.9899994730949402
301,170.7519675689685,3.89262056350708,18.608932495117188,41.302066802978516,0.9900357127189636
302,173.76113346239762,3.900153875350952,17.260225296020508,41.44131851196289,0.9900663495063782
303,165.81011000097723,4.595686912536621,18.428953170776367,41.6006965637207,0.9902079105377197
304,83.22336271024305,1.081900715827942,30.3697452545166,41.720619201660156,0.9903200268745422
305,178.57420598557462,3.91581654548645,18.081510543823242,41.88675308227539,0.9904070496559143
306,161.57674402129692,3.849496841430664,18.765419006347656,42.01542282104492,0.9904888272285461
307,158.96242180676327,4.411681175231934,20.698259353637695,42.165382385253906,0.9905973076820374
308,178.96654461884228,4.481732368469238,18.404090881347656,42.30772399902344,0.9907267689704895
309,179.57835921447924,3.8913345336914062,18.38397216796875,42.45433807373047,0.99082350730896
310,153.177727922806,4.121147632598877,20.679096221923828,42.601707458496094,0.9909419417381287
311,164.60955426383754,3.5345544815063477,19.592010498046875,42.747528076171875,0.9910285472869873
312,136.9207511236868,3.299945592880249,23.903566360473633,42.8836555480957,0.9911062121391296
313,182.55331761914553,4.100157260894775,17.563108444213867,43.031307220458984,0.9911941885948181
314,163.4185217980952,3.490203619003296,19.596969604492188,43.164794921875,0.9912731051445007
315,161.18220399854204,4.291676998138428,19.963134765625,43.31300735473633,0.9914485812187195
316,160.63203939356953,4.20806360244751,21.466514587402344,43.40339279174805,0.9916374087333679
317,188.92172520001185,4.377785682678223,17.493858337402344,43.60316467285156,0.991875410079956
318,191.93697078232054,4.046170234680176,16.493507385253906,43.74220275878906,0.992164134979248
319,165.4333518619567,3.171267509460449,20.594524383544922,43.8848876953125,0.9924038052558899
320,157.00938115060532,2.676623582839966,20.871868133544922,44.01703643798828,0.9925774931907654
321,193.7613935624682,3.5961287021636963,18.009973526000977,44.164756774902344,0.9927236437797546
322,160.8221132004119,1.6003458499908447,21.886991500854492,44.313941955566406,0.9928085803985596
323,159.84245679244808,3.3626978397369385,19.711748123168945,44.4578971862793,0.9929068088531494
324,179.58960712052604,4.129205703735352,20.62994956970215,44.576141357421875,0.9930022358894348
325,173.30681253820526,2.7416915893554688,21.02202606201172,44.72635269165039,0.9930405616760254
326,182.43827974825578,4.2165632247924805,18.834598541259766,44.8790283203125,0.9931600689888
327,184.81322565913797,3.978741407394409,19.720182418823242,45.01572036743164,0.9932774901390076
328,174.04352294710412,3.7036519050598145,19.414588928222656,45.15945053100586,0.9934060573577881
329,166.47073359210364,3.874539375305176,23.03673553466797,45.30268096923828,0.9935165047645569
330,165.36361213104797,3.0503733158111572,21.2374210357666,45.44245529174805,0.9936017990112305
331,171.527749790451,4.186712265014648,21.731409072875977,45.58695602416992,0.9937122464179993
332,183.89295128156664,4.597355365753174,21.22537612915039,45.72088623046875,0.9938511848449707
333,70.39077561652772,2.002164602279663,41.55861282348633,45.28096389770508,0.9940313696861267
334,160.75127790006894,2.7098026275634766,22.574766159057617,45.997493743896484,0.9941697716712952
335,193.7879983274183,4.158611297607422,18.756065368652344,46.13186264038086,0.9943507313728333
336,165.2566437820228,4.126504898071289,24.530271530151367,46.254974365234375,0.9945332407951355
337,168.24881279532192,3.5075130462646484,21.97185516357422,46.39621353149414,0.9947032928466797
338,149.63887613766366,4.2084856033325195,25.891435623168945,46.509010314941406,0.9949213862419128
339,191.6306188710991,3.6342782974243164,18.821531295776367,46.66070556640625,0.9951452612876892
340,151.2941908935771,3.313875198364258,25.68928337097168,46.788299560546875,0.9953439831733704
341,191.34897098334977,3.633427619934082,20.086978912353516,46.93363952636719,0.9955207705497742
342,176.40670648959323,2.9042727947235107,20.94367790222168,47.06816482543945,0.9956607818603516
343,158.00707325537076,3.9593396186828613,24.91880226135254,47.19084548950195,0.995830237865448
344,172.18303174242698,3.4676969051361084,22.736539840698242,47.343711853027344,0.9959859848022461
345,162.8871047581646,2.874063014984131,23.966934204101562,47.47822570800781,0.9961093068122864
346,162.7622313361744,4.078754901885986,25.624713897705078,47.61394500732422,0.9962638020515442
347,164.66888904121302,2.8749332427978516,23.684730529785156,47.757022857666016,0.9963895678520203
348,166.02793041460575,3.338266372680664,24.720260620117188,47.88927459716797,0.9964937567710876
349,156.30048569620766,3.4323463439941406,26.50206184387207,48.030670166015625,0.9965918660163879
350,164.97264331261945,2.642796277999878,24.83768653869629,48.17119598388672,0.9966487288475037
351,146.64767034688631,3.3602399826049805,27.488004684448242,48.223052978515625,0.9967067241668701
352,158.6839265163547,3.7758238315582275,26.42945098876953,48.442176818847656,0.9967806339263916
353,188.15364741486644,3.805276870727539,22.723875045776367,48.58600616455078,0.996847927570343
354,181.7545860407215,2.483964443206787,22.594303131103516,48.71894454956055,0.9968735575675964
355,195.21158653137596,4.188409328460693,22.10028076171875,48.863189697265625,0.9969494938850403
356,184.84933899452176,3.900956153869629,22.828994750976562,49.00220489501953,0.9970477223396301
357,177.88841460145252,3.7811717987060547,24.93146514892578,49.138065338134766,0.997143566608429
358,186.24929381035804,3.6100287437438965,23.95781707763672,49.27887725830078,0.9972202181816101
359,189.88045861724163,3.7910733222961426,23.235355377197266,49.42231750488281,0.9972977638244629
360,167.53704987793475,3.747791290283203,26.095006942749023,49.56025695800781,0.9974061846733093
361,181.36587668163924,3.6674091815948486,23.837072372436523,49.70174026489258,0.9975242018699646
362,168.54330045646833,3.460622787475586,27.381208419799805,49.79551315307617,0.997626006603241
363,175.188383177615,2.577052354812622,26.166215896606445,49.97842025756836,0.9976715445518494
364,166.9081946772237,2.343604326248169,26.306974411010742,50.1187629699707,0.9976708292961121
365,198.2335393608542,2.5041704177856445,17.013145446777344,50.19718551635742,0.9976980090141296
366,164.32323348435915,3.0615880489349365,28.0203800201416,50.37750244140625,0.9977046847343445
367,168.1501593814054,2.571549654006958,25.8305606842041,50.50714874267578,0.997691810131073
368,181.8297398436973,3.615511417388916,25.3310546875,50.674407958984375,0.9976954460144043
369,167.48170932825752,3.1727988719940186,27.498716354370117,50.819602966308594,0.9976949095726013
370,179.00151986141486,0.8112609386444092,26.949907302856445,50.9576301574707,0.9976251721382141
371,181.60524917923547,3.657555103302002,24.537662506103516,51.095455169677734,0.9976212382316589
372,170.62521013980228,3.0957658290863037,26.686616897583008,51.24053955078125,0.9976155161857605
373,188.76370313507527,3.5875651836395264,24.253822326660156,51.35995101928711,0.99763423204422
374,162.9833041078013,3.059377670288086,28.97340202331543,51.495758056640625,0.9976458549499512
375,171.66331600692013,2.6588187217712402,27.960487365722656,51.65379333496094,0.9976407885551453
376,176.6662576198509,3.279430627822876,26.314960479736328,51.78403091430664,0.9976490139961243
377,171.23412305845656,3.9745724201202393,29.254676818847656,51.940914154052734,0.9976983666419983
378,168.15230111386936,3.020947217941284,28.871118545532227,52.0751838684082,0.9977346062660217
379,195.6571157218336,3.300122022628784,24.967098236083984,52.21934509277344,0.9977625012397766
380,172.09472997026631,2.753139019012451,28.95034408569336,52.357933044433594,0.9977669715881348
381,181.19113420284782,3.9064042568206787,28.63135528564453,52.47467803955078,0.9977954030036926
382,182.1170621291146,2.5164072513580322,28.031728744506836,52.637752532958984,0.9977944493293762
383,187.69974485808743,3.9661569595336914,25.705936431884766,52.768924713134766,0.9978516101837158
384,186.29711803449916,3.721168279647827,26.84711456298828,52.91990280151367,0.9979220032691956
385,154.29603545014703,2.8853955268859863,31.694644927978516,53.05561828613281,0.997990608215332
386,173.4632303233801,3.321573495864868,28.91157341003418,53.19289779663086,0.9980602860450745
387,210.6990718731524,3.6899588108062744,24.769561767578125,53.32460403442383,0.9981265068054199
388,185.98626658259906,3.1048386096954346,28.69632339477539,53.472145080566406,0.9981775283813477
389,181.58594914262812,2.6974735260009766,29.324790954589844,53.61405563354492,0.9981935620307922
390,178.55095054846237,3.3279495239257812,28.036727905273438,53.753990173339844,0.9982357025146484
391,185.07194105485598,3.5364184379577637,28.3338565826416,53.89324951171875,0.9982867240905762
392,159.93137257948737,3.7578887939453125,33.556678771972656,54.012725830078125,0.9983962178230286
393,164.59493301933884,2.310720682144165,31.475400924682617,54.17421340942383,0.9984722137451172
394,191.07692081781863,3.200373649597168,29.968664169311523,54.30154037475586,0.9985206723213196
395,160.89463859301875,2.8343803882598877,32.93708419799805,54.4524040222168,0.9985589385032654
396,179.45866035139719,2.5103650093078613,29.089365005493164,54.59311294555664,0.9985764622688293
397,197.0288417528096,3.8682262897491455,29.164447784423828,54.72578048706055,0.9986028075218201
398,199.923192338141,3.919729232788086,27.849687576293945,54.868892669677734,0.9986722469329834
399,196.50233578499814,2.2635385990142822,26.740713119506836,54.996421813964844,0.9987030625343323
400,205.37411286519912,3.414978504180908,24.44602394104004,55.13383102416992,0.9987784028053284
401,232.1637348577373,3.8416476249694824,25.439762115478516,55.2799186706543,0.9988325238227844
402,166.13589927351657,2.583909511566162,31.26454734802246,55.42390441894531,0.9988798499107361
403,167.17787152017897,3.7383437156677246,33.646419525146484,55.55999755859375,0.9989748001098633
404,186.8669585914366,3.253939390182495,29.60135269165039,55.70401382446289,0.9990668892860413
405,199.3463486307447,3.092737913131714,27.457141876220703,55.84764862060547,0.9991495013237
406,163.9719846587554,3.057766914367676,35.16747283935547,55.9422607421875,0.9992280006408691
407,169.65495009314117,3.2201850414276123,33.83037567138672,56.1230354309082,0.9993085861206055
408,196.0184136452318,1.951818585395813,28.172914505004883,56.262447357177734,0.9993427395820618
409,196.53967484664915,0.7753772735595703,22.21430778503418,56.35667037963867,0.9993443489074707
410,187.68222666125328,3.3593201637268066,28.477426528930664,56.541534423828125,0.9994027018547058
411,230.21288597696017,3.718244791030884,24.828155517578125,56.673675537109375,0.9994756579399109
412,164.3215592846076,3.1947617530822754,35.161869049072266,56.814857482910156,0.999565601348877
413,188.01366362418997,2.813331127166748,30.54389762878418,56.95645523071289,0.9996412396430969
414,166.9890747280535,3.397536277770996,34.66958999633789,57.09117889404297,0.9997709393501282
415,180.44250494843047,3.5165562629699707,33.19743347167969,57.2362060546875,0.9999418258666992
416,175.710326899922,3.5542569160461426,35.26420593261719,57.373268127441406,1.0001164674758911
417,184.08067064762423,2.3196818828582764,29.60630989074707,57.514869689941406,1.000264286994934
418,193.97256229957756,3.2410056591033936,30.891151428222656,57.652095794677734,1.0004061460494995
419,173.1733369706249,2.5832626819610596,34.38139724731445,57.78351974487305,1.000529170036316
420,169.26591114566483,2.0858287811279297,34.35219192504883,57.90166473388672,1.0006238222122192
421,188.38287047271373,3.9197731018066406,34.79345703125,58.05442428588867,1.0007518529891968
422,192.70338859078333,3.5114500522613525,32.32850646972656,58.19475555419922,1.0008820295333862
423,201.95865073035938,3.47212815284729,30.56587028503418,58.34373092651367,1.0010108947753906
424,179.26377963447905,2.720660924911499,33.120933532714844,58.4627799987793,1.0011277198791504
425,177.03240266773417,2.875074625015259,34.40009689331055,58.61668014526367,1.0012388229370117
426,148.200039740048,2.5362422466278076,37.139339447021484,58.75284194946289,1.0014230012893677
427,147.18542384198324,2.5445961952209473,38.906211853027344,58.8969841003418,1.001639485359192
428,188.69033776943195,3.9592816829681396,33.90437316894531,59.03436279296875,1.0020025968551636
429,202.78375548036942,3.1634557247161865,28.482574462890625,59.176841735839844,1.0023692846298218
430,203.57534866446335,0.6491196751594543,29.21368980407715,59.314971923828125,1.0026339292526245
431,174.48355446813855,1.9159183502197266,28.725322723388672,59.37253189086914,1.0028859376907349
432,161.14128980265173,3.4336729049682617,38.67167282104492,59.5857048034668,1.0031999349594116
433,161.1664750484728,2.4633259773254395,37.3482666015625,59.72560119628906,1.0034949779510498
434,75.53071650016436,-4.327606201171875,69.87727355957031,59.84746170043945,1.0037364959716797
435,170.1193095510872,2.831106424331665,37.51176834106445,59.9785041809082,1.0039650201797485
436,154.43339157957,2.686311721801758,41.65983581542969,60.082305908203125,1.0041897296905518
437,83.03806789298922,-2.4293529987335205,67.71292114257812,60.18770980834961,1.0043377876281738
438,73.26685900790717,-2.18267560005188,74.6451187133789,60.26797866821289,1.0044587850570679
439,133.9733390676312,1.59344482421875,43.320953369140625,60.37236022949219,1.0045812129974365
440,145.73934694518576,1.6644339561462402,41.09464645385742,60.44870376586914,1.0046924352645874
441,148.5588741323243,2.619635581970215,41.04548645019531,60.527748107910156,1.0048872232437134
442,176.46044050674902,2.8500406742095947,34.74266815185547,60.602603912353516,1.005092740058899
443,96.60638530239255,-0.11664578318595886,60.43324279785156,60.69491958618164,1.0052741765975952
444,173.48423283190675,2.504801034927368,36.41292190551758,60.79109573364258,1.005446434020996
445,83.96008016376393,0.24243421852588654,65.99097442626953,60.87529754638672,1.005627155303955
446,141.75551481997908,1.6259199380874634,40.581871032714844,60.949886322021484,1.0058066844940186
447,75.71109084123125,0.3583715260028839,75.08829498291016,60.92321014404297,1.0060421228408813
448,117.97851917856627,-0.8354419469833374,45.59484100341797,61.061180114746094,1.0062267780303955
449,67.83501514483527,-1.5645246505737305,69.77098846435547,60.948387145996094,1.0063999891281128
450,166.1212109875107,0.6932085752487183,38.993125915527344,61.22004318237305,1.0065051317214966
451,173.99855171477083,3.6050620079040527,40.45952606201172,61.278106689453125,1.0067100524902344
452,173.44502993375536,3.0984530448913574,39.86418151855469,61.33930587768555,1.0069295167922974
453,147.92952491672767,2.33089017868042,42.6845703125,61.40619659423828,1.0071560144424438
454,205.66219520336435,3.7153658866882324,33.604637145996094,61.500789642333984,1.0074859857559204
455,146.1058964132881,2.3002192974090576,45.79538345336914,61.5542106628418,1.0077944993972778
456,146.31330289431142,2.2907087802886963,42.80237579345703,61.61204528808594,1.0081011056900024
457,166.70276159134744,2.8962087631225586,40.50762939453125,61.76490020751953,1.0084017515182495
458,184.24095242444048,3.4077446460723877,38.414329528808594,61.87520980834961,1.0087183713912964
459,193.09435453122217,3.3586666584014893,36.054805755615234,61.97052001953125,1.0090304613113403
460,183.20943838636396,2.6712191104888916,37.769371032714844,62.05131530761719,1.009311556816101
461,68.12889736227277,-0.48207902908325195,79.27417755126953,61.69470977783203,1.009618878364563
462,158.3974146119677,3.110015392303467,44.612953186035156,62.26123046875,1.0099749565124512
463,222.84471895294143,3.516314744949341,43.25829315185547,60.690303802490234,1.0102986097335815
464,179.94695275127103,2.6151554584503174,40.734519958496094,62.431640625,1.0105817317962646
465,162.5366254606083,1.9460400342941284,42.445316314697266,62.53550720214844,1.0108288526535034
466,215.49502108372354,2.993391990661621,35.35894775390625,62.65096664428711,1.0110365152359009
467,181.30923970079346,2.744363307952881,38.045257568359375,62.75706481933594,1.0112379789352417
468,183.69909953757195,2.6792893409729004,38.14665985107422,62.85300827026367,1.011435627937317
469,150.46790964062274,1.7209101915359497,45.58545684814453,62.94998550415039,1.0116111040115356
470,186.0191352739162,2.7682044506073,38.346866607666016,63.1032829284668,1.011785864830017
471,201.72588584501293,2.78690242767334,33.4369010925293,63.22099304199219,1.0119595527648926
472,179.0863355616071,1.757791519165039,41.97504425048828,63.33241271972656,1.0120679140090942
473,232.24454354144117,3.1282923221588135,31.84592056274414,63.4496955871582,1.0121625661849976
474,173.5285265921307,2.9326467514038086,42.09013748168945,63.563934326171875,1.0122613906860352
475,177.84408172831792,2.4993231296539307,40.92906188964844,63.701602935791016,1.012351393699646
476,194.09379719000907,2.2822110652923584,37.081050872802734,63.823326110839844,1.0124225616455078
477,192.8998893709152,3.271639823913574,40.04118728637695,63.945281982421875,1.0125268697738647
478,182.1051628692629,2.0428695678710938,39.908775329589844,64.06954956054688,1.0126107931137085
479,249.52775362213796,2.8698301315307617,26.308366775512695,64.18177032470703,1.0127205848693848
480,85.05452859348465,-1.2816909551620483,68.62166595458984,64.17401123046875,1.0128170251846313
481,177.06849374962354,2.56996488571167,41.65678024291992,64.44417572021484,1.0129221677780151
482,193.565510422651,1.8501746654510498,40.05406951904297,64.56619262695312,1.0129790306091309
483,235.0572631623069,2.973707675933838,31.895923614501953,64.67601776123047,1.0130304098129272
484,166.9925403580094,2.972797155380249,45.88774490356445,64.78865051269531,1.0131231546401978
485,225.6254382721173,2.641361713409424,30.93912696838379,64.92276763916016,1.0132204294204712
486,200.74916682485295,2.947495937347412,37.902042388916016,65.04928588867188,1.0133246183395386
487,210.21548317988072,2.867415189743042,38.781925201416016,65.16533660888672,1.0134117603302002
488,221.51819740244372,4.136588096618652,37.174468994140625,65.29410552978516,1.0136219263076782
489,221.04706202978792,2.6154143810272217,34.07633590698242,65.27726745605469,1.0138074159622192
490,178.6678141115896,1.520290493965149,46.21100616455078,65.53230285644531,1.0139445066452026
491,185.6150832290656,2.61350679397583,42.1212158203125,65.68338775634766,1.014082431793213
492,250.86268442146803,2.6767561435699463,29.090646743774414,65.8127212524414,1.014203667640686
493,221.05276824890672,3.426227331161499,36.777801513671875,65.94306182861328,1.0143338441848755
494,199.45883123691956,2.246854782104492,41.941749572753906,66.06415557861328,1.0144318342208862
495,147.97924877719825,0.582811713218689,49.74924850463867,66.19881439208984,1.0144942998886108
496,112.15067425437078,-0.4667854309082031,65.89888000488281,66.33294677734375,1.0145303010940552
497,203.0166365684565,2.2570834159851074,40.10873031616211,66.46047973632812,1.0145432949066162
498,205.8158613099935,2.166076898574829,40.198795318603516,66.57498168945312,1.0145338773727417
499,224.3248793975322,3.8848791122436523,39.5963020324707,66.72869873046875,1.0145584344863892
500,212.60185940406836,2.4668638706207275,38.46540069580078,66.87599182128906,1.0145725011825562
501,175.3675427147365,1.034996509552002,45.398719787597656,66.99099731445312,1.0145610570907593
502,240.65713899192778,3.528733730316162,33.90554428100586,67.12410736083984,1.0146375894546509
503,204.455455228166,1.6677584648132324,37.267398834228516,67.2786636352539,1.0146828889846802
504,233.2915645065663,3.302553176879883,34.57481384277344,67.41251373291016,1.014764428138733
505,177.9962832867666,1.9723373651504517,45.81270980834961,67.54701232910156,1.0148333311080933
506,205.70085604725986,2.986804485321045,40.80247116088867,67.68411254882812,1.0149140357971191
507,171.12081779190413,1.7198511362075806,52.33644485473633,67.8045654296875,1.0149688720703125
508,222.31400795591424,1.8039312362670898,35.60019302368164,67.87422943115234,1.015000820159912
509,216.7196960832752,3.5448098182678223,41.883331298828125,68.08295440673828,1.0150564908981323
510,264.294284806667,2.983656883239746,31.331966400146484,68.215087890625,1.0151106119155884
511,239.00499035087697,4.111917972564697,38.32161331176758,68.36459350585938,1.015241026878357
512,221.6429871260034,4.337147235870361,44.14296340942383,68.50069427490234,1.015414834022522
513,258.52712138650173,4.029241561889648,35.74999237060547,68.6176986694336,1.0156322717666626
514,213.60496235940985,2.6545565128326416,42.04830551147461,68.7654800415039,1.015821099281311
515,266.34281405416533,3.059467315673828,32.8445930480957,68.88444519042969,1.0159921646118164
516,241.36532324909493,3.4516611099243164,40.7852897644043,69.05066680908203,1.0161412954330444
517,271.5640798320693,2.622358798980713,35.708377838134766,68.9458236694336,1.0162433385849
518,242.4756288618774,3.615743637084961,39.98488998413086,69.31956481933594,1.0163463354110718
519,248.16033571202493,2.5274596214294434,31.694124221801758,69.45338439941406,1.0164555311203003
520,271.0940362506664,2.4442389011383057,32.76055908203125,69.58436584472656,1.0165302753448486
521,239.1253836358071,2.865333080291748,37.8238410949707,69.72966003417969,1.0165997743606567
522,225.59023678179952,3.467641830444336,43.631710052490234,69.85607147216797,1.016672134399414
523,250.31662533643774,3.808037281036377,39.01578140258789,69.9803237915039,1.0167738199234009
524,212.88567044104414,3.095471143722534,47.51546096801758,70.13249969482422,1.0168652534484863
525,198.7029033793639,2.4794583320617676,50.83456802368164,70.26963806152344,1.0169320106506348
526,232.49067134017085,3.631817579269409,45.28190994262695,70.41000366210938,1.0169960260391235
527,256.77588736188477,3.602064371109009,37.93793869018555,70.54361724853516,1.0170822143554688
528,254.95503961927037,3.7390084266662598,41.82572555541992,70.66574096679688,1.0171585083007812
529,228.07353334637705,-2.809370994567871,46.14439010620117,70.81578063964844,1.0171217918395996
530,239.4033105733101,2.206974506378174,38.67926025390625,70.92144012451172,1.0170717239379883
531,229.34104180214825,3.105705738067627,45.85022735595703,71.09223175048828,1.0170167684555054
532,238.59027563412198,2.328338623046875,36.59660339355469,71.21259307861328,1.0169663429260254
533,186.01403274956112,1.099031686782837,51.89289093017578,71.34760284423828,1.016890525817871
534,271.52744223387833,3.813793659210205,40.734554290771484,71.48331451416016,1.016816258430481
535,214.9653128336499,2.604470729827881,47.54890441894531,71.63068389892578,1.0167392492294312
536,207.22230883556142,2.762971878051758,43.9626579284668,71.76876068115234,1.0167160034179688
537,211.921925530946,1.4772107601165771,43.679527282714844,71.90940856933594,1.0166624784469604
538,235.33420151704968,3.229203462600708,45.828819274902344,72.04254150390625,1.0166101455688477
539,203.25438390424594,2.1144471168518066,48.185367584228516,72.17594146728516,1.0165541172027588
540,253.0016859421161,2.3868892192840576,37.159950256347656,72.29943084716797,1.0164895057678223
541,273.675842930275,3.436707019805908,35.05339431762695,72.44686889648438,1.0164989233016968
542,212.7690639414373,0.39511531591415405,50.637386322021484,72.58685302734375,1.0164613723754883
543,261.08172931102393,3.3926820755004883,39.34162521362305,72.70068359375,1.016446590423584
544,244.23271159338879,3.5000362396240234,44.63152313232422,72.8664779663086,1.0164457559585571
545,247.41700677249347,3.8650498390197754,43.36415481567383,72.9863510131836,1.016516089439392
546,258.0477902617269,2.95194935798645,36.23054885864258,73.04904174804688,1.0166354179382324
547,226.3715232646138,3.5486292839050293,45.852970123291016,73.27801513671875,1.0168653726577759
548,247.82569631062083,3.522367000579834,42.334007263183594,73.406005859375,1.0171297788619995
549,255.05166913769224,-0.3789269030094147,39.04072570800781,73.5524673461914,1.017264723777771
550,241.88015843569056,3.8872909545898438,45.21332931518555,73.67736053466797,1.0175284147262573
551,263.0039318628247,3.4080970287323,38.70061111450195,73.82212829589844,1.0178381204605103
552,273.88933092089303,3.5775680541992188,43.442718505859375,73.96293640136719,1.0181037187576294
553,275.34583081431754,3.312847137451172,37.66436004638672,74.09095764160156,1.0183773040771484
554,246.45092302764192,2.221203327178955,45.56790542602539,74.23462677001953,1.0186010599136353
555,270.7485471490613,3.343862295150757,41.13978958129883,74.36885833740234,1.0188050270080566
556,273.3956437705649,3.1878716945648193,39.59557342529297,74.49929809570312,1.01898992061615
557,273.41548396249954,3.7181396484375,38.05361557006836,74.63394927978516,1.0192642211914062
558,208.4910987147232,2.7615208625793457,53.42545700073242,74.78117370605469,1.0195187330245972
559,243.45352740557811,2.1305532455444336,44.18034362792969,74.91324615478516,1.0197287797927856
560,300.6912208885296,2.7508254051208496,34.384395599365234,75.04176330566406,1.0199097394943237
561,237.23914944545868,2.5699551105499268,44.08231735229492,75.18291473388672,1.0200814008712769
562,238.67415449895793,3.08294677734375,47.19931411743164,75.31838989257812,1.0202518701553345
563,284.9962569028536,3.3368797302246094,43.96982955932617,75.43428802490234,1.0203889608383179
564,209.43314909182573,2.5714337825775146,51.286590576171875,75.58287048339844,1.0205292701721191
565,235.54700490534066,3.399533271789551,52.74562454223633,75.72946166992188,1.020658016204834
566,202.82746958278938,2.9569878578186035,53.05439758300781,75.83426666259766,1.0208805799484253
567,234.41917837117452,2.013615131378174,46.071834564208984,75.9776382446289,1.0210647583007812
568,222.67896891149897,2.1482460498809814,44.29480743408203,76.1175765991211,1.021254062652588
569,230.4304874003743,3.0139503479003906,50.393043518066406,76.25725555419922,1.0214401483535767
570,224.63508407723182,2.7494916915893555,45.46492004394531,76.39248657226562,1.0217456817626953
571,236.56760386943887,1.9845942258834839,48.85029220581055,76.506103515625,1.022003173828125
572,209.6301629155384,2.4102060794830322,52.62458419799805,76.51707458496094,1.022247314453125
573,224.55436116230473,2.074004650115967,46.55216598510742,76.76946258544922,1.0224770307540894
574,225.7091447245403,1.9443833827972412,51.469261169433594,76.90074920654297,1.0226579904556274
575,205.4685978044008,2.2773170471191406,59.82477951049805,76.98474884033203,1.022810459136963
576,245.30215599883914,3.59344482421875,47.60092544555664,77.06529998779297,1.022985577583313
577,143.90111635880902,-3.0885438919067383,72.31566619873047,77.16726684570312,1.023077368736267
578,232.52392746598792,2.7980542182922363,47.53053283691406,77.22787475585938,1.0232003927230835
579,175.40846674676757,1.8214513063430786,57.58628845214844,77.36222839355469,1.0234192609786987
580,174.78647462231646,0.28236037492752075,62.54050064086914,77.31201171875,1.023584246635437
581,194.7906945029978,1.704655647277832,58.35163879394531,77.09268951416016,1.0237187147140503
582,129.87984839878914,0.28504911065101624,79.7120590209961,77.20101165771484,1.0238479375839233
583,212.68996467461488,3.68622088432312,57.223289489746094,76.91324615478516,1.0240453481674194
584,200.73574111532054,2.2956018447875977,54.803672790527344,77.15788269042969,1.0242429971694946
585,214.33129693653598,3.831136703491211,54.783843994140625,77.25035858154297,1.0245932340621948
586,270.984589745293,2.158043384552002,41.587223052978516,77.27978515625,1.0248723030090332
587,216.06158764348115,2.889814615249634,50.626861572265625,77.69731903076172,1.0251866579055786
588,204.38799090096313,2.1646783351898193,54.27650833129883,77.7603759765625,1.0254851579666138
589,208.29358824246214,2.6990482807159424,56.347618103027344,77.9919204711914,1.0257967710494995
590,177.90965177435245,-0.6309941411018372,60.80628967285156,78.52336883544922,1.0260313749313354
591,213.17300342928215,2.5431551933288574,54.6693229675293,78.45316314697266,1.0262664556503296
592,328.3350186614833,2.381821393966675,30.403160095214844,78.6815414428711,1.0264850854873657
593,233.37123987966774,1.7710920572280884,52.06257629394531,78.63980102539062,1.0266567468643188
594,228.42732522034913,2.690134286880493,54.249305725097656,78.78741455078125,1.0268076658248901
595,240.67906473314287,2.458817958831787,44.57130432128906,78.70087432861328,1.026943564414978
596,234.0946250124654,2.9896414279937744,52.358821868896484,78.83006286621094,1.027065634727478
597,214.12847596599218,1.3659261465072632,49.06380844116211,78.88002014160156,1.0271557569503784
598,267.28367997844265,2.7184481620788574,37.25766372680664,79.10372924804688,1.0273017883300781
599,206.34699902795822,1.9572595357894897,49.28835678100586,78.41834259033203,1.0274463891983032
600,213.65360665452172,2.548300266265869,43.917362213134766,78.77156829833984,1.0276752710342407
601,255.37463768927768,2.103252649307251,36.16910934448242,77.97879791259766,1.0278600454330444
602,224.32114196039765,2.8718838691711426,43.926902770996094,78.56770324707031,1.0280442237854004
603,211.69406972146064,2.6669416427612305,41.583473205566406,77.83308410644531,1.0282422304153442
604,211.7155529173161,3.073657274246216,44.593894958496094,77.41053771972656,1.028442144393921
605,234.73862231396737,2.3961308002471924,33.71494674682617,77.986572265625,1.0286169052124023
606,257.86055875237724,2.5509374141693115,25.201404571533203,78.01167297363281,1.028802514076233
607,244.7137668112374,2.3809211254119873,23.20975685119629,76.91504669189453,1.0289565324783325
608,247.82465520156893,2.8222362995147705,31.569095611572266,77.00318145751953,1.0291281938552856
609,283.43123339672326,3.070340156555176,16.56131935119629,76.12042236328125,1.0292998552322388
610,238.84298473604593,3.0150809288024902,19.07822036743164,74.90709686279297,1.0294610261917114
611,224.07645334465067,2.443406343460083,14.798030853271484,74.29255676269531,1.029610276222229
612,232.97763511467042,2.5742735862731934,14.737226486206055,72.74456024169922,1.0297255516052246
613,226.39675056518945,3.2138142585754395,12.2545166015625,71.33145141601562,1.0298367738723755
614,198.15085968265674,1.675605058670044,24.659069061279297,67.66610717773438,1.0299161672592163
615,152.3658236406509,1.5978046655654907,75.71043395996094,79.42052459716797,1.030030369758606
616,222.76848482569815,1.8019754886627197,15.064435005187988,72.49652862548828,1.030120849609375
617,132.6425177894672,0.48841431736946106,82.37651824951172,79.77080535888672,1.0302375555038452
618,200.69398721464984,1.9795503616333008,12.434517860412598,73.59415435791016,1.030331015586853
619,126.94850212798644,0.3866214454174042,89.01895141601562,78.40071868896484,1.0304455757141113
620,226.2316361566245,2.4552416801452637,37.405269622802734,65.24510955810547,1.030565619468689
621,249.94080614280614,2.5294413566589355,34.50274658203125,65.41685485839844,1.0306485891342163
622,167.7425142169801,2.675935983657837,40.69624710083008,77.1427001953125,1.0308476686477661
623,178.57273074975495,1.5915322303771973,26.886070251464844,53.718727111816406,1.0310043096542358
624,171.56272720505353,0.6611078381538391,41.39856719970703,66.08768463134766,1.031105875968933
625,216.559454157681,2.8093817234039307,20.94596290588379,63.966190338134766,1.0312081575393677
626,207.34255334906294,1.91437828540802,30.3699893951416,62.6619873046875,1.0312939882278442
627,184.2720109520739,2.242828369140625,17.139127731323242,59.7357177734375,1.0313934087753296
628,209.8356544628227,2.257337808609009,24.717374801635742,57.19137191772461,1.0314730405807495
629,195.42106771194963,1.466670036315918,18.00421905517578,60.08858871459961,1.0315440893173218
630,207.32965755403868,2.601048707962036,18.57123565673828,59.015708923339844,1.0316182374954224
631,186.97717417696762,1.1265482902526855,22.48479652404785,55.889095306396484,1.0316557884216309
632,211.2895281296257,1.6588832139968872,12.50984001159668,62.91842269897461,1.0316747426986694
633,176.15276402752306,1.678184151649475,13.641121864318848,51.54624938964844,1.0316699743270874
634,213.97456656131422,2.3511064052581787,13.94162654876709,61.628292083740234,1.0316890478134155
635,200.98051984353845,1.8086223602294922,18.440364837646484,56.079505920410156,1.0316938161849976
636,202.43748869034638,1.934759497642517,15.130045890808105,55.59208679199219,1.0316699743270874
637,198.2031661213006,2.3144478797912598,11.380924224853516,55.8568000793457,1.031638264656067
638,174.01443518642984,2.5331923961639404,6.658170223236084,53.671531677246094,1.0316513776779175
639,199.40671120311762,2.2458322048187256,14.942612648010254,56.507911682128906,1.0316628217697144
640,212.1929990010616,1.950376033782959,8.445080757141113,62.43080139160156,1.0316981077194214
641,68.69294180515706,-5.00860595703125,131.61282348632812,77.3935546875,1.0317250490188599
642,79.62637218614817,-5.721652507781982,116.77931213378906,76.77481842041016,1.031722903251648
643,205.01432673822677,2.7862792015075684,4.9783101081848145,51.796112060546875,1.0317331552505493
644,191.16827846982275,2.7776973247528076,6.8965349197387695,51.44438171386719,1.0317736864089966
645,209.93977411145005,0.8390262126922607,31.274465560913086,72.11526489257812,1.0317989587783813
646,106.31013798411958,-2.3530197143554688,56.99174118041992,75.20980072021484,1.0317999124526978
647,87.98031361712074,-3.104631185531616,63.98002624511719,73.11469268798828,1.0317915678024292
648,231.80277870104268,1.6100153923034668,7.061624050140381,63.712501525878906,1.0317553281784058
649,77.91011950250771,-3.5625405311584473,96.14530944824219,75.1163558959961,1.0317217111587524
650,250.39543696178842,2.100984811782837,4.113615036010742,67.08805084228516,1.0317033529281616
651,224.63684226854275,2.144105911254883,6.117091655731201,61.73501968383789,1.0316704511642456
652,74.46825667759454,-4.104852199554443,73.02613067626953,73.6082534790039,1.0316358804702759
653,212.96872613472956,1.93159818649292,5.985840797424316,62.283592224121094,1.0315788984298706
654,229.92043336953762,1.6031081676483154,45.590049743652344,77.09117889404297,1.0315560102462769
655,81.38620841358359,-1.5246506929397583,95.10001373291016,75.04155731201172,1.0316568613052368
656,237.43696032084867,2.3423871994018555,14.354464530944824,72.27665710449219,1.0317580699920654
657,100.6678292417904,-2.975207805633545,56.71080780029297,74.33953857421875,1.0318320989608765
658,68.22893343701396,-2.903569221496582,103.31689453125,75.40765380859375,1.031944751739502
659,257.60851543101734,2.1070828437805176,4.933430194854736,69.94110870361328,1.0320488214492798
660,308.550681503929,3.6179087162017822,6.467528820037842,67.19673156738281,1.0321398973464966
661,233.17393658714423,2.7861154079437256,4.553296089172363,68.11506652832031,1.0322407484054565
662,83.81596359122598,-7.765143394470215,93.13648986816406,80.30669403076172,1.0322885513305664
663,169.3029382183591,1.4742403030395508,18.4344539642334,63.010955810546875,1.0323272943496704
664,228.65977215107708,2.705674648284912,11.944551467895508,71.29302978515625,1.0324050188064575
665,228.73883303393603,2.3490211963653564,7.140952110290527,67.42923736572266,1.0324629545211792
666,108.55408936701727,-2.150252342224121,95.32901763916016,79.32549285888672,1.0324965715408325
667,128.88701526277887,-0.04888293519616127,78.84017944335938,79.43355560302734,1.0325452089309692
668,112.69774578702112,-1.8192660808563232,94.71334838867188,79.9417495727539,1.032571792602539
669,76.09708274063688,-2.546170949935913,140.99566650390625,81.47930145263672,1.0326361656188965
670,88.9557312448407,-2.1321802139282227,106.72274780273438,80.60063171386719,1.0327163934707642
671,249.48412855844865,2.1060025691986084,7.436577320098877,73.67469787597656,1.03278648853302
672,119.52622468634624,-0.7087085247039795,86.14835357666016,79.51509094238281,1.0328603982925415
673,178.56975915539067,1.9782685041427612,53.09469223022461,76.87158203125,1.03298819065094
674,189.98222227467616,1.7097749710083008,43.460899353027344,77.18998718261719,1.0331284999847412
675,128.15290172769298,0.35243043303489685,68.96292114257812,77.10052490234375,1.0333231687545776
676,120.3729537281903,-0.021838678047060966,84.86743927001953,77.64530181884766,1.0335338115692139
677,173.10207339232267,1.0605734586715698,22.642446517944336,72.90017700195312,1.0337268114089966
678,193.8813922358518,1.8617069721221924,7.963645935058594,67.00747680664062,1.0339016914367676
679,197.3997392594866,1.6242890357971191,12.56126594543457,67.55585479736328,1.0340576171875
680,174.1216059440384,2.196324110031128,15.619412422180176,64.43506622314453,1.0342239141464233
681,186.54225055720585,1.317188024520874,11.307129859924316,64.35609436035156,1.0343592166900635
682,214.3953010881723,2.0509965419769287,7.446229457855225,66.41161346435547,1.0344629287719727
683,191.13226225273104,1.4591726064682007,6.608459949493408,67.27145385742188,1.0345700979232788
684,175.32336693175483,1.5315649509429932,7.580153942108154,65.54145812988281,1.0346901416778564
685,191.15757325246568,2.0925652980804443,4.5082221031188965,66.13738250732422,1.034827709197998
686,144.20126426794707,0.8541764616966248,9.21131420135498,60.87760543823242,1.0349574089050293
687,159.91864859359526,1.0128079652786255,6.635961055755615,62.98643493652344,1.0350927114486694
688,189.44770976782823,1.3559210300445557,3.840243339538574,63.39965057373047,1.0351886749267578
689,142.31871315071902,0.3404187858104706,5.014097213745117,59.16006088256836,1.0352598428726196
690,166.12496622484935,0.6146742701530457,6.941545486450195,59.16200256347656,1.0352745056152344
691,134.53586397008525,0.2435016930103302,5.362094402313232,54.98002243041992,1.035282015800476
692,153.15949840465865,0.912003219127655,6.816195011138916,60.547515869140625,1.0353240966796875
693,164.34781780717861,0.8007675409317017,6.156645774841309,59.11675262451172,1.0353540182113647
694,135.02120921118254,0.18233297765254974,3.9279868602752686,55.29235076904297,1.0353660583496094
695,109.02064869677983,-3.1070916652679443,15.634636878967285,63.995418548583984,1.0353258848190308
696,157.89097467842905,0.7808466553688049,7.542404651641846,54.009376525878906,1.0352832078933716
697,145.04326176118818,0.9111191630363464,8.422114372253418,51.882389068603516,1.0352565050125122
698,152.56704206239155,0.6485269069671631,6.207610607147217,50.66828536987305,1.0352131128311157
699,124.86818941994198,-0.4031636416912079,4.933704853057861,48.40592575073242,1.0351375341415405
700,144.21368736870443,1.2341653108596802,4.696944713592529,47.80532455444336,1.0350955724716187
701,153.97772481377126,0.6867377161979675,6.043422698974609,46.00246810913086,1.0350176095962524
702,176.61840301468303,1.773942470550537,8.446765899658203,46.00775146484375,1.034955620765686
703,151.354944186808,1.5285630226135254,4.751733779907227,48.47317886352539,1.0349069833755493
704,143.1161985451258,1.4308418035507202,3.672788381576538,44.723575592041016,1.0348912477493286
705,192.34199278831827,2.347175359725952,10.6583833694458,45.11781311035156,1.0348936319351196
706,164.77839225764615,1.7507561445236206,5.925384044647217,43.162899017333984,1.0348868370056152
707,192.11351352347415,3.0257251262664795,6.770418643951416,43.216739654541016,1.0349045991897583
708,185.4432219825591,2.5723509788513184,5.87221097946167,42.757469177246094,1.034924864768982
709,178.04908500750665,2.3913700580596924,5.742629051208496,42.08439636230469,1.0349458456039429
710,186.12340974589728,2.251507043838501,5.967592716217041,41.64148712158203,1.0349459648132324
711,180.30100476040417,2.9462833404541016,5.962876796722412,42.241111755371094,1.0350061655044556
712,192.96232740279683,2.7454183101654053,7.94125509262085,41.856143951416016,1.0350781679153442
713,62.50892756225087,-4.948228359222412,67.48197174072266,73.95010375976562,1.0351475477218628
714,186.77272603167089,2.2648677825927734,7.260827541351318,45.337303161621094,1.0351945161819458
715,199.76808499996528,3.6470675468444824,7.811485767364502,47.827796936035156,1.0352975130081177
716,125.50540322967073,1.1768548488616943,18.869426727294922,52.61295700073242,1.0354198217391968
717,119.9088681005986,0.9842352271080017,15.760889053344727,56.5938720703125,1.0355736017227173
718,87.0814161908675,-2.1827809810638428,28.27310562133789,62.033451080322266,1.0356907844543457
719,77.5552713685374,-3.3367905616760254,38.0413932800293,65.68229675292969,1.0357767343521118
720,128.55627403256153,2.032982587814331,19.14759635925293,51.47936248779297,1.0359400510787964
721,60.11856586806019,-4.292748928070068,71.56360626220703,68.55131530761719,1.0360956192016602
722,60.929910137396114,-4.575451850891113,64.07685089111328,68.39825439453125,1.0362324714660645
723,80.84835423271059,-2.703521728515625,34.29905700683594,62.881526947021484,1.0363352298736572
724,112.67893440679772,1.185212254524231,23.44460105895996,53.604461669921875,1.0364660024642944
725,99.58594984360943,-0.14059950411319733,20.205602645874023,55.38056564331055,1.0365866422653198
726,61.03440034519953,-3.577467679977417,53.86484909057617,65.11519622802734,1.0367021560668945
727,59.970953830685275,-5.757559776306152,56.868492126464844,64.77519989013672,1.0367717742919922
728,62.36801028610784,-3.3642749786376953,51.23942565917969,60.78539276123047,1.0368322134017944
729,58.90800873926362,-3.2480525970458984,52.25042724609375,60.68046951293945,1.0369020700454712
730,57.42887416185641,-2.578791379928589,45.85651397705078,60.06523513793945,1.0369981527328491
731,54.55841533477468,-2.5924437046051025,52.241607666015625,59.7150764465332,1.0371445417404175
732,77.714943711199,-1.3538713455200195,25.50928497314453,51.172767639160156,1.037263035774231
733,55.89278214742524,-4.143462181091309,42.14605712890625,55.23948669433594,1.0373492240905762
734,57.093776012209894,-2.0229721069335938,36.23416519165039,52.00791549682617,1.037461757659912
735,51.68813810319189,-6.601195812225342,40.29685592651367,51.25633239746094,1.0375055074691772
736,60.87790397142397,-2.0176196098327637,32.437015533447266,47.276611328125,1.0375480651855469
737,55.71440662195661,-1.9868940114974976,33.030128479003906,45.62566375732422,1.037623405456543
738,51.1824960306599,-4.481847286224365,35.16389846801758,44.35291290283203,1.0376386642456055
739,56.32961517797276,-2.147374153137207,29.587650299072266,41.23387145996094,1.037648320198059
740,54.14233596799035,-1.65247642993927,31.194746017456055,39.573890686035156,1.0376797914505005
741,49.36526806353507,-2.5087029933929443,31.200101852416992,38.919132232666016,1.0377106666564941
742,49.2527348450464,-2.5372633934020996,31.067733764648438,37.43561935424805,1.0377267599105835
743,91.38506090922024,1.962273120880127,14.456639289855957,33.40312957763672,1.0377494096755981
744,80.5011791174277,2.234621047973633,16.29688262939453,32.8897819519043,1.037794589996338
745,57.94016761935686,-1.8561588525772095,26.417993545532227,33.579833984375,1.0377769470214844
746,53.25841430372882,0.9352834820747375,27.74805450439453,33.64259719848633,1.0378276109695435
747,57.978471166401214,0.7489427924156189,25.669198989868164,33.09598159790039,1.0378836393356323
748,69.68485515125109,1.2859452962875366,19.319074630737305,32.65629577636719,1.037922978401184
749,66.218781913171,2.731783151626587,20.465085983276367,32.855159759521484,1.0381593704223633
750,56.95630839975053,-0.4436681866645813,24.673553466796875,33.55560302734375,1.0383352041244507
751,63.66196857805282,1.6329437494277954,18.984058380126953,33.4427604675293,1.0385059118270874
752,62.3866570602913,1.7528189420700073,22.116024017333984,33.713661193847656,1.0386805534362793
753,59.1129450142661,1.2607542276382446,22.242511749267578,34.229393005371094,1.0388505458831787
754,113.38099439370379,4.278625011444092,10.353031158447266,31.249156951904297,1.0390597581863403
755,57.236964541362454,1.7200798988342285,26.520294189453125,34.968475341796875,1.039300560951233
756,63.55723735680473,-0.18803755939006805,19.56385040283203,34.49421691894531,1.0394551753997803
757,64.82950047078053,0.2670128345489502,21.804967880249023,35.05543518066406,1.0395469665527344
758,68.17366898502691,1.8461482524871826,20.184261322021484,35.25539016723633,1.0396438837051392
759,75.73867097787945,2.098048686981201,18.244556427001953,34.59425354003906,1.0397286415100098
760,57.613814219725285,0.8166282176971436,28.15558624267578,36.85895538330078,1.0398058891296387
761,69.30205013389066,1.073594331741333,19.745403289794922,36.00431442260742,1.0398592948913574
762,62.03217682605203,-1.5521987676620483,29.353086471557617,36.86001968383789,1.0398494005203247
763,73.66389468025443,1.6542161703109741,15.8560209274292,36.81764221191406,1.0398362874984741
764,55.17900104438906,1.0846397876739502,35.32969665527344,38.514015197753906,1.039859652519226
765,64.04860361788108,0.7881948947906494,22.330747604370117,37.616912841796875,1.0398688316345215
766,64.77172785496279,-0.07378779351711273,20.790077209472656,37.5869026184082,1.039834976196289
767,82.75869709495436,2.099881649017334,14.15234375,35.84029006958008,1.0397964715957642
768,92.95231464423264,1.4100991487503052,11.148367881774902,34.662601470947266,1.0397229194641113
769,61.59481558818168,1.660886526107788,25.181140899658203,38.88663101196289,1.0397371053695679
770,121.96709870304288,3.0382349491119385,9.889798164367676,33.086177825927734,1.0397064685821533
771,113.13369416824524,3.1479101181030273,13.511591911315918,34.321868896484375,1.039686679840088
772,116.32698306731967,3.6619980335235596,10.462178230285645,33.53265380859375,1.0397038459777832
773,71.38931341684405,1.2062746286392212,20.76692771911621,39.908958435058594,1.0397287607192993
774,68.28233400346282,0.2538040280342102,20.487262725830078,40.69330596923828,1.0397191047668457
775,136.16039198446592,3.814030408859253,9.154718399047852,34.01500701904297,1.0397300720214844
776,65.70074508771656,0.7249354124069214,24.283723831176758,41.57033157348633,1.0397487878799438
777,59.0833643681684,0.14636975526809692,34.988433837890625,43.511993408203125,1.0397793054580688
778,86.27269465194692,1.644354224205017,13.771905899047852,39.22107696533203,1.0397998094558716
779,88.37507375651967,1.3049836158752441,12.899503707885742,38.97582244873047,1.0397964715957642
780,132.31616952154735,2.7929000854492188,8.758949279785156,34.52111053466797,1.0397663116455078
781,82.89818663050704,0.5090306401252747,14.528550148010254,40.817989349365234,1.039687991142273
782,74.4218500636154,1.4648863077163696,19.829416275024414,42.666358947753906,1.0396474599838257
783,67.28164073171683,0.4900801181793213,21.607091903686523,44.09297561645508,1.039626121520996
784,66.41031587414302,-1.1456679105758667,24.553043365478516,45.1951789855957,1.039574146270752
785,121.94686569004902,1.588330626487732,10.831938743591309,35.96770095825195,1.039481520652771
786,153.30339210372733,3.0030815601348877,6.507362365722656,33.965492248535156,1.0393444299697876
787,119.77496271146049,2.098106622695923,9.64274787902832,36.567481994628906,1.0391881465911865
788,85.40130563290177,1.7170459032058716,13.289246559143066,41.886234283447266,1.0390688180923462
789,52.67272263581262,-4.663519859313965,61.94050216674805,48.9276008605957,1.0389212369918823
790,159.5527014366952,2.479062557220459,6.708194255828857,34.30453109741211,1.0387476682662964
791,76.6335529904259,1.1032856702804565,16.837812423706055,44.98686218261719,1.0386427640914917
792,155.26618946432612,3.72413969039917,6.757786750793457,34.5774040222168,1.0385454893112183
793,178.14542293032795,3.8754777908325195,7.069205284118652,34.1829719543457,1.0384265184402466
794,172.26697673702344,4.2186279296875,6.985402584075928,34.453163146972656,1.0383524894714355
795,148.7003295177335,3.353679656982422,7.997053146362305,35.88102340698242,1.0382800102233887
796,163.73567498025488,3.9453301429748535,6.929422378540039,35.69474411010742,1.0382343530654907
797,144.4952263022014,3.433624267578125,7.477866172790527,37.17457962036133,1.0382099151611328
798,152.41009883614134,3.466341495513916,7.717214107513428,37.502689361572266,1.038195013999939
799,157.98899429055183,3.194749355316162,7.597414970397949,37.49961853027344,1.0381646156311035
800,144.70380835351045,2.8954453468322754,7.259176254272461,38.59489059448242,1.0381211042404175
801,137.4185846283989,1.7938923835754395,7.377687931060791,39.24192810058594,1.0380250215530396
802,136.00632557479722,2.1322555541992188,9.308660507202148,40.74271774291992,1.0379152297973633
803,151.35313430311157,2.7612881660461426,9.080855369567871,39.884254455566406,1.0378036499023438
804,131.062854808613,2.1573822498321533,9.93228816986084,41.881141662597656,1.0376932621002197
805,120.87692781687134,2.0986697673797607,11.222833633422852,43.59074783325195,1.0376315116882324
806,123.14873712813522,1.4608497619628906,11.278949737548828,44.316097259521484,1.0375618934631348
807,129.76281078041117,2.1530938148498535,10.153422355651855,44.49513626098633,1.0375150442123413
808,116.49307753815437,0.9711516499519348,12.571735382080078,45.8994140625,1.0374603271484375
809,110.7860596447646,0.866038978099823,12.820137977600098,47.21000671386719,1.0374118089675903
810,117.98974212499347,1.0518492460250854,12.657665252685547,47.89448547363281,1.0373700857162476
811,107.9287780423215,0.17463453114032745,14.229310989379883,49.01296615600586,1.0373173952102661
812,131.1967712495236,1.5441865921020508,12.363451957702637,48.722686767578125,1.0372854471206665
813,114.65289348683923,-0.27313432097435,16.05023956298828,50.60733413696289,1.0372339487075806
814,109.92578250591572,0.459868848323822,15.334427833557129,51.68461227416992,1.0372240543365479
815,112.13843212586691,0.45235714316368103,14.120494842529297,51.80806350708008,1.0372308492660522
816,100.39806277294454,-0.7335182428359985,13.8689546585083,52.77825164794922,1.0372282266616821
817,108.2276071093177,-0.26237425208091736,14.72928237915039,52.89983367919922,1.0372260808944702
818,120.29669461389291,0.7506763935089111,12.052968978881836,52.547637939453125,1.0372651815414429
819,119.50006115954167,0.1940324902534485,11.789283752441406,53.17823791503906,1.0373026132583618
820,107.62912762450061,-0.20177893340587616,12.186946868896484,53.9547233581543,1.0373514890670776
821,99.34407399639782,-1.5169410705566406,10.684877395629883,54.3125,1.037379264831543
822,99.35886713540121,-0.7733227014541626,10.511871337890625,53.44293212890625,1.0374175310134888
823,95.69244523049977,-1.3224738836288452,10.30534839630127,54.15726089477539,1.0374500751495361
824,96.42643687032229,-1.2349908351898193,9.888444900512695,53.42110061645508,1.0374795198440552
825,93.6054481389395,-3.350621223449707,8.241321563720703,52.541481018066406,1.0374754667282104
826,97.1650289133577,-1.2039484977722168,7.419328212738037,52.3144645690918,1.0374706983566284
827,93.31267267194953,-2.045288562774658,6.930293083190918,51.63935089111328,1.0374490022659302
828,94.21397340315953,-1.3750779628753662,4.6734442710876465,50.95738220214844,1.0374243259429932
829,88.28362474232182,-1.4792366027832031,3.21925687789917,49.502838134765625,1.0374175310134888
830,91.19855107784583,-1.7037551403045654,3.1904399394989014,49.20355987548828,1.037389874458313
831,91.97890801518925,-1.339072823524475,3.2706663608551025,47.32206726074219,1.037362813949585
832,86.3416228850399,-1.298714280128479,2.7683792114257812,47.02475357055664,1.0373591184616089
833,88.18118435352334,-1.5325366258621216,2.328756332397461,45.95220184326172,1.037352204322815
834,86.88707878891316,-2.091675281524658,3.040156126022339,42.4256706237793,1.0373042821884155
835,88.89810269679116,-1.219359040260315,4.679177284240723,40.91255187988281,1.0372642278671265
836,87.32615685610737,-0.09419159591197968,19.65776252746582,37.41000747680664,1.0372475385665894
837,89.06456487119141,-1.5674649477005005,15.00069522857666,36.67877197265625,1.037217617034912
838,85.71530057001772,-1.2175709009170532,9.17663288116455,36.047691345214844,1.0371912717819214
839,91.33827551150591,-1.3220638036727905,10.858017921447754,34.830665588378906,1.0371476411819458
840,86.15489432832211,-0.38981571793556213,6.634926795959473,34.349849700927734,1.037122368812561
841,85.81589615680657,-1.6004701852798462,5.347315788269043,34.7238655090332,1.0370877981185913
842,86.48376181322554,-1.2706949710845947,4.267358303070068,35.41237258911133,1.0370515584945679
843,66.67650763285253,-3.947972297668457,9.23936653137207,46.50199508666992,1.0370063781738281
844,93.86659587874406,-0.31153130531311035,6.144125938415527,33.47745132446289,1.036974310874939
845,94.12374195094404,0.10322438180446625,6.168914318084717,32.590431213378906,1.0369600057601929
846,96.3567642015142,-0.21595114469528198,4.466035842895508,31.942138671875,1.0369524955749512
847,98.64337196511597,0.4194762408733368,7.501925945281982,32.184974670410156,1.0369654893875122
848,98.78736610918892,0.2245190143585205,10.022356033325195,31.31691551208496,1.036989450454712
849,97.76582649641064,-0.08520185947418213,7.650676727294922,31.166494369506836,1.0370148420333862
850,105.2851135089985,0.8483192920684814,13.065300941467285,30.844261169433594,1.03705632686615
851,112.76445280478634,0.6364222764968872,9.56746768951416,29.9249324798584,1.0370897054672241
852,110.07797976539528,1.1047389507293701,9.06381893157959,30.61882209777832,1.0371414422988892
853,117.30183244316177,0.6804254055023193,10.6932954788208,29.8420467376709,1.0371772050857544
854,122.01777754024273,1.3955422639846802,8.146788597106934,28.931467056274414,1.037215232849121
855,120.97793847098855,0.9784029722213745,7.3897199630737305,29.038850784301758,1.0372281074523926
856,135.03193498288545,2.174056053161621,7.676141262054443,28.08738136291504,1.0372589826583862
857,121.93237337524431,1.2910202741622925,7.146721839904785,29.319814682006836,1.0372775793075562
858,144.53132851623104,2.563776969909668,8.393616676330566,28.19147300720215,1.0373128652572632
859,135.68755085697336,2.5599524974823,8.99262523651123,28.897024154663086,1.037375569343567
860,135.66498020674922,2.051595687866211,8.150413513183594,29.076688766479492,1.0374215841293335
861,145.22842280625883,2.633061408996582,9.176253318786621,28.947162628173828,1.037462830543518
862,85.66838887686909,-0.09857671707868576,12.097919464111328,37.502559661865234,1.037511944770813
863,66.33821423712949,-2.1373634338378906,19.80491065979004,43.92204666137695,1.0375590324401855
864,61.946087818887996,-2.4579694271087646,21.343416213989258,45.73162841796875,1.03761625289917
865,69.06826596143195,-0.13174208998680115,18.869197845458984,42.67870330810547,1.0377470254898071
866,47.1434306331184,-4.567191123962402,28.278831481933594,50.81510925292969,1.0378841161727905
867,62.61202863427086,-1.9007372856140137,20.081626892089844,43.32752990722656,1.0380120277404785
868,65.36241200100322,-1.9327017068862915,17.49457359313965,42.15068435668945,1.038110613822937
869,59.57607067985796,-1.7109378576278687,19.7814998626709,43.26553726196289,1.038212776184082
870,74.15654221138072,-1.4043729305267334,13.979901313781738,38.75495529174805,1.0382441282272339
871,53.71147911442706,-2.3547773361206055,24.801130294799805,44.395633697509766,1.038284420967102
872,65.0761659525663,-0.5002772808074951,15.595013618469238,40.10965347290039,1.0383538007736206
873,63.745528544689506,-0.34760037064552307,15.344228744506836,41.04230880737305,1.0384736061096191
874,47.63195803968544,-3.360142469406128,32.23024368286133,45.81574249267578,1.0386027097702026
875,61.20426124861447,-0.19739286601543427,15.880456924438477,39.36532211303711,1.0387696027755737
876,54.00435732197121,-2.487971067428589,20.12801742553711,41.59312438964844,1.0389246940612793
877,57.02222492639525,-2.548441171646118,18.29271697998047,40.059879302978516,1.0390490293502808
878,52.23778576143466,-2.286133050918579,24.675189971923828,41.95418167114258,1.03919517993927
879,54.667477430990864,-0.9545215368270874,17.14724349975586,39.84937286376953,1.0394114255905151
880,48.64688666827647,-3.7085986137390137,25.77100944519043,41.68564224243164,1.0396056175231934
881,47.598058401669505,-2.7993886470794678,28.22850227355957,41.59131622314453,1.0398164987564087
882,47.162868955880015,-3.57509183883667,17.16567611694336,40.63248825073242,1.0400331020355225
883,45.48289527003358,-2.204946994781494,26.588531494140625,40.50068664550781,1.0403088331222534
884,61.33904797468476,-2.7108864784240723,15.20409107208252,34.890052795410156,1.0405268669128418
885,55.8461648751046,-2.4069080352783203,15.457752227783203,35.95074462890625,1.0407147407531738
886,53.34502744204583,-4.244731426239014,15.539103507995605,35.566097259521484,1.0407880544662476
887,49.85005572381869,-1.8077337741851807,18.274917602539062,35.468509674072266,1.04090416431427
888,52.368432593981474,-2.0842418670654297,14.567184448242188,34.61807632446289,1.0410070419311523
889,62.640763506409016,0.3837663531303406,12.012799263000488,31.013065338134766,1.0411362648010254
890,54.114021740558194,-3.0584042072296143,16.7425594329834,31.80054473876953,1.0411946773529053
891,63.96407610738559,0.5825150609016418,13.19155502319336,30.142189025878906,1.0412588119506836
892,54.010589068782146,0.8910667896270752,14.397063255310059,31.45754051208496,1.0414026975631714
893,52.523517945117916,0.28859418630599976,14.476043701171875,30.590925216674805,1.0415760278701782
894,72.53038674740877,2.4847586154937744,10.223790168762207,28.107309341430664,1.0417755842208862
895,74.37717210226528,1.0151374340057373,8.429542541503906,27.32276725769043,1.0419126749038696
896,65.50117274034535,1.183040738105774,10.733192443847656,28.603225708007812,1.042016625404358
897,81.43789336762845,2.8962562084198,7.886812210083008,27.230548858642578,1.0421408414840698
898,88.64755258717258,2.9481446743011475,6.384498119354248,26.611637115478516,1.042263150215149
899,80.19988561169241,2.8976590633392334,8.334383964538574,27.928672790527344,1.0423829555511475
900,125.22402003103774,4.458097457885742,5.24833345413208,24.67792320251465,1.0425385236740112
901,82.51859046702138,1.9613676071166992,7.5399322509765625,28.47804069519043,1.0426357984542847
902,164.54480364715812,5.090918064117432,4.83039665222168,23.850086212158203,1.042698621749878
903,151.9959028287118,4.743584632873535,4.792598724365234,24.61515235900879,1.0427310466766357
904,183.64253649576767,5.6085920333862305,4.79080867767334,24.205181121826172,1.042763590812683
905,180.6064984967823,6.0051984786987305,4.9367170333862305,24.96543312072754,1.0428433418273926
906,187.90113258395436,5.28805685043335,4.87443208694458,25.251026153564453,1.042886734008789
907,183.3917570887615,5.602045059204102,5.073805809020996,25.93885612487793,1.042952537536621
908,182.5048091616394,5.772702693939209,5.439811706542969,26.674720764160156,1.0430463552474976
909,136.43856029545222,4.314328670501709,7.64804220199585,29.171070098876953,1.043127417564392
910,173.55530136021468,5.663386821746826,6.4627814292907715,28.084003448486328,1.0432673692703247
911,192.08398761030907,5.303464412689209,6.301513195037842,28.499542236328125,1.043361783027649
912,187.25061085986158,5.350028038024902,6.565637111663818,29.07003402709961,1.0434468984603882
913,192.8423013993023,5.294727325439453,6.9859619140625,29.84723663330078,1.0435181856155396
914,183.61210200068828,5.630434036254883,7.28850793838501,30.31263542175293,1.0436285734176636
915,176.0935158527836,5.761207580566406,7.934613227844238,31.065174102783203,1.0438205003738403
916,192.5223811420233,5.284123420715332,8.180877685546875,31.515968322753906,1.0440016984939575
917,189.08742793458265,5.909525394439697,8.474209785461426,32.10817337036133,1.0442911386489868
918,167.51826144621634,5.126049518585205,9.68082332611084,32.71212387084961,1.044573187828064
919,170.5103936394579,4.967643737792969,10.446800231933594,33.322566986083984,1.0448347330093384
920,181.12443276789466,4.865137100219727,10.398053169250488,33.76191711425781,1.045056700706482
921,181.0719704297614,5.725405693054199,11.222766876220703,34.1852912902832,1.0453194379806519
922,171.11258258588904,5.126652717590332,11.745168685913086,34.50345230102539,1.0455875396728516
923,178.7410462814727,4.806507587432861,11.232714653015137,34.85954666137695,1.0458179712295532
924,181.77397725529255,5.33597993850708,11.528664588928223,35.26907730102539,1.046061635017395
925,173.59881720101058,4.706926345825195,12.467741966247559,35.776851654052734,1.0462723970413208
926,181.85481886082556,4.836362838745117,12.079625129699707,36.04111099243164,1.0464597940444946
927,181.3763950426695,4.984564304351807,12.868739128112793,36.513404846191406,1.0466388463974
928,188.30641431529483,4.6853485107421875,12.955404281616211,36.82955551147461,1.0467711687088013
929,184.35060108447635,4.759984016418457,13.202104568481445,37.10943603515625,1.0468851327896118
930,180.3288725189219,4.733767986297607,13.70382308959961,37.328895568847656,1.0469870567321777
931,176.26561471460585,5.507673263549805,14.49136734008789,37.71366500854492,1.047165870666504
932,183.55260761247467,5.222807884216309,14.0310697555542,37.810462951660156,1.0473889112472534
933,171.23865532132152,5.2627129554748535,14.824783325195312,38.04375076293945,1.0476967096328735
934,176.76736601005146,4.914938449859619,14.725313186645508,38.213714599609375,1.0479975938796997
935,189.76397275853276,5.200953006744385,14.010865211486816,38.37068176269531,1.048319935798645
936,173.24638574115392,4.89959716796875,15.134668350219727,38.71022415161133,1.04865562915802
937,175.60375336987624,4.417087078094482,14.831097602844238,39.00834274291992,1.0489498376846313
938,162.8945065341857,3.9600164890289307,16.001184463500977,39.45976257324219,1.049187183380127
939,174.35829485345113,4.5111894607543945,15.453621864318848,39.46513748168945,1.0493987798690796
940,175.01694614092276,4.478254795074463,15.648221015930176,39.874568939208984,1.049583911895752
941,171.32105091296296,4.069657802581787,15.743762969970703,40.00092315673828,1.04972505569458
942,187.5135132742615,5.062781810760498,15.475336074829102,40.169517517089844,1.049868106842041
943,194.60486472074095,4.724173545837402,14.341095924377441,40.1966667175293,1.0500149726867676
944,182.62645619649473,4.392679691314697,15.386688232421875,40.72157669067383,1.050136923789978
945,177.99102916875216,3.962247848510742,15.913537979125977,41.009300231933594,1.0502279996871948
946,189.13189984306504,4.834465503692627,15.28412914276123,41.101409912109375,1.0503336191177368
947,191.91611681310334,4.5052876472473145,14.953752517700195,41.41844177246094,1.0504302978515625
948,178.48289087225663,5.282843112945557,17.018062591552734,42.0909538269043,1.0505658388137817
949,187.55332807923497,4.636397838592529,15.708876609802246,42.30057144165039,1.0507044792175293
950,173.10676632207128,3.5542213916778564,17.34004020690918,42.78977966308594,1.0507874488830566
951,187.21635207129987,4.791223526000977,16.2363224029541,43.042022705078125,1.0508861541748047
952,185.19891107988292,4.600786209106445,16.446857452392578,43.51131820678711,1.0509923696517944
953,171.32446668546675,3.417457342147827,18.002321243286133,43.93286895751953,1.0510525703430176
954,183.613229230172,4.18117618560791,17.107601165771484,43.82234191894531,1.0510936975479126
955,179.04291576480978,3.86228609085083,17.7559814453125,44.549102783203125,1.0511137247085571
956,178.1094844164822,4.407751083374023,18.288328170776367,44.91520690917969,1.051150918006897
957,173.64332905528332,3.367600917816162,19.047719955444336,45.336448669433594,1.0511391162872314
958,182.03282335636234,3.1346638202667236,18.524824142456055,45.35008239746094,1.0510903596878052
959,179.93145723171136,4.037487983703613,19.103853225708008,45.9549674987793,1.051047444343567
960,179.03342837029436,3.626985549926758,20.948637008666992,46.426658630371094,1.0509916543960571
961,177.07672844710896,1.9480557441711426,20.976646423339844,46.763206481933594,1.0508936643600464
962,183.76866094588954,4.739170074462891,20.25986099243164,47.02128982543945,1.0508548021316528
963,178.1450982862616,4.045763969421387,21.255266189575195,47.157203674316406,1.0508294105529785
964,173.5329284101788,4.07047700881958,23.708208084106445,47.893165588378906,1.050808310508728
965,174.15957557499044,3.901397943496704,22.601459503173828,48.04093933105469,1.0508016347885132
966,182.8077000276485,4.337517738342285,20.48821449279785,47.8132209777832,1.0508736371994019
967,175.83806805460824,3.5570068359375,23.40834617614746,48.69765090942383,1.0509289503097534
968,182.59941518306363,4.042553901672363,21.644287109375,48.648719787597656,1.051002025604248
969,173.39535706310446,3.41430926322937,22.43793487548828,49.53952407836914,1.051061987876892
970,178.1539816429146,4.079871654510498,22.261377334594727,49.49871063232422,1.051145076751709
971,179.42087442458228,3.710413694381714,23.230487823486328,50.06155014038086,1.051228404045105
972,183.76317149601977,4.071038722991943,22.269922256469727,49.98189926147461,1.0513437986373901
973,179.08461579818842,3.04978346824646,22.87908363342285,50.48642349243164,1.0514248609542847
974,182.28022753137594,2.478588342666626,22.504955291748047,50.58513641357422,1.0514376163482666
975,175.9638532000769,2.8501064777374268,24.55777359008789,51.348567962646484,1.051411509513855
976,174.19372600161574,2.7543673515319824,26.227210998535156,51.68731689453125,1.0513533353805542
977,166.49710597804585,2.514949321746826,26.9705753326416,51.963077545166016,1.0512794256210327
978,177.6596272535954,2.4886279106140137,23.29869270324707,51.574729919433594,1.0511740446090698
979,177.45782132153508,3.962193727493286,25.692167282104492,52.30720138549805,1.0511654615402222
980,177.2668147679261,2.9505574703216553,23.89551544189453,52.44363021850586,1.0511372089385986
981,165.63630904911724,3.778306722640991,30.060869216918945,53.03995895385742,1.0511820316314697
982,170.21898174588532,3.7945613861083984,29.691150665283203,53.12141036987305,1.0513038635253906
983,176.73146291298625,2.834599733352661,28.27884292602539,53.31086730957031,1.051378607749939
984,171.80205831100142,3.4977004528045654,30.099756240844727,53.724769592285156,1.051456093788147
985,170.16937685594945,3.757498025894165,26.27739906311035,53.862613677978516,1.051604151725769
986,173.3062610527634,2.561896562576294,28.70116424560547,54.133338928222656,1.05170738697052
987,171.19847193731445,3.694763422012329,29.122344970703125,54.308990478515625,1.051848292350769
988,127.19903831517115,2.4047465324401855,40.52975082397461,54.88444137573242,1.0520037412643433
989,168.6242531689529,3.9180777072906494,31.126232147216797,54.91517639160156,1.0522180795669556
990,172.84591049861817,3.3439009189605713,30.685129165649414,54.89308166503906,1.0524362325668335
991,166.60627209490582,3.4345812797546387,25.964664459228516,54.00436019897461,1.0526872873306274
992,187.06455388914935,3.805206537246704,22.165090560913086,54.34450912475586,1.0529547929763794
993,172.78924800674795,2.8485851287841797,32.91150665283203,55.5236701965332,1.053181529045105
994,178.48916325921874,3.5653228759765625,33.194278717041016,55.466819763183594,1.0534082651138306
995,172.24211161396408,3.4709692001342773,32.5430793762207,55.906063079833984,1.053636908531189
996,170.30868405366482,2.3354549407958984,29.704668045043945,56.079933166503906,1.0538135766983032
997,177.1212226808259,3.087865114212036,28.01239776611328,56.11213302612305,1.0539698600769043
998,177.04202655807873,1.9737417697906494,30.777273178100586,56.198734283447266,1.0540560483932495
999,174.00416210163633,3.977884531021118,27.141765594482422,56.42892837524414,1.054192304611206
1000,176.19474169700155,3.4045965671539307,32.18232345581055,56.7416877746582,1.0543437004089355
1001,169.41473173245336,2.745563507080078,25.231578826904297,56.466712951660156,1.0544682741165161
1002,175.00032309236389,2.797736883163452,23.83952522277832,56.179561614990234,1.0545464754104614
1003,169.17783752854191,1.7848490476608276,32.30659484863281,57.080055236816406,1.0545912981033325
1004,168.75858576269772,3.0089311599731445,26.041093826293945,56.928375244140625,1.0546389818191528
1005,170.30137597235395,3.353396415710449,24.45989227294922,56.6289176940918,1.0547090768814087
1006,179.2796925160223,3.0162439346313477,22.72144317626953,56.52954864501953,1.054766058921814
1007,167.55927287023115,2.540743350982666,24.936796188354492,56.96834182739258,1.054796576499939
1008,168.84877170097317,2.008326292037964,26.32636833190918,57.12542724609375,1.0547813177108765
1009,168.6562930842613,3.2712857723236084,27.128679275512695,57.513633728027344,1.0548173189163208
1010,172.18010013889833,3.2104244232177734,26.312118530273438,57.364437103271484,1.0548635721206665
1011,169.52878363806423,2.8623735904693604,27.066761016845703,57.770111083984375,1.0549098253250122
1012,169.53716111750802,3.863506555557251,25.0561580657959,57.82328796386719,1.0550545454025269
1013,170.3265295178291,3.155642509460449,28.50586700439453,57.94606018066406,1.0552037954330444
1014,169.43801327901005,3.0534420013427734,26.547025680541992,58.227535247802734,1.0553603172302246
1015,169.4867687019317,2.867812395095825,25.16167449951172,58.076812744140625,1.055501103401184
1016,169.30235281598726,2.2017762660980225,24.973386764526367,57.753292083740234,1.0555791854858398
1017,165.06482605667884,2.139150619506836,27.814640045166016,58.104583740234375,1.0556278228759766
1018,166.14894775580237,2.9807934761047363,25.58606719970703,58.515052795410156,1.0557090044021606
1019,170.45172164133447,3.453174591064453,24.967742919921875,58.56605911254883,1.0558172464370728
1020,137.7332875803658,0.24788910150527954,39.53919219970703,59.20882034301758,1.0558761358261108
1021,83.33585520221125,-0.9260101318359375,74.42728424072266,61.13498306274414,1.0559262037277222
1022,160.46354952017435,2.8819570541381836,28.067378997802734,58.97538757324219,1.0559929609298706
1023,78.29479927330411,-0.8452965021133423,79.63322448730469,61.29253387451172,1.056061863899231
1024,101.63498059120028,0.11820930987596512,58.28785705566406,61.2217903137207,1.0561199188232422
1025,126.07631978842454,1.6347068548202515,35.39410400390625,59.7840690612793,1.056185007095337
1026,153.4157225851243,2.301758289337158,27.90716552734375,58.66254806518555,1.0562423467636108
1027,125.0372987530666,2.3677749633789062,42.06262969970703,59.86526870727539,1.0563896894454956
1028,106.97712143127627,1.6996047496795654,43.89354705810547,60.94875717163086,1.0567063093185425
1029,145.65012430939717,0.714154839515686,29.563648223876953,58.998355865478516,1.056959867477417
1030,118.0623014005648,-0.2553562819957733,34.73689651489258,59.74196243286133,1.0571452379226685
1031,91.8755688393476,-1.3812012672424316,62.0882682800293,61.53779983520508,1.0572904348373413
1032,146.4325155085244,1.607838749885559,29.559112548828125,58.50231170654297,1.0573993921279907
1033,161.9880232670215,3.5057458877563477,25.757579803466797,57.46320724487305,1.0575640201568604
1034,157.75803248605834,2.8005361557006836,25.781200408935547,57.11112976074219,1.057738184928894
1035,161.46302091472637,2.3767669200897217,25.31894874572754,56.98649597167969,1.057884931564331
1036,168.77468682079848,2.3006975650787354,26.153770446777344,57.191192626953125,1.057989239692688
1037,158.30228946782307,2.5204005241394043,26.05402183532715,57.0616455078125,1.058081865310669
1038,165.845866308137,3.269327402114868,25.3718318939209,57.27001190185547,1.058225393295288
1039,111.05167448301097,0.529477596282959,34.68579864501953,60.243778228759766,1.0583504438400269
1040,169.14254563299352,3.563356637954712,25.317066192626953,57.46467590332031,1.0585180521011353
1041,165.405804689078,2.8840959072113037,25.495304107666016,57.632041931152344,1.0586835145950317
1042,168.21480788650965,3.515953302383423,25.21251678466797,57.737945556640625,1.0588823556900024
1043,167.42883237044035,3.850429058074951,25.304834365844727,57.95314025878906,1.0591658353805542
1044,165.58557342864836,3.444819211959839,25.7963809967041,58.34482955932617,1.0594877004623413
1045,167.52499505106798,3.568988800048828,26.22300910949707,58.72446060180664,1.0598726272583008
1046,169.57581820776838,2.827249526977539,25.621814727783203,59.06134796142578,1.0602262020111084
1047,169.47237378442972,3.4342432022094727,25.87195587158203,59.530113220214844,1.0606855154037476
1048,167.250474506755,2.936215400695801,25.963743209838867,59.88339614868164,1.0611456632614136
1049,167.43774440778535,1.1626633405685425,27.42306137084961,60.7291374206543,1.0615134239196777
1050,163.49786610005881,2.049315929412842,28.18244743347168,61.19716262817383,1.0618287324905396
1051,168.44414115822784,3.2067861557006836,28.500593185424805,61.68914794921875,1.0621503591537476
1052,171.480915267713,2.026090621948242,27.086837768554688,61.606014251708984,1.0624140501022339
1053,169.7756461437287,3.014808177947998,29.094451904296875,62.50789260864258,1.062679409980774
1054,174.97455913694137,3.048367738723755,28.208152770996094,62.188255310058594,1.0629180669784546
1055,172.05223696899657,3.1408023834228516,29.335172653198242,62.80949401855469,1.0631542205810547
1056,168.04342899720902,3.0947654247283936,31.034732818603516,62.96902847290039,1.063414454460144
1057,168.83628500281384,1.1462681293487549,37.21971130371094,63.39837646484375,1.0636026859283447
1058,168.9129827717545,0.2060222178697586,35.511863708496094,63.49560546875,1.063714623451233
1059,169.0021555298902,3.186601400375366,37.047035217285156,63.601165771484375,1.0639156103134155
1060,168.52925177960415,2.654092788696289,32.55854415893555,63.3834114074707,1.064102053642273
1061,170.7117317879717,3.093153238296509,28.167333602905273,63.16349411010742,1.0642856359481812
1062,169.31517900615856,2.4218547344207764,32.402610778808594,63.625038146972656,1.0644503831863403
1063,169.3301336058155,3.1081137657165527,31.252901077270508,63.21886444091797,1.064650535583496
1064,171.97305401706052,3.313886880874634,28.05628776550293,63.0302734375,1.064866542816162
1065,170.62161312160814,3.3522555828094482,27.6365966796875,62.67755126953125,1.0651172399520874
1066,174.7092721854659,3.0097367763519287,25.32126235961914,62.076717376708984,1.0653499364852905
1067,168.70217357394915,2.396845579147339,29.05553436279297,62.703887939453125,1.065557599067688
1068,173.32530973416445,1.19386625289917,26.02718734741211,62.488426208496094,1.065700888633728
1069,170.38090085901376,3.1480448246002197,25.573101043701172,62.52607345581055,1.0658682584762573
1070,167.2429150094726,1.9567409753799438,24.91932487487793,62.367942810058594,1.0659900903701782
1071,169.36877294259995,2.091904401779175,25.4613037109375,62.708824157714844,1.0660818815231323
1072,173.15891957490615,3.3842780590057373,23.936710357666016,61.86207962036133,1.0662102699279785
1073,171.17715829113328,2.8020293712615967,24.71152114868164,63.03731155395508,1.066336750984192
1074,168.66218063759752,2.440599203109741,24.962974548339844,62.94477462768555,1.066454291343689
1075,172.92599541091082,3.3954203128814697,23.910186767578125,62.65249252319336,1.066646695137024
1076,168.3518755971755,2.8286585807800293,24.223413467407227,62.482486724853516,1.0668339729309082
1077,168.98639040420449,2.825061559677124,27.150768280029297,64.23472595214844,1.0670558214187622
1078,169.45918590883835,1.961496353149414,26.205472946166992,64.16141510009766,1.0672346353530884
1079,172.48373746098216,2.26491379737854,24.73623275756836,64.01168060302734,1.067386269569397
1080,169.58468899113976,2.4903628826141357,24.531112670898438,63.98814392089844,1.0675243139266968
1081,166.81518264496142,2.7017290592193604,25.672794342041016,64.5606918334961,1.0676974058151245
1082,169.67261615247486,2.4823992252349854,24.803466796875,64.55735778808594,1.0678658485412598
1083,171.09969147630977,2.681715965270996,24.366472244262695,64.67901611328125,1.068058967590332
1084,170.30231657567109,3.500857353210449,18.676639556884766,63.036651611328125,1.0683153867721558
1085,168.52317851378584,2.1710212230682373,22.854854583740234,64.36908721923828,1.068541169166565
1086,168.85028047736918,2.4163625240325928,18.836790084838867,63.07181930541992,1.0687423944473267
1087,171.93851255163398,2.9790139198303223,18.240615844726562,62.26624298095703,1.0689377784729004
1088,174.00363438856076,2.5877621173858643,20.119218826293945,63.49726867675781,1.0691128969192505
1089,171.57724930691876,2.8806586265563965,20.364707946777344,63.52596664428711,1.0693613290786743
1090,169.22074940059042,2.7990341186523438,20.16798973083496,63.77283477783203,1.0696536302566528
1091,170.411507346552,2.336945056915283,20.537363052368164,64.056884765625,1.0699182748794556
1092,176.5501618913318,2.6401748657226562,19.215087890625,64.35230255126953,1.0701597929000854
1093,170.58114215901168,2.380342960357666,22.939672470092773,64.9851303100586,1.0703791379928589
1094,169.92178246467162,2.1937315464019775,19.938844680786133,65.08045959472656,1.0705698728561401
1095,174.5296359944686,3.194246530532837,21.46737289428711,65.3423080444336,1.0708551406860352
1096,169.24606989185503,2.797006130218506,23.572282791137695,65.6042251586914,1.0711761713027954
1097,171.474495370849,2.6890318393707275,21.024932861328125,65.4001235961914,1.071487307548523
1098,171.1141664318818,2.831106424331665,22.438703536987305,65.30651092529297,1.0718344449996948
1099,170.11762595728808,1.9723032712936401,18.96380615234375,64.29244232177734,1.0721204280853271
1100,172.07410635597657,2.529674768447876,19.131912231445312,64.82023620605469,1.072396159172058
1101,170.08039786375875,1.5075640678405762,20.02757453918457,65.13231658935547,1.072597622871399
1102,172.0427229707885,2.348127603530884,20.139549255371094,65.09038543701172,1.0727789402008057
1103,175.62155422537097,2.6336934566497803,16.074403762817383,63.35371780395508,1.0729378461837769
1104,172.81907696343004,2.8322372436523438,17.216476440429688,64.88713073730469,1.0731481313705444
1105,174.91421574924775,1.873483657836914,16.31603240966797,63.85697937011719,1.0733059644699097
1106,169.0270588123598,2.182258367538452,16.712690353393555,65.09463500976562,1.0734423398971558
1107,173.1454223123614,2.2623844146728516,16.847618103027344,65.32258605957031,1.0735520124435425
1108,174.07058006992753,2.728726387023926,15.431056022644043,65.65594482421875,1.0736621618270874
1109,174.99969746780218,2.9640259742736816,14.08756160736084,65.35543823242188,1.0738192796707153
1110,173.34436154865318,3.027458429336548,17.783634185791016,66.99784851074219,1.074021339416504
1111,172.8948449148005,2.2279162406921387,15.460251808166504,66.1596450805664,1.074191689491272
1112,170.38700949507663,2.155583620071411,15.405407905578613,66.8104019165039,1.0743454694747925
1113,172.38709144135902,2.0819685459136963,16.983396530151367,66.67410278320312,1.074475884437561
1114,170.96004250545894,2.1935482025146484,17.869590759277344,66.80433654785156,1.0746041536331177
1115,172.7628590020812,3.084414482116699,13.870833396911621,66.11529541015625,1.0747963190078735
1116,171.41096984468288,2.8255553245544434,12.065361022949219,65.79621124267578,1.0750588178634644
1117,170.5515047613234,2.356048822402954,13.809174537658691,66.02992248535156,1.075310230255127
1118,176.39934250071093,2.561004161834717,8.350513458251953,65.38253784179688,1.0755397081375122
1119,171.05918942690778,2.3312153816223145,13.270414352416992,64.17433166503906,1.0757454633712769
1120,176.14067945280206,2.4664134979248047,10.117227554321289,62.661224365234375,1.0759207010269165
1121,174.0196859478804,2.968657970428467,11.432639122009277,63.888954162597656,1.07610285282135
1122,127.36801758280433,-2.927859306335449,53.21759033203125,69.439697265625,1.0762115716934204
1123,120.88891045059654,0.7236689925193787,41.660430908203125,69.89012145996094,1.0763397216796875
1124,173.0133232239714,2.0244269371032715,5.915624618530273,62.94007110595703,1.0764189958572388
1125,154.7997881141308,2.537193536758423,16.576770782470703,66.5400619506836,1.0766443014144897
1126,137.2734840704616,1.4143637418746948,42.313785552978516,68.57910919189453,1.0768805742263794
1127,122.61744096691594,-0.36652058362960815,41.15134811401367,69.434814453125,1.0770772695541382
1128,91.0925337187526,-1.801716923713684,93.82987213134766,71.24115753173828,1.077248215675354
1129,72.65530439729103,-3.5948500633239746,121.17608642578125,71.34136199951172,1.0773941278457642
1130,89.80054606127624,-2.207974910736084,93.9548110961914,71.23147583007812,1.0775152444839478
1131,135.21833832205687,1.140351414680481,11.894018173217773,65.0210952758789,1.0776375532150269
1132,110.65920082943114,0.7642915844917297,47.275169372558594,69.43950653076172,1.0778101682662964
1133,86.5056713730582,-0.6479821801185608,85.74762725830078,70.83621978759766,1.0780131816864014
1134,98.94015891776307,0.1437484323978424,68.94889831542969,69.68417358398438,1.0782469511032104
1135,88.80540870586862,-0.4914638102054596,77.27625274658203,69.83155059814453,1.0785001516342163
1136,78.72368064178093,-1.4693031311035156,89.72085571289062,70.26982879638672,1.0787591934204102
1137,110.88858689372252,0.2564293146133423,18.931730270385742,64.80587768554688,1.079027533531189
1138,79.73013922812302,-4.1760172843933105,78.47013092041016,68.92467498779297,1.0792323350906372
1139,75.6961858185918,-0.9492405652999878,87.86842346191406,68.4625473022461,1.0795117616653442
1140,71.39051638936259,-7.879701137542725,86.46170043945312,68.60108947753906,1.0796836614608765
1141,72.33474775879236,-1.0059791803359985,82.74065399169922,66.96047973632812,1.079931378364563
1142,70.06477562979708,-2.501729726791382,78.81255340576172,66.16458892822266,1.0801829099655151
1143,89.08623207961331,-2.6457245349884033,45.002410888671875,62.67722702026367,1.0803873538970947
1144,79.34727707031524,-1.1613503694534302,66.45252227783203,62.60670471191406,1.0806078910827637
1145,77.45993354379799,-0.8769017457962036,67.52722930908203,61.3504638671875,1.0808666944503784
1146,75.97011846661385,-1.3951390981674194,56.78535461425781,61.090110778808594,1.0811307430267334
1147,94.44188804856141,0.13469648361206055,17.256284713745117,55.99698257446289,1.0814160108566284
1148,74.5999223925002,-4.125972747802734,56.501441955566406,59.84153366088867,1.081607460975647
1149,71.40945703311493,-2.0027477741241455,53.73762512207031,59.50634002685547,1.0818099975585938
1150,103.97196863792794,0.0025325315073132515,7.450865745544434,49.7371940612793,1.081973910331726
1151,78.63921237838017,-2.3278701305389404,31.123882293701172,57.755069732666016,1.0821038484573364
1152,74.09206484457101,-3.037081718444824,46.82543182373047,58.12126159667969,1.0821927785873413
1153,100.61263885141624,0.26881685853004456,4.965615749359131,46.9507942199707,1.082275390625
1154,85.09546399339473,-1.6817688941955566,19.893747329711914,53.03777313232422,1.0823341608047485
1155,87.00171301493079,-1.0414294004440308,9.460892677307129,52.241939544677734,1.0823725461959839
1156,69.98869292932343,-1.651585340499878,38.95808792114258,57.899444580078125,1.082453727722168
1157,84.35342684167527,-0.9867765307426453,9.152425765991211,51.427860260009766,1.0825294256210327
1158,74.21803336021993,-1.8656724691390991,21.526029586791992,53.800018310546875,1.0826040506362915
1159,85.95534586849936,-1.2289758920669556,4.089904308319092,47.40005874633789,1.0826374292373657
1160,129.0370195815283,2.4991073608398438,24.782550811767578,25.182849884033203,1.0826553106307983
1161,71.46728825482757,-1.3966021537780762,15.121253967285156,53.102394104003906,1.0827337503433228
1162,70.34002068238593,-2.170900583267212,13.016700744628906,53.152957916259766,1.0828148126602173
1163,61.083272977043286,-4.238954067230225,32.765933990478516,56.04002380371094,1.0828684568405151
1164,77.67510376438592,-1.4677598476409912,2.8160951137542725,46.1116943359375,1.082898736000061
1165,82.14627786284214,-0.8390276432037354,2.9464151859283447,44.23688507080078,1.0829174518585205
1166,73.35534713540927,-3.384791374206543,8.024107933044434,47.63581848144531,1.0828522443771362
1167,77.55913113005583,-1.920172095298767,8.77132511138916,43.3617057800293,1.0827457904815674
1168,77.08673483195386,-0.46514585614204407,3.981982946395874,42.27769470214844,1.0826854705810547
1169,74.54660329392209,-0.9584287405014038,4.335607528686523,42.017333984375,1.0826375484466553
1170,60.12045815995398,-3.708343267440796,19.32035255432129,48.92121505737305,1.0825785398483276
1171,49.03377994282669,-6.088273048400879,34.94261932373047,54.533687591552734,1.0825073719024658
1172,53.39069761812247,-3.646075487136841,20.636680603027344,49.5709228515625,1.082450032234192
1173,64.55380428735002,-2.3111062049865723,2.513908624649048,43.68306350708008,1.0823496580123901
1174,54.47507901867205,-3.7600982189178467,13.593640327453613,46.02104187011719,1.0822340250015259
1175,58.89539743261968,-2.5893616676330566,5.629085063934326,41.418487548828125,1.082116961479187
1176,52.57056691959689,-3.9082040786743164,9.017483711242676,43.72980880737305,1.0819734334945679
1177,50.36819299705386,-3.6244866847991943,9.009567260742188,41.6470947265625,1.0818341970443726
1178,52.87050390735093,-2.3281240463256836,3.680877923965454,38.83750915527344,1.081729769706726
1179,58.51308211182157,-1.8267337083816528,2.4176838397979736,33.72953414916992,1.0816115140914917
1180,49.754690637012004,-2.780202865600586,4.329953670501709,36.46915054321289,1.0814951658248901
1181,47.40507376072074,-2.2870028018951416,3.2701337337493896,32.981719970703125,1.0814108848571777
1182,50.90458539250634,-1.9882078170776367,2.6751983165740967,30.41766929626465,1.0813214778900146
1183,50.770179491428166,-1.1749306917190552,2.960020065307617,26.2960205078125,1.081244945526123
1184,61.133476521216856,0.288644403219223,3.7559902667999268,18.917186737060547,1.0811219215393066
1185,53.25692875001452,0.8846924304962158,3.095006227493286,20.54795265197754,1.0810983180999756
1186,53.52237558648456,1.0696607828140259,3.2651476860046387,18.358196258544922,1.0811198949813843
1187,47.59174835296046,0.08305687457323074,3.032958984375,19.017993927001953,1.081166386604309
1188,47.10526551044513,0.2783033549785614,2.6580820083618164,18.702728271484375,1.0812288522720337
1189,55.78502450795483,2.0130858421325684,2.8271234035491943,14.86530876159668,1.081302523612976
1190,58.68793936533432,1.5811413526535034,3.171133041381836,13.75676441192627,1.0813179016113281
1191,52.67778916829076,1.7423479557037354,2.7519116401672363,14.870247840881348,1.0813223123550415
1192,45.778176225234176,1.0749214887619019,2.137153387069702,16.400724411010742,1.081310510635376
1193,55.85513436469916,2.16841983795166,2.208094358444214,14.438575744628906,1.081215500831604
1194,47.11788322995767,1.6219946146011353,2.2288174629211426,16.49420928955078,1.0811161994934082
1195,43.875846796766126,2.230257987976074,2.3151910305023193,18.024629592895508,1.0810765027999878
1196,53.82914437962854,2.6036031246185303,2.891629219055176,14.808697700500488,1.0810304880142212
1197,49.003577794889324,1.9906692504882812,3.1180362701416016,16.29836654663086,1.0809617042541504
1198,52.60978946121527,1.5299713611602783,3.42395281791687,15.710195541381836,1.0808310508728027
1199,49.39945232468839,2.578599691390991,3.8282768726348877,16.234041213989258,1.0807112455368042
1200,53.449775966905804,2.611790418624878,3.701834201812744,14.963224411010742,1.0805902481079102
1201,63.45187828490557,4.356008529663086,3.8415842056274414,12.526166915893555,1.0805238485336304
1202,51.279457951120804,2.769915819168091,4.194247245788574,15.85498046875,1.0804544687271118
1203,54.23885348133205,3.1594691276550293,3.3308985233306885,14.35936450958252,1.080386757850647
1204,63.60754659022263,3.679009437561035,3.3144397735595703,11.784011840820312,1.0803073644638062
1205,62.021885070013816,4.088922500610352,3.1593663692474365,12.192917823791504,1.0802799463272095
1206,53.595222102170396,3.256505012512207,3.0003292560577393,13.855722427368164,1.0802456140518188
1207,49.80280124606735,3.1232147216796875,2.9304282665252686,14.5664644241333,1.0802234411239624
1208,47.136017883422326,2.5208237171173096,2.543811082839966,14.890463829040527,1.0801886320114136
1209,50.62304332128502,3.328476905822754,2.2968759536743164,13.828474044799805,1.0802066326141357
1210,55.46033838327233,3.7592153549194336,2.484179973602295,12.333306312561035,1.0802465677261353
1211,67.94908685387773,4.482447147369385,2.5277915000915527,9.56704044342041,1.0803147554397583
1212,56.569789880784846,3.8387842178344727,2.309640645980835,11.400880813598633,1.080433964729309
1213,53.563610068301145,3.0389926433563232,2.8100767135620117,11.416215896606445,1.080532431602478
1214,62.17259119848407,3.8905622959136963,2.3007876873016357,9.510214805603027,1.0806242227554321
1215,54.90718071271787,3.1298086643218994,3.372102975845337,10.581328392028809,1.0806831121444702
1216,54.52709270332701,3.5751125812530518,3.0685009956359863,10.200261116027832,1.08079195022583
1217,52.524611373111824,3.428788185119629,2.8453783988952637,10.02005386352539,1.080912470817566
1218,54.14342619421798,2.9116551876068115,2.550377368927002,9.57557487487793,1.0809962749481201
1219,56.20472760551672,2.520174026489258,3.4486541748046875,9.410301208496094,1.0809322595596313
1220,58.94877362349933,3.942115545272827,3.267688512802124,8.890825271606445,1.0808972120285034
1221,64.76819886371418,4.104043483734131,3.1503968238830566,8.111515998840332,1.080889344215393
1222,47.759021078706844,2.72312593460083,3.956428289413452,10.162901878356934,1.0808801651000977
1223,56.8012513897107,3.9878385066986084,3.3060896396636963,9.121437072753906,1.0809129476547241
1224,64.20783722366674,3.3180975914001465,3.4129750728607178,8.257667541503906,1.0809128284454346
1225,52.81121555241912,3.4932782649993896,4.165769100189209,10.801188468933105,1.0809307098388672
1226,54.674085770524904,3.5566012859344482,3.534426689147949,10.692171096801758,1.0809537172317505
1227,62.212024604549384,4.028247833251953,3.3559763431549072,9.802871704101562,1.0809725522994995
1228,70.350126867653,4.039088726043701,3.299262523651123,9.105093002319336,1.08091402053833
1229,66.3802887127472,4.1811323165893555,3.3307137489318848,10.227968215942383,1.0808497667312622
1230,50.71410320950273,3.7537527084350586,3.8887734413146973,11.712761878967285,1.0808314085006714
1231,61.34224635036025,4.7238264083862305,3.6163852214813232,11.265762329101562,1.0808415412902832
1232,59.00005515508168,4.39213228225708,3.773648977279663,11.80843734741211,1.0809006690979004
1233,69.5453789641094,4.825170040130615,3.1448137760162354,11.073793411254883,1.0809662342071533
1234,65.36666069500052,4.724634647369385,3.335387706756592,11.80456829071045,1.0810421705245972
1235,53.013914028827095,3.9731314182281494,5.198853015899658,12.983838081359863,1.0811103582382202
1236,69.4755286452635,4.868813991546631,2.9341530799865723,11.165115356445312,1.0811759233474731
1237,64.80990095883156,4.759036064147949,3.5094685554504395,12.34172248840332,1.0812324285507202
1238,68.12554331820677,5.377819538116455,3.274350881576538,12.357460021972656,1.0813153982162476
1239,68.10946929723212,5.036764621734619,3.2016489505767822,12.777013778686523,1.0814144611358643
1240,76.63217888219474,5.059610366821289,2.7315311431884766,11.968338012695312,1.0814815759658813
1241,75.18916246935578,5.784640789031982,2.810904026031494,12.67541217803955,1.081600308418274
1242,65.15438537218043,4.361929416656494,5.079384803771973,14.154613494873047,1.0816676616668701
1243,72.87985041857384,4.942763805389404,3.1762375831604004,13.611441612243652,1.0817149877548218
1244,74.45556875146609,5.250844478607178,2.9786643981933594,13.592697143554688,1.0817521810531616
1245,78.0206996042728,5.24780797958374,2.7252728939056396,13.56149959564209,1.0817829370498657
1246,77.13061566846983,5.078041076660156,3.1216437816619873,14.209243774414062,1.0817924737930298
1247,67.16410103662791,5.401415824890137,5.372810363769531,15.357050895690918,1.0818315744400024
1248,79.91965122207195,5.684515476226807,2.4740614891052246,14.327391624450684,1.0818877220153809
1249,85.22524205203312,5.648900032043457,2.498755693435669,14.51445484161377,1.081963300704956
1250,93.65661318947694,5.862648963928223,2.3509747982025146,13.97725772857666,1.0820550918579102
1251,70.0798902553477,4.937037944793701,5.958643913269043,16.701269149780273,1.0821369886398315
1252,69.87570924885082,5.1911187171936035,5.8310933113098145,16.93348503112793,1.0822386741638184
1253,72.82782413916115,4.369836330413818,4.566788196563721,16.984846115112305,1.0822948217391968
1254,113.65340157534814,6.07968807220459,2.28497052192688,12.511651992797852,1.0823477506637573
1255,96.08046741227817,5.734447956085205,2.0720934867858887,14.745235443115234,1.0824222564697266
1256,98.71581961421438,5.492990970611572,2.0257697105407715,14.464716911315918,1.082507848739624
1257,109.17661586090063,6.2866058349609375,2.1729018688201904,14.06877613067627,1.082631230354309
1258,84.496238904116,5.659570693969727,3.851334810256958,17.780588150024414,1.0828078985214233
1259,96.5207182713842,5.551211357116699,2.0121257305145264,16.20857048034668,1.0829720497131348
1260,90.87840365119216,5.440982341766357,2.3963372707366943,17.212373733520508,1.0831488370895386
1261,107.36483830167136,5.566327095031738,1.9797357320785522,15.525634765625,1.0832738876342773
1262,126.02236854654024,5.980124473571777,2.451380968093872,14.724593162536621,1.0833673477172852
1263,103.59632251911796,5.604663848876953,2.216120481491089,17.114307403564453,1.0834614038467407
1264,122.9183294519567,5.848309516906738,2.377939462661743,15.231267929077148,1.0835200548171997
1265,125.5447394739268,6.225260257720947,3.0925512313842773,16.331859588623047,1.0835771560668945
1266,119.09818828149693,5.813032627105713,2.192746162414551,16.319311141967773,1.0836261510849
1267,112.43516616738243,5.317546367645264,2.1938889026641846,16.708354949951172,1.083652138710022
1268,106.32760299440322,5.272366523742676,2.468027353286743,17.972740173339844,1.0836669206619263
1269,98.55689473080854,5.419447422027588,3.268249988555908,19.656349182128906,1.0837143659591675
1270,96.58113534791207,4.791750431060791,3.5087733268737793,19.996431350708008,1.0837116241455078
1271,136.08547989778754,6.650871753692627,3.3385796546936035,17.910812377929688,1.0837514400482178
1272,98.22343530235814,5.396310329437256,4.298018932342529,20.636266708374023,1.083804965019226
1273,100.04143671487896,5.3418989181518555,4.106374740600586,20.693632125854492,1.0838631391525269
1274,129.41418905433775,5.898968696594238,3.022653102874756,18.987770080566406,1.083886981010437
1275,130.0551967751008,5.925261497497559,6.627623558044434,19.226593017578125,1.0839295387268066
1276,104.26917710792378,5.270501613616943,3.435109853744507,20.868942260742188,1.0839924812316895
1277,117.55457204183823,5.276447772979736,2.7023794651031494,20.08761978149414,1.084015965461731
1278,106.6348526185654,5.096657752990723,3.482713460922241,21.171112060546875,1.0840420722961426
1279,149.69478342640028,5.919322967529297,5.062648296356201,20.852264404296875,1.0840466022491455
1280,110.62252213402898,4.73193883895874,3.403808355331421,21.358335494995117,1.0840237140655518
1281,109.54726351181974,4.566913604736328,3.6944384574890137,21.75667953491211,1.0839587450027466
1282,97.69756217133224,4.381688594818115,8.062812805175781,23.081811904907227,1.0838550329208374
1283,140.55857799888958,5.607243061065674,3.9348361492156982,20.825353622436523,1.0837202072143555
1284,121.6859893877207,5.252347946166992,8.246094703674316,22.182958602905273,1.0835936069488525
1285,141.93055118999618,5.733259201049805,7.393154621124268,22.96583366394043,1.0835014581680298
1286,115.49423950772315,5.170559883117676,4.733027458190918,22.65906524658203,1.0834139585494995
1287,182.1901266420861,7.194408416748047,3.835172414779663,21.208951950073242,1.0833512544631958
1288,181.59210732099035,7.668117523193359,4.085497856140137,21.210405349731445,1.0833429098129272
1289,158.5961980627945,6.457411766052246,4.857702255249023,22.92624282836914,1.0833207368850708
1290,171.07557050567272,6.5130534172058105,4.311103343963623,22.58843421936035,1.0832334756851196
1291,184.8571229461197,6.747323989868164,4.125866413116455,22.859344482421875,1.0831198692321777
1292,165.25889170128954,6.772795677185059,4.920172214508057,23.450117111206055,1.083038330078125
1293,178.7627320480956,7.149398326873779,5.2855224609375,23.970417022705078,1.0830199718475342
1294,178.80867577584618,6.850858688354492,5.685990810394287,24.4648494720459,1.083004355430603
1295,201.24611497568128,6.953394889831543,4.870628833770752,24.22187614440918,1.082955241203308
1296,162.70796206523983,6.99479866027832,7.835209846496582,25.225265502929688,1.0829415321350098
1297,186.389019239099,7.006186008453369,6.179243564605713,25.102367401123047,1.0829722881317139
1298,196.14729101917158,7.377114772796631,6.134387016296387,25.30870819091797,1.083009123802185
1299,190.3357744163702,6.8528151512146,6.269581317901611,25.48046875,1.0830259323120117
1300,175.81223266581918,6.367650032043457,7.294518947601318,25.873069763183594,1.0830408334732056
1301,188.37824421118438,6.980734348297119,6.739486217498779,26.0419979095459,1.083032250404358
1302,197.3071028019339,5.155117511749268,7.201914310455322,26.73320770263672,1.0829733610153198
1303,189.1094402055898,7.115038871765137,7.294864177703857,26.52519416809082,1.0829299688339233
1304,182.11845501509123,6.699987888336182,7.5164031982421875,26.84697151184082,1.0828986167907715
1305,182.93530877204927,6.260932445526123,7.515494346618652,27.044973373413086,1.08283269405365
1306,182.48821230267936,6.833710193634033,7.985687732696533,27.24668312072754,1.0827776193618774
1307,178.9828753352611,6.222205638885498,8.560141563415527,27.734325408935547,1.0827223062515259
1308,194.76256443998466,6.7084641456604,7.931102275848389,27.822202682495117,1.0825963020324707
1309,195.9795873925579,7.3999714851379395,8.06847858428955,27.953887939453125,1.0825148820877075
1310,181.10906581696173,6.322091579437256,8.4270601272583,28.507946014404297,1.0824781656265259
1311,181.13209858676944,5.475832462310791,8.080416679382324,28.553775787353516,1.08236825466156
1312,179.02017298871837,6.157442569732666,7.722544193267822,28.698469161987305,1.082262396812439
1313,186.07567148141106,6.311725616455078,7.576327323913574,29.05534553527832,1.082157015800476
1314,177.76041253399765,6.839735984802246,8.048129081726074,29.191804885864258,1.0821161270141602
1315,176.6650606678091,6.565021991729736,7.889894008636475,29.29795265197754,1.0820788145065308
1316,185.489691004807,6.8749165534973145,7.65441370010376,29.571630477905273,1.0820729732513428
1317,177.91009378823622,6.017967224121094,8.880627632141113,29.922401428222656,1.0820956230163574
1318,185.86929736365303,6.717337131500244,7.09559440612793,29.861549377441406,1.082129955291748
1319,194.17409082807868,6.590216636657715,6.078518867492676,29.94584846496582,1.0821696519851685
1320,177.9332098689154,6.199347972869873,6.8485541343688965,30.1126651763916,1.0821950435638428
1321,194.26210780026153,6.665531635284424,6.826091289520264,30.3228816986084,1.082207202911377
1322,181.25230021990333,5.496747970581055,6.600888252258301,30.586688995361328,1.082125186920166
1323,187.2090691750003,6.272102355957031,6.742095470428467,30.652070999145508,1.0820151567459106
1324,174.9224185044397,6.037881851196289,6.166481971740723,30.705795288085938,1.0819051265716553
1325,186.40908819004392,6.417244911193848,6.24320650100708,30.850433349609375,1.0817903280258179
1326,172.71339913027558,6.264753818511963,5.793095588684082,30.97016716003418,1.0817034244537354
1327,180.48973717581939,6.146923065185547,6.811897277832031,31.203466415405273,1.0816189050674438
1328,181.66343088120564,6.841651439666748,6.496079444885254,31.377174377441406,1.0815800428390503
1329,177.39142097479572,6.368751525878906,6.667468547821045,31.567161560058594,1.0815454721450806
1330,175.67426066678524,5.361213684082031,6.163141250610352,31.729154586791992,1.0814472436904907
1331,183.06553467741114,6.705352783203125,6.518163204193115,31.96759033203125,1.0813895463943481
1332,174.83848400494892,5.961884498596191,7.124876976013184,32.41151809692383,1.0813374519348145
1333,177.32906586169244,6.448606967926025,7.644898891448975,32.60428237915039,1.0813173055648804
1334,173.9005001131008,5.656092166900635,6.2035746574401855,32.46727752685547,1.0812766551971436
1335,174.18811891686371,5.4212422370910645,8.306187629699707,32.962364196777344,1.0812073945999146
1336,168.64356640403898,5.712846755981445,6.576432228088379,32.87575912475586,1.0811419486999512
1337,182.16452187591838,6.818511962890625,7.417402744293213,33.25974655151367,1.0811339616775513
1338,181.02654826928116,5.993215560913086,6.793496131896973,33.22931671142578,1.081107258796692
1339,171.3299853782242,5.900876522064209,6.522659778594971,33.53241729736328,1.0810894966125488
1340,177.97211299095648,5.969010829925537,6.606004238128662,33.64016342163086,1.0810537338256836
1341,173.73974364819327,6.043257713317871,6.373085021972656,33.81399917602539,1.0810507535934448
1342,169.9077746650436,5.805980205535889,6.55670166015625,34.08564376831055,1.0810762643814087
1343,169.05698135748872,5.145246982574463,6.375834941864014,34.20194625854492,1.081064224243164
1344,180.79031843589868,6.125757694244385,6.831822872161865,34.37959289550781,1.0810571908950806
1345,172.08098730026458,5.5654730796813965,6.579373836517334,34.58448028564453,1.0810381174087524
1346,176.18458380974909,5.4802446365356445,6.972743034362793,34.67139434814453,1.080994725227356
1347,173.75219802603365,5.676100730895996,6.499595642089844,34.91248321533203,1.0809473991394043
1348,167.5130789604074,6.108627796173096,6.605401992797852,35.18054962158203,1.0810151100158691
1349,180.70539184269614,6.186962127685547,7.002707481384277,35.38585662841797,1.081102967262268
1350,169.31899149492375,5.198431968688965,6.998811721801758,35.54164123535156,1.081153392791748
1351,181.9004626244413,5.5896196365356445,6.531217575073242,35.47420120239258,1.0811423063278198
1352,167.41191628925387,6.261608123779297,6.448417663574219,35.79190444946289,1.0812565088272095
1353,172.58989920897085,6.033095836639404,6.638875961303711,35.96163558959961,1.0814107656478882
1354,179.44646344448603,6.204028129577637,7.09121036529541,36.233184814453125,1.0815945863723755
1355,168.24083992669225,5.385385513305664,7.442151069641113,36.544490814208984,1.081770896911621
1356,174.41323643624074,6.17236328125,7.09561014175415,36.62388610839844,1.0820339918136597
1357,167.81777371627666,4.956393241882324,8.866471290588379,36.98241424560547,1.0822510719299316
1358,185.40992164499926,5.889909744262695,7.786204814910889,37.148712158203125,1.0824402570724487
1359,174.81788676875527,4.832169532775879,6.91112756729126,37.08845138549805,1.0825823545455933
1360,173.2263766990633,5.635922908782959,6.631119728088379,37.15904998779297,1.0827231407165527
1361,169.95914773877135,4.285307884216309,6.5777268409729,37.39665222167969,1.082791805267334
1362,178.38469047302712,5.509300708770752,6.875576019287109,37.66553497314453,1.0828356742858887
1363,172.17465258845277,5.6753387451171875,6.809711933135986,37.89400863647461,1.082948088645935
1364,180.91776126808728,6.115739345550537,7.259406566619873,38.290802001953125,1.083082914352417
1365,171.22069111888564,5.477694988250732,7.124228000640869,38.54898452758789,1.0832260847091675
1366,172.254669139272,5.54184103012085,6.446737766265869,38.57981491088867,1.0833841562271118
1367,176.78090698899945,5.468292236328125,7.068676471710205,39.064300537109375,1.0835331678390503
1368,167.88493143842945,5.220284461975098,6.396084785461426,39.196266174316406,1.0836845636367798
1369,174.5190046262538,5.019962310791016,6.443509578704834,39.425880432128906,1.0838046073913574
1370,168.51052693574053,5.350013256072998,6.5896124839782715,39.78995895385742,1.0839627981185913
1371,167.67027401613763,4.276482582092285,8.094221115112305,40.26582336425781,1.0840699672698975
1372,169.36753119633613,5.029552936553955,5.989809989929199,40.09988784790039,1.0841823816299438
1373,163.91694572222573,4.402098178863525,5.865647792816162,40.45663070678711,1.0842643976211548
1374,125.45575180431506,3.3488481044769287,20.474498748779297,42.71039581298828,1.0843373537063599
1375,178.64362751590843,5.235532760620117,4.862377643585205,40.63294219970703,1.0844188928604126
1376,168.13493361053014,4.900874614715576,4.270915985107422,40.44755554199219,1.0845510959625244
1377,101.35463557172355,1.2829798460006714,23.039430618286133,43.69990921020508,1.084640622138977
1378,122.92805845110405,3.667038917541504,20.493833541870117,43.046260833740234,1.0847949981689453
1379,98.25954188021434,1.6133394241333008,23.931602478027344,44.520164489746094,1.0849310159683228
1380,167.07769976185097,4.602608680725098,3.811225414276123,40.379547119140625,1.085090160369873
1381,166.79510728361137,4.6063032150268555,3.5999317169189453,41.021663665771484,1.0852566957473755
1382,140.82481173354162,3.5854690074920654,13.929814338684082,42.68033981323242,1.0854130983352661
1383,172.76696359672152,4.949059009552002,3.0049824714660645,40.6613655090332,1.085574746131897
1384,169.66675236310732,4.419900894165039,3.5890679359436035,40.53230285644531,1.085706114768982
1385,73.29396072013644,1.3860538005828857,40.940147399902344,47.52465057373047,1.0859110355377197
1386,108.90495628814227,1.4137996435165405,19.846439361572266,45.33259963989258,1.086075782775879
1387,100.03670202265498,1.4481370449066162,19.90024757385254,46.20249938964844,1.0862208604812622
1388,170.4827313800066,4.52991247177124,3.2305843830108643,41.71791458129883,1.086351752281189
1389,75.14256053609073,0.07505298405885696,39.81605529785156,48.4562873840332,1.0864744186401367
1390,75.1570965529612,0.35730302333831787,42.67238998413086,48.7785758972168,1.0865968465805054
1391,166.40856801728341,3.883711099624634,5.628645420074463,41.87220764160156,1.08668851852417
1392,47.88561090397441,-2.9695816040039062,60.684627532958984,52.620849609375,1.0867881774902344
1393,163.4911721208019,3.422429323196411,8.787569046020508,42.5431022644043,1.08685302734375
1394,166.20639696052604,4.272089004516602,8.485238075256348,42.282508850097656,1.0869370698928833
1395,67.25000725110075,-4.154953479766846,45.346412658691406,51.358619689941406,1.0869590044021606
1396,171.19985049861768,4.396894454956055,5.007164001464844,43.71601867675781,1.0870038270950317
1397,171.4478216578374,4.075967311859131,4.398362159729004,44.00338363647461,1.0870312452316284
1398,166.66900361504543,3.409324884414673,7.581759929656982,44.59257888793945,1.0870320796966553
1399,170.90044023084354,4.0272536277771,4.760128974914551,45.49793243408203,1.0870227813720703
1400,170.78672986538083,3.8946497440338135,7.364530563354492,45.87458419799805,1.0870188474655151
1401,173.52201222048237,4.185138702392578,4.867364883422852,46.00176239013672,1.0870214700698853
1402,167.49270907061535,3.3218655586242676,5.491991996765137,46.37826919555664,1.086996078491211
1403,177.06062599333995,4.315001964569092,6.567033767700195,46.862152099609375,1.087005615234375
1404,172.91519860694362,4.308073997497559,7.663067817687988,47.09969711303711,1.0870580673217773
1405,180.0308931516452,4.31135368347168,8.820228576660156,47.16550064086914,1.0871663093566895
1406,176.74771413301497,4.40123987197876,4.71983003616333,46.719303131103516,1.0872688293457031
1407,177.5748875645107,3.983663558959961,5.3674798011779785,47.08408737182617,1.0873477458953857
1408,176.5415110055185,3.9544594287872314,4.102907657623291,46.8238525390625,1.0874029397964478
1409,173.87345353120665,3.653881072998047,5.048986911773682,46.87199783325195,1.0874210596084595
1410,176.5471910247888,3.9355251789093018,4.055861949920654,46.66828536987305,1.0874327421188354
1411,170.46042355837687,4.176478862762451,4.485476016998291,46.224334716796875,1.0875035524368286
1412,174.21698796174869,3.663464307785034,5.113117218017578,46.76944351196289,1.087534785270691
1413,172.9844901138972,3.998230457305908,3.7158203125,47.95673751831055,1.0875701904296875
1414,174.85477392497128,3.863274574279785,5.686436653137207,47.12116622924805,1.087613582611084
1415,175.02908944204603,3.61942720413208,3.383265495300293,47.60996627807617,1.0875945091247559
1416,172.31739386842213,3.799241065979004,3.0727591514587402,47.42335891723633,1.0875697135925293
1417,179.22578869445044,4.032436370849609,3.665739059448242,47.809452056884766,1.0875438451766968
1418,178.6542085879826,4.186359405517578,3.347365379333496,48.01189422607422,1.0875688791275024
1419,170.63295272896204,3.4929561614990234,3.6959497928619385,48.071529388427734,1.0875815153121948
1420,175.20745393509497,3.7795557975769043,4.029552936553955,48.87398910522461,1.0875978469848633
1421,174.12261989727193,4.03701114654541,3.7264773845672607,48.781471252441406,1.0876573324203491
1422,188.23586218602128,3.757343292236328,4.0101518630981445,49.9214973449707,1.0877352952957153
1423,179.0254936987213,3.286156177520752,6.545142650604248,49.753482818603516,1.0877686738967896
1424,36.08518087752688,-10.02906608581543,121.57988739013672,66.2284164428711,1.0877794027328491
1425,182.32407279557998,3.0984549522399902,4.05527400970459,51.255645751953125,1.0877726078033447
1426,184.1691530675316,3.228031635284424,4.30666971206665,50.707061767578125,1.0877413749694824
1427,176.11307360454745,3.2067317962646484,4.149467945098877,50.85276794433594,1.087714672088623
1428,174.48311749277863,3.0873336791992188,7.649160861968994,49.2226448059082,1.0876649618148804
1429,58.611927127470416,-5.5581207275390625,77.7116928100586,62.681800842285156,1.0875945091247559
1430,172.53724211839565,3.078106641769409,4.527842044830322,48.74016571044922,1.0874929428100586
1431,51.26581091742377,-7.108623027801514,89.03922271728516,64.34232330322266,1.087377905845642
1432,175.6816197640751,3.3830716609954834,4.464424133300781,49.956199645996094,1.0872710943222046
1433,49.31594576033403,-3.808124542236328,94.05500793457031,65.18814086914062,1.0872243642807007
1434,173.7022391237403,3.361725091934204,6.2431254386901855,50.21243667602539,1.0872069597244263
1435,19.038177665248696,-11.595785140991211,374.0492248535156,75.53548431396484,1.0873202085494995
1436,52.410622125471214,-3.7375056743621826,85.07099914550781,64.33769989013672,1.087455153465271
1437,36.85498971646406,-5.179770469665527,126.7608413696289,67.99371337890625,1.0877150297164917
1438,21.14160718060892,-31.734636306762695,263.0564880371094,73.72956085205078,1.087896704673767
1439,21.01179097896044,-14.1504487991333,263.2686462402344,73.26821899414062,1.0880886316299438
1440,24.621431856501346,-10.253715515136719,179.51670837402344,70.82283020019531,1.0883277654647827
1441,45.20005450891812,-8.911249160766602,96.69880676269531,63.77668380737305,1.0885158777236938
1442,181.35605852769504,2.667330265045166,5.885158061981201,51.75563430786133,1.0886640548706055
1443,21.318714633422715,-14.417132377624512,215.8431854248047,69.0888900756836,1.088813066482544
1444,189.0763412332706,3.3128879070281982,7.022924900054932,51.12763595581055,1.0889564752578735
1445,37.57386325507185,-8.689284324645996,119.6807861328125,62.97920608520508,1.0890822410583496
1446,58.95585152873513,-5.3896613121032715,70.9953384399414,59.061279296875,1.0891700983047485
1447,180.65123240803825,3.000349283218384,9.1568603515625,48.638282775878906,1.089235782623291
1448,28.592759500212566,-17.856857299804688,142.84336853027344,62.731658935546875,1.0892537832260132
1449,189.86205078793637,3.1873514652252197,5.957715034484863,49.23630905151367,1.0892544984817505
1450,140.55457197463778,2.2494378089904785,9.083091735839844,49.13969421386719,1.0892739295959473
1451,186.27412431978425,3.305920124053955,6.653843879699707,48.683223724365234,1.0892902612686157
1452,191.12169583639994,3.0409255027770996,6.327328681945801,49.529415130615234,1.0892939567565918
1453,184.0167113521088,3.1457560062408447,4.72835111618042,48.820701599121094,1.0892915725708008
1454,164.23777528538778,2.5985450744628906,7.3284406661987305,50.081302642822266,1.0892930030822754
1455,173.82925725043137,3.012011766433716,5.496978759765625,49.05732727050781,1.0893043279647827
1456,145.34147554077614,1.4879707098007202,5.904590129852295,47.04585647583008,1.089264988899231
1457,150.71727632838116,2.180697202682495,7.845950603485107,47.53736877441406,1.089219093322754
1458,140.0338403478547,1.26455819606781,9.470081329345703,47.58148193359375,1.0891374349594116
1459,165.00793437072895,2.6944613456726074,4.967273712158203,48.523197174072266,1.0890721082687378
1460,142.43219017855154,2.0128893852233887,4.762997150421143,47.03374481201172,1.0890125036239624
1461,180.3713826354041,2.665332078933716,6.26177453994751,47.17044448852539,1.0889073610305786
1462,137.0792407450303,1.5558433532714844,30.978309631347656,52.101253509521484,1.0887994766235352
1463,145.08629368994653,2.4045820236206055,5.057392120361328,50.008541107177734,1.0887330770492554
1464,159.04605136354863,2.7124197483062744,3.5437374114990234,49.15394973754883,1.0887280702590942
1465,141.20705930967588,1.472020149230957,5.336780071258545,46.90692138671875,1.0886659622192383
1466,151.65195617968917,2.045029640197754,5.647935390472412,48.97575378417969,1.088600754737854
1467,144.41351172332065,1.8582597970962524,8.289383888244629,49.742393493652344,1.0885297060012817
1468,144.56663482615662,1.7735130786895752,8.703219413757324,46.718753814697266,1.088424563407898
1469,137.7581897970477,1.6087576150894165,7.925342559814453,47.819091796875,1.088305950164795
1470,160.25421704886486,2.2214198112487793,3.4940884113311768,47.114383697509766,1.088179111480713
1471,115.4594422181464,0.9674681425094604,11.914507865905762,48.6072883605957,1.0880647897720337
1472,156.69718595148575,2.52433180809021,5.546905040740967,46.24969482421875,1.0879544019699097
1473,137.75994216928237,1.6495531797409058,15.601398468017578,52.1044807434082,1.0878504514694214
1474,97.85297021955255,0.555707573890686,32.234161376953125,55.44281768798828,1.0878106355667114
1475,113.43582699873743,0.5693547129631042,12.320460319519043,49.36530685424805,1.0877560377120972
1476,131.85285671139346,1.5378845930099487,7.62722635269165,47.78519821166992,1.0876927375793457
1477,111.11687626763442,0.898600697517395,3.24540376663208,48.031986236572266,1.0876504182815552
1478,145.31739185795763,2.3075761795043945,3.5948562622070312,39.90010070800781,1.0876038074493408
1479,137.17370863937617,2.191950559616089,2.632071018218994,37.70656204223633,1.08756422996521
1480,121.4200977640347,1.290346384048462,2.3109130859375,43.48698425292969,1.0875145196914673
1481,104.88145838009908,0.9836453199386597,2.23958420753479,49.24420166015625,1.087539792060852
1482,144.43815996399724,2.4942517280578613,2.6321775913238525,37.1645393371582,1.0875616073608398
1483,93.28744730586767,0.16028667986392975,10.395245552062988,54.53657150268555,1.0876359939575195
1484,145.46534519875917,2.4179675579071045,2.8589203357696533,36.02263641357422,1.0876691341400146
1485,124.44543928437578,1.6332721710205078,2.791982889175415,39.44981384277344,1.0876884460449219
1486,119.84813485044752,1.405626893043518,3.6734566688537598,39.831268310546875,1.0876986980438232
1487,96.39457266660855,0.03207477927207947,2.909069299697876,48.94655990600586,1.08770751953125
1488,100.66780964454495,-0.10329920798540115,7.224253177642822,42.22001266479492,1.0876855850219727
1489,71.69534734899977,-2.0551154613494873,40.91201400756836,57.6718635559082,1.0876712799072266
1490,141.46002116081434,2.4028608798980713,5.889664173126221,36.14408493041992,1.087659239768982
1491,75.09724382146791,-0.6838834881782532,35.703948974609375,57.317588806152344,1.087732195854187
1492,80.95908319489163,-1.0568963289260864,13.482816696166992,52.10942077636719,1.0878000259399414
1493,105.85248067441871,1.0784294605255127,5.250458717346191,42.5623664855957,1.0878874063491821
1494,93.03754013633954,-0.027533791959285736,5.006918430328369,45.65404510498047,1.0879651308059692
1495,75.58914557180056,-0.9781821966171265,13.14719295501709,54.72761535644531,1.088100552558899
1496,77.18759338833543,-1.6607552766799927,9.74327278137207,50.83503723144531,1.0882090330123901
1497,73.20387190885107,-1.5878303050994873,8.186922073364258,53.61505889892578,1.0883222818374634
1498,75.70211637002132,-2.483086585998535,7.3658976554870605,50.896446228027344,1.08834707736969
1499,66.57815864981916,-2.336432456970215,24.673202514648438,52.951690673828125,1.088375449180603
1500,58.80100231083701,-4.147477626800537,32.387088775634766,57.02505111694336,1.088391661643982
1501,80.52973165763818,-0.3913821876049042,9.104782104492188,44.935302734375,1.0884299278259277
1502,59.871570275064265,-2.5876388549804688,28.94283103942871,57.454795837402344,1.088539719581604
1503,61.724026066485386,-2.8017380237579346,9.967758178710938,53.39155197143555,1.0886517763137817
1504,66.32417260856379,-2.027214765548706,7.044722080230713,49.29338455200195,1.0887702703475952
1505,58.890399302623464,-3.5708892345428467,14.372930526733398,51.843177795410156,1.0888733863830566
1506,64.71894501242083,-2.633103609085083,12.524343490600586,50.1461296081543,1.088962197303772
1507,69.59515098730137,-1.8591903448104858,21.860424041748047,39.65165328979492,1.0890332460403442
1508,71.29177792487474,-1.7501860857009888,16.986839294433594,40.829219818115234,1.089080810546875
1509,68.90797663200277,-3.4570045471191406,18.82691764831543,42.110958099365234,1.089074969291687
1510,67.77995941574864,-1.505318284034729,13.548320770263672,41.839900970458984,1.0890780687332153
1511,76.4774110680958,-0.7119777798652649,11.639135360717773,38.895381927490234,1.0890766382217407
1512,76.27148672551334,-0.5368797779083252,7.802605152130127,40.36309814453125,1.0890825986862183
1513,86.04253607611753,-0.24702399969100952,7.985783100128174,30.9770450592041,1.0890201330184937
1514,63.17959746027636,-1.53943932056427,7.305568218231201,42.55585479736328,1.0889983177185059
1515,70.84661942877,-1.7937281131744385,16.397626876831055,42.15093994140625,1.0889559984207153
1516,89.2037236827773,1.3134220838546753,5.743563175201416,31.36540985107422,1.0889744758605957
1517,80.52578684712101,0.07159927487373352,4.318259239196777,35.112648010253906,1.0889761447906494
1518,74.81099250942782,-0.19449935853481293,9.54400634765625,37.464561462402344,1.088981032371521
1519,82.21293848124724,0.23082230985164642,3.3364102840423584,32.16663360595703,1.0889501571655273
1520,66.96640783086153,-1.0900297164916992,4.156966686248779,36.60960388183594,1.0889167785644531
1521,90.2405143995289,1.8768510818481445,6.027289867401123,28.560638427734375,1.088929295539856
1522,84.01835263789665,0.9914524555206299,4.58098840713501,28.410789489746094,1.0889434814453125
1523,91.75715550027891,1.5169283151626587,4.477577209472656,28.79265022277832,1.088959813117981
1524,103.86697055448512,1.8346914052963257,4.058374881744385,24.330280303955078,1.088935136795044
1525,103.24288482700729,2.2204396724700928,5.456136703491211,25.357114791870117,1.0889123678207397
1526,82.92598286208074,1.1748956441879272,8.147961616516113,29.183622360229492,1.0889043807983398
1527,95.72944633144425,1.7083959579467773,4.004744052886963,25.926069259643555,1.0888813734054565
1528,86.40792361264678,1.13547945022583,8.886063575744629,26.564870834350586,1.088842749595642
1529,110.33140457117094,2.6813952922821045,4.538689136505127,20.48163414001465,1.0887736082077026
1530,85.61718685302733,1.3348044157028198,3.482874870300293,24.542631149291992,1.0886727571487427
1531,93.70604983570713,1.4682499170303345,5.56339168548584,23.156742095947266,1.0885463953018188
1532,94.09303247730215,2.262869358062744,4.953373432159424,22.204988479614258,1.0884305238723755
1533,96.72395730634952,2.916619062423706,5.058232307434082,21.208471298217773,1.0883710384368896
1534,101.2628082600104,2.9831809997558594,7.328362464904785,20.5283260345459,1.0883303880691528
1535,114.95101988913882,3.3742518424987793,8.836857795715332,18.042255401611328,1.0882841348648071
1536,108.53894453448562,3.2823562622070312,5.982569694519043,18.774038314819336,1.0882397890090942
1537,102.07945241194128,3.60970139503479,5.537843227386475,19.4632568359375,1.088236689567566
1538,125.72231500893324,4.602328300476074,4.76142692565918,17.003067016601562,1.088295340538025
1539,115.97500758962477,4.474799633026123,5.179793834686279,17.46458625793457,1.0883911848068237
1540,117.61380468882004,3.987666130065918,5.4932541847229,16.879358291625977,1.0884554386138916
1541,158.08363405872294,5.449341773986816,5.596814155578613,14.881033897399902,1.0884896516799927
1542,133.75168520640528,4.555058002471924,4.380367755889893,16.484189987182617,1.0884727239608765
1543,153.61083742297495,5.759881973266602,4.826169013977051,15.055339813232422,1.0884623527526855
1544,169.8895735470764,6.467936038970947,5.324110984802246,14.350515365600586,1.0884805917739868
1545,173.5392999517427,6.272562503814697,4.556667804718018,14.260120391845703,1.0885043144226074
1546,169.64328493191684,6.388046741485596,5.098273754119873,15.33021068572998,1.0885353088378906
1547,173.69549049963786,5.92900276184082,4.984271049499512,15.279006958007812,1.0885125398635864
1548,169.3961112730383,5.714027404785156,4.158168315887451,15.440560340881348,1.0884456634521484
1549,169.88249679845518,6.289557933807373,4.4725494384765625,15.837069511413574,1.0884003639221191
1550,173.56187918259644,6.347651958465576,4.648100852966309,16.269163131713867,1.0883539915084839
1551,166.30420407000324,6.208677768707275,3.869636058807373,16.232744216918945,1.0883346796035767
1552,166.27025557060335,6.362416744232178,3.666638135910034,16.451461791992188,1.0883663892745972
1553,165.24729380108627,5.80540132522583,3.689438581466675,16.862375259399414,1.08838951587677
1554,72.76779092695048,2.7327446937561035,6.180263042449951,26.90665054321289,1.0884610414505005
1555,75.6118709359049,3.088181495666504,5.618961811065674,26.683616638183594,1.0885577201843262
1556,54.39096502010749,-0.013274394907057285,18.50638198852539,30.058269500732422,1.0886107683181763
1557,56.263828147012056,1.8053480386734009,20.58106231689453,30.08516502380371,1.0887305736541748
1558,60.84857559423342,1.286134958267212,11.803534507751465,29.493385314941406,1.088821530342102
1559,67.35863765833082,2.4792590141296387,8.663078308105469,28.920124053955078,1.0889655351638794
1560,43.6883129075776,-0.8457333445549011,34.79433822631836,31.14404296875,1.0890811681747437
1561,51.18351607613437,-0.3648797869682312,25.568984985351562,30.930034637451172,1.0891605615615845
1562,67.4844989139156,1.5094339847564697,6.911883354187012,28.31032371520996,1.0892012119293213
1563,37.633468007036974,-1.0088825225830078,42.00551223754883,31.18377685546875,1.0892430543899536
1564,68.95939712350207,2.314817428588867,6.893801212310791,28.055526733398438,1.0892820358276367
1565,61.70762249579544,2.555173397064209,7.924757480621338,29.2653751373291,1.0893746614456177
1566,58.148478927411986,1.3260000944137573,10.660628318786621,29.912479400634766,1.089445948600769
1567,50.28198668919918,1.8833940029144287,18.924091339111328,30.94035530090332,1.089561104774475
1568,66.10338616385835,0.3250652849674225,6.409229755401611,27.74993133544922,1.0895791053771973
1569,41.274787137803806,0.7367401123046875,33.408966064453125,31.448829650878906,1.0896838903427124
1570,58.21022794541551,2.3041930198669434,8.094186782836914,28.776500701904297,1.089823603630066
1571,58.36889680861,2.408252239227295,8.439273834228516,28.862274169921875,1.08999502658844
1572,55.393907494979985,2.394427537918091,8.59267520904541,28.51591682434082,1.0901938676834106
1573,158.02082968511442,5.8810625076293945,3.711719512939453,17.37289810180664,1.0903849601745605
1574,73.9575151502931,2.9869790077209473,5.14280891418457,26.119903564453125,1.0905765295028687
1575,168.912948653712,6.391236782073975,3.893648386001587,18.16204833984375,1.0907667875289917
1576,164.44885395683767,5.885225296020508,3.6449408531188965,17.684110641479492,1.0909343957901
1577,61.94695681304393,2.4654006958007812,7.037864685058594,28.431766510009766,1.0911186933517456
1578,162.19547583233057,6.108950614929199,4.0325822830200195,17.729936599731445,1.0913126468658447
1579,166.46319400199695,5.644604682922363,4.421842098236084,18.066179275512695,1.091454029083252
1580,167.46851355645546,5.744108200073242,3.873124361038208,18.137496948242188,1.091547966003418
1581,167.11711369155557,6.324685573577881,3.48726749420166,18.440895080566406,1.0916646718978882
1582,171.7519227737182,6.281544208526611,4.202571392059326,19.130165100097656,1.0917541980743408
1583,169.68342632166355,6.062058925628662,4.152160167694092,18.718551635742188,1.091826319694519
1584,171.4688956044545,6.243119716644287,4.878925323486328,19.67266082763672,1.0918596982955933
1585,175.36074573212704,6.053310871124268,3.8276572227478027,19.88479995727539,1.0918340682983398
1586,169.73915387261943,5.910647392272949,4.387091636657715,19.503555297851562,1.091797947883606
1587,170.75088341765345,6.556396007537842,3.7249364852905273,20.15058135986328,1.0918183326721191
1588,168.81317874526158,6.041195392608643,3.3567824363708496,20.062524795532227,1.0918265581130981
1589,171.12085526329923,6.348643779754639,3.5134098529815674,20.601573944091797,1.0918571949005127
1590,131.05493159987932,4.644930362701416,2.681257963180542,23.045820236206055,1.0918346643447876
1591,159.65531141832125,5.776856422424316,3.0585129261016846,21.47199249267578,1.0918173789978027
1592,126.82930204603538,4.938617706298828,2.6734728813171387,24.447731018066406,1.091820478439331
1593,128.07669257314765,4.669287204742432,2.7945847511291504,24.44487762451172,1.0918083190917969
1594,119.52866139671906,4.540660858154297,2.8801164627075195,25.30574607849121,1.0917993783950806
1595,110.37095064484977,4.6031718254089355,3.6551194190979004,27.112611770629883,1.0918517112731934
1596,113.93424072025522,4.220849514007568,3.367398977279663,26.982322692871094,1.0919005870819092
1597,128.70743873526655,4.52459192276001,3.4704065322875977,25.953937530517578,1.0919193029403687
1598,137.12486825114263,4.66977071762085,3.7285704612731934,25.582387924194336,1.0919047594070435
1599,133.49850447592604,5.02864408493042,4.135969161987305,26.91253662109375,1.0919089317321777
1600,122.5918131436864,4.100898265838623,3.898465633392334,27.293869018554688,1.091875672340393
1601,131.18660668318174,5.090396881103516,4.19776725769043,27.213947296142578,1.0919114351272583
1602,118.84578860580211,4.537961483001709,4.5469536781311035,28.856903076171875,1.0920087099075317
1603,110.45778678842457,4.031256675720215,4.979913711547852,29.56224250793457,1.0921002626419067
1604,139.2563112790993,4.5462846755981445,4.507725715637207,28.30912208557129,1.0921417474746704
1605,139.81338740452173,4.908528804779053,4.888206481933594,28.702489852905273,1.092167854309082
1606,129.23573143655963,4.462211608886719,4.574772834777832,29.696149826049805,1.092188835144043
1607,140.30684562481503,5.536503314971924,4.810807228088379,29.536651611328125,1.092347502708435
1608,150.37373647255228,5.006567478179932,4.83268404006958,29.614469528198242,1.0924631357192993
1609,142.17812522797297,5.155124187469482,5.376054763793945,29.843509674072266,1.0925952196121216
1610,170.42275332806477,5.687991142272949,4.90355110168457,28.441059112548828,1.092726230621338
1611,172.66971489813957,6.056637763977051,4.893553256988525,29.223588943481445,1.0928754806518555
1612,157.0731942649245,5.228940486907959,5.703951835632324,30.510509490966797,1.0930081605911255
1613,152.43008409662556,4.864387035369873,6.036672592163086,31.282026290893555,1.0930957794189453
1614,170.24309254011612,5.469767093658447,5.435812473297119,30.308378219604492,1.093174934387207
1615,172.87901147999006,5.221047878265381,5.895162105560303,30.927114486694336,1.0932005643844604
1616,164.29575106175977,5.831084251403809,6.1579813957214355,31.88127326965332,1.0932942628860474
1617,170.1963257394111,4.0739336013793945,6.025475025177002,31.783283233642578,1.093306064605713
1618,172.58768843202554,5.3366193771362305,6.174894332885742,32.45258712768555,1.0933078527450562
1619,174.52190782809376,5.449101448059082,6.727841854095459,33.05863952636719,1.0932923555374146
1620,171.5193644510502,5.697029113769531,7.140995502471924,33.15462875366211,1.093370795249939
1621,172.33506119458767,5.3125433921813965,7.087808609008789,33.68098068237305,1.0934258699417114
1622,166.2569359010207,4.415313720703125,8.285266876220703,33.74297332763672,1.093436598777771
1623,169.61205883141713,4.79539680480957,8.424986839294434,34.415771484375,1.0934256315231323
1624,171.87095247112146,5.401947021484375,8.670478820800781,34.49932098388672,1.0934306383132935
1625,167.76254940295425,5.305164813995361,8.575499534606934,34.754825592041016,1.0935262441635132
1626,167.12436621027774,4.783641338348389,8.914899826049805,35.2969970703125,1.0935899019241333
1627,169.9464236799343,4.892038822174072,8.663867950439453,35.87556457519531,1.093630313873291
1628,165.2307280660617,4.730989456176758,8.852792739868164,35.99264907836914,1.0936692953109741
1629,170.03183555165876,4.8426032066345215,9.176501274108887,36.525508880615234,1.0936881303787231
1630,166.86933382464176,5.115414142608643,9.230181694030762,36.771087646484375,1.093733549118042
1631,165.60608985211948,4.972749710083008,9.812997817993164,37.21471405029297,1.093827247619629
1632,169.50067202167136,5.040369033813477,9.568004608154297,37.731693267822266,1.093931794166565
1633,165.86857293545964,2.9773471355438232,10.690364837646484,37.9559326171875,1.093948483467102
1634,69.89179536603055,-1.38274085521698,40.90765380859375,42.1627311706543,1.0939167737960815
1635,165.42174186296975,4.945928573608398,11.2129545211792,38.89084243774414,1.093921184539795
1636,58.48556627294077,1.163821816444397,48.30259704589844,42.65596008300781,1.0940828323364258
1637,70.23983394129579,1.8488413095474243,40.88240432739258,42.85385513305664,1.0943007469177246
1638,52.818369826582725,-1.127943515777588,53.4771842956543,43.299827575683594,1.0944925546646118
1639,164.7984190019942,3.6449925899505615,12.308409690856934,40.345619201660156,1.094620704650879
1640,101.79525240144362,2.099660873413086,24.113405227661133,43.204647064208984,1.0947250127792358
1641,95.65950691164014,0.14765645563602448,30.444849014282227,43.62152099609375,1.094765067100525
1642,107.85175555928188,1.676830530166626,20.2867488861084,43.24177551269531,1.09475839138031
1643,167.5132134935106,4.724912166595459,12.658177375793457,41.274139404296875,1.0947908163070679
1644,158.2662187790036,4.620039463043213,13.354792594909668,41.40576171875,1.0948888063430786
1645,162.68602695559417,4.292799949645996,13.359360694885254,41.814674377441406,1.0949808359146118
1646,69.06625767737484,1.4302932024002075,44.9717903137207,45.28211212158203,1.0950978994369507
1647,161.65689338705883,4.99808406829834,13.426881790161133,42.33700180053711,1.0952895879745483
1648,89.72792365276591,1.6674166917800903,35.212440490722656,45.17530059814453,1.095460057258606
1649,90.36012888831468,1.5888934135437012,34.614742279052734,45.35945510864258,1.0956097841262817
1650,164.75292476084186,4.210215091705322,13.523015975952148,42.91986083984375,1.0957409143447876
1651,163.88020475482296,4.087311267852783,14.0943021774292,43.20769119262695,1.0958486795425415
1652,94.1308855527082,2.0581319332122803,34.04518508911133,45.827659606933594,1.0959559679031372
1653,103.22072276947762,1.481871247291565,29.41866683959961,45.724422454833984,1.0960334539413452
1654,79.4584279134512,1.4752709865570068,42.43760299682617,46.40085220336914,1.0961228609085083
1655,159.4897671898188,3.9537205696105957,14.365253448486328,43.86946105957031,1.096199631690979
1656,162.94918996829736,3.677525758743286,14.005274772644043,44.09800720214844,1.0962401628494263
1657,165.64846220538655,4.325310230255127,14.833588600158691,44.30511474609375,1.0963006019592285
1658,166.35947723762555,4.900695323944092,13.276449203491211,44.4854621887207,1.0964080095291138
1659,167.44839419919919,4.812058925628662,14.071338653564453,44.560707092285156,1.09657621383667
1660,164.8811193032678,4.633163928985596,14.350057601928711,44.939964294433594,1.0968683958053589
1661,167.7460319233831,3.704150438308716,13.847925186157227,45.058135986328125,1.097089409828186
1662,162.2147985974137,4.1749348640441895,14.379183769226074,45.51358413696289,1.0973098278045654
1663,164.581754152462,4.347039699554443,14.891887664794922,45.81378936767578,1.0975549221038818
1664,166.07552034485713,3.9048638343811035,15.59182357788086,46.04001998901367,1.0977697372436523
1665,167.71247542052146,4.464158058166504,14.250226020812988,46.24163818359375,1.0979901552200317
1666,165.05228538013844,4.86857271194458,14.730700492858887,46.54655075073242,1.0982680320739746
1667,166.03077021825814,4.03924560546875,15.187750816345215,46.773895263671875,1.0985218286514282
1668,164.83880762049745,4.233749866485596,15.488478660583496,47.02496337890625,1.0988168716430664
1669,166.47952386609728,3.8286945819854736,14.30715274810791,47.16950225830078,1.0990757942199707
1670,164.32161609814395,2.2414257526397705,15.59458065032959,47.50151062011719,1.099232792854309
1671,167.6502855205157,4.320437431335449,14.420430183410645,47.518306732177734,1.0994101762771606
1672,163.35285563744512,3.591278076171875,15.265400886535645,47.87553787231445,1.0995584726333618
1673,165.75474601225685,3.7524571418762207,15.075773239135742,48.123390197753906,1.0996915102005005
1674,165.0221773230783,4.4695258140563965,15.732192039489746,48.360694885253906,1.0999369621276855
1675,166.95831983047114,3.96895432472229,14.395856857299805,48.23933792114258,1.1001596450805664
1676,161.4635247618716,3.593539237976074,16.173160552978516,48.76398468017578,1.1003639698028564
1677,163.70129173815357,4.149158000946045,15.766892433166504,48.85646057128906,1.100626826286316
1678,163.69699305083475,3.6089882850646973,15.415939331054688,49.04290771484375,1.1008623838424683
1679,153.5075714622525,3.7265474796295166,18.216848373413086,49.676979064941406,1.1011120080947876
1680,163.86637249187953,3.010286569595337,15.141839981079102,49.27078628540039,1.101308822631836
1681,162.61118903500534,3.271585464477539,16.08839988708496,49.561283111572266,1.10147225856781
1682,162.03003851661413,4.0363640785217285,15.360831260681152,49.84159851074219,1.1016967296600342
1683,162.2351578265263,2.8646576404571533,15.513535499572754,49.962799072265625,1.1018699407577515
1684,165.07941313002823,3.331835985183716,15.23227596282959,50.02789306640625,1.1020089387893677
1685,164.40846445046813,3.3963592052459717,15.753690719604492,50.57073974609375,1.1021255254745483
1686,164.60039329171684,3.6378395557403564,16.759475708007812,50.89970016479492,1.1022446155548096
1687,164.8833097235092,3.5761897563934326,16.118053436279297,51.28193283081055,1.1023626327514648
1688,160.88366627918464,3.2871179580688477,17.374298095703125,51.692222595214844,1.1024718284606934
1689,165.5422149234527,3.595066785812378,15.929771423339844,51.680789947509766,1.1025766134262085
1690,162.56757093724198,3.3915951251983643,16.60764503479004,52.05814743041992,1.1026735305786133
1691,163.51123453365284,3.3289473056793213,16.711345672607422,52.38105392456055,1.1027605533599854
1692,165.13789543069225,3.5785603523254395,17.07206916809082,52.665733337402344,1.1028691530227661
1693,161.61645197145964,3.5734548568725586,17.281230926513672,52.90970230102539,1.1030066013336182
1694,165.23926843934944,2.6030681133270264,16.54470443725586,53.00475311279297,1.1030899286270142
1695,166.61137367008646,3.02374267578125,17.13272476196289,53.31940460205078,1.1031466722488403
1696,165.62922902457424,3.58364200592041,16.542585372924805,53.377235412597656,1.1032193899154663
1697,165.99954772083024,3.297981023788452,16.764602661132812,53.606876373291016,1.1032804250717163
1698,87.3281293737591,-1.2969831228256226,57.47615051269531,56.24838638305664,1.103300929069519
1699,166.45139581978677,3.295245885848999,16.73125457763672,53.956703186035156,1.103315830230713
1700,165.58842999014962,3.277480363845825,16.868066787719727,54.077964782714844,1.103326678276062
1701,163.87388265744923,3.468764543533325,16.568084716796875,54.280364990234375,1.1033563613891602
1702,169.1955497295558,3.709136486053467,16.568084716796875,54.0966911315918,1.1033955812454224
1703,167.27275442026905,3.368938684463501,17.183982849121094,54.7867317199707,1.1034421920776367
1704,163.84110048379176,1.9545317888259888,17.186437606811523,54.98421096801758,1.1034237146377563
1705,166.09438410699858,3.5445046424865723,17.208606719970703,55.21792221069336,1.103437900543213
1706,170.12159122443313,3.835655689239502,16.98658561706543,55.23452377319336,1.1035062074661255
1707,164.76022218852265,3.5216825008392334,18.112462997436523,55.96072769165039,1.1036036014556885
1708,165.56417541528046,2.857487201690674,18.183080673217773,56.25141906738281,1.103676199913025
1709,170.1015773871969,3.6038808822631836,17.253643035888672,56.02641296386719,1.103757381439209
1710,167.49687507870763,3.1757044792175293,18.207563400268555,56.73261260986328,1.103833794593811
1711,163.07040244283962,2.3319308757781982,20.936120986938477,57.263710021972656,1.1038765907287598
1712,166.24183108697576,1.8500776290893555,18.338083267211914,57.061336517333984,1.1038626432418823
1713,166.83518109600016,2.875166893005371,18.38631248474121,57.171573638916016,1.1038365364074707
1714,164.65052836857285,3.592620849609375,19.042837142944336,57.416709899902344,1.1038819551467896
1715,163.45029880335233,3.459918260574341,19.14447021484375,57.4514045715332,1.1040940284729004
1716,164.627554736904,2.9508376121520996,18.825336456298828,57.45698547363281,1.1042824983596802
1717,167.5410751104432,3.3848824501037598,17.832530975341797,57.02633285522461,1.1044679880142212
1718,167.51395714424504,2.596510171890259,17.800317764282227,57.07867431640625,1.104615569114685
1719,164.3075768949065,3.062448740005493,18.03571128845215,57.1551399230957,1.1047519445419312
1720,164.04650708968992,3.3396027088165283,18.262813568115234,57.4265022277832,1.1049489974975586
1721,166.79225447675205,3.697741985321045,17.651805877685547,57.316165924072266,1.1051570177078247
1722,164.3892350398485,3.161283254623413,18.04006576538086,57.681396484375,1.1053720712661743
1723,166.24935834064257,2.279322624206543,18.035999298095703,57.71113204956055,1.105538249015808
1724,162.54198361224098,3.1156389713287354,18.765642166137695,58.017295837402344,1.1057294607162476
1725,164.83139879999425,3.2887637615203857,16.56564712524414,57.67107009887695,1.1059304475784302
1726,164.1736838561362,2.4745285511016846,16.453401565551758,58.10479736328125,1.10608971118927
1727,164.16245418855993,3.2088613510131836,16.451181411743164,58.277679443359375,1.1062637567520142
1728,167.54276566604753,3.3265891075134277,15.893299102783203,58.13410568237305,1.106441855430603
1729,164.680610763753,2.6947829723358154,15.946035385131836,58.361690521240234,1.1065870523452759
1730,166.13114043299157,2.6750411987304688,15.92089557647705,58.31218719482422,1.1066980361938477
1731,165.71784083765618,2.7231621742248535,15.93082332611084,58.691490173339844,1.106787085533142
1732,165.04137431181167,2.6899826526641846,15.961591720581055,58.54661560058594,1.1068569421768188
1733,164.93383190108563,3.618781566619873,15.657760620117188,58.518184661865234,1.1070278882980347
1734,168.45157745809274,2.8499999046325684,15.67185115814209,58.51728439331055,1.1071691513061523
1735,165.15674456999375,3.2640228271484375,16.299835205078125,59.081336975097656,1.1073726415634155
1736,162.54752164825146,3.047065258026123,16.618141174316406,59.124671936035156,1.107593059539795
1737,166.7879402702983,3.2116198539733887,15.595258712768555,58.772212982177734,1.1078256368637085
1738,164.05624006851775,2.7028648853302,16.11346435546875,59.539459228515625,1.1080355644226074
1739,167.37821880934834,2.945990562438965,15.75393295288086,59.08449935913086,1.1082310676574707
1740,166.96222600768147,2.8955881595611572,15.927882194519043,59.57394027709961,1.108410120010376
1741,172.00048384050007,2.5654139518737793,15.95923137664795,59.20161819458008,1.108537197113037
1742,166.12905752506487,2.0037503242492676,16.596506118774414,60.02849197387695,1.1086159944534302
1743,166.69529936779566,2.4879276752471924,16.862192153930664,60.554439544677734,1.1086769104003906
1744,164.39873389962986,0.6538170576095581,17.259883880615234,60.800331115722656,1.108658790588379
1745,166.646621366837,2.608088493347168,16.590267181396484,60.81303787231445,1.1086392402648926
1746,170.21843517673938,3.2974419593811035,16.178264617919922,60.001617431640625,1.1086543798446655
1747,163.7932289902299,2.619743585586548,16.90723419189453,61.06144332885742,1.1086713075637817
1748,165.35785456466817,2.4754371643066406,16.67845916748047,61.03742218017578,1.1086808443069458
1749,169.19178819353044,3.049426555633545,16.61170196533203,61.06618118286133,1.1087802648544312
1750,167.52133743441868,2.4554460048675537,16.371734619140625,60.308753967285156,1.1088510751724243
1751,165.1605565617258,2.8917367458343506,16.573293685913086,60.93330001831055,1.1089543104171753
1752,166.80363829022465,3.028576612472534,16.58602523803711,60.970821380615234,1.1090940237045288
1753,168.36368273086808,3.104323625564575,16.64915657043457,60.745235443115234,1.1092615127563477
1754,167.71903335108092,2.1209888458251953,16.72559356689453,60.752769470214844,1.1093732118606567
1755,168.71548258450972,2.1187076568603516,16.470849990844727,61.490238189697266,1.1094452142715454
1756,168.1370503585493,2.622166395187378,16.719385147094727,61.27507781982422,1.1095041036605835
1757,166.6867214141771,2.5179200172424316,16.887500762939453,61.97604751586914,1.109556794166565
1758,169.05486244689135,2.041991710662842,16.522418975830078,61.10224533081055,1.1095696687698364
1759,167.0269174294167,3.135798931121826,16.467288970947266,61.58475875854492,1.109636664390564
1760,164.78145028124328,2.6079952716827393,17.257160186767578,62.17041015625,1.1097115278244019
1761,170.33321436351906,2.2734570503234863,16.838375091552734,61.57221984863281,1.1097463369369507
1762,173.67995243845817,3.4054036140441895,16.709386825561523,61.46236801147461,1.1098241806030273
1763,170.81736055943617,3.3217132091522217,16.737438201904297,61.75912857055664,1.109958291053772
1764,168.67313907383794,3.1901681423187256,16.971073150634766,62.299320220947266,1.1101382970809937
1765,166.02775005070202,2.2627129554748535,17.1076717376709,62.70781326293945,1.1102893352508545
1766,166.67265719030667,2.930298089981079,17.18717384338379,63.08269500732422,1.1104847192764282
1767,171.27736323782585,2.975893497467041,17.069732666015625,62.662353515625,1.110693335533142
1768,168.87035876862734,2.981748342514038,17.335590362548828,63.01014709472656,1.1109169721603394
1769,171.8223639829542,3.100146532058716,16.967273712158203,62.68515396118164,1.111165165901184
1770,167.29371037028392,2.4976136684417725,17.508981704711914,63.70335388183594,1.1114023923873901
1771,168.87482992165417,1.5644463300704956,17.662378311157227,63.625831604003906,1.1115752458572388
1772,166.0930414092258,2.86476993560791,17.622678756713867,63.779457092285156,1.111809492111206
1773,171.335355982239,2.2144579887390137,17.32647705078125,63.45755386352539,1.1119948625564575
1774,166.21919327601802,2.001392126083374,17.916950225830078,64.19029998779297,1.112142562866211
1775,166.15056455594834,2.9277844429016113,18.294790267944336,64.20965576171875,1.1123046875
1776,170.03856814827796,3.1539690494537354,17.797719955444336,63.828590393066406,1.1125198602676392
1777,172.37455097103006,2.9669175148010254,17.84714126586914,63.46785354614258,1.1127432584762573
1778,171.26246584898283,3.1714248657226562,17.95585823059082,63.347755432128906,1.1129854917526245
1779,170.42304696563914,2.4444103240966797,18.04549789428711,63.60021209716797,1.1131912469863892
1780,167.135689003701,3.086933135986328,18.28169059753418,64.76260375976562,1.1135138273239136
1781,170.5593767301681,3.152094602584839,17.942256927490234,64.01276397705078,1.113871455192566
1782,147.94219838571294,1.986034631729126,23.497549057006836,66.7896728515625,1.1142464876174927
1783,156.14529801186657,2.213165521621704,20.52189064025879,66.1877670288086,1.1146093606948853
1784,171.6658083521803,2.2844789028167725,18.45807647705078,63.9344367980957,1.1149150133132935
1785,169.7941635374995,1.948501706123352,18.38566017150879,64.73411560058594,1.1151676177978516
1786,149.8668364988647,0.1684483140707016,21.08472442626953,66.2862548828125,1.1153405904769897
1787,143.7511084960485,1.2405920028686523,23.776365280151367,67.29917907714844,1.1154853105545044
1788,171.45128174829935,1.8197319507598877,18.386760711669922,64.058837890625,1.1155885457992554
1789,163.56505197413227,2.2707626819610596,19.392175674438477,64.58024597167969,1.1156823635101318
1790,137.98409183904863,0.978738009929657,27.4955997467041,67.87371826171875,1.1157602071762085
1791,159.13644160733799,1.6897211074829102,19.531593322753906,65.07581329345703,1.1158125400543213
1792,122.44035685341088,1.302540898323059,39.8394889831543,69.16360473632812,1.1159504652023315
1793,152.40521244473192,1.441036581993103,21.786998748779297,65.080078125,1.1160539388656616
1794,173.75331828162086,2.6616036891937256,20.573381423950195,62.92296600341797,1.1161487102508545
1795,142.66275566257937,-0.42583730816841125,22.27047348022461,66.2172622680664,1.1161683797836304
1796,159.35639586242874,2.1230199337005615,21.334640502929688,63.98166275024414,1.1161859035491943
1797,132.2470828325156,0.2078007608652115,23.562753677368164,66.1642837524414,1.1161640882492065
1798,103.23097358156394,-1.2703113555908203,79.29197692871094,70.22254943847656,1.1161255836486816
1799,168.94996336015083,2.5910098552703857,18.38826560974121,61.6909294128418,1.116091251373291
1800,118.92871841011804,0.3126237094402313,24.391359329223633,67.66878509521484,1.1160610914230347
1801,173.04998870429566,2.8095147609710693,16.522350311279297,60.92610168457031,1.1160374879837036
1802,133.7260565391898,0.43503060936927795,22.573867797851562,64.39945983886719,1.1159905195236206
1803,166.06468886525772,3.0841519832611084,17.32045555114746,60.55810546875,1.1160110235214233
1804,164.0195028874451,2.4313526153564453,16.89078140258789,60.84038543701172,1.1160277128219604
1805,166.97183101055285,2.5230259895324707,14.336856842041016,59.91716766357422,1.1160365343093872
1806,156.78464999294349,1.7779518365859985,18.111068725585938,59.441341400146484,1.1160224676132202
1807,172.4594755058759,2.6575164794921875,11.602265357971191,57.485572814941406,1.1160005331039429
1808,174.94046950358026,2.311167001724243,10.621513366699219,57.237152099609375,1.1159330606460571
1809,172.84225171757126,2.8957509994506836,10.72476863861084,56.244102478027344,1.1158775091171265
1810,166.9948444312371,2.5492360591888428,11.175518989562988,55.49358367919922,1.1158212423324585
1811,168.70457501751227,2.6645667552948,10.586051940917969,55.27750778198242,1.115765929222107
1812,167.95377471484596,2.6581737995147705,10.993026733398438,55.090423583984375,1.115714192390442
1813,170.31477288646204,3.0848076343536377,10.707401275634766,54.64026641845703,1.1157017946243286
1814,164.83719468135504,2.5825436115264893,11.022744178771973,53.87343978881836,1.1156941652297974
1815,173.14995247441794,2.8546431064605713,10.746438980102539,53.905250549316406,1.1156777143478394
1816,163.1641887735412,2.807710886001587,11.475085258483887,53.068809509277344,1.115702509880066
1817,170.4467964865807,1.8185148239135742,11.2501802444458,53.361270904541016,1.1156741380691528
1818,168.25055952625652,3.0077428817749023,11.416486740112305,53.58879852294922,1.115684986114502
1819,167.26300079044918,2.164184331893921,12.749884605407715,53.32830047607422,1.11565101146698
1820,171.03365926510713,2.9495160579681396,12.463879585266113,53.358795166015625,1.1156271696090698
1821,172.13662916072366,2.7021353244781494,12.695757865905762,53.41157150268555,1.1155877113342285
1822,168.4387188260426,0.9948396682739258,14.861822128295898,52.944393157958984,1.1154829263687134
1823,165.99358449326425,2.7722063064575195,17.413976669311523,52.55162048339844,1.1153992414474487
1824,171.4856161101793,2.4041340351104736,14.568329811096191,52.591026306152344,1.1152888536453247
1825,169.14021710324175,3.2553064823150635,15.279172897338867,52.3359375,1.1152411699295044
1826,174.57241489095523,3.5151312351226807,15.029030799865723,52.3496208190918,1.115234136581421
1827,170.24979343202028,3.1718688011169434,15.378913879394531,51.637516021728516,1.115265130996704
1828,171.51085837071932,2.667896270751953,16.33848762512207,51.43421173095703,1.1152743101119995
1829,145.22531758987196,1.8168814182281494,21.471092224121094,52.39056396484375,1.1152658462524414
1830,174.52381738348146,3.423452615737915,13.519898414611816,50.68598937988281,1.1152797937393188
1831,168.62498437191,2.5167646408081055,13.498071670532227,50.138206481933594,1.1152667999267578
1832,173.0461354167868,3.250274658203125,13.903877258300781,49.967193603515625,1.1152610778808594
1833,173.6614870710961,2.9902946949005127,13.416943550109863,50.192134857177734,1.1152453422546387
1834,169.10122721627988,2.9827628135681152,14.643363952636719,49.35663604736328,1.1152456998825073
1835,141.28459466997163,1.9251046180725098,21.95070457458496,51.40959167480469,1.1152499914169312
1836,170.50121973402673,3.014357566833496,14.923437118530273,49.24470138549805,1.1152629852294922
1837,171.87891538451748,3.518589496612549,13.842586517333984,49.64688491821289,1.1153570413589478
1838,164.2015948728983,3.132612705230713,15.82783031463623,49.997779846191406,1.1154674291610718
1839,132.65294130986,2.0880422592163086,22.9674129486084,51.619598388671875,1.1156052350997925
1840,168.65719342618482,3.086371660232544,15.185091972351074,49.360862731933594,1.1157442331314087
1841,128.5800418517807,1.747133731842041,24.56228256225586,51.54021453857422,1.1158909797668457
1842,143.04980961963173,2.670536518096924,21.834243774414062,50.475704193115234,1.1161094903945923
1843,145.71378162240597,2.2061173915863037,20.530860900878906,50.1363525390625,1.1163172721862793
1844,122.41462657785678,1.4433424472808838,24.741378784179688,51.45101547241211,1.116528034210205
1845,102.21478296046037,-2.119075059890747,35.009185791015625,53.1876106262207,1.1166473627090454
1846,150.45402317995735,2.2681524753570557,15.82059383392334,49.10318374633789,1.1167510747909546
1847,152.60730109672159,2.3328306674957275,15.715826034545898,48.630653381347656,1.116838812828064
1848,137.1007655497569,1.9738374948501587,18.368574142456055,49.68250274658203,1.1169310808181763
1849,148.2496227610311,1.1746844053268433,16.387969970703125,48.674800872802734,1.1169551610946655
1850,129.99647667949495,0.8175331354141235,20.475448608398438,49.60544204711914,1.1169384717941284
1851,173.696954046628,3.682598114013672,14.652283668518066,46.917110443115234,1.1169744729995728
1852,167.21813125942953,3.3208422660827637,14.149868965148926,47.0192756652832,1.1170345544815063
1853,93.6387238311926,-2.6814351081848145,39.51163864135742,53.42662811279297,1.1170395612716675
1854,132.08019120933878,2.121999740600586,16.0588321685791,49.68210983276367,1.1170954704284668
1855,157.84391554403922,3.1480493545532227,13.344869613647461,47.06060791015625,1.1171956062316895
1856,122.87506747366012,1.2801533937454224,16.101404190063477,49.91775894165039,1.1172934770584106
1857,142.4272336102914,2.28359055519104,14.205865859985352,47.99396896362305,1.1173967123031616
1858,118.14776190566815,0.1615224927663803,20.222238540649414,49.85110855102539,1.1174606084823608
1859,129.01859572195377,1.5075123310089111,14.992862701416016,48.61307907104492,1.117517113685608
1860,112.16036116146998,1.2597005367279053,23.667072296142578,49.802650451660156,1.1176042556762695
1861,170.79072999404767,3.52953839302063,13.284396171569824,45.044410705566406,1.1177165508270264
1862,172.34061256076274,3.279597043991089,13.430834770202637,44.780433654785156,1.1178137063980103
1863,128.8786675904172,1.1814870834350586,15.560521125793457,47.23902893066406,1.117875576019287
1864,168.8671753284879,3.455245018005371,13.251958847045898,43.775821685791016,1.117963433265686
1865,169.43807520359982,3.02394700050354,13.501328468322754,43.79835891723633,1.1180170774459839
1866,170.1059349515327,3.3995232582092285,13.3075532913208,43.630619049072266,1.1180702447891235
1867,166.64082110401893,3.709641456604004,13.458991050720215,43.30699920654297,1.1181941032409668
1868,166.24746802265634,3.297968864440918,13.88373851776123,43.765750885009766,1.1183103322982788
1869,168.22296166311793,2.6134836673736572,14.119680404663086,43.67973327636719,1.1183632612228394
1870,165.62346378285548,3.935002088546753,14.100019454956055,43.70503234863281,1.1184768676757812
1871,169.88872178712427,3.4312477111816406,14.521477699279785,44.14495086669922,1.1185821294784546
1872,169.96500457875172,3.788264036178589,14.743334770202637,44.518836975097656,1.118721604347229
1873,166.57359724423412,2.2542457580566406,14.99340534210205,44.95799255371094,1.1188015937805176
1874,166.87763126961295,3.7021055221557617,16.110591888427734,45.44407272338867,1.1189261674880981
1875,166.4488543720055,3.9998297691345215,17.552997589111328,45.916683197021484,1.1190974712371826
1876,164.26586520302473,2.321425437927246,18.58927345275879,46.60218811035156,1.1192145347595215
1877,162.1057790937082,2.8029580116271973,19.53783416748047,46.806976318359375,1.119300365447998
1878,165.09570490771102,2.9408981800079346,19.353403091430664,47.19261169433594,1.1193598508834839
1879,165.9803376903377,2.2769007682800293,19.431175231933594,47.390323638916016,1.1193667650222778
1880,160.8693194660252,3.445436716079712,21.297470092773438,47.48998260498047,1.1193971633911133
1881,166.6852410649269,3.9220924377441406,19.74532127380371,47.52118682861328,1.1194870471954346
1882,167.36026001049532,3.4859580993652344,19.533802032470703,47.513675689697266,1.1195756196975708
1883,164.98308527778119,3.599835157394409,17.947921752929688,47.575138092041016,1.119675636291504
1884,165.60101094960862,3.4127941131591797,19.19925880432129,47.4556999206543,1.1197681427001953
1885,166.6168989829971,3.8534369468688965,16.93399429321289,47.110191345214844,1.1198844909667969
1886,168.04142768877796,4.2936787605285645,14.339885711669922,46.812442779541016,1.1200958490371704
1887,169.1229524881115,4.038402080535889,14.197683334350586,46.92023849487305,1.1203112602233887
1888,162.5152540313824,3.6074416637420654,14.122200965881348,46.89079666137695,1.1205288171768188
1889,165.71670088695927,3.777660369873047,13.311498641967773,46.81797409057617,1.1207318305969238
1890,160.19999660921312,3.6413068771362305,12.89045524597168,46.62712478637695,1.1209336519241333
1891,165.0269411768095,3.4452414512634277,12.729886054992676,46.929832458496094,1.1211000680923462
1892,161.65718863029855,4.04023551940918,11.726244926452637,46.83811950683594,1.1213454008102417
1893,167.0068528223102,3.890868902206421,10.688222885131836,46.75901412963867,1.1215893030166626
1894,166.1459576338932,3.7551276683807373,10.690336227416992,47.01588439941406,1.1218129396438599
1895,168.4563551707033,3.9136786460876465,10.909109115600586,47.572967529296875,1.122022271156311
1896,164.3180079361642,3.9535582065582275,12.618969917297363,47.98693084716797,1.1222645044326782
1897,165.53836568241115,3.828260898590088,13.216689109802246,48.630863189697266,1.1225112676620483
1898,167.14737155919497,3.934474468231201,14.508667945861816,49.004638671875,1.1227625608444214
1899,166.63973203692058,3.95967698097229,15.986268043518066,49.2216796875,1.1230217218399048
1900,165.38092354202925,3.5483028888702393,13.459568977355957,49.193748474121094,1.123237133026123
1901,166.84778513890174,3.373805522918701,12.677430152893066,48.83327865600586,1.1234130859375
1902,162.57100362073479,3.513235330581665,10.490897178649902,48.64243698120117,1.1235761642456055
1903,168.78408179702663,3.8963608741760254,8.153119087219238,48.483848571777344,1.1237260103225708
1904,169.76290653683864,3.5255210399627686,7.11541223526001,48.15646743774414,1.1238281726837158
1905,168.83351490618656,3.9587454795837402,8.433170318603516,47.931827545166016,1.1239296197891235
1906,168.58548891141018,3.9764411449432373,7.388998508453369,48.341590881347656,1.1240442991256714
1907,171.04211259945419,3.7546393871307373,7.409061908721924,48.713661193847656,1.124127745628357
1908,166.60931575805716,4.137362003326416,6.082067489624023,49.34543228149414,1.124253749847412
1909,168.56052165988203,4.291368007659912,9.699968338012695,49.86893081665039,1.124463677406311
1910,169.15817219494372,3.898590087890625,5.838401794433594,49.790687561035156,1.1246649026870728
1911,168.91218525670973,3.710024833679199,4.638134479522705,49.737152099609375,1.1248408555984497
1912,169.25066643324882,3.4539921283721924,4.883969306945801,49.73027420043945,1.1249791383743286
1913,163.0031151305258,3.696554660797119,7.312369346618652,50.533470153808594,1.125136375427246
1914,142.65812498312155,1.8309578895568848,17.44492530822754,51.91796875,1.1252288818359375
1915,170.98277617314548,4.374250888824463,1.6926195621490479,47.27157211303711,1.125382900238037
1916,170.40195870927803,3.8465023040771484,1.5373585224151611,46.970367431640625,1.1254783868789673
1917,168.58741218563043,3.5366125106811523,1.6674026250839233,46.26967239379883,1.125472903251648
1918,135.95785681091664,3.0368385314941406,14.83781909942627,52.54018783569336,1.1255232095718384
1919,125.3401323087385,0.3810485005378723,20.155780792236328,53.27956008911133,1.1255055665969849
1920,139.87832141458836,3.0617668628692627,8.886127471923828,52.391605377197266,1.125543475151062
1921,158.9600516488715,3.6384341716766357,2.3779115676879883,48.28126907348633,1.1255770921707153
1922,143.28041434270978,3.219244956970215,5.366018295288086,50.8935432434082,1.1256457567214966
1923,122.2141312827994,1.8681679964065552,12.320842742919922,53.52998733520508,1.1257039308547974
1924,123.7837962972717,1.5503836870193481,9.560185432434082,52.423858642578125,1.1257315874099731
1925,172.00464317715617,4.484004020690918,2.604337215423584,42.09267044067383,1.1257845163345337
1926,138.94949751028838,2.7816109657287598,3.641352891921997,49.19642639160156,1.1258196830749512
1927,111.61725213115903,1.8293198347091675,16.811662673950195,53.38798141479492,1.1258902549743652
1928,146.04134689468427,3.489765167236328,2.511522054672241,44.62357711791992,1.1260056495666504
1929,170.939794700167,4.305046558380127,2.129568099975586,39.349700927734375,1.126114010810852
1930,150.88744195445327,3.4151132106781006,2.1983938217163086,41.921817779541016,1.1261801719665527
1931,168.60047374427802,4.351654052734375,2.061241626739502,38.90324401855469,1.1262611150741577
1932,169.0320209048638,3.860924005508423,1.996071696281433,39.199344635009766,1.1262366771697998
1933,170.68594888150017,4.226727485656738,2.2846732139587402,39.99207305908203,1.126204490661621
1934,173.2536051014676,4.406333923339844,2.0889008045196533,40.08723068237305,1.1261740922927856
1935,169.18466326615962,4.383621692657471,2.0174601078033447,39.92523956298828,1.1261931657791138
1936,169.7170411296891,3.990807056427002,2.126563310623169,40.8807487487793,1.1261613368988037
1937,169.4301423762474,4.279001712799072,2.1365482807159424,40.92963409423828,1.1261649131774902
1938,166.80166220071723,3.935265064239502,2.708263635635376,41.87260437011719,1.126175045967102
1939,168.66850481113164,4.119614124298096,2.506467342376709,42.78318786621094,1.1262162923812866
1940,168.68937002212886,3.889202117919922,3.232891082763672,43.26613235473633,1.1262482404708862
1941,168.3052242322882,3.9537670612335205,4.160508155822754,44.09672164916992,1.1262807846069336
1942,170.582216083321,3.6397862434387207,3.7261219024658203,44.22224044799805,1.1262738704681396
1943,167.7035684096586,4.042776107788086,4.374442100524902,44.91086196899414,1.1263211965560913
1944,167.9069577287239,4.151731014251709,5.231956481933594,45.922142028808594,1.1264411211013794
1945,166.22425895328058,4.166139602661133,6.608740329742432,46.855167388916016,1.126698613166809
1946,167.92141355571064,3.9014458656311035,7.387847423553467,47.54339599609375,1.1269850730895996
1947,169.3244217486893,3.354510545730591,7.684135913848877,48.863712310791016,1.1272122859954834
1948,167.7730813699725,3.777834177017212,9.062346458435059,49.56239318847656,1.127485752105713
1949,168.85270226533524,3.5613596439361572,9.825806617736816,50.4883918762207,1.1277281045913696
1950,170.17168320422368,3.565377950668335,10.412795066833496,50.89146423339844,1.1279397010803223
1951,169.30537480432196,3.3403611183166504,10.547456741333008,51.693904876708984,1.1281131505966187
1952,170.02859465745013,3.2184696197509766,10.705744743347168,52.308650970458984,1.1282401084899902
1953,166.90490057379975,3.5552313327789307,10.507523536682129,52.55400466918945,1.1283739805221558
1954,171.17879485474623,3.8280699253082275,9.500332832336426,53.52204132080078,1.1285393238067627
1955,167.19007057627826,2.836236000061035,10.8196382522583,53.5781364440918,1.128664493560791
1956,167.88742189811342,3.781905174255371,9.488615989685059,54.542503356933594,1.1288403272628784
1957,168.69387393103392,3.0144011974334717,8.984564781188965,54.9409065246582,1.1289781332015991
1958,168.89142403902028,3.202510356903076,10.158720970153809,55.661827087402344,1.1290979385375977
1959,168.04363992268367,3.2295219898223877,8.314563751220703,55.748294830322266,1.1292082071304321
1960,166.10419060544146,2.2559783458709717,7.888100624084473,55.575401306152344,1.1292487382888794
1961,168.18500703825737,2.3923442363739014,5.304030895233154,55.647701263427734,1.1292353868484497
1962,169.57951984214975,3.27475643157959,4.406907558441162,55.46163558959961,1.1292184591293335
1963,168.8814096787652,2.7669365406036377,3.8270490169525146,54.682456970214844,1.1291319131851196
1964,168.35712008239366,3.5728228092193604,5.573522090911865,55.184410095214844,1.129093050956726
1965,171.00636824320102,3.3992397785186768,3.3853042125701904,54.16400146484375,1.12905752658844
1966,169.19911020536264,3.302560567855835,2.5349154472351074,53.07027816772461,1.1290127038955688
1967,167.4242368617882,3.3100526332855225,2.6803579330444336,53.0810546875,1.1289820671081543
1968,170.05665607382178,3.3693315982818604,2.6439926624298096,52.72107696533203,1.1289443969726562
1969,171.5952534104016,3.2608091831207275,2.311065912246704,52.37004852294922,1.1288753747940063
1970,167.7756989765807,3.278970718383789,2.3829240798950195,52.23378372192383,1.1288068294525146
1971,171.95216726704507,3.3922173976898193,2.485863208770752,51.40688705444336,1.1286903619766235
1972,160.77706581993638,3.1348321437835693,3.0942816734313965,52.842044830322266,1.128590703010559
1973,161.85451336128654,2.8771464824676514,3.3219165802001953,51.94289016723633,1.1284502744674683
1974,133.17319912095167,2.105966329574585,15.017776489257812,57.44364929199219,1.1283491849899292
1975,173.48019366904302,3.7576332092285156,2.939152479171753,49.70790481567383,1.1282628774642944
1976,171.07371980297995,3.8923816680908203,2.9055593013763428,50.50606155395508,1.1282483339309692
1977,113.12057720225552,0.9999246597290039,36.68871307373047,60.33195877075195,1.1282382011413574
1978,109.46794443337241,1.020830512046814,37.16737747192383,60.313148498535156,1.1282380819320679
1979,141.2268863388585,2.286548376083374,5.953999042510986,55.10689926147461,1.128225564956665
1980,116.22526010966938,1.2966179847717285,15.994119644165039,58.853580474853516,1.1282237768173218
1981,105.71254484885735,-1.7108898162841797,39.24763107299805,60.51504898071289,1.1281753778457642
1982,120.5177321366821,1.1267675161361694,6.587316036224365,56.72071838378906,1.1280999183654785
1983,108.13191104783817,0.6653963923454285,24.240266799926758,59.613746643066406,1.128028392791748
1984,110.44309126037174,0.600321352481842,11.402172088623047,57.88896179199219,1.1279444694519043
1985,137.3171577255643,2.5811965465545654,4.210371494293213,50.07977294921875,1.1278785467147827
1986,93.4822377013905,-1.3050249814987183,39.14092254638672,60.352378845214844,1.1277889013290405
1987,107.37994890738243,0.11667540669441223,7.051390647888184,56.02598190307617,1.127644658088684
1988,111.50599104096015,1.1461292505264282,4.81689453125,53.153053283691406,1.1275118589401245
1989,128.9640131840554,2.0768189430236816,3.968538999557495,47.417171478271484,1.127365231513977
1990,135.974419831605,2.920368194580078,3.762641429901123,46.71051025390625,1.1273061037063599
1991,157.26947420452112,3.6808619499206543,3.162954807281494,41.690391540527344,1.1272929906845093
1992,144.2702773210998,2.697960138320923,3.6746389865875244,43.602447509765625,1.1272039413452148
1993,170.2618439045684,4.030104160308838,3.304701566696167,38.644962310791016,1.127117395401001
1994,139.3307192331773,2.8354992866516113,3.9274308681488037,41.99460220336914,1.1270312070846558
1995,173.17456824351652,4.408228397369385,3.4123761653900146,37.82307434082031,1.12697172164917
1996,148.19112592771165,3.429356575012207,3.9508614540100098,39.8604850769043,1.1269363164901733
1997,169.38090805515398,4.1766676902771,3.958373785018921,35.8852653503418,1.1269257068634033
1998,160.51206298114622,4.057788372039795,4.309622287750244,36.229408264160156,1.1269437074661255
1999,170.5700548746381,4.2410888671875,4.460223197937012,35.51708221435547,1.1269570589065552
2000,155.04119646886025,3.956216335296631,4.533008098602295,35.95110321044922,1.1270192861557007
2001,153.44386967356934,3.9148306846618652,4.51533842086792,35.30185317993164,1.1271108388900757
2002,170.9410007016445,4.022546291351318,4.938338756561279,33.93513488769531,1.1271417140960693
2003,155.61685188332584,3.7098803520202637,4.765050888061523,33.73577880859375,1.1271616220474243
2004,133.90487270668194,3.1950795650482178,4.765818119049072,35.566646575927734,1.1272329092025757
2005,110.7097985562415,2.3611459732055664,5.430521011352539,38.641353607177734,1.1273475885391235
2006,153.8898391631882,3.59962797164917,5.0745849609375,33.784217834472656,1.1274386644363403
2007,112.97932224907979,1.8428723812103271,5.028024196624756,37.96223449707031,1.1275137662887573
2008,112.98665406189781,2.1110339164733887,5.169245719909668,37.52909851074219,1.1275984048843384
2009,143.51870302292517,3.429835319519043,4.9634013175964355,33.88695526123047,1.1276730298995972
2010,155.23260714147997,3.8690404891967773,5.150041580200195,31.724634170532227,1.1277438402175903
2011,139.81490468628851,3.1017186641693115,5.2010321617126465,32.56237030029297,1.1277871131896973
2012,108.6883127115156,1.7874635457992554,6.066354274749756,35.95281982421875,1.127815842628479
2013,104.1139142254048,1.7547483444213867,6.309777736663818,36.706695556640625,1.1278537511825562
2014,97.63894625982088,1.2925972938537598,7.000746726989746,37.498023986816406,1.1278811693191528
2015,143.80359970526567,3.6517863273620605,6.03920841217041,31.25145149230957,1.1279139518737793
2016,156.753491013248,4.315816402435303,6.0335164070129395,30.817184448242188,1.1279606819152832
2017,136.47399221726081,3.7224643230438232,6.154320240020752,32.0118293762207,1.1280499696731567
2018,133.74176518944873,3.1683263778686523,5.895133018493652,31.87831687927246,1.1280970573425293
2019,128.214660846722,3.1959946155548096,5.842374324798584,31.684288024902344,1.1281341314315796
2020,149.8494263214481,4.337606430053711,5.876500606536865,30.569002151489258,1.1281843185424805
2021,155.94142575808596,4.92955207824707,5.929502964019775,30.309885025024414,1.128290057182312
2022,143.89675626466027,4.410693168640137,5.786990642547607,30.724687576293945,1.1284205913543701
2023,128.5419545632063,3.4766128063201904,6.206932067871094,31.365083694458008,1.128533124923706
2024,101.12010090953623,1.733518123626709,6.631841659545898,34.6692008972168,1.1285979747772217
2025,142.1163523753839,4.218471527099609,5.826017379760742,30.999208450317383,1.1286677122116089
2026,152.9731250449671,4.3584184646606445,5.793431282043457,30.033519744873047,1.1287297010421753
2027,159.45601534540594,4.565359592437744,5.970137596130371,30.022762298583984,1.1287840604782104
2028,129.75872631377823,2.986180305480957,5.734814167022705,32.043270111083984,1.128804087638855
2029,155.2739281315293,4.145434379577637,6.060171127319336,31.04195213317871,1.128798484802246
2030,137.05959111713022,3.356685161590576,5.883425235748291,33.54264831542969,1.128762125968933
2031,147.75764194719613,4.566924095153809,5.9527692794799805,32.83137130737305,1.1288096904754639
2032,118.63910641312472,2.4933266639709473,6.179315090179443,34.84945297241211,1.1288338899612427
2033,159.50070154070644,3.831023693084717,6.480365753173828,32.82077407836914,1.1288131475448608
2034,170.72024685974176,4.639532089233398,6.291646957397461,31.84674072265625,1.1288009881973267
2035,160.06268068839918,4.360302925109863,6.288674354553223,32.92388153076172,1.1288279294967651
2036,169.96633291220877,4.5586981773376465,6.122961044311523,32.23232650756836,1.1288899183273315
2037,142.4014685893008,3.398573637008667,6.65274715423584,35.31969451904297,1.1289440393447876
2038,170.5250101740907,4.963802337646484,6.341067314147949,33.175376892089844,1.129082202911377
2039,168.95683541152687,4.229964733123779,6.54610013961792,33.46956253051758,1.129212498664856
2040,169.41998479565734,4.246695518493652,6.889552116394043,34.1029052734375,1.1293290853500366
2041,161.32233117086477,4.455219268798828,7.666606903076172,35.279598236083984,1.129547119140625
2042,172.67960585069048,4.4532389640808105,7.9524335861206055,35.15243148803711,1.1297518014907837
2043,167.73087705423526,4.112849712371826,8.413505554199219,34.908931732177734,1.1299446821212769
2044,176.85121660562564,4.936943054199219,8.98731803894043,35.938568115234375,1.1301779747009277
2045,170.78021644221485,4.191564083099365,8.910476684570312,35.468406677246094,1.1304019689559937
2046,170.51881120710019,4.272403240203857,9.527376174926758,36.194576263427734,1.1306055784225464
2047,169.47009328292432,4.079504489898682,9.330350875854492,35.86505889892578,1.1307860612869263
2048,169.56308831568427,4.129051685333252,9.47099781036377,36.05909729003906,1.1309480667114258
2049,170.59383073429046,3.6515724658966064,9.734951972961426,36.44843292236328,1.1310323476791382
2050,168.1343949094704,4.303594589233398,9.635098457336426,36.65372085571289,1.1311386823654175
2051,167.0228032375477,4.09910249710083,9.567273139953613,36.629676818847656,1.1312364339828491
2052,169.9111739352397,4.430423736572266,9.742919921875,37.05693435668945,1.1313492059707642
2053,169.25811700226274,3.576087474822998,9.99345588684082,37.36934280395508,1.1313999891281128
2054,164.61591335392217,4.074137210845947,9.841763496398926,37.48023223876953,1.1314483880996704
2055,167.89230970923208,4.671310901641846,10.031859397888184,37.94484329223633,1.1315561532974243
2056,169.7343892947254,3.966360330581665,10.139754295349121,38.34734344482422,1.1316314935684204
2057,168.85518426625637,4.358757495880127,10.322113037109375,38.96426010131836,1.1317048072814941
2058,169.47340376092544,4.482541561126709,10.30512523651123,39.1707878112793,1.1318206787109375
2059,171.78917921277625,4.660849571228027,10.51978874206543,39.70871353149414,1.1319555044174194
2060,170.6029890905985,4.08477783203125,10.651294708251953,40.24637222290039,1.132059097290039
2061,169.20222656118648,4.296807765960693,10.460502624511719,40.13352966308594,1.1321717500686646
2062,167.3445970387728,4.328823566436768,10.62260913848877,40.391910552978516,1.1323000192642212
2063,170.13609586850433,4.489803314208984,10.781501770019531,41.1020622253418,1.1324416399002075
2064,170.66722294359417,3.3197951316833496,10.86931037902832,41.2247200012207,1.1325010061264038
2065,171.02535442172254,4.138673305511475,10.997955322265625,41.767391204833984,1.132552146911621
2066,171.65446053657752,4.694947242736816,11.10832405090332,42.171234130859375,1.132697343826294
2067,169.61059596142027,4.011903762817383,11.068281173706055,42.344905853271484,1.1328316926956177
2068,170.06466763294705,3.9380557537078857,11.399430274963379,42.90978240966797,1.1329421997070312
2069,165.59317594711962,4.196315765380859,11.347627639770508,42.96316909790039,1.133076548576355
2070,171.43542738319817,4.057894229888916,11.517473220825195,43.82447052001953,1.1331969499588013
2071,172.7629951914,4.680133819580078,11.64068603515625,44.24552917480469,1.133358359336853
2072,169.2532231168479,4.170185089111328,11.80034351348877,44.93684005737305,1.133537769317627
2073,172.9626138990987,4.732235908508301,12.101893424987793,45.81489562988281,1.1338138580322266
2074,170.85755011529938,3.9626221656799316,12.617375373840332,46.205299377441406,1.1340628862380981
2075,169.77326799714254,2.8984014987945557,13.346715927124023,46.554176330566406,1.1342493295669556
2076,172.57838360987557,4.234292984008789,13.879051208496094,47.12588882446289,1.1344431638717651
2077,171.57059855871046,4.110074043273926,14.349265098571777,47.95309066772461,1.1346321105957031
2078,168.77217190841017,3.5246148109436035,14.580737113952637,47.88669967651367,1.1347905397415161
2079,153.8848745679491,3.423792839050293,15.878751754760742,49.64855194091797,1.1349525451660156
2080,141.16222941362858,3.377727746963501,16.910083770751953,51.35211944580078,1.135210633277893
2081,153.8802195114247,3.1650936603546143,16.524723052978516,50.84070587158203,1.135440468788147
2082,148.90410206005222,1.843377709388733,16.735675811767578,51.71078872680664,1.1356085538864136
2083,148.1694979904115,2.8710057735443115,17.076807022094727,52.257415771484375,1.1357637643814087
2084,153.5066832801962,3.5802738666534424,17.32160186767578,52.73884201049805,1.1359857320785522
2085,170.86164611565752,3.8516576290130615,15.77543830871582,52.10962677001953,1.1362090110778809
2086,158.5307492419969,4.106270790100098,18.06168556213379,53.516632080078125,1.1365574598312378
2087,145.18864905281572,2.6886348724365234,22.35486602783203,55.094032287597656,1.1368778944015503
2088,144.1745668417217,2.7830142974853516,23.773326873779297,55.479068756103516,1.1371954679489136
2089,157.0082722963119,3.258904218673706,20.62584686279297,55.36733627319336,1.1375073194503784
2090,135.60611657612378,0.42805561423301697,26.17144203186035,57.31917190551758,1.137744665145874
2091,156.8016829858125,1.7179944515228271,20.658536911010742,56.48247146606445,1.1379051208496094
2092,174.2124752575855,1.9090505838394165,17.06498908996582,55.833984375,1.1379786729812622
2093,170.3111162341358,3.4394328594207764,17.82284164428711,56.613956451416016,1.138055682182312
2094,172.13068878815415,2.7883572578430176,17.99810791015625,56.83559799194336,1.1380974054336548
2095,174.44147110860325,3.382525682449341,17.505084991455078,57.11882400512695,1.138137698173523
2096,173.32659682430034,2.977762222290039,17.84103012084961,57.875,1.1381560564041138
2097,170.47351827659435,2.6664979457855225,18.16073989868164,58.497344970703125,1.1381464004516602
2098,170.8774579173457,3.3279333114624023,19.22374725341797,58.984867095947266,1.1381773948669434
2099,172.68129929546,4.054561138153076,18.60671615600586,59.30561828613281,1.1382932662963867
2100,172.9832686684652,3.8622965812683105,19.475841522216797,59.72938919067383,1.13849675655365
2101,172.4649752780295,2.719309091567993,19.808969497680664,60.00581359863281,1.1386491060256958
2102,175.00542675282998,3.7249698638916016,20.1395320892334,60.180076599121094,1.1388427019119263
2103,171.4826324986564,3.6642746925354004,20.917287826538086,60.49015426635742,1.1391496658325195
2104,172.43715725352345,3.197762966156006,20.081228256225586,60.50648880004883,1.1394319534301758
2105,174.28896911766984,2.7055130004882812,18.870988845825195,60.4859733581543,1.1396528482437134
2106,168.57282022190435,3.2151596546173096,22.151891708374023,60.97314453125,1.1399019956588745
2107,169.54193363426236,2.8678934574127197,19.15764808654785,60.770660400390625,1.1401203870773315
2108,175.32291969126038,3.0169878005981445,17.91143226623535,60.49361038208008,1.140305995941162
2109,171.30436639769272,3.460813283920288,18.628541946411133,60.7679443359375,1.1405214071273804
2110,170.47986248239826,3.201882839202881,18.2556209564209,61.131866455078125,1.1407474279403687
2111,163.39796320294604,3.794854164123535,20.746427536010742,61.970767974853516,1.1410993337631226
2112,169.67396749316217,1.6819591522216797,18.146406173706055,61.49132537841797,1.1413589715957642
2113,172.12585010094415,3.087522506713867,17.9974422454834,61.60617446899414,1.1416025161743164
2114,171.95192650176344,1.9243780374526978,17.874692916870117,61.56096649169922,1.1417893171310425
2115,171.25815290972946,2.4666547775268555,18.244014739990234,62.2089958190918,1.1419316530227661
2116,174.86625667964827,2.085247039794922,17.911691665649414,62.021484375,1.142020344734192
2117,166.2289480333036,1.7774766683578491,20.35296058654785,63.23246765136719,1.142051100730896
2118,166.36440391540387,2.9618570804595947,21.033302307128906,63.298683166503906,1.1420930624008179
2119,173.1322699374885,2.1848385334014893,18.446218490600586,62.46842575073242,1.1420953273773193
2120,173.4370466940194,2.9950783252716064,18.663297653198242,62.71916198730469,1.1420965194702148
2121,171.8782904041802,3.0408830642700195,18.945960998535156,63.15446853637695,1.142116665840149
2122,171.36713065751266,3.1058449745178223,19.84048080444336,63.42266845703125,1.1421560049057007
2123,164.713682567864,2.5319976806640625,22.29934310913086,64.08074188232422,1.142187237739563
2124,173.5024007890284,3.2029850482940674,18.43939208984375,63.214141845703125,1.142244815826416
2125,172.87154271526413,2.2194983959198,18.481002807617188,63.41361618041992,1.1422690153121948
2126,166.1477261356041,2.6408891677856445,20.04961585998535,63.98698806762695,1.1422901153564453
2127,170.2157317265569,2.1519112586975098,18.706552505493164,63.73516845703125,1.1422780752182007
2128,156.1700545128283,2.6798620223999023,24.931962966918945,65.06632232666016,1.1423038244247437
2129,153.76498659956215,2.6761996746063232,28.024038314819336,65.30370330810547,1.1423636674880981
2130,171.88469206191883,3.2758212089538574,17.141921997070312,63.18824005126953,1.1424810886383057
2131,174.37564799304718,2.2012393474578857,16.293317794799805,62.81998062133789,1.1425461769104004
2132,162.00886202823415,1.9521751403808594,18.72286605834961,64.07432556152344,1.1425734758377075
2133,166.54292823581287,2.2258172035217285,17.14232635498047,63.51277160644531,1.142580509185791
2134,175.70135048123163,3.1588199138641357,15.595380783081055,62.37125015258789,1.1425905227661133
2135,170.26730603301263,2.987067461013794,15.658336639404297,62.879249572753906,1.1426228284835815
2136,173.76622295058598,2.534637928009033,15.583793640136719,62.856136322021484,1.142629623413086
2137,168.92828241702153,2.4879870414733887,16.109582901000977,63.76468276977539,1.1426219940185547
2138,170.7766076099492,3.356996774673462,15.69100570678711,63.206336975097656,1.1427196264266968
2139,168.78829219426146,2.8446812629699707,15.978788375854492,63.81904983520508,1.142834186553955
2140,174.9838060890219,2.9405763149261475,15.74610710144043,63.4599723815918,1.1429411172866821
2141,172.78994728954927,2.61596941947937,15.955244064331055,63.84744644165039,1.1430245637893677
2142,173.08507452704487,2.840470314025879,16.167810440063477,64.01831817626953,1.1431013345718384
2143,171.90105362156905,3.321120500564575,16.266971588134766,64.55372619628906,1.1432253122329712
2144,170.43280111209575,2.803525447845459,16.31623649597168,64.88128662109375,1.1433557271957397
2145,172.12291324917942,2.352954626083374,16.486679077148438,64.87825775146484,1.143444538116455
2146,167.23150502918924,3.159694194793701,16.734813690185547,65.48866271972656,1.143609881401062
2147,166.86094373187711,2.3197784423828125,17.033239364624023,65.9722671508789,1.1437665224075317
2148,168.2234540885759,2.7520017623901367,16.61953353881836,65.4199447631836,1.1439512968063354
2149,171.40233202623128,3.055042266845703,16.613201141357422,65.29547119140625,1.1441723108291626
2150,166.02796877127034,2.5728342533111572,17.035396575927734,65.92656707763672,1.1444344520568848
2151,170.323485405795,1.4452064037322998,16.63542938232422,65.45793151855469,1.144631266593933
2152,166.50095257077297,2.4621212482452393,16.987817764282227,65.62109375,1.1448336839675903
2153,172.63376170283573,2.091855049133301,16.79001808166504,64.83489990234375,1.1449964046478271
2154,171.1959650109528,2.82450532913208,16.87351417541504,65.04035949707031,1.145167350769043
2155,168.21392849909412,1.4297364950180054,16.915393829345703,65.26354217529297,1.1452672481536865
2156,168.59934714302418,0.60008305311203,17.12244415283203,65.18737030029297,1.1452950239181519
2157,169.93296782918253,2.6590733528137207,17.133743286132812,64.96700286865234,1.1453298330307007
2158,167.2213451631739,2.364527463912964,17.156248092651367,65.5292739868164,1.1453733444213867
2159,168.8326102934721,3.2843494415283203,17.324199676513672,65.3135757446289,1.145504355430603
2160,166.10946220683394,2.4124250411987305,17.24174690246582,65.8361587524414,1.1456371545791626
2161,167.50313044729228,2.1952881813049316,17.371307373046875,66.05522918701172,1.145754337310791
2162,167.4676115973082,2.699448823928833,17.46023941040039,66.21348571777344,1.145906925201416
2163,167.50695086573626,2.7001731395721436,17.47572898864746,66.35099029541016,1.1460901498794556
2164,167.90249065492523,2.646963596343994,17.659635543823242,66.3724136352539,1.1462959051132202
2165,165.4427233334681,0.5532997846603394,17.81032943725586,66.62354278564453,1.1464048624038696
2166,168.76827385814863,0.11487466841936111,17.920957565307617,66.3140869140625,1.1464341878890991
2167,164.18588105039416,2.471057415008545,18.008649826049805,66.73326110839844,1.1465016603469849
2168,164.221143262653,1.9817380905151367,17.938064575195312,67.0052719116211,1.1465668678283691
2169,165.5383987891686,1.761114478111267,17.971399307250977,66.74443817138672,1.1466082334518433
2170,166.57193168903305,2.4969096183776855,18.30294418334961,66.74249267578125,1.1466647386550903
2171,163.78166353864387,2.297353744506836,18.305923461914062,66.81788635253906,1.1467403173446655
2172,165.76140696321193,1.8304667472839355,17.95800018310547,66.88538360595703,1.1468019485473633
2173,165.01282751740877,0.8313841819763184,18.49748992919922,66.77693176269531,1.1467989683151245
2174,164.67526423341775,0.6415950059890747,18.73293113708496,66.80196380615234,1.1467514038085938
2175,169.3524178545859,1.3395757675170898,18.65338134765625,66.54373168945312,1.146670937538147
2176,164.70409575391162,2.2496533393859863,18.446775436401367,66.91032409667969,1.1466737985610962
2177,169.4845872742094,2.106102705001831,18.946687698364258,66.523193359375,1.146671175956726
2178,166.0270044281902,2.660562038421631,18.972810745239258,66.8633804321289,1.14681875705719
2179,165.11960404991,1.8985958099365234,18.942960739135742,66.84073638916016,1.146950125694275
2180,167.53501965221645,1.8358598947525024,19.336597442626953,66.6307144165039,1.1470531225204468
2181,167.04164102325328,2.130169630050659,19.408809661865234,66.78062438964844,1.147154688835144
2182,166.95021280327492,2.048685073852539,19.107053756713867,66.69427490234375,1.1472529172897339
2183,167.22531090523586,2.5499868392944336,19.6330623626709,66.72183227539062,1.1473881006240845
2184,166.4097214718872,2.6320383548736572,19.755762100219727,66.89326477050781,1.1475911140441895
2185,95.50585330889453,-1.6326478719711304,92.15480041503906,74.12175750732422,1.1477752923965454
2186,162.9013750232089,1.2024160623550415,19.66424560546875,67.05870056152344,1.1479204893112183
2187,163.51026502729212,2.198272228240967,19.608774185180664,67.11048889160156,1.1480892896652222
2188,170.95403747119101,2.7466259002685547,20.158157348632812,67.2365951538086,1.148288369178772
2189,165.62048461826416,2.069012403488159,19.79492950439453,67.27587890625,1.1484822034835815
2190,171.12835460757046,1.9844648838043213,19.907201766967773,67.38005065917969,1.1486400365829468
2191,167.8717082242445,2.6623713970184326,20.028928756713867,67.67273712158203,1.1488760709762573
2192,167.44560859212203,2.633237838745117,20.35263442993164,67.97129821777344,1.1491950750350952
2193,166.06313128756668,2.496039628982544,20.74457550048828,68.31112670898438,1.1495417356491089
2194,168.46583848423361,2.069547653198242,20.696706771850586,68.80106353759766,1.1498621702194214
2195,170.06043407883632,2.299298048019409,21.123584747314453,68.94764709472656,1.1501717567443848
2196,170.65639101026667,2.694758415222168,21.406217575073242,69.17305755615234,1.1505229473114014
2197,169.18923962336405,1.2965209484100342,21.772741317749023,69.64677429199219,1.1508058309555054
2198,169.86879668705325,2.030235767364502,22.497053146362305,69.77828216552734,1.1510673761367798
2199,175.35164161872706,-1.058253288269043,21.505149841308594,70.02550506591797,1.1512378454208374
2200,167.69625812704476,1.935058355331421,25.11543846130371,70.468994140625,1.1514018774032593
2201,173.47216115002513,2.7142763137817383,22.19646453857422,70.507568359375,1.1515998840332031
2202,169.5593564610108,2.0014119148254395,22.934568405151367,70.54878997802734,1.1517835855484009
2203,171.4254342627198,2.447068452835083,22.907852172851562,70.53777313232422,1.1519886255264282
2204,171.17112993244442,2.6994028091430664,22.298891067504883,70.59263610839844,1.152239203453064
2205,170.41267746764345,2.0886549949645996,21.9621639251709,70.51751708984375,1.152480125427246
2206,165.36466737463735,1.364845871925354,24.727733612060547,70.69813537597656,1.1526850461959839
2207,167.1583300332226,2.008945941925049,22.652938842773438,70.50227355957031,1.15290367603302
2208,167.9844631974313,1.2733066082000732,21.901124954223633,70.34639739990234,1.1530722379684448
2209,167.97728048689004,2.1744320392608643,21.504878997802734,70.02140045166016,1.1532529592514038
2210,172.86362975327543,2.514055013656616,21.117944717407227,69.78497314453125,1.1534556150436401
2211,167.503984865782,1.8290812969207764,21.422151565551758,69.81774139404297,1.1536484956741333
2212,168.6103236186146,1.8758699893951416,21.3571834564209,69.80448913574219,1.1538313627243042
2213,168.84786319135964,2.066315174102783,21.439971923828125,69.72731018066406,1.1540154218673706
2214,170.8888697588371,1.0502232313156128,21.48920249938965,69.65975189208984,1.1541308164596558
2215,167.7388422103569,1.6912660598754883,21.57547378540039,70.125244140625,1.1542330980300903
2216,167.87182706938069,2.2977304458618164,21.702985763549805,70.31026458740234,1.1543995141983032
2217,169.79920880351315,1.8386377096176147,21.510604858398438,70.14207458496094,1.1545510292053223
2218,170.0293229862209,2.1185519695281982,21.800037384033203,70.20730590820312,1.1547044515609741
2219,165.21190175286762,1.9692531824111938,22.914609909057617,70.8426284790039,1.154868721961975
2220,168.4675315642466,2.140416145324707,21.920486450195312,70.70809936523438,1.1550463438034058
2221,166.9846142088382,1.926300048828125,22.32783317565918,70.94841003417969,1.1552542448043823
2222,170.0100365718227,2.166639804840088,22.203651428222656,70.93270111083984,1.1554749011993408
2223,165.81042280966403,1.014862298965454,22.52985191345215,71.26464080810547,1.1556487083435059
2224,166.46464748811147,1.3518532514572144,22.860898971557617,71.2476577758789,1.1557921171188354
2225,171.6664464043839,2.1729724407196045,22.090438842773438,71.02095794677734,1.155961036682129
2226,170.0550391128003,2.0013911724090576,22.352266311645508,70.99128723144531,1.156129240989685
2227,170.10271652182874,1.6771169900894165,22.529132843017578,71.17903137207031,1.1562777757644653
2228,168.41123629990796,1.9858438968658447,22.583372116088867,71.06696319580078,1.1564301252365112
2229,165.81855526274674,1.681349754333496,23.352081298828125,71.66474151611328,1.156589150428772
2230,167.42676859755423,1.9456634521484375,22.674633026123047,71.46986389160156,1.1567678451538086
2231,169.05645400914062,1.9336775541305542,22.76706314086914,71.70588684082031,1.1569485664367676
2232,165.53801222579162,-0.10709866136312485,23.04465675354004,71.86103820800781,1.1570640802383423
2233,170.6530348994513,2.3356854915618896,22.699092864990234,71.6034927368164,1.1572394371032715
2234,171.425270504436,2.1823558807373047,22.733205795288086,71.69890594482422,1.1574939489364624
2235,168.31956468586603,1.9633160829544067,22.7706241607666,71.84530639648438,1.1577662229537964
2236,174.03162453960306,1.9046822786331177,22.856857299804688,71.92511749267578,1.1580160856246948
2237,170.5441040046128,2.000567674636841,23.01991844177246,72.19770812988281,1.1582666635513306
2238,170.15221750831344,2.1127727031707764,23.453262329101562,72.41437530517578,1.1585246324539185
2239,170.57744533436974,2.2190728187561035,23.572189331054688,72.6311264038086,1.158805012702942
2240,170.7640021830817,-0.14163513481616974,23.43100357055664,72.8871841430664,1.1590012311935425
2241,169.90493609138792,1.008043885231018,23.84457015991211,73.03475189208984,1.1591545343399048
2242,168.0314179221262,1.7443814277648926,23.764402389526367,73.01451110839844,1.1593270301818848
2243,169.7197180780477,1.4730545282363892,23.48023223876953,73.18529510498047,1.1594843864440918
2244,167.69841273951366,1.6563501358032227,23.793773651123047,73.37287139892578,1.1596492528915405
2245,169.59752926918196,1.993615746498108,23.725603103637695,73.21914672851562,1.1598364114761353
2246,171.42028965988362,1.5524795055389404,23.959348678588867,73.2695541381836,1.1600050926208496
2247,171.23363265734383,-0.34139135479927063,23.87019920349121,73.51253509521484,1.1600855588912964
2248,169.94121819069576,1.8979765176773071,23.88080406188965,73.53065490722656,1.1601942777633667
2249,167.9752682246494,1.2944961786270142,24.606525421142578,73.75818634033203,1.1602932214736938
2250,170.90558932899273,2.1552324295043945,24.301048278808594,73.90044403076172,1.1604156494140625
2251,168.16675901299078,2.1089718341827393,24.536367416381836,74.22798919677734,1.160675048828125
2252,170.39236773661574,0.5907942056655884,24.283878326416016,74.29736328125,1.1608798503875732
2253,169.0015912952349,0.9901306629180908,24.469552993774414,74.54105377197266,1.161055088043213
2254,173.10238588895172,1.6962110996246338,24.47516632080078,74.56175994873047,1.1612213850021362
2255,173.04771458249652,2.227795124053955,24.735849380493164,74.92127227783203,1.1614313125610352
2256,169.755366417499,1.512656569480896,24.586685180664062,74.88597106933594,1.1616319417953491
2257,171.15647030647344,1.8894624710083008,24.90890121459961,75.33614349365234,1.1618504524230957
2258,169.57812190022818,1.7492648363113403,24.819969177246094,75.44340515136719,1.162073016166687
2259,173.9424949612751,1.8449981212615967,24.590803146362305,75.4473876953125,1.162302017211914
2260,170.9743211456862,0.8693214058876038,24.580778121948242,75.66876220703125,1.1624900102615356
2261,173.36465919072555,1.7160475254058838,23.96998405456543,76.01742553710938,1.1626815795898438
2262,172.68849039374834,-2.433990001678467,23.688343048095703,76.12688446044922,1.1627217531204224
2263,171.1390479076255,1.6300398111343384,20.971229553222656,76.01741027832031,1.162774682044983
2264,175.6617296915058,2.212733745574951,19.64409828186035,75.5700912475586,1.1628726720809937
2265,170.77657449356064,0.897788941860199,17.884761810302734,75.39237976074219,1.1629369258880615
2266,168.51686812685443,0.2536073327064514,17.799819946289062,75.00094604492188,1.1629475355148315
2267,173.3455681806307,2.1803860664367676,16.100465774536133,73.73724365234375,1.1630593538284302
2268,175.13536810414126,1.5656845569610596,15.429672241210938,73.51032257080078,1.1631767749786377
2269,167.48785137042842,1.1710847616195679,16.2083797454834,74.47149658203125,1.1632744073867798
2270,171.72775952791233,1.5492923259735107,15.318244934082031,73.04241943359375,1.163373589515686
2271,162.60228625580172,1.5728813409805298,16.16108512878418,75.54165649414062,1.1635501384735107
2272,171.1186768048382,1.7265251874923706,14.886341094970703,72.7082290649414,1.1637473106384277
2273,148.51215457074812,-0.08556973934173584,21.820240020751953,77.98197937011719,1.1639065742492676
2274,174.9970349110406,2.0298168659210205,11.966157913208008,72.87811279296875,1.1640952825546265
2275,154.75469907474454,0.4254988133907318,15.223201751708984,75.32145690917969,1.1642537117004395
2276,173.94024272596727,1.6436994075775146,8.640673637390137,71.61193084716797,1.164402961730957
2277,160.19076983079793,0.8102181553840637,9.653619766235352,73.55013275146484,1.164520263671875
2278,174.0873196203258,0.5607467889785767,6.816643238067627,70.8396224975586,1.1645525693893433
2279,172.57449615795323,2.001478433609009,7.314660549163818,67.24563598632812,1.1646578311920166
2280,169.65234809955325,1.0560990571975708,7.496709823608398,67.27778625488281,1.1647194623947144
2281,171.39946096534925,1.7270387411117554,8.440431594848633,66.36190032958984,1.1647779941558838
2282,172.8955385342274,1.7768436670303345,7.4372358322143555,67.24356079101562,1.1648287773132324
2283,162.64072964527102,1.1229667663574219,7.593146800994873,69.3714599609375,1.16484534740448
2284,170.11228172529178,1.5015352964401245,7.290212154388428,64.80757904052734,1.164844036102295
2285,173.26061512860332,1.4204009771347046,6.875980854034424,64.51363372802734,1.164815068244934
2286,175.27725649588294,1.5647399425506592,7.874675273895264,64.78533935546875,1.1647428274154663
2287,158.08079129267088,1.353764295578003,7.249674320220947,66.8077392578125,1.164697289466858
2288,158.57123087800522,1.2834594249725342,7.499044895172119,66.90265655517578,1.1646634340286255
2289,164.3787843998129,1.8643169403076172,7.116658687591553,66.39632415771484,1.1647547483444214
2290,175.96627868104792,1.7456114292144775,6.985335350036621,64.59880828857422,1.164806842803955
2291,148.13558899068576,0.5957508683204651,12.875954627990723,70.19071197509766,1.1648515462875366
2292,172.0030042388823,1.7990636825561523,6.804415702819824,65.56602478027344,1.1648980379104614
2293,157.00321388628677,1.2014079093933105,9.101861953735352,68.0873031616211,1.1649549007415771
2294,168.23982638670853,1.7423145771026611,7.239080429077148,66.63534545898438,1.1650270223617554
2295,174.15641889783095,1.9917495250701904,7.0705790519714355,66.63333892822266,1.1651183366775513
2296,150.77516036666046,0.8826540112495422,15.55257511138916,70.71027374267578,1.165218710899353
2297,173.88551421055212,1.7197978496551514,7.042453289031982,65.89253997802734,1.1653046607971191
2298,161.33023892501728,0.9423727989196777,9.323999404907227,68.89697265625,1.1653695106506348
2299,172.80697172977347,1.5076322555541992,7.334886074066162,66.79074096679688,1.1654127836227417
2300,167.10403750974632,1.478196144104004,7.9538068771362305,67.8607406616211,1.165460228919983
2301,168.72807186777067,1.0483341217041016,7.447195529937744,68.3577880859375,1.165469765663147
2302,173.1999819399315,1.259581208229065,7.230803489685059,66.85528564453125,1.165444016456604
2303,172.98361707155655,1.1333703994750977,7.176997661590576,66.95193481445312,1.1653903722763062
2304,148.0480051906094,0.2690639793872833,19.030597686767578,71.91614532470703,1.1653364896774292
2305,175.14684427198875,1.3366574048995972,6.483530044555664,66.71232604980469,1.1652483940124512
2306,167.2245645990442,1.6790927648544312,6.563400745391846,67.8648681640625,1.1652088165283203
2307,169.7791301998927,1.7951314449310303,5.548028469085693,65.87540435791016,1.1652902364730835
2308,160.0800933424945,0.5955677032470703,5.452770233154297,68.00572204589844,1.1653308868408203
2309,159.26026549172119,0.8574570417404175,4.3111419677734375,67.3982162475586,1.1653238534927368
2310,169.85366240207884,1.6568301916122437,2.451622486114502,61.397850036621094,1.1653109788894653
2311,174.32724410185523,2.114725351333618,1.9987051486968994,60.45662307739258,1.1653133630752563
2312,176.7962415389133,2.369231939315796,1.9998860359191895,59.84096908569336,1.1653631925582886
2313,171.04773136134804,1.8840199708938599,1.7462087869644165,58.58658218383789,1.1654062271118164
2314,157.14928245483048,1.323006272315979,2.044295072555542,61.87360763549805,1.1654843091964722
2315,171.65585990314997,1.6445709466934204,2.4561948776245117,58.50999069213867,1.1655117273330688
2316,172.0084724773707,2.0084733963012695,3.2253432273864746,58.18193817138672,1.1655488014221191
2317,165.50741789635757,1.3238378763198853,3.302431344985962,61.52083206176758,1.1655163764953613
2318,172.24569450696592,1.920271396636963,2.6387128829956055,58.225399017333984,1.1654901504516602
2319,170.3922298783588,1.5761140584945679,3.425196647644043,57.84480667114258,1.165422797203064
2320,174.79611715660783,2.2863705158233643,3.7879366874694824,60.25973129272461,1.1654026508331299
2321,159.66637908332467,1.6771318912506104,4.105317115783691,61.194419860839844,1.1654555797576904
2322,173.7972656111365,0.911535918712616,4.620373725891113,59.40786361694336,1.1654281616210938
2323,173.26548927513346,1.9962191581726074,4.437878608703613,58.839969635009766,1.1654220819473267
2324,172.68336020149684,1.735978603363037,5.156264305114746,59.76431655883789,1.1653801202774048
2325,170.43573366654948,1.8697073459625244,4.6998748779296875,58.434234619140625,1.1653556823730469
2326,172.51636754766514,2.466852903366089,5.062911033630371,59.39152145385742,1.1654106378555298
2327,170.66467223316536,1.024192452430725,5.115148544311523,58.22089767456055,1.1654067039489746
2328,176.9888313673842,2.4617807865142822,5.447673797607422,59.98526382446289,1.1654704809188843
2329,172.15616386765126,2.0710387229919434,5.410816669464111,58.326751708984375,1.165547490119934
2330,169.87565177570883,2.1444826126098633,5.512580394744873,56.65663528442383,1.165685772895813
2331,170.70289489986726,1.9089735746383667,5.9842705726623535,57.17738342285156,1.165810465812683
2332,168.42086600931054,1.9160624742507935,6.411493301391602,56.40143966674805,1.165953278541565
2333,171.0306175329772,2.0327115058898926,6.571941375732422,58.494571685791016,1.1660932302474976
2334,172.97296410923673,2.6295177936553955,7.125000953674316,58.280174255371094,1.1663286685943604
2335,173.59774537678885,2.3972785472869873,7.915876865386963,57.98380661010742,1.1665834188461304
2336,171.62571573832622,1.7509599924087524,9.034995079040527,57.86445236206055,1.1667946577072144
2337,171.40856758010932,1.576526403427124,9.612186431884766,56.62672424316406,1.1669672727584839
2338,173.32066246581448,2.367912530899048,9.299727439880371,57.324459075927734,1.1671682596206665
2339,173.37820782073393,2.3504245281219482,9.079790115356445,56.89783477783203,1.1673856973648071
2340,172.57434305974195,2.7684426307678223,9.235417366027832,56.48613739013672,1.1677589416503906
2341,173.28360252247276,2.2427806854248047,9.33458137512207,56.42337417602539,1.1681121587753296
2342,171.0228784709685,0.8764870762825012,9.897674560546875,55.47050094604492,1.1683779954910278
2343,174.05897723023148,2.4666104316711426,10.318541526794434,56.96223068237305,1.1686350107192993
2344,172.0976391454378,1.6417690515518188,10.423357963562012,55.262786865234375,1.1688213348388672
2345,159.23860828910668,2.1725165843963623,12.754356384277344,56.57160949707031,1.1690565347671509
2346,139.75177760917617,0.9642162322998047,16.751264572143555,57.4378662109375,1.169288158416748
2347,174.79562221920733,2.0938658714294434,10.741058349609375,53.9122200012207,1.1694835424423218
2348,171.441623659116,2.1172335147857666,10.890297889709473,52.84270477294922,1.169645071029663
2349,149.1470472021105,1.3410111665725708,15.408480644226074,54.81281661987305,1.169787883758545
2350,163.75517693085862,3.040008068084717,11.553389549255371,53.32036209106445,1.1699939966201782
2351,162.98270650212672,2.2018139362335205,11.927440643310547,53.38372802734375,1.1701749563217163
2352,157.09699554044576,1.7354199886322021,12.376955032348633,51.940460205078125,1.1703104972839355
2353,172.94772453753666,2.670130491256714,9.350874900817871,50.12521743774414,1.1704216003417969
2354,170.64864115764465,2.0208635330200195,9.323431015014648,50.517547607421875,1.1704707145690918
2355,169.2795525757949,3.013747215270996,9.624566078186035,50.3994026184082,1.170554280281067
2356,152.7649761692543,1.8743772506713867,13.504817008972168,52.256141662597656,1.17060124874115
2357,168.27932204124642,2.3734443187713623,9.344518661499023,50.0736083984375,1.170598030090332
2358,159.96796078725026,2.6616084575653076,10.383929252624512,49.8790283203125,1.1706005334854126
2359,171.22087920429348,3.3425092697143555,6.975926876068115,47.42866897583008,1.1706336736679077
2360,157.5269841464904,2.9317829608917236,12.287450790405273,49.10527801513672,1.1707266569137573
2361,172.7802322238554,3.0586535930633545,7.9499921798706055,47.4482307434082,1.1708101034164429
2362,175.4116487567383,3.267355442047119,7.55679988861084,47.655975341796875,1.1708933115005493
2363,152.85624351658868,2.6392345428466797,13.097943305969238,49.44921112060547,1.171015739440918
2364,168.49771982052917,3.036684513092041,9.792296409606934,47.6673469543457,1.171141505241394
2365,174.33747730937085,3.3682162761688232,9.09211254119873,48.120540618896484,1.1712740659713745
2366,173.01037549133753,3.2741899490356445,10.248319625854492,48.37376403808594,1.1713968515396118
2367,172.21896660438037,2.640328884124756,9.98734188079834,47.579437255859375,1.171483039855957
2368,173.5539696318399,3.232856273651123,10.24370002746582,47.787960052490234,1.1715939044952393
2369,172.91356651361906,3.42822265625,9.424344062805176,47.55180740356445,1.171815037727356
2370,171.63570351330924,3.4634244441986084,9.586187362670898,46.514976501464844,1.1721291542053223
2371,174.4683580220996,3.0499696731567383,8.934391975402832,47.38878631591797,1.172399878501892
2372,173.84217858110182,3.0275208950042725,9.650784492492676,47.2467041015625,1.172622561454773
2373,170.262995745916,2.6578757762908936,10.101137161254883,46.812644958496094,1.1728057861328125
2374,173.51795356818621,3.3924684524536133,10.04682445526123,46.22090530395508,1.1730135679244995
2375,171.65837366353566,2.8141746520996094,9.586970329284668,46.08688735961914,1.173176646232605
2376,170.57145475787993,2.953200340270996,9.386049270629883,45.59645462036133,1.1733230352401733
2377,170.33362660013083,2.9360902309417725,8.690308570861816,45.35020065307617,1.1734501123428345
2378,175.48696226881378,3.721482276916504,7.7963032722473145,45.51991653442383,1.1736294031143188
2379,174.53197433836104,3.615802764892578,7.703089714050293,44.93073654174805,1.1738144159317017
2380,174.00406173459035,3.0406835079193115,8.085200309753418,45.1607551574707,1.1739463806152344
2381,171.75879432372375,2.886335611343384,7.673899173736572,44.419307708740234,1.174035668373108
2382,169.29852589711342,3.260262966156006,8.481589317321777,43.90961456298828,1.1741290092468262
2383,171.18029587977088,3.1130828857421875,7.838162899017334,44.01226806640625,1.1741992235183716
2384,150.973900269314,3.053946018218994,15.609405517578125,44.94853591918945,1.1743226051330566
2385,174.3656031285214,3.5383570194244385,6.504270076751709,42.820465087890625,1.1744204759597778
2386,158.27514418969506,2.592320442199707,12.25533390045166,43.678260803222656,1.174476981163025
2387,171.27859667422868,3.4984755516052246,5.80652379989624,41.302433013916016,1.1745226383209229
2388,172.6124432940601,3.230408191680908,6.120108604431152,41.63182830810547,1.1745418310165405
2389,157.5235690004293,3.583307981491089,11.593914985656738,43.002681732177734,1.1746429204940796
2390,172.95060235966787,4.270506858825684,6.596668243408203,41.203269958496094,1.1748223304748535
2391,175.25102926508913,3.9110753536224365,7.168877124786377,41.567726135253906,1.1749788522720337
2392,175.40112088860386,3.7735087871551514,6.774652004241943,41.402809143066406,1.1751214265823364
2393,163.53891112456395,3.6380951404571533,11.026659965515137,42.57744216918945,1.1752724647521973
2394,174.6865296951429,3.9340882301330566,7.791248321533203,41.677833557128906,1.1754099130630493
2395,175.86252224318065,4.1752238273620605,6.900421142578125,41.506839752197266,1.1755495071411133
2396,174.62269934926292,4.137443542480469,7.23121452331543,41.4923095703125,1.1756733655929565
2397,177.95678535716218,4.383163928985596,6.937126159667969,41.5143928527832,1.1757824420928955
2398,171.39843340085116,4.378912925720215,6.648080825805664,41.465240478515625,1.1759308576583862
2399,173.69915921212836,4.22860050201416,6.918673515319824,41.73365020751953,1.1760843992233276
2400,175.9269856161533,3.9646975994110107,7.262251853942871,42.04296875,1.1762017011642456
2401,150.38322053697178,3.1204833984375,19.954524993896484,43.8063850402832,1.1762984991073608
2402,172.12717983057698,4.5672760009765625,7.146249771118164,42.13034439086914,1.176456093788147
2403,171.96870789840142,4.46392297744751,7.245678901672363,42.36060333251953,1.1766610145568848
2404,169.0141575934343,4.030051231384277,7.026808738708496,41.98099136352539,1.1768594980239868
2405,173.61230980908527,3.812304735183716,6.35077428817749,42.47157669067383,1.176996111869812
2406,172.57159611802962,4.399463176727295,6.067720890045166,42.473968505859375,1.1771429777145386
2407,177.011892401444,4.538644313812256,6.582054138183594,43.33472442626953,1.177282691001892
2408,172.19361379784755,4.0443902015686035,6.518133163452148,43.06039810180664,1.1773954629898071
2409,173.12142972122243,4.133196830749512,6.013824462890625,43.04688262939453,1.1774946451187134
2410,154.87018381659408,3.354841709136963,15.646822929382324,44.827049255371094,1.177578091621399
2411,176.27573230294448,4.3746724128723145,4.9713592529296875,43.34578323364258,1.1776405572891235
2412,172.6149428850902,4.156652927398682,5.080619812011719,43.35462188720703,1.1776915788650513
2413,173.74862896408206,4.205309867858887,4.670281410217285,43.57747268676758,1.1777268648147583
2414,172.55280442935967,3.2841644287109375,4.913776874542236,43.850826263427734,1.1776719093322754
2415,171.25861647773323,3.99013090133667,4.790240287780762,44.3560905456543,1.1776067018508911
2416,169.33248457227018,4.665050029754639,4.561249732971191,44.24958801269531,1.1776176691055298
2417,173.1574403425989,4.102262020111084,3.480262041091919,44.1182861328125,1.1775861978530884
2418,172.1585291783469,4.703887939453125,4.440145969390869,45.72277069091797,1.177574634552002
2419,175.41975754262955,4.487006664276123,3.076061725616455,44.6231689453125,1.1775647401809692
2420,171.5868991879715,3.896986961364746,3.328298330307007,45.0654182434082,1.1774734258651733
2421,174.382880707891,4.174623012542725,3.0504448413848877,45.26689147949219,1.1773601770401
2422,171.9006867605461,4.196418762207031,3.484706401824951,45.67701721191406,1.1772652864456177
2423,171.85174974193328,3.8569016456604004,3.561459541320801,46.19359588623047,1.1771111488342285
2424,171.34080972062776,3.97599196434021,3.386732339859009,45.89613342285156,1.1769449710845947
2425,175.16597581222774,4.299267292022705,2.889815330505371,46.10691833496094,1.1767739057540894
2426,172.1852568273437,4.4884772300720215,2.930530548095703,46.22484588623047,1.1766448020935059
2427,130.53209827743413,2.948948860168457,29.703659057617188,49.62557601928711,1.1765426397323608
2428,170.14097063914664,4.3710479736328125,2.581200122833252,45.829402923583984,1.1764541864395142
2429,170.48538969340171,4.398656845092773,2.593033790588379,45.77229309082031,1.1763919591903687
2430,172.08682899914461,4.399143218994141,2.4565258026123047,44.91210174560547,1.1763445138931274
2431,136.0141003499321,3.1976332664489746,23.095312118530273,49.64283752441406,1.1763173341751099
2432,147.41822327925783,3.649582624435425,9.95576286315918,48.66776657104492,1.1763187646865845
2433,137.8665854629365,2.3663711547851562,19.388296127319336,49.85110092163086,1.176285743713379
2434,135.66458541427826,1.766172170639038,15.783952713012695,49.36369705200195,1.1762069463729858
2435,119.69848334439857,3.0869038105010986,21.195167541503906,50.34193420410156,1.176223874092102
2436,130.54025392703846,2.430755138397217,13.770428657531738,49.20754623413086,1.1762155294418335
2437,127.2805078027726,3.308716297149658,9.38795280456543,47.563697814941406,1.1762784719467163
2438,114.0354188715848,2.5684475898742676,12.87893009185791,49.55984115600586,1.176390528678894
2439,127.86438935861528,2.4147777557373047,4.736917972564697,45.83013153076172,1.176458716392517
2440,126.37448452945794,3.0110623836517334,3.54801082611084,43.8498649597168,1.1766022443771362
2441,99.92744852862855,2.0285208225250244,16.17090606689453,49.38002395629883,1.1767668724060059
2442,120.13502858776752,3.1768531799316406,2.621495008468628,43.56284713745117,1.1770180463790894
2443,136.520182715018,3.5283079147338867,2.3842697143554688,38.72401428222656,1.1772522926330566
2444,112.51982431481582,2.3318192958831787,2.7792470455169678,42.18519973754883,1.1774741411209106
2445,108.17878649230217,2.037792205810547,3.3006765842437744,42.8079948425293,1.177677035331726
2446,129.43225593753317,2.959364414215088,2.1340956687927246,37.79545974731445,1.1778093576431274
2447,106.67737945787445,1.8627963066101074,3.011255979537964,41.43198013305664,1.1779065132141113
2448,112.29573198867658,2.2278788089752197,2.273101568222046,39.218414306640625,1.1779637336730957
2449,114.21553669770734,2.6928491592407227,2.079118251800537,38.76190948486328,1.1780509948730469
2450,110.94177701213899,2.8033134937286377,2.375514268875122,38.19220733642578,1.1782264709472656
2451,109.47608006269732,2.2693958282470703,2.463902711868286,39.45451354980469,1.1783984899520874
2452,123.7140974663942,3.0546822547912598,2.3709657192230225,37.32072448730469,1.1785715818405151
2453,116.82187997148606,2.9979248046875,2.0364694595336914,38.70808410644531,1.1787806749343872
2454,99.71973056949486,1.8036290407180786,5.389221668243408,43.26377487182617,1.1789909601211548
2455,100.59982377902968,1.8745168447494507,4.785948753356934,43.20159149169922,1.1792229413986206
2456,148.14770258781826,3.834925889968872,2.3201494216918945,34.773094177246094,1.1793745756149292
2457,107.75858806466125,1.8834826946258545,2.937185764312744,41.97559356689453,1.1795045137405396
2458,143.7106253030612,3.942333936691284,2.3848273754119873,34.79784393310547,1.1796363592147827
2459,110.67391380065477,2.123629570007324,3.024224281311035,41.778656005859375,1.1797586679458618
2460,142.04298610895097,3.6988940238952637,2.4621422290802,37.55966567993164,1.179864525794983
2461,118.21049383503934,2.0435543060302734,2.3019657135009766,40.91276550292969,1.179923415184021
2462,94.26091300918215,0.9323670864105225,13.460272789001465,48.19658660888672,1.1799671649932861
2463,138.12397451459867,3.3128185272216797,2.6229026317596436,39.292884826660156,1.1799999475479126
2464,133.00084072041923,3.002350330352783,2.875417709350586,40.900115966796875,1.180016040802002
2465,148.34090062490463,3.879598617553711,2.8247640132904053,41.548851013183594,1.1800280809402466
2466,171.46062402221634,4.772267818450928,2.3038134574890137,37.233154296875,1.1800602674484253
2467,150.95661331160952,3.9155609607696533,3.434737205505371,40.5574836730957,1.180122971534729
2468,163.86674463759618,4.249781608581543,3.382838249206543,41.8312873840332,1.180153489112854
2469,154.96522510271134,4.153400421142578,4.373079299926758,42.003631591796875,1.1802186965942383
2470,159.4521945102789,3.398267984390259,4.644543647766113,42.62166213989258,1.1802319288253784
2471,171.1651899539927,4.638604164123535,3.939283847808838,41.03788375854492,1.1802955865859985
2472,156.89688268174987,4.02116060256958,5.434889793395996,43.11309051513672,1.1803637742996216
2473,175.01727826069285,4.1316022872924805,4.489208698272705,43.3902587890625,1.18039071559906
2474,168.79182256439807,4.456522464752197,5.046664714813232,41.8742790222168,1.1804500818252563
2475,172.07509556967767,4.1666741371154785,5.3785295486450195,43.40727996826172,1.180482029914856
2476,157.6872801176574,3.558969020843506,7.503071308135986,44.55311584472656,1.1805036067962646
2477,169.64565932026716,4.4826340675354,6.561662197113037,43.99433135986328,1.180559754371643
2478,172.19548734269443,4.450725555419922,6.791965961456299,44.49732971191406,1.1806422472000122
2479,169.23311921386613,4.3773193359375,6.853653907775879,45.19972610473633,1.1807352304458618
2480,164.80227933679407,4.307176113128662,8.31692886352539,47.21675491333008,1.1808418035507202
2481,179.8482899797243,4.767856121063232,7.070901393890381,47.17814254760742,1.1809546947479248
2482,167.8685034785791,3.7757389545440674,7.069677352905273,45.48591995239258,1.1810156106948853
2483,171.99434191485807,3.990244150161743,7.0318708419799805,46.67868423461914,1.1810400485992432
2484,182.35347780789104,4.943563938140869,6.750401020050049,48.700714111328125,1.1811076402664185
2485,173.83998935992298,4.662220001220703,6.759246826171875,47.256004333496094,1.1812477111816406
2486,176.84657412219119,4.750961780548096,6.875781059265137,48.563751220703125,1.181463360786438
2487,174.28243152182375,3.79046893119812,6.844661235809326,49.07530212402344,1.181633710861206
2488,182.49760292918833,4.13986349105835,6.701955318450928,50.820335388183594,1.1817632913589478
2489,165.29672823414452,3.5205743312835693,7.410398006439209,49.11032485961914,1.181860327720642
2490,174.97685319701006,4.259232997894287,7.428483963012695,52.18052673339844,1.181955337524414
2491,184.46415211601544,4.17250919342041,6.998510837554932,52.84353256225586,1.1820305585861206
2492,185.72643261472265,4.491923809051514,8.76836109161377,53.930755615234375,1.1821101903915405
2493,173.65795330073698,4.137003421783447,8.114346504211426,53.76926040649414,1.1822172403335571
2494,174.13817641425396,3.9726762771606445,9.148394584655762,54.838993072509766,1.1823209524154663
2495,175.52040067805711,4.129668712615967,10.016077041625977,55.54427719116211,1.182435393333435
2496,174.15808790263787,3.5453274250030518,10.766532897949219,56.08388900756836,1.1825140714645386
2497,174.77437481089905,3.4955432415008545,10.332486152648926,56.07809066772461,1.1825586557388306
2498,176.6169389842772,3.9618422985076904,10.27568531036377,56.34027862548828,1.1826061010360718
2499,183.34850987528645,3.8600082397460938,11.91313648223877,56.98727035522461,1.1826201677322388
2500,182.60882913280187,4.295612335205078,10.703866004943848,56.96739959716797,1.1826586723327637
2501,180.43055203248088,4.755977630615234,9.454100608825684,56.88596725463867,1.18278968334198
2502,191.9006719744672,4.28965425491333,8.408124923706055,57.055511474609375,1.1829028129577637
2503,184.83635050728407,3.7962610721588135,8.029580116271973,56.77961349487305,1.182978868484497
2504,178.27401213085014,4.486620903015137,7.585546493530273,56.670387268066406,1.1830934286117554
2505,178.3733720255036,3.6425223350524902,7.390238285064697,56.529762268066406,1.18318510055542
2506,167.99551260799592,3.829510450363159,7.1551513671875,56.01542282104492,1.1833001375198364
2507,189.27441056146003,4.613925457000732,7.166046619415283,55.90981674194336,1.183432698249817
2508,176.35229540231694,3.4169538021087646,6.904484272003174,55.84870529174805,1.1835280656814575
2509,165.47901979726092,3.5451343059539795,7.238887786865234,54.928096771240234,1.183634877204895
2510,179.6806192260655,4.038666725158691,5.963925838470459,55.4322395324707,1.1837319135665894
2511,179.23796053224982,3.9443461894989014,6.619163990020752,54.868621826171875,1.1838146448135376
2512,187.4890099728463,3.832930088043213,4.581864356994629,55.02604293823242,1.1838608980178833
2513,189.7303006885894,3.9568612575531006,4.266515731811523,55.074161529541016,1.1838477849960327
2514,192.60626985902536,4.041269302368164,3.956594944000244,54.724308013916016,1.183777928352356
2515,190.90076705097079,4.2245774269104,3.896639823913574,54.625335693359375,1.1837010383605957
2516,193.48405105449277,4.161628246307373,3.836735963821411,54.974029541015625,1.1835381984710693
2517,185.09843832703586,4.576260089874268,3.847250461578369,54.82716751098633,1.1834596395492554
2518,189.95987987931042,4.390783786773682,3.884695291519165,55.17940902709961,1.1834110021591187
2519,187.75719781711467,4.546873092651367,4.256181716918945,55.36328887939453,1.1834204196929932
2520,181.52765031371473,4.48669958114624,4.362767219543457,55.39622116088867,1.1835483312606812
2521,196.41247919732797,4.059628009796143,5.052751064300537,56.53306579589844,1.1836174726486206
2522,186.74544599132412,4.182029724121094,5.173952579498291,56.43678283691406,1.18368661403656
2523,189.4294462936703,4.1041364669799805,5.456125736236572,56.730411529541016,1.1837412118911743
2524,193.31842039018184,4.641933917999268,5.304494380950928,56.82062530517578,1.1838370561599731
2525,194.4866971334798,4.251075744628906,5.21218204498291,57.2481689453125,1.1839284896850586
2526,198.432348311307,4.1066741943359375,5.008050918579102,57.93130111694336,1.1839848756790161
2527,193.0190397745807,4.358986854553223,4.990506649017334,57.55280685424805,1.184057593345642
2528,193.55733559621254,3.8136985301971436,3.4244065284729004,57.300567626953125,1.184086799621582
2529,193.4236346924148,4.166795253753662,2.6177256107330322,56.96232223510742,1.1841044425964355
2530,188.3450974483486,4.258713722229004,2.520932912826538,57.57255172729492,1.184156060218811
2531,194.09464561649938,4.085672855377197,2.5820462703704834,57.800437927246094,1.184187412261963
2532,192.84787631402972,4.293213367462158,2.36702561378479,57.69065856933594,1.1842418909072876
2533,186.39267114837986,4.040590763092041,2.821931838989258,57.91604995727539,1.1843091249465942
2534,198.63188868435932,4.503757953643799,3.273744821548462,59.09906005859375,1.184432029724121
2535,195.1346409993513,4.201391220092773,2.9406898021698,58.9667854309082,1.1845659017562866
2536,202.95493510742892,4.284377574920654,3.8240652084350586,60.135135650634766,1.1846827268600464
2537,188.66918891608347,3.676873207092285,3.168850898742676,59.50941848754883,1.18474280834198
2538,173.05279416732577,2.9225776195526123,13.281845092773438,63.80543899536133,1.184768795967102
2539,194.78333054257726,4.03821325302124,2.778075695037842,59.68722915649414,1.1847940683364868
2540,194.7448529106915,4.046835899353027,3.0368072986602783,60.186241149902344,1.1848121881484985
2541,198.93568584995364,3.6970298290252686,3.910029411315918,60.31855773925781,1.1847413778305054
2542,191.5890959462684,3.8673391342163086,2.530243158340454,59.60966873168945,1.184669852256775
2543,190.45156177384345,3.975417375564575,2.7110626697540283,60.291053771972656,1.184624195098877
2544,191.37921197523715,4.0735368728637695,2.439302682876587,60.17424392700195,1.1846355199813843
2545,186.8471900866375,3.6384434700012207,2.389669179916382,60.283592224121094,1.184619426727295
2546,191.6633490686236,4.092492580413818,2.4220051765441895,60.6425666809082,1.1846446990966797
2547,195.67966214606074,4.090211868286133,2.393678903579712,61.181922912597656,1.1847014427185059
2548,183.77561019545433,3.5919418334960938,1.8296988010406494,60.63211441040039,1.1847490072250366
2549,199.10094983123994,3.945958137512207,1.8010814189910889,60.5341911315918,1.1847649812698364
2550,197.75784580937034,3.9568464756011963,2.7386772632598877,60.32157897949219,1.184755802154541
2551,191.66553762666075,4.229302406311035,1.7244887351989746,59.5368537902832,1.184787392616272
2552,191.5514153000883,4.181957244873047,1.9131008386611938,58.706932067871094,1.1848753690719604
2553,195.15280591215875,3.848374605178833,2.494871139526367,58.620811462402344,1.184921145439148
2554,191.24796665150095,4.015177249908447,1.8373723030090332,56.96180725097656,1.184960961341858
2555,195.6826304161435,4.101804733276367,1.849826455116272,57.27119445800781,1.1850003004074097
2556,188.15532623429604,3.9169249534606934,1.833617091178894,55.82114028930664,1.1850277185440063
2557,192.80896727541526,4.069815635681152,1.8217201232910156,56.28290557861328,1.1850601434707642
2558,167.64571628197507,2.936272144317627,2.207878589630127,61.542423248291016,1.1850781440734863
2559,195.1026121187296,3.8647093772888184,1.7333712577819824,55.30939865112305,1.18504798412323
2560,185.72938652454616,3.567793607711792,1.5263559818267822,56.86380386352539,1.1849539279937744
2561,196.20052834059646,3.8393938541412354,1.8741354942321777,54.681396484375,1.1847481727600098
2562,179.37963199613642,3.582939386367798,1.6648540496826172,56.24370574951172,1.1845529079437256
2563,166.8788852751022,3.2811474800109863,2.0330264568328857,59.579952239990234,1.184422492980957
2564,195.70842417971465,4.087478160858154,1.4056100845336914,55.68525695800781,1.184300422668457
2565,194.24915281420704,4.127533435821533,1.3613225221633911,56.12566375732422,1.1842041015625
2566,154.57911845939387,2.101525068283081,7.1789655685424805,62.764312744140625,1.1840825080871582
2567,199.25853431116258,4.2406206130981445,1.3965177536010742,56.99992370605469,1.1839972734451294
2568,193.99429816382883,3.8374834060668945,1.3357439041137695,57.585792541503906,1.1838899850845337
2569,142.24589538517603,-0.2730470895767212,21.202594757080078,67.59870910644531,1.1837443113327026
2570,191.1474315596536,3.9514377117156982,2.2362215518951416,61.02783203125,1.1836576461791992
2571,179.25790523070322,3.3927698135375977,2.1908252239227295,59.31734085083008,1.1835715770721436
2572,185.25720611875437,3.4020962715148926,2.991889715194702,61.73168182373047,1.1834797859191895
2573,195.61402201734327,3.407870292663574,1.5885276794433594,60.27260971069336,1.1833385229110718
2574,159.36467847634808,2.3722176551818848,8.53406047821045,63.01493835449219,1.183203101158142
2575,179.21339826069106,3.2697300910949707,4.361045837402344,62.96892166137695,1.1830888986587524
2576,194.4313200690144,3.6676628589630127,1.8481122255325317,61.53104019165039,1.1829872131347656
2577,180.1772500779381,3.1885409355163574,2.2020859718322754,61.22141647338867,1.1828809976577759
2578,169.07779753650397,2.7424559593200684,2.850085973739624,60.10796356201172,1.1828020811080933
2579,191.29092424940202,3.673980712890625,2.1024954319000244,62.80723190307617,1.1827601194381714
2580,186.61930721050095,3.084116220474243,1.9977291822433472,62.31864547729492,1.1826404333114624
2581,186.86930566626384,3.2544777393341064,1.8338935375213623,62.637184143066406,1.1825041770935059
2582,179.58569497968037,2.8372600078582764,2.086570978164673,63.000064849853516,1.182342290878296
2583,186.13827879544846,3.395310401916504,1.687724232673645,63.19041061401367,1.1822255849838257
2584,179.91714803110472,3.0729691982269287,1.6245445013046265,62.80073928833008,1.1821078062057495
2585,179.256740764545,3.059572458267212,1.5355784893035889,62.75093078613281,1.1819995641708374
2586,174.54830558055465,2.9590208530426025,1.7474619150161743,62.48096466064453,1.1819287538528442
2587,177.85805954224938,2.9966070652008057,1.5697587728500366,62.81620788574219,1.181868553161621
2588,178.54896229468548,3.094592809677124,1.5233453512191772,63.234352111816406,1.1818314790725708
2589,181.6421271895844,2.9620189666748047,1.6047903299331665,63.51472854614258,1.1817636489868164
2590,177.4089712415897,2.981417417526245,2.597250461578369,62.46951675415039,1.1817213296890259
2591,178.0819148212876,3.1298508644104004,1.5505547523498535,63.0093994140625,1.1817355155944824
2592,175.025311774057,2.9821581840515137,1.5253026485443115,62.36532211303711,1.1817697286605835
2593,174.58358149079226,2.9153239727020264,2.074453592300415,61.405914306640625,1.1818314790725708
2594,177.77307101235556,3.1541197299957275,1.829157829284668,62.02511978149414,1.1819344758987427
2595,172.61116699943452,2.840052843093872,1.8062852621078491,60.7744255065918,1.1820327043533325
2596,179.0653264684518,3.03930926322937,1.7871947288513184,60.603172302246094,1.1821269989013672
2597,173.69403837625822,3.0759263038635254,2.0308167934417725,59.57600021362305,1.1822724342346191
2598,161.63083452357853,2.4296813011169434,2.489452838897705,59.80094528198242,1.1824177503585815
2599,157.01589962537807,2.0936386585235596,2.4860997200012207,61.42450714111328,1.1825363636016846
2600,170.71686890925855,2.982205867767334,2.5380845069885254,55.46949768066406,1.1826931238174438
2601,179.34772186622433,3.261802911758423,1.8805887699127197,57.15981674194336,1.1828303337097168
2602,157.10801185128705,2.3005402088165283,2.3740551471710205,59.56608963012695,1.1829630136489868
2603,173.9006273481222,2.943746566772461,1.8118975162506104,54.7143669128418,1.1830687522888184
2604,176.63484559999984,2.665111541748047,1.7641041278839111,55.17337417602539,1.1830555200576782
2605,170.06500916896903,3.0308055877685547,2.0126750469207764,53.866634368896484,1.1830848455429077
2606,157.03644738007006,2.260070323944092,4.046580791473389,56.36552047729492,1.1831120252609253
2607,143.85757826013904,1.9166853427886963,7.159361839294434,59.82760238647461,1.1831638813018799
2608,175.78769844585253,3.312305450439453,2.157405138015747,53.648773193359375,1.1832412481307983
2609,183.33655516894055,3.6951708793640137,2.5399999618530273,53.44168472290039,1.1833351850509644
2610,139.63139853698618,2.0084598064422607,9.194887161254883,60.40276336669922,1.1835460662841797
2611,171.54359506880635,3.1138055324554443,3.1389825344085693,51.46970748901367,1.1837927103042603
2612,183.4430442947435,3.4176526069641113,3.0766429901123047,53.50923156738281,1.1839884519577026
2613,179.02433435935268,3.1500935554504395,3.1888046264648438,53.56571960449219,1.184122920036316
2614,173.67384893363638,3.0013389587402344,3.5645270347595215,53.290443420410156,1.1842352151870728
2615,168.39564448863663,2.80207896232605,4.8063883781433105,54.540374755859375,1.1843215227127075
2616,164.2233273832351,2.5446557998657227,6.389599323272705,54.966182708740234,1.184395670890808
2617,175.01715451401907,3.3195695877075195,4.236078262329102,54.44210433959961,1.184482216835022
2618,142.423458331357,0.7479341626167297,14.010473251342773,57.9146614074707,1.1845154762268066
2619,159.94189173902583,2.3883800506591797,7.9102559089660645,57.16749954223633,1.1845375299453735
2620,177.8235962269712,3.73803448677063,4.072889804840088,54.715049743652344,1.1846643686294556
2621,173.99791085219624,3.1798031330108643,4.548154830932617,55.39267349243164,1.184792399406433
2622,187.02495383025843,3.8026177883148193,4.276307582855225,56.13029479980469,1.1849581003189087
2623,175.66616652921368,3.116126775741577,3.319307565689087,55.506587982177734,1.185113549232483
2624,182.72108242974116,3.3055830001831055,3.2381598949432373,55.97317886352539,1.1852365732192993
2625,182.0590697509085,3.2990119457244873,2.861699342727661,55.82099151611328,1.1853337287902832
2626,177.2070295923049,3.3626363277435303,2.349414348602295,55.6539421081543,1.1854487657546997
2627,173.36674240669763,2.839102268218994,2.458366632461548,55.599849700927734,1.185534119606018
2628,174.49960321537026,3.163689613342285,2.332207202911377,54.96268844604492,1.1856236457824707
2629,177.01133174776845,3.3308870792388916,2.055402994155884,54.76640319824219,1.1857293844223022
2630,181.02107995416415,3.558495283126831,2.0556154251098633,53.99015808105469,1.185844898223877
2631,177.323288526578,3.460437059402466,1.8351640701293945,53.57573699951172,1.1859804391860962
2632,182.28338565174403,3.5379061698913574,1.9256032705307007,53.28584289550781,1.186116099357605
2633,173.32149772501404,3.1352756023406982,1.6893254518508911,52.76093292236328,1.18623685836792
2634,179.37247542855383,3.5305733680725098,1.8337079286575317,52.55438232421875,1.1863642930984497
2635,179.29871157650578,3.588209867477417,1.8291406631469727,52.13246536254883,1.1865099668502808
2636,174.19118334376148,3.393367290496826,1.5689643621444702,51.84987258911133,1.1866945028305054
2637,177.5238668272214,3.196742296218872,1.9884687662124634,52.18278884887695,1.186820387840271
2638,189.7549198017364,4.000063419342041,1.9351352453231812,52.455135345458984,1.1869688034057617
2639,179.26987087927066,3.2706849575042725,1.6894187927246094,52.78276062011719,1.1870542764663696
2640,180.45322489810732,3.4303407669067383,1.7397383451461792,52.80982208251953,1.1871079206466675
2641,174.36103595375423,2.955658197402954,1.5278654098510742,52.99032211303711,1.187079906463623
2642,173.23910420247157,3.4311063289642334,1.5501714944839478,53.04124450683594,1.1871205568313599
2643,175.48969597041514,3.3536477088928223,1.7704890966415405,54.065101623535156,1.1871800422668457
2644,179.2606203722838,3.334794044494629,1.8369300365447998,54.05651092529297,1.1872191429138184
2645,174.63504929623915,3.1819026470184326,1.8769367933273315,54.31106948852539,1.1872471570968628
2646,175.0640568374877,2.9923622608184814,2.0588955879211426,54.14299011230469,1.187254786491394
2647,172.82776677786075,3.0711092948913574,2.955749750137329,56.434898376464844,1.1872504949569702
2648,165.80576560453608,2.552966833114624,7.582144737243652,58.164588928222656,1.187203049659729
2649,178.59935180566117,2.933488130569458,5.307991981506348,59.035221099853516,1.1871212720870972
2650,174.6599129095851,3.001659870147705,2.971346139907837,57.90028381347656,1.1870200634002686
2651,170.65921917396187,3.223367214202881,2.224838972091675,56.31365203857422,1.1869696378707886
2652,160.39246999228436,3.0142061710357666,9.661409378051758,60.731361389160156,1.1869736909866333
2653,169.8519031505307,3.2871148586273193,2.8005549907684326,57.629825592041016,1.1870007514953613
2654,148.54835262330505,1.6721404790878296,5.734480381011963,58.93851089477539,1.1869858503341675
2655,132.633212996825,1.2447832822799683,25.195669174194336,62.75618362426758,1.1869759559631348
2656,137.71714952040742,1.5504319667816162,10.17703628540039,58.15229797363281,1.1869748830795288
2657,159.2562908204807,2.3882241249084473,1.722769856452942,55.60765075683594,1.1869438886642456
2658,150.05763001502734,2.190904378890991,4.0242438316345215,58.75494384765625,1.1869090795516968
2659,124.53166707974171,0.12505853176116943,7.572665214538574,61.3358039855957,1.1868305206298828
2660,114.00243554243141,-0.9527492523193359,28.515830993652344,63.61965560913086,1.1867300271987915
2661,173.8637896288789,3.229569435119629,2.5344109535217285,51.729515075683594,1.186599850654602
2662,156.5566451681602,2.655979871749878,2.8940324783325195,58.931549072265625,1.1865143775939941
2663,89.18344835569998,-1.1616626977920532,58.118194580078125,65.85395050048828,1.1864618062973022
2664,117.9678513802093,0.1677018404006958,15.041457176208496,62.10466003417969,1.1864010095596313
2665,121.17471280713292,0.8303518295288086,3.4043028354644775,58.95387649536133,1.1863707304000854
2666,78.33237198615792,-3.1871845722198486,68.30610656738281,68.14837646484375,1.18633234500885
2667,157.98882530212254,2.5757992267608643,2.271263837814331,50.55339431762695,1.1862616539001465
2668,106.587328965045,-0.423092782497406,16.423696517944336,63.25487518310547,1.1861886978149414
2669,136.72000808785737,2.282557725906372,2.140852451324463,55.350791931152344,1.186240315437317
2670,133.1967842560825,1.520613193511963,1.9135169982910156,55.88875961303711,1.1862841844558716
2671,95.38725669530747,-0.6993407011032104,19.951574325561523,62.786800384521484,1.1863492727279663
2672,143.34887189871048,2.516669511795044,2.52130126953125,47.45791244506836,1.186440110206604
2673,111.7283567916664,0.037207189947366714,5.826700210571289,58.43382263183594,1.1864985227584839
2674,93.03802319517357,-0.7282082438468933,14.619880676269531,62.38946533203125,1.1865991353988647
2675,97.53907883162208,-0.9821701645851135,7.759235858917236,61.085289001464844,1.186668038368225
2676,146.30604462203928,2.2207677364349365,1.8459595441818237,52.435672760009766,1.1867097616195679
2677,112.61610054797312,0.003097721841186285,3.4894752502441406,56.1042366027832,1.1866999864578247
2678,129.28360218168174,1.7653156518936157,2.2208292484283447,47.0573844909668,1.1867228746414185
2679,88.82568774758698,-1.5056792497634888,6.65632438659668,61.21662521362305,1.1867467164993286
2680,85.83526586262263,-2.5737719535827637,12.283534049987793,63.09915542602539,1.1867293119430542
2681,96.65823041881823,-0.7195004820823669,10.55107593536377,60.000877380371094,1.1867321729660034
2682,100.98500776465639,0.2747825086116791,4.714922904968262,54.61726379394531,1.1868022680282593
2683,125.22960432033113,1.45097815990448,2.8314898014068604,47.67744445800781,1.1868630647659302
2684,106.21234999031448,0.2675047516822815,4.233456134796143,52.05044937133789,1.1869369745254517
2685,123.26741397754157,1.3316318988800049,2.513683319091797,47.48636245727539,1.1869982481002808
2686,72.68636304983286,-2.4539754390716553,16.97676658630371,64.71720886230469,1.1870934963226318
2687,106.25925700343339,0.56209796667099,4.372202396392822,49.8276252746582,1.1872059106826782
2688,95.04070360534001,-0.6125671863555908,5.038879871368408,50.42158889770508,1.187294840812683
2689,100.691293379023,0.47715282440185547,5.606335163116455,49.57379150390625,1.1874037981033325
2690,99.97257387637103,-0.23300082981586456,3.98004150390625,46.35809326171875,1.1874536275863647
2691,78.32491204919633,-2.3530757427215576,7.219858646392822,51.719974517822266,1.1874598264694214
2692,68.56490508348243,-4.497651100158691,16.853391647338867,59.96278762817383,1.1874090433120728
2693,89.85787222559341,-0.4540260136127472,6.028731346130371,46.26676559448242,1.1873654127120972
2694,62.94283424949273,-3.895800828933716,18.141069412231445,57.482261657714844,1.187322735786438
2695,66.75476875731894,-2.2424497604370117,13.263124465942383,53.076438903808594,1.1873480081558228
2696,66.86294742753911,-3.662870407104492,14.679065704345703,51.82905960083008,1.187343955039978
2697,67.05577088341155,-1.7727484703063965,15.776247024536133,51.82685089111328,1.1874128580093384
2698,125.52286389835113,2.5004663467407227,5.622819423675537,32.750186920166016,1.1874719858169556
2699,73.47889934976881,-1.330749750137329,11.24433422088623,45.17993927001953,1.1875375509262085
2700,59.24650129352101,-3.7355220317840576,22.18301010131836,51.37190628051758,1.1875911951065063
2701,67.8795674702766,-1.7185633182525635,14.801836013793945,46.18340301513672,1.1876546144485474
2702,58.54610879707575,-2.3973803520202637,21.194313049316406,48.83129119873047,1.1877321004867554
2703,64.48837336808333,-2.8970935344696045,17.6038818359375,44.65596008300781,1.187782883644104
2704,80.16557331179618,0.3584131896495819,11.069165229797363,37.278053283691406,1.1878403425216675
2705,82.07691462606641,0.44763118028640747,9.188735008239746,36.11960220336914,1.187888503074646
2706,89.97718006591228,1.7291010618209839,7.610228061676025,31.56195068359375,1.1879481077194214
2707,73.22367479590476,-0.4969305694103241,9.256007194519043,34.66932678222656,1.1879239082336426
2708,96.18624240031119,2.176032543182373,6.39549446105957,28.111637115478516,1.1878865957260132
2709,79.50996793783362,0.592664361000061,6.39776611328125,30.547325134277344,1.1878219842910767
2710,69.28415798822712,0.6579928398132324,7.212922096252441,31.367782592773438,1.187778353691101
2711,60.99852832764633,-0.3576601445674896,7.706082344055176,30.49280548095703,1.187730073928833
2712,71.22260324895676,0.44936197996139526,6.650514125823975,27.12042236328125,1.1876568794250488
2713,64.14910889684347,0.40229856967926025,8.05461311340332,27.892536163330078,1.1875923871994019
2714,75.74639017405971,1.691241979598999,5.450982093811035,23.950883865356445,1.1875172853469849
2715,66.48692164775088,0.18132884800434113,7.917778491973877,25.204740524291992,1.1874033212661743
2716,72.90243495522887,1.8715338706970215,6.815895080566406,23.18680763244629,1.18729567527771
2717,75.62622769732525,1.277020812034607,5.964044094085693,22.114500045776367,1.187135100364685
2718,103.67922145580484,4.670332431793213,3.1416687965393066,17.754390716552734,1.1870427131652832
2719,142.9328752136719,5.822607040405273,3.443326950073242,15.255773544311523,1.18695068359375
2720,90.8098364018983,4.309507369995117,4.289707660675049,19.273193359375,1.186895489692688
2721,78.07784957314932,3.058255910873413,5.638923168182373,21.102855682373047,1.18679678440094
2722,104.88071325321924,4.798272609710693,3.4749298095703125,17.706707000732422,1.186711072921753
2723,88.3012004848108,4.283698558807373,4.388260841369629,20.214332580566406,1.1866660118103027
2724,124.82391862786615,5.88022518157959,2.9691030979156494,16.287555694580078,1.186650037765503
2725,127.69017757205366,6.014822483062744,3.798830986022949,17.158971786499023,1.186645746231079
2726,96.04052336724419,3.918417453765869,3.8461074829101562,19.72132682800293,1.1865864992141724
2727,132.04369224956287,5.849096298217773,3.1819446086883545,17.396438598632812,1.1865142583847046
2728,99.24653310235028,4.9978179931640625,3.809570789337158,19.871883392333984,1.186475157737732
2729,112.89798023664991,6.156817436218262,3.471662998199463,19.866056442260742,1.1865085363388062
2730,121.0931570350394,5.792906761169434,3.049574136734009,18.2222900390625,1.186601996421814
2731,135.96982536207003,6.158737659454346,3.318434476852417,18.68094825744629,1.1866683959960938
2732,156.80766121907442,6.884322166442871,3.7660107612609863,18.001995086669922,1.1867395639419556
2733,103.04178353823953,4.883538722991943,4.392569541931152,21.47733497619629,1.1868056058883667
2734,134.80554345211445,6.061691761016846,3.8646411895751953,19.680805206298828,1.1868720054626465
2735,125.78001611126126,5.975960731506348,3.8513896465301514,21.249521255493164,1.1869608163833618
2736,152.0203644547774,6.752427577972412,4.20820951461792,19.602970123291016,1.187052607536316
2737,149.9532592358474,6.661288261413574,4.326470851898193,20.240819931030273,1.18716561794281
2738,159.77449514766602,6.6902618408203125,4.41200065612793,19.54117202758789,1.187250018119812
2739,139.66880824889313,6.154553413391113,4.646601676940918,21.562301635742188,1.1873286962509155
2740,145.12430249376777,6.005580902099609,4.901302814483643,21.451234817504883,1.1873737573623657
2741,137.58613225669893,6.5000529289245605,5.277764320373535,22.4256534576416,1.1874966621398926
2742,120.76432404121152,5.341819763183594,5.9114203453063965,24.06252670288086,1.187605381011963
2743,155.90957175412518,6.9098944664001465,5.838423252105713,22.728958129882812,1.187732219696045
2744,126.59820958569665,5.3437275886535645,6.319057941436768,23.996883392333984,1.1878349781036377
2745,145.65609054450917,6.010553359985352,6.349345684051514,23.673057556152344,1.1879225969314575
2746,169.28374355022723,6.487776279449463,6.346813678741455,23.33784294128418,1.1879805326461792
2747,169.8008880486799,6.8766560554504395,6.36133337020874,23.404802322387695,1.1880587339401245
2748,140.74835883916992,6.133742809295654,6.748699188232422,24.645265579223633,1.1881622076034546
2749,170.33646675840637,6.320012092590332,6.483651638031006,23.87703514099121,1.1882442235946655
2750,141.019759626709,5.5437774658203125,7.134006500244141,25.21001434326172,1.1882721185684204
2751,160.88337156182658,7.16987419128418,7.270686149597168,25.333599090576172,1.1884034872055054
2752,171.2129907694584,6.899922847747803,7.110935211181641,25.151897430419922,1.188543438911438
2753,173.2791961464108,6.943154335021973,7.152773380279541,25.856491088867188,1.1886969804763794
2754,165.11676517078885,6.976137638092041,7.314973831176758,26.007034301757812,1.188909649848938
2755,171.09266024039246,7.157900333404541,7.708665370941162,26.861495971679688,1.1891371011734009
2756,171.48565096559975,6.673132419586182,7.383230686187744,26.68337631225586,1.1893507242202759
2757,171.7443624449041,6.969788551330566,8.169200897216797,26.924654006958008,1.1895966529846191
2758,169.54365527340124,6.978123188018799,7.622743129730225,27.253679275512695,1.189873218536377
2759,145.12792086638257,4.113698482513428,7.6720356941223145,28.938024520874023,1.189975619316101
2760,178.71776252844026,7.179198265075684,7.986264705657959,28.44658660888672,1.1900839805603027
2761,179.99467574153346,5.8662896156311035,8.023839950561523,28.899202346801758,1.1901363134384155
2762,176.97110259471424,6.994141578674316,7.933806896209717,29.134265899658203,1.1902316808700562
2763,172.54428522142607,6.5536322593688965,8.105948448181152,29.679771423339844,1.190317988395691
2764,173.5526180023136,7.052774906158447,8.208372116088867,30.19659423828125,1.190441608428955
2765,183.77815599227293,7.016083717346191,8.718754768371582,30.675092697143555,1.1905622482299805
2766,171.10128161567079,6.5489301681518555,9.310049057006836,31.222793579101562,1.1907099485397339
2767,170.46437556226013,5.802394390106201,9.784454345703125,31.472335815429688,1.1907979249954224
2768,170.1603555838181,6.435116767883301,10.820551872253418,31.93059730529785,1.1909241676330566
2769,173.10524619270078,6.869488716125488,11.387812614440918,32.5286865234375,1.1910910606384277
2770,171.4996937400927,5.7017951011657715,11.914796829223633,33.03965759277344,1.1912084817886353
2771,175.10540504067257,6.4441351890563965,12.203058242797852,33.27657699584961,1.191315770149231
2772,174.90342053171958,6.243988037109375,12.283869743347168,33.840553283691406,1.191396713256836
2773,172.57418414543304,5.552091121673584,12.392064094543457,34.37083053588867,1.191414713859558
2774,169.47545821336232,5.475175857543945,11.995976448059082,34.578521728515625,1.1914076805114746
2775,167.69445944768387,5.950911045074463,11.880424499511719,34.912235260009766,1.1914678812026978
2776,168.06404786308644,5.896225929260254,12.227208137512207,35.133766174316406,1.1915377378463745
2777,172.9600290815112,6.222330093383789,12.686368942260742,35.87522888183594,1.191614031791687
2778,179.4197824243452,4.866203308105469,12.710196495056152,36.23729705810547,1.1916249990463257
2779,166.76217261229112,5.001336097717285,12.770509719848633,36.35253143310547,1.1916102170944214
2780,175.84402285269877,5.387589931488037,12.896964073181152,36.970211029052734,1.191558837890625
2781,187.18082986800272,5.962705612182617,13.088576316833496,37.302528381347656,1.1914747953414917
2782,169.59290622119693,6.046358585357666,13.635111808776855,37.69795227050781,1.1914221048355103
2783,172.4015427319718,6.4012627601623535,13.496149063110352,38.15704345703125,1.1914430856704712
2784,174.32644656892685,6.0469512939453125,14.146328926086426,38.48744201660156,1.1914843320846558
2785,172.50479881016324,5.414102554321289,15.75649356842041,38.87591552734375,1.1914979219436646
2786,182.30622068896653,6.486337661743164,16.51140022277832,39.20011901855469,1.191548228263855
2787,169.56059441373844,5.230456352233887,17.381282806396484,39.447303771972656,1.1915779113769531
2788,169.9646940835092,5.893857479095459,18.197383880615234,39.670997619628906,1.1916260719299316
2789,172.5742106390729,6.421835422515869,18.869298934936523,39.82095718383789,1.1917341947555542
2790,173.16473396061565,5.73787260055542,18.75303077697754,39.99546432495117,1.191828966140747
2791,170.35144489171353,5.70208215713501,19.30027198791504,40.18510055541992,1.191939115524292
2792,171.2423874148375,5.683191776275635,19.787118911743164,40.357601165771484,1.1920348405838013
2793,172.18494378290796,6.166784286499023,18.905912399291992,40.509159088134766,1.1921857595443726
2794,170.41709111788646,5.546435356140137,18.885570526123047,40.69944381713867,1.1923332214355469
2795,171.3835796083113,6.240274429321289,19.547195434570312,40.8409423828125,1.1925064325332642
2796,173.54088071649483,4.495743274688721,19.006444931030273,40.98601150512695,1.192594051361084
2797,171.53684904827446,5.4286298751831055,19.05261993408203,41.13410949707031,1.192665457725525
2798,176.46300124692664,5.561490535736084,18.813568115234375,41.23365783691406,1.1927131414413452
2799,165.02662275318553,5.51347017288208,18.56620216369629,41.46638107299805,1.1928530931472778
2800,176.46195896393561,5.460740089416504,17.317121505737305,41.50609588623047,1.1929670572280884
2801,170.04379279745814,4.533505439758301,16.848920822143555,41.54255294799805,1.1930153369903564
2802,170.00880248215836,6.002430438995361,16.91384506225586,41.52653884887695,1.1931122541427612
2803,171.18210814832472,5.645306587219238,16.164281845092773,41.57096862792969,1.1932082176208496
2804,170.25532223157614,5.620911598205566,16.22193717956543,41.67194366455078,1.193315863609314
2805,174.9343284957944,5.427863121032715,15.97707748413086,41.75089645385742,1.1933928728103638
2806,177.64807783032236,5.7383599281311035,15.907269477844238,41.89242172241211,1.1934648752212524
2807,177.4956365584669,5.995460510253906,16.091323852539062,42.08917999267578,1.1935447454452515
2808,169.41000672255853,5.173237323760986,16.160900115966797,42.422332763671875,1.1936324834823608
2809,171.4917117692631,4.384099960327148,16.312868118286133,42.516357421875,1.1936572790145874
2810,174.51745593023352,6.30481481552124,16.903589248657227,42.77390670776367,1.193785548210144
2811,167.51142904271018,5.3276166915893555,16.8531436920166,43.03418731689453,1.1939319372177124
2812,167.66092646299882,5.1100239753723145,17.159433364868164,43.20396423339844,1.1940582990646362
2813,168.9803515092719,5.74104118347168,17.327922821044922,43.4448356628418,1.194210410118103
2814,172.07016156035795,5.981496810913086,17.11850929260254,43.65814971923828,1.1944280862808228
2815,181.1649073295026,5.820200443267822,16.110719680786133,43.86963653564453,1.1946663856506348
2816,164.51541117826758,4.905595779418945,16.6944637298584,44.009830474853516,1.1948786973953247
2817,168.113415421333,4.2271575927734375,15.308072090148926,43.96791076660156,1.1950219869613647
2818,190.47006048587647,5.464076042175293,14.006189346313477,44.168819427490234,1.1951349973678589
2819,165.2930566701269,4.4131927490234375,14.899882316589355,44.11425018310547,1.195208191871643
2820,166.52536366380667,5.13259744644165,13.841289520263672,44.10086441040039,1.195313572883606
2821,171.3042923739287,4.87103271484375,13.559272766113281,44.081363677978516,1.1953825950622559
2822,165.8777232843304,5.54323148727417,13.665452003479004,44.159549713134766,1.1954973936080933
2823,160.6623795146196,4.64891242980957,13.29822826385498,44.31912612915039,1.1956239938735962
2824,164.93372670139757,5.176088333129883,12.827298164367676,44.37018585205078,1.1957794427871704
2825,166.1505751380818,5.488672733306885,12.61189079284668,44.406288146972656,1.1960200071334839
2826,171.57500681087367,5.17798376083374,12.624704360961914,44.377662658691406,1.1962443590164185
2827,174.72895648469088,5.350618839263916,12.865774154663086,44.72491455078125,1.196458339691162
2828,170.11888232659757,5.263004779815674,13.05116081237793,44.76420593261719,1.1966969966888428
2829,174.00612621499562,5.130115032196045,13.055012702941895,45.05527877807617,1.1969114542007446
2830,166.1119130350251,3.819437026977539,13.26821517944336,45.35186767578125,1.1970555782318115
2831,162.7581226256749,4.4632978439331055,13.833938598632812,45.702125549316406,1.1971794366836548
2832,166.87967373211245,4.491264820098877,14.248550415039062,45.84700393676758,1.1972602605819702
2833,172.59618732580358,5.135316848754883,14.493599891662598,46.095420837402344,1.197341799736023
2834,176.577273033288,5.604790210723877,14.896072387695312,46.30600357055664,1.1974824666976929
2835,165.00587566320937,4.216464519500732,17.991846084594727,46.98014831542969,1.1976155042648315
2836,166.12074551798497,4.16195821762085,15.960533142089844,46.71855545043945,1.1977053880691528
2837,168.22215360362426,4.788201332092285,15.858011245727539,46.928794860839844,1.197799801826477
2838,162.86890405548127,4.09310245513916,16.10736656188965,47.1997184753418,1.1978709697723389
2839,164.4508637728985,4.893008232116699,15.024345397949219,47.25325012207031,1.197974681854248
2840,176.54172046787784,5.336592674255371,15.697772026062012,47.145477294921875,1.1980899572372437
2841,178.44307844391946,5.12514066696167,14.80927848815918,47.22938919067383,1.198194980621338
2842,171.17841704106462,4.964354515075684,14.682479858398438,47.355018615722656,1.1983097791671753
2843,163.6060223610984,4.857197284698486,15.78510570526123,47.724853515625,1.1984597444534302
2844,176.03654712980793,4.898674964904785,14.902812957763672,47.50761032104492,1.198582410812378
2845,167.9020824719217,4.727766513824463,14.995200157165527,47.78249740600586,1.198703408241272
2846,177.86437523835545,5.327914714813232,14.842737197875977,47.883358001708984,1.1988462209701538
2847,185.04964044516737,4.370861530303955,15.01110553741455,48.11990737915039,1.1989386081695557
2848,172.27611695567327,4.639725208282471,14.759237289428711,48.0728645324707,1.1990162134170532
2849,173.10813672191554,5.218735694885254,15.101940155029297,48.36381149291992,1.1991589069366455
2850,164.09441674776295,3.7988152503967285,16.287946701049805,48.88987731933594,1.1992732286453247
2851,170.74056349187086,5.1147942543029785,15.247162818908691,48.67921829223633,1.1994199752807617
2852,167.11167722879367,4.358747482299805,15.339925765991211,48.95172119140625,1.1995443105697632
2853,173.20579513726145,4.973850727081299,15.986852645874023,49.13569259643555,1.1996687650680542
2854,179.6169013136417,4.157689571380615,15.174710273742676,49.231990814208984,1.1997568607330322
2855,167.8604653604909,4.56573486328125,15.572834014892578,49.62732696533203,1.1998661756515503
2856,174.38658723211157,5.393146514892578,14.456327438354492,49.40842819213867,1.2000805139541626
2857,169.61445712826838,3.6672706604003906,13.877171516418457,49.681640625,1.2002214193344116
2858,173.95620682834502,4.636453151702881,12.618840217590332,49.64243698120117,1.2003425359725952
2859,169.49130728439653,4.48734188079834,10.897941589355469,49.463096618652344,1.2004529237747192
2860,171.89111792610888,4.735423564910889,10.141737937927246,49.17974853515625,1.200566291809082
2861,166.7421987958619,3.7256481647491455,9.991148948669434,48.890716552734375,1.2006115913391113
2862,170.1839420650061,3.791461706161499,10.06317138671875,48.983558654785156,1.2006256580352783
2863,174.71529431321423,4.7754106521606445,9.831926345825195,49.13452911376953,1.2006477117538452
2864,175.70021506534619,4.806328296661377,9.964816093444824,49.3912467956543,1.2006794214248657
2865,163.78675531474502,4.831249713897705,10.685968399047852,49.653587341308594,1.2007845640182495
2866,171.0731420461744,4.351207256317139,10.150728225708008,49.7509880065918,1.2008639574050903
2867,183.29157337718598,5.225434303283691,10.478362083435059,50.25890350341797,1.2009750604629517
2868,178.577205025834,5.028378009796143,11.23758316040039,50.74497604370117,1.20110023021698
2869,187.72806752120096,5.049800872802734,12.022494316101074,51.22903823852539,1.2012208700180054
2870,178.75703919570626,4.940975666046143,12.050529479980469,51.44115447998047,1.2013487815856934
2871,174.14344027672138,4.474677562713623,11.718901634216309,51.44484329223633,1.2014652490615845
2872,176.442156219946,5.128668785095215,12.262070655822754,51.64976119995117,1.2016652822494507
2873,171.72402863384787,3.7009499073028564,12.51400375366211,51.78616714477539,1.2018013000488281
2874,170.36908265292791,4.933618068695068,12.21730899810791,51.74321746826172,1.2020344734191895
2875,194.7962772936987,5.589777946472168,11.449603080749512,52.05241012573242,1.2022862434387207
2876,177.26717337222684,4.129667282104492,11.45814323425293,51.795162200927734,1.2024837732315063
2877,186.50334362423885,5.307704448699951,11.181303977966309,51.92133712768555,1.2027305364608765
2878,174.3813557641226,4.029080390930176,10.96081829071045,51.80723571777344,1.2029131650924683
2879,184.79025822598535,3.917710304260254,11.150920867919922,51.98538589477539,1.2030110359191895
2880,175.57809978932465,3.8587849140167236,10.9994478225708,52.060733795166016,1.2030712366104126
2881,178.23480045758146,5.318439483642578,11.200448989868164,52.04345703125,1.203180193901062
2882,193.2637229992747,5.668630599975586,11.269451141357422,52.78217697143555,1.2033780813217163
2883,175.1940524167099,3.4220330715179443,11.438032150268555,52.7357292175293,1.2034952640533447
2884,176.7212588416373,4.800984859466553,11.402006149291992,52.671409606933594,1.2036319971084595
2885,166.14737405343595,3.1723759174346924,11.918967247009277,53.235450744628906,1.203729271888733
2886,179.18550984103857,5.042708396911621,11.960344314575195,53.2412223815918,1.203852653503418
2887,179.75675758819924,4.192679405212402,11.737066268920898,53.32929229736328,1.203950047492981
2888,169.703409638843,2.9820973873138428,12.113802909851074,53.693214416503906,1.203991413116455
2889,173.73184588814433,3.6940040588378906,12.227363586425781,53.67319869995117,1.2040005922317505
2890,181.10235585245528,4.861927509307861,12.015837669372559,53.8378791809082,1.2040762901306152
2891,173.86674458987903,4.533514976501465,12.383150100708008,54.11931228637695,1.204195499420166
2892,172.56614579373723,3.8199853897094727,12.513883590698242,54.27139663696289,1.2042871713638306
2893,169.98116282131906,3.7837963104248047,12.195777893066406,54.21430969238281,1.2043534517288208
2894,170.78270115663676,4.711641788482666,17.603805541992188,54.69766616821289,1.2045046091079712
2895,181.12347523297223,4.329908847808838,12.084024429321289,54.60738754272461,1.2046421766281128
2896,176.4229147693136,4.509261608123779,12.468523979187012,54.71731948852539,1.2048043012619019
2897,178.48483581185346,4.637620449066162,11.795225143432617,54.818382263183594,1.20498788356781
2898,164.23833306274784,3.674976348876953,11.587571144104004,54.81336212158203,1.2051467895507812
2899,175.77345082738256,4.473145484924316,10.610433578491211,54.5878791809082,1.2053346633911133
2900,171.24314531984052,3.8087568283081055,10.345145225524902,54.763206481933594,1.205491065979004
2901,166.37847896485027,3.4961297512054443,10.103508949279785,54.558006286621094,1.2056280374526978
2902,165.02751084481574,3.6478517055511475,10.013337135314941,54.59724426269531,1.2057580947875977
2903,173.42137993325915,4.4754815101623535,10.506985664367676,54.753929138183594,1.2059309482574463
2904,170.15949256066597,4.37653112411499,10.172342300415039,54.57404327392578,1.2061762809753418
2905,147.1600914947867,3.468269109725952,34.55371856689453,58.63945388793945,1.206430196762085
2906,179.07848120233265,4.062444686889648,9.949047088623047,54.953643798828125,1.2066402435302734
2907,121.47945353550874,1.7640254497528076,44.34291458129883,58.71293258666992,1.2068334817886353
2908,175.12498771100746,4.21315860748291,9.833824157714844,55.60639953613281,1.2070399522781372
2909,173.76377170227153,3.835883140563965,8.13077449798584,54.93466567993164,1.2072168588638306
2910,137.15715116215745,0.5473459362983704,43.20257568359375,59.58713150024414,1.2073273658752441
2911,167.59102658659663,3.8447964191436768,9.035338401794434,56.63108444213867,1.2074345350265503
2912,158.24169598847402,3.5335164070129395,7.126856327056885,56.21487045288086,1.2075660228729248
2913,146.07141375952096,3.6827774047851562,17.837539672851562,58.23533630371094,1.2078393697738647
2914,171.24455972747472,3.9217593669891357,5.881118297576904,53.15204620361328,1.2080827951431274
2915,129.56696236690414,2.4801623821258545,21.30354881286621,58.34858322143555,1.2083402872085571
2916,150.40864770726097,3.338731527328491,6.158437252044678,55.085330963134766,1.2086282968521118
2917,169.5486803425549,4.022348403930664,6.180253028869629,51.827213287353516,1.2089112997055054
2918,127.34851181656907,0.4659777283668518,19.31101417541504,58.73396682739258,1.2090991735458374
2919,172.27004074618392,3.958559274673462,6.2933244705200195,51.77638626098633,1.2092593908309937
2920,128.48114960794905,1.859511137008667,14.305486679077148,58.34090042114258,1.209391713142395
2921,168.86699926739206,4.06935453414917,6.3807806968688965,50.45280838012695,1.209539532661438
2922,171.0694588193376,3.9238779544830322,6.50058126449585,51.546112060546875,1.2096692323684692
2923,178.41066101234716,3.68908429145813,6.690479278564453,51.76729202270508,1.2097291946411133
2924,181.60072362758604,4.346581935882568,6.9630513191223145,52.02054214477539,1.2097903490066528
2925,169.89572631481232,4.5935959815979,6.834473609924316,51.050418853759766,1.2100614309310913
2926,171.17373862422443,3.3691506385803223,6.769008159637451,51.27304458618164,1.2102473974227905
2927,180.78849099456613,4.6630730628967285,6.853575229644775,52.433380126953125,1.2104588747024536
2928,176.1960446151615,4.580848217010498,6.728417873382568,52.333412170410156,1.210739254951477
2929,185.91325634600557,4.074142932891846,7.2974138259887695,53.28621292114258,1.2109612226486206
2930,177.42773740087355,4.3375654220581055,7.332837104797363,53.0169563293457,1.211185336112976
2931,178.7659610674095,4.199882984161377,6.933335304260254,53.5612907409668,1.2114259004592896
2932,176.63176688978444,3.537046194076538,7.3206257820129395,53.520530700683594,1.2116050720214844
2933,174.84342607414564,4.2328691482543945,7.705618381500244,53.73122024536133,1.2118340730667114
2934,167.68578838985445,3.7490086555480957,8.595768928527832,53.04370880126953,1.2120723724365234
2935,175.87872130509692,3.3447835445404053,8.45901870727539,55.16108703613281,1.2122299671173096
2936,181.11528869230716,4.181921482086182,9.208681106567383,55.605926513671875,1.2124055624008179
2937,172.0106501986091,3.6092281341552734,9.149163246154785,56.01786804199219,1.2125543355941772
2938,177.80887638239238,4.0352582931518555,9.037314414978027,56.65007400512695,1.2127200365066528
2939,174.95695127486755,3.2441623210906982,9.78122615814209,56.98180389404297,1.2128217220306396
2940,177.24921738051276,3.499267101287842,9.603344917297363,57.6751708984375,1.2128863334655762
2941,174.4572009209785,3.6242783069610596,11.208221435546875,58.73716735839844,1.2129473686218262
2942,165.88322449748992,2.7952704429626465,12.374452590942383,58.23816680908203,1.2129976749420166
2943,170.11029332779145,3.205306053161621,12.022876739501953,59.26145553588867,1.2130463123321533
2944,172.11487015646367,3.2934887409210205,12.330484390258789,60.11003875732422,1.2130969762802124
2945,178.62004877914802,3.891287088394165,11.661008834838867,60.22444534301758,1.2131644487380981
2946,181.0886923801035,3.923797607421875,11.423548698425293,60.528785705566406,1.2132781744003296
2947,170.65348377117925,2.943153142929077,10.82228946685791,60.56901168823242,1.2133598327636719
2948,166.65793969299548,2.952359199523926,11.213027000427246,60.895477294921875,1.2134547233581543
2949,170.2069591542429,3.837648630142212,10.573868751525879,60.58590316772461,1.2136343717575073
2950,176.59659131743354,3.4858758449554443,10.726290702819824,60.90711975097656,1.2138060331344604
2951,175.0353454151575,3.0846328735351562,10.400275230407715,60.6907958984375,1.213940978050232
2952,169.09416531283227,2.385521411895752,10.33005428314209,60.65210723876953,1.2140058279037476
2953,171.2344650933512,3.1000704765319824,9.843387603759766,60.23637008666992,1.2140485048294067
2954,170.51278160673877,2.868563652038574,9.378681182861328,60.205596923828125,1.214074969291687
2955,167.98609727278895,3.3518247604370117,9.08889102935791,60.276023864746094,1.2141609191894531
2956,174.4326756498459,3.0847744941711426,8.644767761230469,60.10517883300781,1.2141894102096558
2957,166.8515626843722,2.9430978298187256,8.692435264587402,59.81045913696289,1.2142359018325806
2958,168.1426080971007,2.3396835327148438,8.690589904785156,59.82465362548828,1.2142301797866821
2959,162.69654973850996,2.896703004837036,9.772648811340332,58.631099700927734,1.214276671409607
2960,169.3539774217965,3.3735604286193848,8.63272476196289,59.56216812133789,1.2143574953079224
2961,172.30729778541664,3.90993070602417,8.576457023620605,59.65937805175781,1.2146100997924805
2962,170.06583476510167,2.7295613288879395,9.002812385559082,59.72978210449219,1.214819073677063
2963,167.3904681656888,2.8969738483428955,8.58004093170166,58.90268325805664,1.2150192260742188
2964,172.3224492461233,2.888042688369751,8.89627742767334,59.19646072387695,1.215187668800354
2965,169.4013689603356,3.005753517150879,10.219279289245605,58.95821762084961,1.2153372764587402
2966,169.16487135734636,3.337660789489746,9.673676490783691,58.81716537475586,1.2155159711837769
2967,175.94910352458882,3.026510000228882,9.082525253295898,59.0740966796875,1.2156577110290527
2968,162.75025688800773,2.556018114089966,9.338147163391113,57.757057189941406,1.2157660722732544
2969,174.02772194160292,3.631953477859497,9.289680480957031,58.95391845703125,1.2159101963043213
2970,171.06625684848558,3.470935344696045,8.953227996826172,58.8371467590332,1.2161222696304321
2971,170.21159330708227,3.0567102432250977,9.342412948608398,59.1531867980957,1.2163162231445312
2972,166.0215733559957,1.871185541152954,9.044706344604492,58.39167404174805,1.2164511680603027
2973,166.02766875895972,2.663252353668213,9.151862144470215,58.38371658325195,1.216568112373352
2974,155.0190818095795,1.6946998834609985,9.896618843078613,61.23012924194336,1.2166160345077515
2975,171.1717471902939,1.5018813610076904,9.412283897399902,58.639434814453125,1.2165864706039429
2976,171.3183146536736,2.8072080612182617,9.562549591064453,59.91462326049805,1.216539978981018
2977,173.44884674099873,3.1468346118927,10.046788215637207,60.97367477416992,1.2165101766586304
2978,175.6716667391475,3.169766664505005,10.632539749145508,61.333396911621094,1.2164897918701172
2979,175.4841796275683,2.610114097595215,11.671703338623047,62.406761169433594,1.2164362668991089
2980,138.1896995856327,1.5379174947738647,17.334449768066406,66.31764221191406,1.2164088487625122
2981,172.37291718315865,2.8933393955230713,12.18911361694336,62.64326858520508,1.2163954973220825
2982,176.75911951532703,2.37754487991333,12.107988357543945,63.487518310546875,1.2163556814193726
2983,179.6918237520182,2.462876796722412,11.676186561584473,63.649505615234375,1.216268539428711
2984,200.7930993177811,3.5901010036468506,10.938139915466309,65.43692779541016,1.216188907623291
2985,175.35345315653842,2.8525354862213135,10.819058418273926,64.00724792480469,1.2161204814910889
2986,178.77944980078803,3.2096590995788574,10.094270706176758,64.76497650146484,1.216169834136963
2987,151.96192088165782,1.7609682083129883,14.270907402038574,66.51253509521484,1.2162178754806519
2988,121.5818523082417,-1.324633240699768,33.74026870727539,72.3996810913086,1.2162240743637085
2989,169.49144743230013,2.297403573989868,9.300924301147461,64.4841079711914,1.2162151336669922
2990,172.80617729562312,2.1661429405212402,9.214677810668945,65.09144592285156,1.216165542602539
2991,125.40093040119554,0.03161907196044922,38.3648567199707,73.791748046875,1.2161177396774292
2992,185.71621704533226,3.3016276359558105,8.929099082946777,66.22705078125,1.2161270380020142
2993,180.42056694206656,3.1994733810424805,9.234777450561523,66.6559829711914,1.216185212135315
2994,169.74338897154755,2.493246555328369,9.566186904907227,65.86361694335938,1.2162424325942993
2995,189.62268133756947,3.4201600551605225,9.345163345336914,67.57022094726562,1.2163811922073364
2996,138.3243734320957,-0.21714504063129425,26.178211212158203,71.64020538330078,1.2164497375488281
2997,131.31189434311497,1.1946496963500977,32.28047561645508,74.46846008300781,1.2166199684143066
2998,179.57883310365565,2.629659652709961,10.04656982421875,67.60111236572266,1.2167682647705078
2999,177.9194729691368,2.3903892040252686,10.257181167602539,67.84223175048828,1.2168861627578735
3000,186.1777801550214,2.4708383083343506,10.069378852844238,68.335205078125,1.2169499397277832
3001,184.2890900058676,2.820371389389038,10.216285705566406,68.26358032226562,1.2170056104660034
3002,177.7034864485825,2.1619346141815186,10.657780647277832,68.49925994873047,1.2170112133026123
3003,188.51692679894816,2.4105584621429443,10.39862060546875,68.89490509033203,1.2169674634933472
3004,183.98781332069223,2.873433828353882,11.266317367553711,69.09676361083984,1.2169479131698608
3005,187.95742646125254,2.9852490425109863,10.130236625671387,68.77888488769531,1.216941237449646
3006,197.25529909697585,2.2258646488189697,10.073787689208984,69.53389739990234,1.2168819904327393
3007,183.37017732378385,2.921971082687378,10.017984390258789,68.47138977050781,1.2168502807617188
3008,179.29302356905072,2.7182698249816895,10.266727447509766,68.44319915771484,1.2168354988098145
3009,186.44223800970803,2.791125535964966,10.391271591186523,68.9577865600586,1.216821312904358
3010,178.3970000542226,3.015594244003296,11.614590644836426,68.40038299560547,1.2168474197387695
3011,175.35730548129413,1.7088720798492432,10.529779434204102,67.1934585571289,1.2168136835098267
3012,175.90416944963528,2.931983232498169,10.063699722290039,67.40277099609375,1.2168632745742798
3013,187.28747766974163,3.098963975906372,10.102034568786621,68.6700210571289,1.2169466018676758
3014,177.74233645811395,2.6487860679626465,10.917064666748047,68.25208282470703,1.2170323133468628
3015,189.4334884592237,2.9546782970428467,10.000288963317871,69.31415557861328,1.2171238660812378
3016,190.3563638836971,2.691368341445923,9.25286865234375,69.329345703125,1.217179536819458
3017,193.2494279809004,2.9555115699768066,8.458390235900879,69.22150421142578,1.217223048210144
3018,185.96362242045177,2.4139208793640137,7.914544582366943,68.7415771484375,1.2172164916992188
3019,183.6191099369812,3.1841251850128174,8.283670425415039,68.644775390625,1.217309832572937
3020,184.36250983675097,0.6850005984306335,8.836971282958984,69.72687530517578,1.2173027992248535
3021,182.26225408443585,3.007474899291992,8.438007354736328,69.3590316772461,1.2174519300460815
3022,183.48611060474457,3.042142152786255,8.796063423156738,69.85417175292969,1.217736840248108
3023,184.47996365681757,2.2008399963378906,9.347070693969727,70.3388671875,1.2179392576217651
3024,172.14360860480008,2.452580213546753,9.6695556640625,68.77589416503906,1.2181591987609863
3025,182.42231580929948,2.223480701446533,9.28728199005127,70.5759048461914,1.2183283567428589
3026,186.92322730154075,2.924436330795288,8.565324783325195,70.4374771118164,1.2185262441635132
3027,182.86138519427212,2.3529505729675293,8.131086349487305,70.03416442871094,1.2186874151229858
3028,187.8387073090926,3.236475706100464,8.05767822265625,70.1849594116211,1.2188999652862549
3029,191.89641489888325,2.622793197631836,7.310360431671143,70.02288055419922,1.2190784215927124
3030,182.20426018249356,2.014817953109741,7.108852863311768,69.48481750488281,1.219210147857666
3031,192.12086960559824,3.099153995513916,6.70402193069458,69.82909393310547,1.2193928956985474
3032,179.89751641957898,2.656710386276245,6.421807289123535,69.33841705322266,1.2195945978164673
3033,180.15103028620834,2.698110580444336,5.755179405212402,68.77424621582031,1.2198132276535034
3034,172.91442704809575,1.3610646724700928,6.426801681518555,69.99828338623047,1.2199501991271973
3035,169.19494020583682,2.016573667526245,5.909576416015625,67.1595687866211,1.2201114892959595
3036,188.91371815460394,2.661975622177124,5.023771286010742,69.8942642211914,1.220258116722107
3037,169.16851680402948,2.0068106651306152,8.630729675292969,72.63020324707031,1.2204121351242065
3038,189.11386857729119,2.6207172870635986,4.7230424880981445,69.61808776855469,1.2205418348312378
3039,185.55406715878308,2.5048317909240723,4.8019280433654785,69.25353240966797,1.2206534147262573
3040,170.07217073317076,2.094858407974243,4.969640254974365,67.14645385742188,1.2207560539245605
3041,182.4831296172381,2.415118455886841,4.553968906402588,68.16065979003906,1.2208253145217896
3042,190.06691169875467,2.9725825786590576,4.463687419891357,68.48041534423828,1.2209357023239136
3043,152.34377951246762,0.8214892148971558,10.38411808013916,72.0951919555664,1.2210155725479126
3044,180.1092036173947,2.380281925201416,4.571487903594971,66.77576446533203,1.2210780382156372
3045,169.30032479985795,2.1420493125915527,4.816778182983398,66.18746185302734,1.2211662530899048
3046,179.13422487747374,2.688047409057617,4.3765869140625,66.26632690429688,1.2213053703308105
3047,172.5485232220945,2.3501014709472656,4.319142818450928,66.18175506591797,1.2214757204055786
3048,182.21731520841723,2.7259554862976074,3.973325490951538,67.45919036865234,1.2217015027999878
3049,177.35188421602527,2.123894453048706,4.118307113647461,67.01322174072266,1.2218788862228394
3050,127.86592237052247,-1.2040935754776,30.429214477539062,75.09930419921875,1.2220097780227661
3051,168.62852347151826,1.5468260049819946,3.1099724769592285,66.58311462402344,1.2220584154129028
3052,174.5847547971065,2.066765308380127,2.7732582092285156,66.5345230102539,1.2220698595046997
3053,173.302810439365,2.290670156478882,3.1443703174591064,66.16673278808594,1.2221416234970093
3054,180.39773489931997,2.4721615314483643,2.0511600971221924,66.72731018066406,1.2222169637680054
3055,180.02920372240195,2.450467824935913,1.6739827394485474,66.9683609008789,1.222301959991455
3056,191.06168789070307,2.7384018898010254,1.1748334169387817,67.77940368652344,1.2223749160766602
3057,192.63428106627052,2.5804758071899414,1.0725719928741455,68.26751708984375,1.2223926782608032
3058,176.06810294119379,2.177368402481079,1.1565589904785156,65.36400604248047,1.2223833799362183
3059,183.59553897930684,2.593027114868164,1.0529659986495972,66.6161880493164,1.2224041223526
3060,182.04365163109588,2.316364288330078,1.1389789581298828,65.7058334350586,1.222385048866272
3061,177.44573483934312,2.3707404136657715,1.0362460613250732,65.94679260253906,1.2223858833312988
3062,173.1820723849034,1.9589715003967285,1.1304346323013306,65.75440979003906,1.2223438024520874
3063,173.8470398317583,1.987998366355896,1.2193268537521362,66.62323760986328,1.222275733947754
3064,183.8084820925672,2.3461129665374756,1.3423625230789185,66.38272857666016,1.2221747636795044
3065,184.26264123898773,2.707967519760132,1.4526047706604004,65.8564224243164,1.2221237421035767
3066,187.81218721666298,2.8123955726623535,1.6421526670455933,65.4483642578125,1.2221198081970215
3067,181.8893663417341,2.779616355895996,1.627103567123413,64.50706481933594,1.2221680879592896
3068,184.11030742292016,2.534104108810425,1.906706690788269,63.799346923828125,1.2221894264221191
3069,185.8365174165021,2.8299057483673096,2.061375379562378,63.3701171875,1.2222312688827515
3070,173.12482306853823,2.2947938442230225,1.7567973136901855,60.662166595458984,1.2222849130630493
3071,176.57351365038488,2.4634387493133545,2.022071361541748,61.40925598144531,1.2223314046859741
3072,175.71316897889952,2.1521060466766357,2.187437057495117,60.746761322021484,1.2223154306411743
3073,178.16543634369486,2.781243324279785,2.350963830947876,59.765201568603516,1.2223424911499023
3074,178.0936314797057,2.5550711154937744,2.798762559890747,60.07124710083008,1.222366452217102
3075,193.51851150162298,3.1629819869995117,3.2000958919525146,60.986427307128906,1.2224050760269165
3076,182.9172661243079,2.6399433612823486,3.5649783611297607,59.609954833984375,1.222412347793579
3077,181.7520771877457,2.846134662628174,3.856405258178711,58.91434097290039,1.2224295139312744
3078,189.1314241374339,3.126661539077759,4.246523857116699,59.810951232910156,1.222470760345459
3079,183.90865110171535,2.4228808879852295,4.561119556427002,58.84981155395508,1.222460389137268
3080,183.00916502360892,3.0061731338500977,5.068584442138672,58.08028793334961,1.2224667072296143
3081,174.73398379232637,2.286386251449585,5.464972496032715,55.736175537109375,1.2224223613739014
3082,184.91177997445976,3.370137929916382,5.397564888000488,57.63671112060547,1.222436785697937
3083,183.7040941790254,3.3548777103424072,5.767302989959717,57.15831756591797,1.2225136756896973
3084,184.03190402349972,2.848727226257324,6.358743667602539,56.01311492919922,1.2225632667541504
3085,188.2217358943878,3.2107062339782715,6.201248645782471,56.1689453125,1.2226096391677856
3086,185.45253889714877,3.4292056560516357,6.261450290679932,54.254600524902344,1.2226759195327759
3087,178.88251534544597,2.9834277629852295,6.464303970336914,52.73025131225586,1.2227400541305542
3088,184.44833772602993,3.392547607421875,6.225726127624512,52.91685104370117,1.2228337526321411
3089,196.1852665732505,4.258744239807129,7.315463066101074,54.40690612792969,1.2230024337768555
3090,179.8701738020181,3.4264471530914307,5.960897922515869,51.593605041503906,1.2232105731964111
3091,185.5973545138001,3.3619821071624756,6.469715595245361,50.92152786254883,1.223393440246582
3092,179.49125997525292,3.3366408348083496,6.380568027496338,49.8795280456543,1.2235945463180542
3093,187.13595723042084,3.3773441314697266,6.5583343505859375,49.661861419677734,1.2237628698349
3094,187.67081428976363,3.8947079181671143,6.623045444488525,48.241554260253906,1.2239364385604858
3095,187.78256033167978,2.4081945419311523,6.770908355712891,47.55147933959961,1.224021077156067
3096,195.82879184024185,3.9983513355255127,6.565934658050537,48.8319091796875,1.2241148948669434
3097,202.95915078356458,3.9386088848114014,6.088067054748535,49.050960540771484,1.2241735458374023
3098,182.6299628024338,4.503195285797119,6.791667938232422,46.372127532958984,1.224331021308899
3099,191.05637359920283,4.015313625335693,6.594058513641357,46.6489143371582,1.2244855165481567
3100,193.48192039153577,3.2585225105285645,6.855757713317871,46.99430847167969,1.2245744466781616
3101,184.9337771001708,2.8829917907714844,7.654475688934326,45.647708892822266,1.2245227098464966
3102,180.24749474745295,4.104226589202881,7.268199443817139,45.381832122802734,1.224524736404419
3103,196.0958064282133,3.9957361221313477,7.221106052398682,46.30170822143555,1.224467396736145
3104,172.9231484564575,3.239711284637451,7.842653751373291,48.37092208862305,1.2243801355361938
3105,188.095089480042,4.645488262176514,7.851271629333496,45.2833251953125,1.2243229150772095
3106,192.53776430374333,4.3502421379089355,8.797449111938477,45.41249084472656,1.2242636680603027
3107,194.34768754741543,4.520234107971191,8.485725402832031,44.84098434448242,1.2242025136947632
3108,186.4134870441381,4.390735149383545,8.03015422821045,44.72294998168945,1.2241458892822266
3109,161.29513621994246,3.957232713699341,8.140328407287598,46.254119873046875,1.2241655588150024
3110,184.22430352130502,4.079259872436523,8.47201156616211,44.62185287475586,1.2241649627685547
3111,151.34753802230279,3.357941150665283,8.834662437438965,51.81626892089844,1.2242608070373535
3112,169.76606954179093,4.0400166511535645,7.7028422355651855,48.63524627685547,1.2244014739990234
3113,184.34583439934764,3.7552828788757324,9.504915237426758,48.43079376220703,1.2245105504989624
3114,184.8006781613867,3.840991735458374,8.170746803283691,46.9528694152832,1.2245961427688599
3115,147.15208959495,2.1481432914733887,7.293407917022705,50.43669128417969,1.2246676683425903
3116,131.2258669513681,1.629736304283142,7.4792561531066895,50.93125534057617,1.2248142957687378
3117,126.21699255859374,0.2680758237838745,7.522459983825684,52.20016098022461,1.2249183654785156
3118,148.15187458378077,2.4179232120513916,7.880656719207764,50.98063659667969,1.2250351905822754
3119,65.88525581806634,-4.907228946685791,38.4626579284668,67.71862030029297,1.2251540422439575
3120,127.96401793228173,1.2386008501052856,7.194272994995117,50.222694396972656,1.2252821922302246
3121,163.60460007910294,3.3703653812408447,6.991534233093262,46.566558837890625,1.2254339456558228
3122,139.07436020371466,2.0563881397247314,7.104338645935059,49.31901168823242,1.225633144378662
3123,137.1920771585436,1.545739769935608,7.995022773742676,48.32971954345703,1.2258154153823853
3124,84.9091240513346,-3.3605775833129883,26.799428939819336,55.74650573730469,1.2259413003921509
3125,177.83211603935547,3.962491989135742,7.227083683013916,43.902191162109375,1.2260743379592896
3126,156.2338326662123,2.8953464031219482,7.280884742736816,43.78034591674805,1.2262287139892578
3127,115.32598705332025,0.9844335913658142,16.219566345214844,51.06196594238281,1.2264399528503418
3128,142.90341772650538,2.573791980743408,15.616585731506348,48.98332977294922,1.2266690731048584
3129,175.33776053833896,4.279111862182617,7.591465473175049,43.83226013183594,1.2269455194473267
3130,181.12484955388527,4.292547702789307,7.631566047668457,44.788604736328125,1.227216124534607
3131,130.7252808861644,2.045623779296875,18.295202255249023,49.00104522705078,1.2274738550186157
3132,153.65624187852524,3.195528268814087,11.574418067932129,46.58831787109375,1.2277158498764038
3133,194.91640225338594,5.044968128204346,8.537612915039062,44.738853454589844,1.2279683351516724
3134,102.94782163343261,-2.650743246078491,22.31505584716797,52.5115852355957,1.2281097173690796
3135,192.04884773452144,3.0695641040802,9.249826431274414,44.90856170654297,1.228171944618225
3136,107.780559512322,0.9450109601020813,21.64191246032715,50.81695556640625,1.2282462120056152
3137,151.41147546723997,3.4261841773986816,17.462495803833008,48.06230545043945,1.2283285856246948
3138,110.99653506493682,1.5634180307388306,21.543415069580078,50.5865478515625,1.2284579277038574
3139,144.37179379597237,2.3446998596191406,19.06602668762207,50.56143569946289,1.228548526763916
3140,179.29342957787534,4.7165117263793945,13.940916061401367,47.122440338134766,1.228671908378601
3141,167.18470707768796,3.122866153717041,15.05809497833252,47.89687728881836,1.228752613067627
3142,157.77498983430203,3.0580151081085205,17.172828674316406,48.44785690307617,1.2287887334823608
3143,135.51768240479402,1.6275293827056885,18.70730972290039,48.4249267578125,1.228770136833191
3144,114.18133560593841,1.8275189399719238,20.507122039794922,49.82265853881836,1.2287840843200684
3145,163.01728373504173,3.2959654331207275,15.533201217651367,48.4822998046875,1.2287737131118774
3146,197.76298135997095,5.138563632965088,9.823110580444336,46.04550552368164,1.2287653684616089
3147,189.8372238420706,5.008443355560303,9.308576583862305,45.488059997558594,1.2287801504135132
3148,170.6061245653573,3.3346352577209473,13.409448623657227,49.5244140625,1.228743076324463
3149,160.76283161736467,2.63163161277771,18.463775634765625,49.85690689086914,1.2286502122879028
3150,177.64594720685656,3.9983646869659424,9.758315086364746,47.54319381713867,1.2285460233688354
3151,181.65515001662078,3.6932129859924316,10.252140045166016,49.11174011230469,1.228401780128479
3152,159.96036310067146,4.110195159912109,17.263086318969727,51.64179992675781,1.2283142805099487
3153,156.74718821334167,2.7175467014312744,17.814085006713867,52.12266159057617,1.2282047271728516
3154,198.37305410263926,5.2926716804504395,8.660150527954102,47.00728988647461,1.2281365394592285
3155,191.46404773447782,5.021052837371826,9.552301406860352,49.37471008300781,1.228103756904602
3156,181.06340641193702,3.6880404949188232,12.645805358886719,51.131683349609375,1.2280277013778687
3157,185.27709139191236,4.747376441955566,9.743908882141113,47.43950653076172,1.227978229522705
3158,202.29142207326976,4.636647701263428,9.032980918884277,48.20787048339844,1.2279162406921387
3159,184.11372722800743,3.422673463821411,11.313542366027832,52.04535675048828,1.227784514427185
3160,216.37606836711862,5.414996147155762,9.618629455566406,51.152549743652344,1.2277122735977173
3161,194.31471903444614,4.062010288238525,9.053572654724121,49.264183044433594,1.2275999784469604
3162,199.23660602594717,4.45913028717041,12.737975120544434,50.99342346191406,1.2275415658950806
3163,190.72938581023217,3.9069948196411133,9.982307434082031,50.28567123413086,1.2274590730667114
3164,184.07808907942103,4.493303298950195,11.579694747924805,52.347511291503906,1.227440357208252
3165,205.4793900160519,4.609509468078613,9.693102836608887,51.72046661376953,1.2274143695831299
3166,203.03633385423103,4.678181171417236,10.134096145629883,51.30827713012695,1.2274186611175537
3167,172.13975326752225,3.284444570541382,18.906518936157227,55.138248443603516,1.2274227142333984
3168,203.50832777652866,4.6988091468811035,11.084595680236816,52.0,1.2274417877197266
3169,199.89683019300034,4.189541339874268,11.03219985961914,52.888916015625,1.2274380922317505
3170,196.78908729329234,3.81404972076416,18.162757873535156,54.51683807373047,1.2274291515350342
3171,180.60082190013406,2.6372129917144775,17.069137573242188,57.079524993896484,1.2273658514022827
3172,201.2938553470497,3.643465280532837,11.77861499786377,53.747711181640625,1.2272533178329468
3173,170.85238825037243,3.085852861404419,15.281551361083984,55.226051330566406,1.2271431684494019
3174,218.04878602613059,4.645575046539307,10.972084999084473,54.846458435058594,1.227068305015564
3175,200.93869239640554,4.028165817260742,11.566736221313477,54.8708610534668,1.227002739906311
3176,209.55572464087456,3.5632824897766113,14.87787914276123,55.27083969116211,1.2269130945205688
3177,163.45458105510497,3.004760265350342,27.618236541748047,57.48204040527344,1.2268868684768677
3178,189.71546445302738,2.7582578659057617,13.2059326171875,56.38251495361328,1.2267793416976929
3179,201.00731740898453,4.184746742248535,13.882735252380371,55.995975494384766,1.226752519607544
3180,195.870025539098,3.4461774826049805,11.79760456085205,56.17629623413086,1.226720929145813
3181,201.20640169345282,3.1050617694854736,16.327028274536133,56.81855392456055,1.226656436920166
3182,211.6051740933374,4.339897632598877,12.075634002685547,55.75599670410156,1.2266892194747925
3183,200.78997533179472,3.5061142444610596,13.710663795471191,55.44666290283203,1.226706862449646
3184,198.98136006421248,3.1847612857818604,10.761507987976074,55.03996658325195,1.2266873121261597
3185,202.68293944882097,3.736992359161377,10.990595817565918,55.15364074707031,1.2266510725021362
3186,201.21819895194247,3.108104705810547,10.821211814880371,55.31086349487305,1.226575493812561
3187,184.4177882878842,3.050431728363037,10.753153800964355,53.72384262084961,1.226474642753601
3188,196.06504537282598,4.266632080078125,11.14298152923584,54.904449462890625,1.2264260053634644
3189,194.93983909472888,3.7824432849884033,10.664124488830566,53.54550552368164,1.2263716459274292
3190,199.1267690062957,4.013455867767334,10.381734848022461,53.74966049194336,1.2263261079788208
3191,197.15012114209694,3.082423210144043,10.396402359008789,53.884246826171875,1.226253628730774
3192,197.94098615643287,3.0124292373657227,11.748559951782227,53.845436096191406,1.2261730432510376
3193,206.63689716924657,4.851202487945557,10.339264869689941,52.834964752197266,1.2261781692504883
3194,198.6021778627562,3.8139076232910156,10.326390266418457,53.460044860839844,1.2262035608291626
3195,203.42621178418028,4.5009074211120605,10.1071195602417,53.08638381958008,1.2263435125350952
3196,196.1462995118719,4.193421840667725,10.358436584472656,53.08530807495117,1.2264883518218994
3197,191.30137479123786,4.171435356140137,11.707255363464355,54.263423919677734,1.2266645431518555
3198,177.63005997983672,3.63020396232605,11.066716194152832,53.03722381591797,1.2268338203430176
3199,190.3925037419734,4.3600568771362305,10.938368797302246,52.78683090209961,1.227040410041809
3200,186.22038255842946,3.3625094890594482,11.520132064819336,53.03178787231445,1.2271872758865356
3201,194.90548199200276,3.743379831314087,11.175394058227539,53.57304763793945,1.2273181676864624
3202,202.06994701149065,4.243814468383789,10.296683311462402,53.387657165527344,1.2275346517562866
3203,194.77709833864833,3.920546054840088,10.962300300598145,53.23039627075195,1.227689504623413
3204,191.15841906061138,3.789731979370117,13.534076690673828,53.461212158203125,1.227873682975769
3205,186.3455158576098,4.114583969116211,10.670714378356934,53.13473892211914,1.2280747890472412
3206,189.11127714163862,4.540683269500732,11.413597106933594,54.326751708984375,1.228355884552002
3207,191.254470467245,4.0789642333984375,10.64810848236084,53.414825439453125,1.2285913228988647
3208,181.12754744693504,4.169849872589111,11.021535873413086,53.65563201904297,1.228811264038086
3209,183.81790772509305,4.320004463195801,12.181154251098633,54.000511169433594,1.229014277458191
3210,188.79114177679122,3.675884962081909,11.813631057739258,54.63196563720703,1.2291558980941772
3211,184.02944480007918,4.3077850341796875,12.331938743591309,54.94984817504883,1.229322910308838
3212,190.9374511671276,3.5654244422912598,11.427977561950684,54.83110046386719,1.229418396949768
3213,183.51491046755018,3.707669973373413,12.263681411743164,55.334712982177734,1.2294931411743164
3214,190.8447732611553,1.1851798295974731,13.24598503112793,55.29465866088867,1.2294508218765259
3215,146.87163506372758,2.5613386631011963,33.025909423828125,57.12950897216797,1.229418158531189
3216,181.60697737629206,4.157093048095703,17.49045753479004,55.963958740234375,1.2294260263442993
3217,191.4230668238253,4.047409534454346,11.329319953918457,56.361698150634766,1.2294294834136963
3218,171.3705025292597,3.718719482421875,11.53825569152832,55.638736724853516,1.2294715642929077
3219,179.86895293216912,3.973412275314331,11.351139068603516,56.53822326660156,1.2295607328414917
3220,198.89098604080004,3.707127332687378,10.545796394348145,56.24819564819336,1.2296327352523804
3221,178.12279468373052,2.55814790725708,10.963628768920898,56.305076599121094,1.2296342849731445
3222,172.24798532082636,3.626552104949951,11.655734062194824,55.731040954589844,1.2296842336654663
3223,184.22445272562587,3.598971128463745,10.914285659790039,56.911136627197266,1.22976815700531
3224,179.50982229115093,3.3763110637664795,11.020931243896484,56.57685089111328,1.229820966720581
3225,176.45223356421317,3.3437840938568115,11.097305297851562,56.71023178100586,1.2298693656921387
3226,187.24818606386046,3.67278790473938,10.756250381469727,56.889305114746094,1.2299548387527466
3227,193.7126600460006,3.1429779529571533,11.100112915039062,59.0361213684082,1.2300218343734741
3228,180.11580402945418,3.259751558303833,11.355764389038086,57.38648986816406,1.2300761938095093
3229,164.0103739750526,3.1424267292022705,20.692012786865234,60.42064666748047,1.2301455736160278
3230,174.57693629624686,3.224494218826294,12.022622108459473,58.24371337890625,1.2302381992340088
3231,168.25535880158318,2.9832770824432373,12.3975248336792,57.576961517333984,1.2303496599197388
3232,174.14400359028605,2.7480783462524414,12.866440773010254,58.77487564086914,1.2304250001907349
3233,123.95262496103197,-0.16574713587760925,40.742618560791016,61.898414611816406,1.2304569482803345
3234,172.31446429220412,3.1120386123657227,11.756741523742676,58.86931228637695,1.2304978370666504
3235,122.43644423482982,1.7847986221313477,40.63268280029297,62.73548126220703,1.230641484260559
3236,178.79819283858876,3.116351366043091,12.227171897888184,59.40621566772461,1.2307653427124023
3237,92.88554981150742,0.1743977665901184,73.10272216796875,66.32313537597656,1.2309529781341553
3238,83.99011428312429,-1.363474726676941,82.3280029296875,66.68360137939453,1.2311420440673828
3239,161.0802177831311,2.715500831604004,15.443650245666504,61.04031753540039,1.2313672304153442
3240,166.2449505991389,1.8518141508102417,12.875347137451172,59.67644119262695,1.231502890586853
3241,125.99627810298975,1.7540264129638672,41.62769317626953,64.06410217285156,1.2317978143692017
3242,170.2850479853447,2.792921543121338,13.76534652709961,61.84713363647461,1.232060194015503
3243,149.88292616007627,2.6144917011260986,37.06740951538086,63.91381072998047,1.2323273420333862
3244,131.2553295668125,1.9077579975128174,39.965389251708984,65.15279388427734,1.2326315641403198
3245,130.71641281324452,1.8276456594467163,41.020912170410156,64.74248504638672,1.2329884767532349
3246,176.81162197858995,3.3652377128601074,12.610286712646484,61.13773727416992,1.2333215475082397
3247,184.2502784685598,3.062760353088379,12.196405410766602,61.36723709106445,1.2336030006408691
3248,138.5346270036577,0.7684573531150818,34.90021514892578,64.83963012695312,1.2338356971740723
3249,176.0318642676714,3.200201988220215,12.752176284790039,62.8489875793457,1.2340607643127441
3250,156.68032837548344,2.2213242053985596,21.130382537841797,65.2763671875,1.2342644929885864
3251,145.089227058173,1.9153088331222534,35.58049392700195,65.81201934814453,1.2344633340835571
3252,156.951205038256,2.7839574813842773,25.817590713500977,64.96080017089844,1.2347489595413208
3253,176.7232617976568,2.836883544921875,12.401031494140625,61.682308197021484,1.2350149154663086
3254,170.92221012526574,2.8092098236083984,12.779290199279785,61.117637634277344,1.2353178262710571
3255,178.3083282166901,3.781296730041504,12.662359237670898,62.01113510131836,1.2358111143112183
3256,168.1584758407835,2.6457297801971436,13.078049659729004,63.31123733520508,1.2362803220748901
3257,176.74100226428754,2.9867658615112305,12.447676658630371,62.19487380981445,1.236720085144043
3258,135.82553040022597,0.7684768438339233,35.58185577392578,67.0650634765625,1.237111210823059
3259,177.28808720706337,2.708085060119629,12.524524688720703,62.654273986816406,1.2374616861343384
3260,185.1671289752101,2.919461250305176,12.618863105773926,63.676326751708984,1.2377680540084839
3261,179.25475238510737,2.7680113315582275,12.818665504455566,63.561683654785156,1.2380372285842896
3262,178.6155841251217,2.2585506439208984,12.64795207977295,64.49990844726562,1.2382639646530151
3263,173.3735232263277,2.802961587905884,12.873398780822754,63.917301177978516,1.2384952306747437
3264,177.99781388547655,1.9829964637756348,13.066964149475098,64.90908813476562,1.238667607307434
3265,171.5008499264818,2.55766224861145,13.663949012756348,65.21090698242188,1.2388547658920288
3266,177.66478311856505,2.605924606323242,12.98799991607666,65.23185729980469,1.2390168905258179
3267,168.73001725507004,2.079263210296631,13.816984176635742,64.91508483886719,1.2391552925109863
3268,174.5460279507802,2.4578325748443604,13.567514419555664,65.8732681274414,1.2392891645431519
3269,174.91556661621743,2.102358818054199,13.54708480834961,66.62545776367188,1.239396095275879
3270,174.90773035230185,2.3953640460968018,13.503583908081055,66.29618835449219,1.2394925355911255
3271,171.39304420467482,1.2738373279571533,13.722145080566406,66.54105377197266,1.239507794380188
3272,176.68233437350602,2.496403217315674,13.18276309967041,66.81678009033203,1.2395297288894653
3273,169.35358200543618,2.6520397663116455,14.501853942871094,67.6991195678711,1.2396591901779175
3274,179.5228099647871,2.4967153072357178,13.147540092468262,67.4743881225586,1.2397764921188354
3275,181.62750681160404,2.3975040912628174,14.024674415588379,69.94823455810547,1.239890217781067
3276,172.3396660249956,2.103206157684326,13.618775367736816,67.87496185302734,1.2399935722351074
3277,176.23990681215395,2.5111234188079834,13.314480781555176,68.14649200439453,1.240111231803894
3278,181.8596498777906,2.539642572402954,13.479536056518555,69.05500793457031,1.2402280569076538
3279,172.6383946810367,2.496846914291382,13.834458351135254,69.21002960205078,1.2404142618179321
3280,171.31036489976628,2.0663111209869385,14.123775482177734,68.69259643554688,1.2405823469161987
3281,177.5308206546133,2.179298162460327,13.615694999694824,68.81393432617188,1.2407279014587402
3282,175.12461399044142,1.9658821821212769,14.054142951965332,69.38313293457031,1.2408450841903687
3283,175.30110304564906,2.5671207904815674,13.678112983703613,68.8542251586914,1.2410049438476562
3284,178.92102334632932,2.600682020187378,14.01391887664795,68.72776794433594,1.2411607503890991
3285,174.7355171852514,1.0287725925445557,15.200530052185059,70.80194091796875,1.2412546873092651
3286,172.79525456796156,2.0373148918151855,13.84268569946289,68.72804260253906,1.2413511276245117
3287,173.27204015775166,2.33841872215271,15.048195838928223,67.99225616455078,1.2414816617965698
3288,175.64559577886234,2.7044742107391357,14.2931489944458,68.29074096679688,1.2416186332702637
3289,173.61888403759698,2.2591068744659424,13.96741008758545,68.9134521484375,1.241766333580017
3290,169.4594021823343,1.0186890363693237,15.877730369567871,67.23013305664062,1.2418371438980103
3291,174.89288593992026,1.861056923866272,14.632545471191406,68.54732513427734,1.2418791055679321
3292,175.06433790621435,2.7843592166900635,14.264065742492676,66.74319458007812,1.241990566253662
3293,173.7514800083062,1.8966681957244873,14.821608543395996,66.77936553955078,1.2420743703842163
3294,170.40763380841383,2.6113946437835693,15.17905330657959,65.8265151977539,1.242223858833313
3295,173.26905692579055,2.9017722606658936,14.97375202178955,66.36282348632812,1.24247145652771
3296,183.0391299094833,2.1298704147338867,13.938698768615723,67.41077423095703,1.2426772117614746
3297,175.4231093256449,2.8486015796661377,15.690213203430176,66.10679626464844,1.2429059743881226
3298,175.8268358475997,2.007627010345459,15.399837493896484,65.68895721435547,1.2430826425552368
3299,170.86835217676372,2.217020273208618,15.431861877441406,65.79660034179688,1.2432458400726318
3300,186.06978212066042,2.524007797241211,16.02206802368164,66.57279968261719,1.2433671951293945
3301,171.32188065389516,1.7394498586654663,16.485946655273438,65.89149475097656,1.2434524297714233
3302,173.29123906614265,2.3381741046905518,16.14531898498535,65.37848663330078,1.2435221672058105
3303,175.07903231200422,2.984489679336548,16.008302688598633,65.79637145996094,1.2436474561691284
3304,171.0406542836358,1.201633095741272,15.219714164733887,64.45179748535156,1.2436991930007935
3305,175.22688378031756,2.4460058212280273,15.359872817993164,64.33065032958984,1.2437405586242676
3306,170.85136651344686,2.6438403129577637,15.298255920410156,63.90826416015625,1.2438336610794067
3307,171.11353829969076,2.419130325317383,15.728660583496094,63.966548919677734,1.2439252138137817
3308,169.85794319034105,2.1952762603759766,16.27166175842285,62.78834533691406,1.2440086603164673
3309,173.2065466537388,3.4924538135528564,16.32233428955078,64.10041809082031,1.244315505027771
3310,179.24991053639695,2.961927652359009,15.694958686828613,65.48078155517578,1.2446149587631226
3311,174.8301052273282,2.6073672771453857,16.622350692749023,64.06769561767578,1.244887351989746
3312,173.96987363275395,2.2953431606292725,16.21924591064453,63.28292465209961,1.2451212406158447
3313,172.85170447626732,1.3727059364318848,17.014787673950195,63.08549499511719,1.2452911138534546
3314,173.15695446464906,1.8155535459518433,17.284542083740234,62.857383728027344,1.2454015016555786
3315,181.42346285384062,2.33310604095459,17.15715789794922,62.99241256713867,1.2454921007156372
3316,175.18809194888428,2.9236724376678467,16.837797164916992,63.523136138916016,1.2456035614013672
3317,174.27507909170805,2.6162805557250977,17.650331497192383,62.47233581542969,1.2457178831100464
3318,167.6333712243228,2.2798290252685547,18.791276931762695,62.0839958190918,1.2458325624465942
3319,182.19927410162163,2.523768901824951,17.122711181640625,63.550132751464844,1.2459059953689575
3320,160.53081725968076,1.6653311252593994,23.475461959838867,63.7745361328125,1.2459628582000732
3321,179.3587583211912,3.358571767807007,17.380598068237305,62.566246032714844,1.2461072206497192
3322,122.21136781755757,-0.00211780215613544,31.296789169311523,68.04779052734375,1.2462388277053833
3323,125.8314470379852,-1.4548572301864624,28.83903694152832,67.34490203857422,1.2463163137435913
3324,161.97958398660393,2.3100316524505615,17.25759506225586,60.59529495239258,1.2464107275009155
3325,114.5125580395974,0.06130622699856758,33.46910858154297,66.4844741821289,1.2465204000473022
3326,179.3486816596186,2.3421030044555664,17.820560455322266,61.464698791503906,1.2465919256210327
3327,152.48171600913903,2.796905517578125,26.782480239868164,65.54402923583984,1.2468479871749878
3328,175.87168193666665,2.867279052734375,16.554607391357422,60.67913055419922,1.247090220451355
3329,114.04187255945331,-0.3570899963378906,33.52265930175781,66.87191772460938,1.2473138570785522
3330,145.43986833683627,1.9513400793075562,28.757308959960938,64.72801208496094,1.2476017475128174
3331,97.59995602972192,-1.044204831123352,47.4747428894043,69.3258056640625,1.247881531715393
3332,149.12825929043476,-0.2293742150068283,25.77084732055664,62.076114654541016,1.2480863332748413
3333,162.19596696428127,2.3126049041748047,18.154603958129883,59.57687759399414,1.2482854127883911
3334,176.1575550099145,2.742213010787964,17.105810165405273,59.41448211669922,1.2484674453735352
3335,175.2546519699223,2.9744985103607178,17.14208221435547,58.52653121948242,1.2486510276794434
3336,141.98363902520248,1.8875623941421509,27.239383697509766,62.296600341796875,1.248900294303894
3337,65.31720018869021,-6.003096103668213,81.51118469238281,74.52877044677734,1.2491077184677124
3338,174.22329077988812,3.026007890701294,16.95620346069336,58.20437240600586,1.2493375539779663
3339,79.79506263241419,-1.9959385395050049,61.16694259643555,71.15670013427734,1.2496012449264526
3340,105.30223364514816,-0.2745779752731323,39.928462982177734,65.99454498291016,1.2498714923858643
3341,172.59759005199024,2.7219228744506836,17.218242645263672,57.7503547668457,1.2501335144042969
3342,146.4194841971308,1.783007025718689,28.235450744628906,61.022220611572266,1.2504135370254517
3343,94.89238004658243,-2.374608278274536,50.646705627441406,66.31429290771484,1.2506500482559204
3344,123.03883378956229,0.6043495535850525,31.38658905029297,61.11947250366211,1.2508795261383057
3345,112.73331570522997,-0.4087488651275635,35.27203369140625,63.651309967041016,1.2510861158370972
3346,173.8250603233495,3.234647512435913,18.400249481201172,58.25300979614258,1.251304030418396
3347,92.72133746183452,-1.4826653003692627,46.31947708129883,65.14270782470703,1.2515125274658203
3348,174.67570447380552,3.181213140487671,17.636598587036133,57.131858825683594,1.2518728971481323
3349,153.28807369806475,1.4032764434814453,26.764541625976562,59.590946197509766,1.2521809339523315
3350,150.36336150556644,2.1349399089813232,25.354694366455078,59.12974166870117,1.2524871826171875
3351,156.51161316716855,1.9268537759780884,28.294479370117188,61.01420593261719,1.2528012990951538
3352,174.42310957903496,2.510565996170044,17.42172622680664,56.66581726074219,1.253072738647461
3353,171.53275589603098,3.5037269592285156,19.35093116760254,56.19380187988281,1.25342857837677
3354,175.43784922673595,2.8097660541534424,18.602519989013672,56.71092987060547,1.2537411451339722
3355,164.17559768938628,-0.3036337196826935,25.329994201660156,58.71589660644531,1.2539674043655396
3356,173.10616557519208,1.6611382961273193,18.172021865844727,56.81847381591797,1.2541428804397583
3357,183.19357977066863,2.251142978668213,20.02055549621582,56.61749267578125,1.2542833089828491
3358,134.49094625313518,1.0415505170822144,27.68307113647461,58.811161041259766,1.2544134855270386
3359,173.76729299007414,3.0116961002349854,18.26314353942871,56.892051696777344,1.254544973373413
3360,177.549135819914,2.5531692504882812,17.415735244750977,56.3155517578125,1.2546600103378296
3361,169.67764353485038,2.3752031326293945,17.804725646972656,56.009464263916016,1.2547599077224731
3362,169.1117948617863,2.4832656383514404,18.220380783081055,56.48044204711914,1.254859447479248
3363,177.19650132924028,2.4257471561431885,18.039337158203125,56.925193786621094,1.254935383796692
3364,174.51730805022223,1.9516468048095703,18.9254150390625,56.892555236816406,1.2549527883529663
3365,166.25802908884324,-0.5172098278999329,19.328351974487305,56.480674743652344,1.254873275756836
3366,178.26539344161205,3.0688507556915283,18.269298553466797,56.80609893798828,1.2548519372940063
3367,176.22207543240523,2.6394269466400146,19.650144577026367,57.155948638916016,1.2548383474349976
3368,178.13044477361382,1.8487417697906494,18.521459579467773,58.24201202392578,1.2547926902770996
3369,177.46386540071478,3.345644235610962,18.77174186706543,58.342533111572266,1.254783034324646
3370,177.78012203683963,2.78068208694458,17.147857666015625,58.59635543823242,1.2547929286956787
3371,176.57788423016123,2.9770021438598633,16.988492965698242,58.24530029296875,1.2548092603683472
3372,181.11406976302672,2.9676287174224854,15.43684196472168,58.86729049682617,1.2548466920852661
3373,175.26217168712583,2.6426806449890137,14.914313316345215,58.04389953613281,1.2548770904541016
3374,179.33505978051375,2.4288628101348877,13.808549880981445,58.12730026245117,1.2548586130142212
3375,173.86487486645038,3.468488931655884,13.849502563476562,56.78913497924805,1.2549034357070923
3376,181.32004871261697,2.252084970474243,12.27267837524414,57.707977294921875,1.2549115419387817
3377,181.2255566349611,3.892744779586792,12.503725051879883,57.131309509277344,1.2550181150436401
3378,169.8090202288309,2.4667773246765137,13.614246368408203,56.31727600097656,1.2551058530807495
3379,172.69051333475844,2.5317494869232178,13.524320602416992,57.988834381103516,1.2551604509353638
3380,175.13897894952643,2.910163402557373,15.6027193069458,58.07623291015625,1.2552438974380493
3381,179.35070425809892,3.4467411041259766,14.136610984802246,58.02346420288086,1.2553576231002808
3382,174.22134951840758,2.8202903270721436,15.069587707519531,57.7462272644043,1.255440354347229
3383,173.4259579937289,2.4420065879821777,14.43947696685791,58.6347770690918,1.2554833889007568
3384,173.52593996019348,2.4878456592559814,13.751214981079102,57.59966278076172,1.2555166482925415
3385,190.56463255462282,3.3686227798461914,14.491418838500977,59.48381805419922,1.2555710077285767
3386,173.57488551755964,3.176698923110962,13.017106056213379,58.750125885009766,1.255672574043274
3387,177.6648956022214,2.818636655807495,12.649808883666992,58.800987243652344,1.2557586431503296
3388,161.34234686224892,2.1555371284484863,14.297998428344727,58.02583312988281,1.2558387517929077
3389,171.14886709172097,2.125936508178711,12.483007431030273,58.74380111694336,1.2558914422988892
3390,178.62478762644022,2.5523502826690674,17.929323196411133,60.263702392578125,1.2559394836425781
3391,183.95516118121205,2.897369146347046,13.685430526733398,60.50364303588867,1.2559890747070312
3392,197.27858145855902,1.9378122091293335,23.48594856262207,61.363243103027344,1.2560038566589355
3393,188.6456239305448,3.5163450241088867,13.40185832977295,60.35688781738281,1.2560430765151978
3394,176.04627617873606,3.1114654541015625,12.088091850280762,59.74629211425781,1.2561527490615845
3395,184.65016965153083,2.8855443000793457,13.009465217590332,60.61981964111328,1.2562494277954102
3396,186.05100844306142,3.609999179840088,12.454869270324707,60.74264144897461,1.2563905715942383
3397,175.2866307277799,2.4421908855438232,12.224992752075195,59.87854766845703,1.2565081119537354
3398,156.1658749665249,1.1592562198638916,13.739058494567871,58.85502624511719,1.256577730178833
3399,171.19289114672927,0.06956472992897034,12.883328437805176,59.902400970458984,1.256566047668457
3400,197.6020653667762,2.596574544906616,10.983198165893555,59.98018264770508,1.2565526962280273
3401,176.57726277464693,2.5501177310943604,12.296417236328125,60.62062072753906,1.2565487623214722
3402,179.20028513050303,2.857811689376831,12.463019371032715,61.400054931640625,1.2565946578979492
3403,175.70450801248094,2.3666703701019287,12.273271560668945,61.13805389404297,1.2566299438476562
3404,180.1538288983588,3.249602794647217,12.5147705078125,61.74079895019531,1.256700873374939
3405,169.12447633187872,2.28393292427063,12.614768028259277,61.231197357177734,1.2567858695983887
3406,196.36324171088438,3.4955084323883057,13.342175483703613,62.8028678894043,1.256880760192871
3407,172.32440521445537,1.9933180809020996,12.59015941619873,61.2392692565918,1.2569531202316284
3408,174.96040412237224,2.211531639099121,12.930028915405273,62.44331359863281,1.2570112943649292
3409,176.76714187802534,1.1957911252975464,12.9725923538208,62.58449172973633,1.2570263147354126
3410,174.1624271834321,2.162250518798828,13.01960277557373,62.27663803100586,1.2570524215698242
3411,171.83639681589113,2.292365312576294,13.173206329345703,62.9282112121582,1.2570786476135254
3412,180.05042298307498,2.1521217823028564,14.265741348266602,64.40055084228516,1.2571130990982056
3413,190.96164764353145,2.3498339653015137,31.67319679260254,65.885009765625,1.2571967840194702
3414,179.81221904091407,2.890638828277588,13.146215438842773,63.840797424316406,1.2573652267456055
3415,178.01512212856537,2.430785894393921,12.661308288574219,63.197635650634766,1.2575689554214478
3416,188.22705302513305,3.1464426517486572,13.12907886505127,64.14115905761719,1.2578165531158447
3417,182.3803741876996,2.1836187839508057,13.640029907226562,64.76215362548828,1.258053183555603
3418,197.37689717278167,2.385265827178955,15.943650245666504,66.2602310180664,1.2582436800003052
3419,183.65041017841537,2.233947277069092,12.985787391662598,64.51441955566406,1.2584043741226196
3420,172.2498648697211,2.660264253616333,13.703450202941895,63.8350944519043,1.258600115776062
3421,179.20267180108502,2.535360097885132,12.793030738830566,63.70188903808594,1.2588378190994263
3422,181.45363220210209,1.0724149942398071,22.960996627807617,67.58783721923828,1.259017825126648
3423,190.2391319748236,2.436828851699829,11.033753395080566,64.14041900634766,1.2592650651931763
3424,186.64341213625218,2.4806222915649414,11.006993293762207,65.27566528320312,1.259475827217102
3425,183.12328656479545,2.3445210456848145,8.54302978515625,65.67682647705078,1.2596889734268188
3426,187.16471924443746,2.6457972526550293,7.249903202056885,64.93094635009766,1.2598984241485596
3427,170.69343339018252,1.800057291984558,8.214254379272461,59.683082580566406,1.260051965713501
3428,173.87287246449466,2.204529285430908,7.37756872177124,61.900447845458984,1.2601863145828247
3429,174.1405969665636,2.3090522289276123,7.19565486907959,61.37969207763672,1.260318636894226
3430,173.21773275870848,1.1461915969848633,7.603222370147705,61.87288284301758,1.2603930234909058
3431,163.58172982887243,1.809746265411377,7.560793399810791,59.67982482910156,1.2605072259902954
3432,190.26353884036055,2.9981367588043213,7.182901382446289,65.67029571533203,1.260642409324646
3433,195.43857331431067,2.114893674850464,7.244598865509033,66.44343566894531,1.2607847452163696
3434,166.47019160750696,1.6518044471740723,8.275989532470703,63.13300323486328,1.2609130144119263
3435,180.93590468972607,1.8886497020721436,7.554455757141113,66.70219421386719,1.26102876663208
3436,181.1839332259838,1.484889268875122,7.252556800842285,67.90372467041016,1.2610965967178345
3437,183.47595531177177,2.0522890090942383,8.08085823059082,67.62252044677734,1.2611232995986938
3438,186.23841470486627,3.0110085010528564,8.349640846252441,68.57229614257812,1.2612231969833374
3439,210.5062606016577,2.4448342323303223,7.348634243011475,69.2799301147461,1.261351466178894
3440,181.52709337363046,2.4943554401397705,7.245446681976318,68.18389129638672,1.2615107297897339
3441,182.16917284476315,1.5220035314559937,6.701464653015137,67.6893310546875,1.2616426944732666
3442,180.50610687292198,1.864154577255249,6.5949907302856445,66.67997741699219,1.261736273765564
3443,194.89411225719655,1.7899750471115112,6.7015204429626465,68.89139556884766,1.2617907524108887
3444,193.7952950462902,1.8986451625823975,4.948917865753174,65.70636749267578,1.2618309259414673
3445,183.85408629402932,2.0295605659484863,5.05512809753418,63.942161560058594,1.2618236541748047
3446,193.66145737805593,2.3951497077941895,5.570696830749512,65.3628921508789,1.2617859840393066
3447,197.01142362192618,2.3863255977630615,3.08199143409729,64.05573272705078,1.2618011236190796
3448,181.52477911100306,1.2741725444793701,5.939241409301758,61.617427825927734,1.261716365814209
3449,188.35974526662022,2.6753859519958496,6.954423427581787,63.922664642333984,1.2616387605667114
3450,173.27295927459153,2.145176887512207,7.357245922088623,58.12882614135742,1.2615638971328735
3451,183.04159618262432,2.669750213623047,4.640057563781738,61.04679489135742,1.261606216430664
3452,203.4494406726396,1.9978587627410889,4.497325897216797,64.38468170166016,1.261573314666748
3453,185.49417931039,2.6191093921661377,4.218280792236328,58.66461944580078,1.2615693807601929
3454,177.4964280979619,2.2196507453918457,5.828337669372559,57.257118225097656,1.2615238428115845
3455,197.66999911823368,2.976091146469116,6.1497297286987305,62.67885971069336,1.2614883184432983
3456,189.21499621296203,2.9425241947174072,5.314135551452637,60.43109130859375,1.2614707946777344
3457,180.0156152024314,0.8011351227760315,7.538540363311768,57.040122985839844,1.2613688707351685
3458,198.80134671903343,2.5729899406433105,4.685675144195557,61.415618896484375,1.2612950801849365
3459,177.7903002545212,2.3112127780914307,5.5445685386657715,55.54157257080078,1.2612394094467163
3460,173.9815636482459,2.2354066371917725,6.007237434387207,58.56765365600586,1.2612214088439941
3461,194.74960321864893,2.3624019622802734,10.64356803894043,65.54132843017578,1.2612234354019165
3462,175.7233398609597,1.5662400722503662,9.18664264678955,58.06206130981445,1.261189579963684
3463,190.09632675987498,2.548323154449463,10.350180625915527,62.0316276550293,1.261128306388855
3464,174.47319783805568,2.1791868209838867,11.838837623596191,60.562103271484375,1.2610868215560913
3465,211.75422410001138,2.5458524227142334,9.113096237182617,69.0095443725586,1.261093020439148
3466,132.62733058011383,-1.1290560960769653,15.01218032836914,68.59170532226562,1.261071801185608
3467,200.90450422101208,3.265820026397705,10.843000411987305,67.8318099975586,1.261130452156067
3468,174.678618965902,2.1732842922210693,11.61850643157959,61.31794738769531,1.2611881494522095
3469,186.34209519211498,2.152221918106079,10.246042251586914,61.008392333984375,1.2612460851669312
3470,147.62349389423824,0.3494374454021454,11.45970344543457,67.7223129272461,1.2612911462783813
3471,182.0828375338473,2.0487048625946045,11.101272583007812,62.930152893066406,1.2613097429275513
3472,179.50403215548587,2.465092897415161,12.286415100097656,61.89705276489258,1.2613316774368286
3473,183.9841942448195,-0.31298720836639404,16.77739143371582,73.27716827392578,1.2612638473510742
3474,168.17671832424023,0.6881690621376038,21.442955017089844,68.83682250976562,1.2611818313598633
3475,171.08860707159855,1.1266086101531982,18.255077362060547,71.05607604980469,1.2611199617385864
3476,129.49656740927065,-1.1015527248382568,27.02397346496582,74.09163665771484,1.2610491514205933
3477,180.22014467065935,2.1248514652252197,10.135257720947266,60.67237854003906,1.2609893083572388
3478,181.25426091692123,0.5569642186164856,17.212472915649414,72.04906463623047,1.260899305343628
3479,183.68163723982863,1.0223126411437988,9.943418502807617,63.62915802001953,1.26076078414917
3480,148.0856407860889,-0.16582483053207397,23.66040802001953,74.79497528076172,1.2606313228607178
3481,123.43333114039328,-2.799424409866333,22.181550979614258,71.47447204589844,1.2604483366012573
3482,91.16392865291633,-2.608750343322754,88.93441009521484,81.72612762451172,1.2603405714035034
3483,140.87978658806506,0.12940660119056702,33.79975128173828,70.13480377197266,1.2602500915527344
3484,96.09055373362311,-1.9446613788604736,75.02313232421875,80.05677795410156,1.2602537870407104
3485,192.84080082425587,1.5080680847167969,10.536358833312988,67.69791412353516,1.260208249092102
3486,226.09625381634777,3.218273401260376,10.337032318115234,63.19335174560547,1.2601526975631714
3487,106.48960564973378,-1.5911054611206055,21.42170524597168,72.76648712158203,1.260172963142395
3488,106.2260038324492,-2.8406124114990234,56.40012741088867,78.1969223022461,1.2601853609085083
3489,101.32180148158366,-2.974964141845703,37.85752487182617,79.20770263671875,1.260193943977356
3490,172.51357641571246,-0.5782569050788879,17.261415481567383,72.61711120605469,1.2601407766342163
3491,144.72676795510552,-0.10998644679784775,15.647114753723145,68.3380355834961,1.2600740194320679
3492,117.27576952442381,-0.5153072476387024,70.8909683227539,76.66064453125,1.2601008415222168
3493,145.84463534934167,0.5156673789024353,20.633808135986328,68.98423767089844,1.2601401805877686
3494,159.6245095509858,0.3314599096775055,21.152345657348633,68.40055847167969,1.2601637840270996
3495,189.85611355809476,1.5234286785125732,8.930813789367676,62.209136962890625,1.260156273841858
3496,125.22718416055936,-0.946444571018219,28.80782127380371,71.78780364990234,1.2601696252822876
3497,98.77422806006814,-4.8169660568237305,70.17684936523438,79.96370697021484,1.2601587772369385
3498,192.0552165769,2.5083959102630615,8.599990844726562,61.511993408203125,1.2601499557495117
3499,165.14755852265492,1.31894052028656,18.093700408935547,67.85620880126953,1.2602019309997559
3500,175.56274902592278,1.1301817893981934,8.799128532409668,61.08562469482422,1.26020085811615
3501,173.34309927581137,1.0531775951385498,17.756885528564453,68.6350326538086,1.2602065801620483
3502,137.97437972538927,0.08011450618505478,44.66997146606445,73.9464340209961,1.2603288888931274
3503,176.09880628548837,0.4494927227497101,17.17001724243164,67.62876892089844,1.2604318857192993
3504,194.79906477744953,2.0382750034332275,8.162508964538574,60.949241638183594,1.2605315446853638
3505,153.4734308066597,-0.5173527598381042,21.8946475982666,71.371826171875,1.260582447052002
3506,206.9713605964977,2.3643927574157715,8.575624465942383,62.693511962890625,1.2606420516967773
3507,193.17330623788914,1.468288779258728,10.366423606872559,61.61896896362305,1.2606927156448364
3508,190.658253912005,1.0818333625793457,13.596327781677246,67.47430419921875,1.2607288360595703
3509,157.8761249273554,0.7658640742301941,21.31624984741211,67.80308532714844,1.2607911825180054
3510,201.25876238308717,2.873091220855713,9.242668151855469,62.17525100708008,1.2608813047409058
3511,118.83823911881309,-4.067104339599609,50.79804992675781,77.01307678222656,1.2609144449234009
3512,194.9992960729386,1.6173171997070312,8.05489730834961,59.553375244140625,1.2609316110610962
3513,194.46350016878887,0.8150951862335205,16.900480270385742,66.4222183227539,1.260932445526123
3514,240.90039456987654,3.2081971168518066,8.376493453979492,62.26556396484375,1.2609163522720337
3515,200.9809134348629,2.307868003845215,10.885248184204102,64.83175659179688,1.260947823524475
3516,204.89311272179765,2.16467022895813,10.115793228149414,65.080322265625,1.260988712310791
3517,198.0893980126898,1.8968713283538818,10.770646095275879,70.47982025146484,1.2610607147216797
3518,195.2820061065443,1.7247728109359741,10.176443099975586,67.91334533691406,1.261178970336914
3519,200.44976817463098,1.9340500831604004,9.442671775817871,64.74933624267578,1.2613202333450317
3520,205.29232960441095,2.1926918029785156,10.869453430175781,66.06065368652344,1.2614842653274536
3521,212.99695033692,0.7704533934593201,20.931034088134766,70.68866729736328,1.261605978012085
3522,193.18994203398455,2.084115505218506,10.24313735961914,66.90863037109375,1.2617043256759644
3523,195.27937911353865,0.9439609050750732,22.14664077758789,72.1242446899414,1.2617965936660767
3524,218.0510043284605,1.0157759189605713,9.35292911529541,70.35455322265625,1.261811375617981
3525,209.31810365284673,0.7941993474960327,9.765412330627441,72.14657592773438,1.2617835998535156
3526,222.91641140365257,2.2233541011810303,10.15371036529541,71.54974365234375,1.261785626411438
3527,167.37751987145177,0.1148037314414978,12.95854663848877,74.50636291503906,1.261804223060608
3528,199.56998457894687,0.848635733127594,10.750459671020508,75.47332000732422,1.2618379592895508
3529,206.60221998045188,1.7006345987319946,12.364365577697754,72.70960998535156,1.2618283033370972
3530,192.91221174935015,-0.14550386369228363,11.264806747436523,78.52336883544922,1.26177978515625
3531,211.2319769755879,0.8789389133453369,16.30040168762207,78.69353485107422,1.261785864830017
3532,189.9423739389554,-0.5055145025253296,11.56779956817627,77.9708251953125,1.2617684602737427
3533,179.3544652550803,0.3055901825428009,21.511272430419922,78.70643615722656,1.261781096458435
3534,182.83340463942017,0.8911953568458557,20.641185760498047,74.18672180175781,1.2617958784103394
3535,193.26694403358692,0.8291153311729431,13.14830493927002,77.91397857666016,1.2617992162704468
3536,165.60383124732084,-0.27973803877830505,20.295730590820312,78.32842254638672,1.2618077993392944
3537,188.9841966624435,0.5523849129676819,12.890210151672363,78.31053924560547,1.261873722076416
3538,189.07756672170495,-0.4594227075576782,18.800134658813477,77.4388656616211,1.2618861198425293
3539,187.87634496148564,0.9151995182037354,18.949478149414062,74.17961120605469,1.2618972063064575
3540,196.48908044624164,2.042140007019043,11.272087097167969,74.45918273925781,1.261949896812439
3541,234.5781291511171,1.7422151565551758,7.668478965759277,74.37126159667969,1.2620335817337036
3542,205.63561541908166,2.0730788707733154,8.613235473632812,72.83804321289062,1.2621062994003296
3543,210.58170138663633,2.6328442096710205,12.057419776916504,74.51113891601562,1.2622452974319458
3544,197.60719136985264,2.36269211769104,8.692493438720703,72.04940032958984,1.2624411582946777
3545,185.67747516513788,0.22358377277851105,17.58540153503418,74.95531463623047,1.262576699256897
3546,203.54902779821754,2.197709798812866,10.569384574890137,73.7518539428711,1.262740135192871
3547,206.48709699166832,1.607277750968933,9.338726043701172,73.69486236572266,1.2628461122512817
3548,185.46097408354407,1.192238688468933,11.826022148132324,72.17655944824219,1.2629389762878418
3549,170.63946872122852,-0.39871516823768616,14.951027870178223,78.54802703857422,1.2629810571670532
3550,197.38548827227123,0.19952750205993652,8.567667007446289,73.2894058227539,1.2629499435424805
3551,223.03820919287224,2.1144039630889893,6.366273880004883,72.54547882080078,1.2630654573440552
3552,193.8721376456823,0.5017964839935303,15.720381736755371,68.88701629638672,1.263118863105774
3553,194.30388664409654,1.4782310724258423,7.737346172332764,71.4414291381836,1.2631441354751587
3554,216.54316835760778,1.8507107496261597,6.8915324211120605,72.23764038085938,1.2631722688674927
3555,191.30472380811295,2.059277296066284,7.148710250854492,68.98094940185547,1.263220191001892
3556,137.14937614020673,-4.663054466247559,53.60245895385742,81.18647766113281,1.263184666633606
3557,198.5318936064729,2.077838659286499,7.560654163360596,68.34223937988281,1.2631362676620483
3558,148.94618588977315,-0.3496101200580597,24.98221206665039,78.60773468017578,1.2630947828292847
3559,202.9525934884312,2.2481868267059326,6.817947864532471,70.2723159790039,1.2630785703659058
3560,186.75231033032995,2.0197646617889404,7.5196943283081055,71.55105590820312,1.2630934715270996
3561,181.33881886499321,-0.0049518197774887085,9.902830123901367,69.8309097290039,1.263023853302002
3562,194.8408627570896,2.2199766635894775,7.509059429168701,70.3020248413086,1.2629913091659546
3563,194.448068993448,1.7782351970672607,8.01858901977539,71.78312683105469,1.2630501985549927
3564,200.3419976488189,2.182110548019409,7.1028733253479,69.32013702392578,1.263104796409607
3565,177.5948811549688,1.6655268669128418,8.509329795837402,67.63075256347656,1.263184666633606
3566,189.81270222910666,1.4127259254455566,9.133854866027832,72.728759765625,1.263272762298584
3567,115.09104499888707,-5.186651706695557,76.65758514404297,83.25086212158203,1.2632900476455688
3568,184.99389199178194,1.0248042345046997,11.050240516662598,73.31900787353516,1.2633193731307983
3569,120.4347724052486,-5.170167922973633,56.61206817626953,82.07925415039062,1.2632802724838257
3570,208.7098253853283,2.0256876945495605,7.1172637939453125,72.15886688232422,1.2632629871368408
3571,189.67884114039435,0.965766429901123,9.229578971862793,73.67327117919922,1.2632369995117188
3572,165.534532615986,-0.9939993023872375,34.44404983520508,78.53794860839844,1.2631922960281372
3573,189.29585456938742,1.5227357149124146,8.729595184326172,70.01274871826172,1.2631281614303589
3574,207.02257677281764,1.2640172243118286,8.4429931640625,73.02681732177734,1.2630692720413208
3575,178.18716226841462,-0.7517873644828796,13.030357360839844,76.81005096435547,1.2629696130752563
3576,195.561285319271,0.9776802659034729,9.179098129272461,70.68690490722656,1.2628474235534668
3577,201.5738448243988,1.865128517150879,6.418293476104736,72.08727264404297,1.2627496719360352
3578,200.88065586685886,1.968571662902832,6.113547325134277,72.6634750366211,1.2626897096633911
3579,195.4429959272135,1.901859164237976,6.182106018066406,70.38463592529297,1.2626378536224365
3580,139.24656525909526,-1.3249162435531616,63.31203079223633,83.42806243896484,1.2626113891601562
3581,194.77245902622943,1.7518208026885986,5.300046920776367,71.46624755859375,1.2625926733016968
3582,207.08958802905585,1.8514527082443237,5.1428375244140625,72.86383819580078,1.2625561952590942
3583,202.958645653526,1.3795114755630493,4.885550498962402,72.32794952392578,1.2625198364257812
3584,204.57575616763734,1.534554362297058,5.154732704162598,73.97602081298828,1.2624439001083374
3585,206.28838466539585,1.6269255876541138,5.033332824707031,74.14067840576172,1.2623990774154663
3586,200.67484692241553,1.7223771810531616,6.017928123474121,74.27577209472656,1.2623558044433594
3587,162.99670449069646,-0.8222534656524658,31.586170196533203,82.93942260742188,1.2622915506362915
3588,163.13611825445219,-0.7297535538673401,30.303382873535156,82.66036224365234,1.2622151374816895
3589,202.62289163735448,0.7737200260162354,5.707781791687012,76.2267837524414,1.2621039152145386
3590,204.729982844672,0.43764805793762207,5.237661838531494,77.29753875732422,1.261961579322815
3591,196.44287585901793,0.3189459443092346,5.066749095916748,74.64247131347656,1.2617672681808472
3592,186.39822561899715,0.8559278845787048,5.598211288452148,73.7117919921875,1.2615783214569092
3593,202.69483419670686,1.9264813661575317,5.9477925300598145,77.14620971679688,1.2614505290985107
3594,201.84300937453514,1.7995195388793945,5.343377113342285,75.44436645507812,1.2613383531570435
3595,209.4507938004113,-0.013447649776935577,6.8857011795043945,77.88543701171875,1.2611627578735352
3596,201.39088550466195,1.7692830562591553,5.529544353485107,77.15190887451172,1.2610282897949219
3597,202.97560311045444,1.780959129333496,5.298417091369629,76.4328842163086,1.2609366178512573
3598,193.99507233750927,1.763481855392456,5.117833614349365,75.00536346435547,1.2609037160873413
3599,191.51300836562717,1.3572226762771606,5.099843978881836,75.12095642089844,1.260851502418518
3600,191.94844969162324,1.3584263324737549,4.5121169090271,75.31258392333984,1.260806679725647
3601,208.66234468658232,1.5319830179214478,4.171576499938965,78.21471405029297,1.2607368230819702
3602,183.25907343050974,0.4412456154823303,4.580741882324219,75.06360626220703,1.260642170906067
3603,169.86765306634868,-0.06947159767150879,17.968036651611328,84.17459106445312,1.2605700492858887
3604,203.5232879671272,1.2166762351989746,3.6189403533935547,75.30170440673828,1.2605582475662231
3605,150.62968456430985,-2.6231789588928223,63.45531463623047,89.65335845947266,1.2605094909667969
3606,169.28271795670864,0.5579323768615723,4.067778587341309,78.99185943603516,1.2605304718017578
3607,200.21902977684306,1.6909092664718628,3.608391046524048,75.84736633300781,1.2605570554733276
3608,158.35540934563525,-0.31560400128364563,37.950252532958984,87.78730010986328,1.2606406211853027
3609,143.10779026878012,-1.2104805707931519,51.62062072753906,89.2578125,1.2607401609420776
3610,171.9019581823968,-0.17257799208164215,7.470727920532227,79.70330047607422,1.2607852220535278
3611,180.5317934275874,0.49079692363739014,7.026942729949951,81.10614776611328,1.2608367204666138
3612,114.12239801591444,-4.8938751220703125,99.11030578613281,90.01802825927734,1.2608493566513062
3613,182.37401371996572,1.0176669359207153,3.3318376541137695,72.81327819824219,1.2608537673950195
3614,124.73444624656392,-2.3030219078063965,70.15319061279297,90.88355255126953,1.2608722448349
3615,130.2596822526474,-3.7080490589141846,78.75692749023438,86.43550872802734,1.2608327865600586
3616,120.89179970183362,-5.193199634552002,48.91661834716797,89.01839447021484,1.2607333660125732
3617,166.95177544750752,0.215576171875,9.812955856323242,81.0844497680664,1.260656714439392
3618,165.47034623828955,-0.48708876967430115,8.39372730255127,79.13272094726562,1.2605466842651367
3619,211.34196675305216,2.0784718990325928,3.886969804763794,71.212646484375,1.2604279518127441
3620,165.70291442401037,0.4060279428958893,7.274980545043945,76.84967803955078,1.2603530883789062
3621,154.52908619838465,-0.6454648375511169,13.524377822875977,77.4169921875,1.2602676153182983
3622,144.3038563284296,-0.9620647430419922,12.423439979553223,79.68218231201172,1.260197639465332
3623,142.15657306727468,-1.166724681854248,12.49939250946045,79.5567855834961,1.2601324319839478
3624,168.50250752581786,-0.026832060888409615,8.177151679992676,76.62870788574219,1.2600682973861694
3625,75.38184358546054,-5.839648246765137,134.6559600830078,93.14163208007812,1.260048270225525
3626,203.11075929191634,2.2156622409820557,5.102721691131592,66.3997802734375,1.2600444555282593
3627,181.7499694158255,1.5744842290878296,5.127010822296143,66.12513732910156,1.2601337432861328
3628,114.63758560417949,-2.7478222846984863,84.13350677490234,80.28935241699219,1.2602185010910034
3629,144.8651490949182,-0.07190428674221039,10.101593017578125,74.09233856201172,1.2603645324707031
3630,130.3976419268425,-2.5464935302734375,14.724739074707031,77.64044952392578,1.260445475578308
3631,163.85357149462712,0.08203265070915222,6.571310997009277,63.37273406982422,1.2604435682296753
3632,144.82184452188238,-0.5418840050697327,9.005565643310547,75.05240631103516,1.2604433298110962
3633,195.64238627047433,1.826095461845398,6.524446964263916,62.12331008911133,1.2604106664657593
3634,188.39620012608708,1.9042551517486572,6.122227668762207,62.564247131347656,1.2603896856307983
3635,181.56876210841847,1.9025834798812866,6.767680644989014,58.63035583496094,1.2604182958602905
3636,208.73577454636455,2.4170870780944824,8.31645679473877,55.798038482666016,1.2604306936264038
3637,193.86105943281513,2.77669358253479,6.165557384490967,58.262046813964844,1.260462999343872
3638,192.96840209157872,2.697725772857666,5.535776138305664,59.29746627807617,1.260541319847107
3639,88.62939377182266,-4.365044593811035,23.42594337463379,78.21063995361328,1.2606371641159058
3640,190.17925887907492,1.5331614017486572,6.253605842590332,55.71664047241211,1.2607108354568481
3641,134.60578692598457,-0.4761722683906555,12.398679733276367,63.922813415527344,1.2607923746109009
3642,159.45610029064323,0.9865827560424805,6.538325309753418,61.1494026184082,1.2608879804611206
3643,189.88547824237705,2.498753547668457,4.582547187805176,54.854732513427734,1.2609776258468628
3644,115.55048802823067,-1.9291914701461792,16.62735366821289,67.54492950439453,1.2610540390014648
3645,115.91034585343,-1.9779462814331055,18.29269027709961,66.10857391357422,1.2611117362976074
3646,179.7158373823867,2.3237624168395996,5.148004055023193,54.91518020629883,1.2611833810806274
3647,112.24319505514084,-2.3899474143981934,19.25971221923828,63.48051834106445,1.2612031698226929
3648,183.32056234973447,1.7651869058609009,4.960676193237305,51.850921630859375,1.2611932754516602
3649,139.63421370403208,0.6547516584396362,13.539703369140625,61.990440368652344,1.2612123489379883
3650,199.86942356930945,2.9554553031921387,5.306620121002197,50.615882873535156,1.2611896991729736
3651,201.57165227797927,3.189406394958496,4.950367450714111,50.18910217285156,1.2611685991287231
3652,192.879747934115,2.854931354522705,5.256549835205078,47.518096923828125,1.2611722946166992
3653,202.2860233048877,2.8103232383728027,5.457756996154785,49.783058166503906,1.2611360549926758
3654,194.26352626510916,3.599278688430786,6.232804298400879,49.89147186279297,1.2611411809921265
3655,191.7227225947958,3.8053395748138428,6.150864124298096,49.80573272705078,1.2612072229385376
3656,196.93912387180535,3.7479403018951416,5.890425682067871,48.41189956665039,1.2612649202346802
3657,206.93484214856804,3.934471607208252,7.172811031341553,47.81891632080078,1.2613072395324707
3658,190.77860212161713,3.1140236854553223,7.4310150146484375,48.855472564697266,1.2613255977630615
3659,200.15192284645474,3.8403446674346924,8.25818157196045,47.55459976196289,1.2613493204116821
3660,207.29377102845336,4.561631679534912,9.400910377502441,48.83842086791992,1.261427402496338
3661,211.59392893356494,3.39785099029541,6.180684566497803,45.26929473876953,1.2614970207214355
3662,190.81449790125083,3.2945683002471924,10.208300590515137,46.9033317565918,1.2615913152694702
3663,201.48469766601056,3.7544665336608887,8.584217071533203,47.62751007080078,1.2616515159606934
3664,197.33980356428955,3.9083147048950195,8.015620231628418,47.39692687988281,1.261712908744812
3665,194.69143113510177,4.432276248931885,9.26083755493164,47.7736701965332,1.2618297338485718
3666,195.85879783413432,4.145355701446533,9.881206512451172,48.19126510620117,1.2619450092315674
3667,198.8971751772026,3.2482149600982666,10.27418041229248,48.2021369934082,1.2619708776474
3668,198.9126120900178,3.425567626953125,9.236271858215332,47.31539535522461,1.2619457244873047
3669,200.94849888601752,4.292733192443848,10.74433422088623,47.0676383972168,1.261949062347412
3670,195.57262473049096,3.8335628509521484,10.939872741699219,47.4445686340332,1.2619602680206299
3671,180.60697035665976,3.724151134490967,11.979034423828125,48.91987609863281,1.2619948387145996
3672,209.01427801482245,4.236090660095215,11.792582511901855,47.02606964111328,1.2620559930801392
3673,213.25426321627322,5.058202266693115,11.956878662109375,49.45793533325195,1.2621922492980957
3674,194.8461013157893,4.1876220703125,10.269187927246094,48.855892181396484,1.2623326778411865
3675,198.37717482580342,4.108260154724121,7.761022567749023,47.10127258300781,1.2625843286514282
3676,192.14580648206424,3.4377293586730957,10.29188346862793,47.68167495727539,1.26278817653656
3677,193.37027352793888,3.9023239612579346,9.270418167114258,47.889190673828125,1.2629709243774414
3678,192.80847572748635,4.049320697784424,8.836977005004883,48.31259536743164,1.26315176486969
3679,198.49670817525083,4.5492329597473145,8.298253059387207,48.57893753051758,1.2633700370788574
3680,194.25982078803577,3.736060380935669,7.963287830352783,48.68186569213867,1.263578176498413
3681,192.1694565188211,4.417995452880859,8.433143615722656,49.5045166015625,1.263814926147461
3682,201.3894739236755,4.4241623878479,7.351841926574707,49.40370559692383,1.2641104459762573
3683,195.0629541395052,2.9779512882232666,8.318912506103516,49.434104919433594,1.2642912864685059
3684,204.22613278993333,2.8764400482177734,8.520779609680176,49.221988677978516,1.264396071434021
3685,209.502101788093,3.7424819469451904,8.091447830200195,50.58439254760742,1.2644599676132202
3686,181.49178805545583,2.749905586242676,8.967567443847656,49.17231750488281,1.264508843421936
3687,202.47979796980897,4.289884090423584,9.152030944824219,51.0689811706543,1.2646021842956543
3688,199.71211075074137,3.7098333835601807,8.82271957397461,51.23558044433594,1.264694333076477
3689,211.6917025959102,3.334580659866333,8.874488830566406,49.99715042114258,1.2647686004638672
3690,209.5454291326669,3.7057979106903076,7.395259857177734,51.54014587402344,1.264851450920105
3691,175.60986739023406,2.1566073894500732,10.953596115112305,52.2137565612793,1.2648900747299194
3692,196.81763042649962,3.5363142490386963,9.038522720336914,51.449344635009766,1.2649308443069458
3693,202.54759833403844,2.9729878902435303,8.342968940734863,50.093360900878906,1.26496422290802
3694,216.1727632010639,2.7487552165985107,7.312563419342041,50.689727783203125,1.264960765838623
3695,207.01658549613393,3.632296085357666,7.961475849151611,51.115684509277344,1.2649701833724976
3696,189.329728899162,3.1000382900238037,7.8101725578308105,51.237548828125,1.2649677991867065
3697,205.03339585864302,2.8947527408599854,7.566646575927734,51.67845916748047,1.2649238109588623
3698,184.74040463797533,2.9908573627471924,8.373486518859863,50.89125061035156,1.2648710012435913
3699,201.0384264155452,3.6184120178222656,6.979928493499756,51.3448486328125,1.2648292779922485
3700,188.18659449496877,2.055428981781006,8.395977973937988,49.711456298828125,1.264737606048584
3701,189.90401770413393,2.9713985919952393,8.96094036102295,51.20981216430664,1.2646369934082031
3702,196.1527850933881,3.1563096046447754,7.598067760467529,51.4162483215332,1.2645047903060913
3703,192.00782252634218,2.823585271835327,8.435918807983398,50.151729583740234,1.264373540878296
3704,169.11943951004713,2.2965025901794434,7.170853137969971,49.611629486083984,1.264279842376709
3705,204.15300328248907,3.3388962745666504,7.411737442016602,50.582008361816406,1.2641935348510742
3706,201.64587775307643,3.377268075942993,6.9314141273498535,49.601341247558594,1.2641524076461792
3707,196.29607202924723,3.924351692199707,8.661381721496582,50.19108200073242,1.2641125917434692
3708,194.14788527367296,3.102511405944824,8.029071807861328,50.492530822753906,1.2640351057052612
3709,187.03283906690083,2.8890788555145264,8.475874900817871,50.62929153442383,1.2639390230178833
3710,204.99087071989717,4.083527088165283,8.48261547088623,50.87983703613281,1.2638486623764038
3711,201.84784063900918,4.683419227600098,8.309591293334961,51.235328674316406,1.2638221979141235
3712,197.36797403633005,3.878559112548828,8.128172874450684,51.27096939086914,1.263788104057312
3713,213.77304616970727,3.9013726711273193,7.783435344696045,51.25083923339844,1.263771653175354
3714,189.22152906149967,3.6228411197662354,8.406952857971191,51.84162902832031,1.2637287378311157
3715,168.58522400955871,2.400134801864624,8.948875427246094,52.343997955322266,1.263703465461731
3716,213.2455094728013,3.6818923950195312,7.301645278930664,53.11821746826172,1.2636947631835938
3717,189.87453977053542,3.9459965229034424,7.014768600463867,52.274749755859375,1.2637147903442383
3718,193.38874402105986,4.670712471008301,9.002214431762695,53.539268493652344,1.2637821435928345
3719,202.1459712883996,4.395839691162109,7.117427349090576,53.34820556640625,1.2638849020004272
3720,195.0874656563225,4.109711170196533,8.325072288513184,53.384132385253906,1.2640618085861206
3721,191.4534583398423,2.918492555618286,7.331349849700928,53.31822204589844,1.2641701698303223
3722,291.5907810811102,6.909956932067871,8.597067832946777,50.68729782104492,1.2642742395401
3723,225.37842188519795,4.19128942489624,6.0956549644470215,53.75157165527344,1.264459490776062
3724,195.95819682994116,3.267456531524658,6.485706806182861,54.10362243652344,1.2646732330322266
3725,204.0989745709649,3.821363687515259,7.357870101928711,54.23741149902344,1.2648745775222778
3726,221.63143044863767,3.9390900135040283,7.310897350311279,53.2769889831543,1.2649856805801392
3727,203.69955270311206,3.465320587158203,7.352697372436523,55.48511505126953,1.2650647163391113
3728,188.48751943805547,3.9490065574645996,7.841412544250488,55.30794143676758,1.2651463747024536
3729,197.67077791539657,4.440392971038818,8.044198989868164,55.680721282958984,1.2652637958526611
3730,198.17961026172355,3.2127602100372314,7.310517311096191,55.38123321533203,1.2653464078903198
3731,187.47595235011227,3.769153594970703,8.237674713134766,56.12017059326172,1.2654236555099487
3732,192.13246923903006,3.3960797786712646,7.118664741516113,55.59926986694336,1.2655256986618042
3733,206.34564329804178,3.7615933418273926,7.63288688659668,56.42947006225586,1.2657214403152466
3734,187.40446000131408,3.088087797164917,7.413706302642822,56.4572868347168,1.265873908996582
3735,210.6340850993841,2.9738683700561523,6.893998622894287,56.98316192626953,1.2659902572631836
3736,191.66435116808083,3.7592954635620117,7.882293701171875,57.19715118408203,1.2661079168319702
3737,197.52336757364583,3.5741403102874756,7.916967391967773,57.73625946044922,1.2661770582199097
3738,206.07659480439114,3.2765438556671143,7.65073299407959,57.752952575683594,1.2661787271499634
3739,233.6868549545901,4.376636028289795,7.437011241912842,55.5927848815918,1.2661699056625366
3740,199.08836576532616,3.6131789684295654,8.120391845703125,57.77049255371094,1.266142725944519
3741,206.88739174214044,4.5348734855651855,8.185404777526855,58.64018630981445,1.2661885023117065
3742,189.7916982847451,3.8393712043762207,8.187198638916016,58.447391510009766,1.266280174255371
3743,187.06400226326076,2.25516414642334,8.152913093566895,59.17780685424805,1.266347050666809
3744,194.42280494462364,3.4471523761749268,7.991159915924072,58.0646858215332,1.266404151916504
3745,244.346147259033,4.869097709655762,8.214983940124512,57.6670036315918,1.2664591073989868
3746,203.6720695620323,3.5967485904693604,7.903852939605713,60.433231353759766,1.2665205001831055
3747,200.3351506701622,3.450500726699829,7.8426513671875,60.99232864379883,1.266554832458496
3748,205.00972295645946,3.817227840423584,7.368166923522949,59.94712448120117,1.2666550874710083
3749,195.02588052866173,2.621217727661133,7.455892562866211,61.68859100341797,1.2666983604431152
3750,202.50055395503006,3.463674545288086,7.489689350128174,61.647666931152344,1.2668012380599976
3751,186.73593825625213,2.257209539413452,8.228605270385742,61.08041000366211,1.2668585777282715
3752,196.3040285076327,3.7910408973693848,6.781953811645508,61.21626663208008,1.266938328742981
3753,199.51463036978785,3.535029411315918,6.980443000793457,62.26079559326172,1.266985535621643
3754,210.2881082332778,4.1456828117370605,8.48962116241455,61.83549880981445,1.2670315504074097
3755,200.47426628228817,3.709444999694824,6.785966396331787,63.042564392089844,1.2670875787734985
3756,198.4160041448681,3.428863286972046,6.229836940765381,62.34605026245117,1.2671427726745605
3757,211.69266945340857,3.9783337116241455,6.30841064453125,62.426395416259766,1.2672103643417358
3758,204.23358274747042,3.582582473754883,6.2841949462890625,62.5518684387207,1.2672584056854248
3759,203.99054794783243,3.3974609375,6.738070964813232,62.730289459228516,1.2672821283340454
3760,201.44534187100845,3.1612043380737305,6.163984775543213,62.55462646484375,1.2672942876815796
3761,190.72295465187418,2.6046273708343506,7.229538440704346,62.02268600463867,1.2672590017318726
3762,193.21971507996122,3.0880751609802246,6.471864700317383,63.26630401611328,1.267192006111145
3763,192.35038360520704,3.824347496032715,6.022891044616699,62.333919525146484,1.2671433687210083
3764,201.94656936930622,3.7141671180725098,6.668758869171143,63.69469451904297,1.267124056816101
3765,194.6487688098889,3.0150222778320312,6.1769633293151855,63.43608856201172,1.2670516967773438
3766,206.1235763654231,3.617983341217041,6.177842617034912,64.31224060058594,1.2670296430587769
3767,201.32023976354836,3.345465898513794,6.39143180847168,63.656795501708984,1.2669563293457031
3768,198.7355528405518,3.506956100463867,6.792816162109375,62.42475509643555,1.266870141029358
3769,197.54566813368916,3.721076488494873,6.3693461418151855,64.01268005371094,1.266797423362732
3770,238.9733486439139,4.849111080169678,9.311481475830078,60.62525177001953,1.2667335271835327
3771,197.31267891405423,3.464083671569824,5.987268924713135,63.00806427001953,1.2667948007583618
3772,206.46460056044407,3.3547146320343018,7.390071868896484,64.30595397949219,1.266806721687317
3773,185.8733378932115,2.2244584560394287,9.37935733795166,63.00310134887695,1.266777753829956
3774,188.43072331917122,2.8099405765533447,6.492587566375732,64.00021362304688,1.2667040824890137
3775,200.10954603924043,3.5457515716552734,6.387731075286865,64.22366333007812,1.2666667699813843
3776,183.04499513601263,3.0282201766967773,6.47549295425415,63.22665786743164,1.2666364908218384
3777,172.35434571801304,2.4800429344177246,7.498115539550781,63.057804107666016,1.2666221857070923
3778,198.8337569395725,3.8655099868774414,7.101123332977295,64.13253784179688,1.266658902168274
3779,207.46206007845726,3.896216630935669,6.921772480010986,63.78091049194336,1.2666982412338257
3780,202.2081561137592,4.176149368286133,7.447896957397461,64.34003448486328,1.266764521598816
3781,189.53981739938047,2.3997833728790283,8.670647621154785,63.67953872680664,1.2668083906173706
3782,177.507552292302,1.90305757522583,8.994813919067383,64.08168029785156,1.266790747642517
3783,200.26397558242348,2.7375094890594482,8.208056449890137,65.03230285644531,1.2667564153671265
3784,202.9663910073292,2.871109962463379,8.774759292602539,64.0155029296875,1.2667328119277954
3785,186.1655894134613,2.924274206161499,9.15310001373291,65.1444320678711,1.2667728662490845
3786,222.4365035369564,3.7375917434692383,8.484550476074219,64.94498443603516,1.2667617797851562
3787,186.48978594366338,3.0079240798950195,8.406688690185547,63.62248611450195,1.266792893409729
3788,257.3483949038653,4.59654426574707,9.431560516357422,62.92811584472656,1.2668424844741821
3789,190.8981326129317,3.2981033325195312,7.462564468383789,65.38563537597656,1.2669050693511963
3790,178.9380161354203,2.285555601119995,8.805551528930664,65.15278625488281,1.266951084136963
3791,193.65923765760078,2.726850748062134,8.22143268585205,67.00187683105469,1.2669715881347656
3792,225.2469270920063,4.413344383239746,7.249929428100586,63.434207916259766,1.2669854164123535
3793,214.6795509940115,3.5330898761749268,7.5268330574035645,65.8736572265625,1.2670165300369263
3794,187.8862388104427,3.271810531616211,7.573044300079346,66.07966613769531,1.2670598030090332
3795,217.55060439851388,2.743558883666992,8.488874435424805,66.7697525024414,1.2670713663101196
3796,236.59731311789105,4.032993316650391,7.156558036804199,64.4425048828125,1.267100214958191
3797,193.96310573391597,3.1960337162017822,7.327353477478027,67.70396423339844,1.267163634300232
3798,202.21570002589442,3.327322483062744,7.7145233154296875,67.14419555664062,1.2672333717346191
3799,197.89875671611267,3.3011116981506348,7.816074371337891,67.56745147705078,1.2673135995864868
3800,201.18750765292705,3.337581157684326,7.07447624206543,65.9010238647461,1.2674487829208374
3801,273.1243844004402,5.509542942047119,8.084254264831543,62.42279815673828,1.2675646543502808
3802,199.9784128970271,3.1645920276641846,8.327152252197266,68.58961486816406,1.2676681280136108
3803,192.37147152682485,2.936598539352417,7.388354778289795,67.80787658691406,1.2677634954452515
3804,212.3937032225504,3.603736400604248,7.388813018798828,67.39039611816406,1.2678728103637695
3805,193.52021564182706,2.884568452835083,8.475969314575195,68.2913818359375,1.267962098121643
3806,212.67402526100378,3.001448154449463,7.749843597412109,69.49459838867188,1.2680535316467285
3807,192.8219372331805,2.512503147125244,7.6633219718933105,67.81605529785156,1.2681115865707397
3808,209.8390071597279,2.84578537940979,7.985086917877197,69.2422866821289,1.2681478261947632
3809,215.62126906650582,3.7702717781066895,7.834483623504639,68.68067169189453,1.2682480812072754
3810,210.40262223213958,3.9966394901275635,7.952898979187012,68.35201263427734,1.268396019935608
3811,196.15777066389728,2.1839613914489746,10.017386436462402,70.64430236816406,1.268526315689087
3812,202.8763013545911,3.1043779850006104,9.112713813781738,68.99681091308594,1.2686386108398438
3813,200.90044081714134,3.2654106616973877,8.871898651123047,68.04485321044922,1.2687430381774902
3814,266.3021512695736,3.814328908920288,7.780342102050781,67.96199798583984,1.2687987089157104
3815,199.18682370310916,2.215651750564575,8.134400367736816,69.84738159179688,1.2688289880752563
3816,201.79415746580054,2.6494829654693604,8.520605087280273,70.2641830444336,1.2689156532287598
3817,208.9201556006889,3.1820626258850098,9.667579650878906,69.73391723632812,1.2690354585647583
3818,201.83618446206728,2.8189077377319336,8.005772590637207,69.39383697509766,1.2691725492477417
3819,214.29310641279042,3.133599281311035,7.752251625061035,68.00994110107422,1.2692842483520508
3820,247.65239468853537,3.923654079437256,8.276877403259277,67.75856018066406,1.2693852186203003
3821,190.7685464674277,2.7891669273376465,9.32460880279541,69.75994110107422,1.2695106267929077
3822,190.02240377337597,2.5206072330474854,8.960822105407715,71.01883697509766,1.269646167755127
3823,247.05133145471228,4.399640083312988,8.180898666381836,67.12677764892578,1.2697604894638062
3824,264.07684020947625,4.259058475494385,7.87557315826416,65.73197174072266,1.269858717918396
3825,216.17384258065766,3.8789455890655518,8.670344352722168,69.55825805664062,1.2700103521347046
3826,158.08654896267706,-0.5542773604393005,34.45545959472656,73.06809997558594,1.2701102495193481
3827,197.55769173442627,3.476047992706299,9.456928253173828,71.17160034179688,1.2702924013137817
3828,235.43207140669162,4.001510143280029,8.510976791381836,69.2939682006836,1.270457148551941
3829,222.68919929140236,3.1443424224853516,8.285019874572754,70.89456939697266,1.2706170082092285
3830,218.53346338591243,2.4363081455230713,8.730020523071289,70.57144927978516,1.270707607269287
3831,217.9607329497125,2.895970106124878,9.591692924499512,72.59754943847656,1.2707983255386353
3832,198.53248286832545,3.0542354583740234,12.92192554473877,70.53162384033203,1.2709511518478394
3833,185.44167037407868,1.6982207298278809,12.417013168334961,73.37503814697266,1.271067500114441
3834,191.891751336174,2.8412632942199707,9.870986938476562,72.48274230957031,1.2713361978530884
3835,192.24361565369472,2.710850238800049,13.19796085357666,73.3982925415039,1.2716351747512817
3836,253.25974452052264,3.5543715953826904,10.25778865814209,75.11154174804688,1.2719131708145142
3837,243.87674490242892,3.6228625774383545,10.158655166625977,71.9521255493164,1.2721595764160156
3838,215.2075002840557,3.032733917236328,11.247078895568848,73.95468139648438,1.2724255323410034
3839,113.89657659530954,-0.1415090560913086,93.37315368652344,80.11206817626953,1.2726963758468628
3840,205.65553577143777,2.9090120792388916,9.275550842285156,73.1474609375,1.2729458808898926
3841,305.37740046974204,4.661993980407715,21.81135368347168,75.75144958496094,1.273151159286499
3842,203.85157684109717,2.972076654434204,8.875757217407227,73.33496856689453,1.2733877897262573
3843,358.95091764319295,4.961251735687256,14.675440788269043,75.76102447509766,1.2735918760299683
3844,199.10866521454082,2.0123443603515625,11.637519836425781,74.3092041015625,1.2737832069396973
3845,213.22763269727366,2.178382635116577,14.635758399963379,74.40135192871094,1.273971438407898
3846,247.1656417335926,3.6518468856811523,24.90671730041504,74.98966217041016,1.2741332054138184
3847,257.79009938354125,3.555708885192871,7.633945465087891,71.36190032958984,1.2742735147476196
3848,199.9158447756964,2.1374669075012207,10.341456413269043,75.7645034790039,1.2744463682174683
3849,204.5277858941572,2.0145816802978516,10.181750297546387,76.03129577636719,1.2746742963790894
3850,312.3432103909568,5.896274566650391,13.195673942565918,70.54641723632812,1.2749146223068237
3851,315.3257246558064,5.137166500091553,36.911231994628906,69.66053771972656,1.275128722190857
3852,199.94545611341687,1.918619990348816,8.541358947753906,76.60173034667969,1.2753742933273315
3853,198.67745800002498,0.7619084119796753,12.800800323486328,73.5643539428711,1.2755076885223389
3854,214.23270537024365,3.3040642738342285,22.317546844482422,68.66867065429688,1.2756448984146118
3855,176.5014730407869,1.3984462022781372,15.322131156921387,71.79376220703125,1.2757705450057983
3856,252.50653891197635,3.4016053676605225,21.879907608032227,75.20381164550781,1.2759027481079102
3857,197.96481651455215,1.3712859153747559,10.277311325073242,78.38800048828125,1.2760149240493774
3858,210.70296232591318,2.2302656173706055,9.957601547241211,76.59307098388672,1.2761121988296509
3859,129.5261562284109,-1.9738184213638306,102.3150634765625,83.76969909667969,1.276193380355835
3860,293.57214097410343,4.749960422515869,13.07073974609375,73.43675994873047,1.2762789726257324
3861,252.46933167336383,3.2559783458709717,16.267253875732422,78.7693862915039,1.2763692140579224
3862,219.8851421814981,2.3817901611328125,52.4212646484375,84.59185028076172,1.2764538526535034
3863,317.96164345649674,5.411098480224609,14.072134017944336,74.00373840332031,1.2765363454818726
3864,193.0528785332162,1.3262805938720703,10.007497787475586,78.77369689941406,1.2766203880310059
3865,212.16546328927566,2.4890201091766357,12.975606918334961,77.63890075683594,1.2767493724822998
3866,211.81895553844458,2.7610580921173096,14.926756858825684,77.33570861816406,1.2769173383712769
3867,252.48219112907432,4.018604755401611,32.96293258666992,80.3032455444336,1.2771058082580566
3868,191.73603227866656,1.976549744606018,89.19198608398438,86.28805541992188,1.277328372001648
3869,227.3954524472637,1.27587890625,59.48563003540039,85.85785675048828,1.2775144577026367
3870,288.3536350770338,3.885507345199585,8.765249252319336,73.72278594970703,1.2776402235031128
3871,242.4736174912816,2.915100574493408,11.37071418762207,76.40570831298828,1.2777222394943237
3872,205.6594470724443,1.6438088417053223,9.823511123657227,79.82373046875,1.2778174877166748
3873,254.2449559008013,3.402630090713501,10.712657928466797,73.06363677978516,1.277875304222107
3874,126.29620937097873,0.05405984818935394,100.17733001708984,86.28458404541016,1.2781161069869995
3875,310.6481467966773,4.18047571182251,18.682735443115234,81.05313873291016,1.2783373594284058
3876,215.45515972759893,2.8464128971099854,10.153773307800293,77.27020263671875,1.2786861658096313
3877,197.18889322678638,1.9372073411941528,10.777447700500488,78.27691650390625,1.2790096998214722
3878,209.19266963340107,1.8825620412826538,56.25688552856445,85.32350158691406,1.2793134450912476
3879,203.07895077560516,1.3037687540054321,11.247344017028809,77.93389129638672,1.2795586585998535
3880,194.59664716246067,1.9745450019836426,13.156449317932129,79.37471008300781,1.2798810005187988
3881,210.67144079201353,2.258697748184204,9.654438972473145,75.42932891845703,1.280179500579834
3882,216.26886320538927,2.4654452800750732,27.185047149658203,83.26335144042969,1.280473232269287
3883,206.09792925642012,2.359367609024048,45.826847076416016,83.16797637939453,1.280748963356018
3884,205.27205074528692,1.8376084566116333,11.142982482910156,77.50244903564453,1.2810055017471313
3885,238.73410666332921,3.051816940307617,8.864594459533691,73.3822021484375,1.281221866607666
3886,226.95911756450738,2.052168607711792,10.423491477966309,75.57654571533203,1.2813810110092163
3887,179.43398258684076,0.8405601978302002,16.21865463256836,77.42179870605469,1.2815172672271729
3888,213.9652045349866,2.187434434890747,9.154250144958496,76.04901123046875,1.2816423177719116
3889,338.16292363384264,5.298766613006592,45.149330139160156,72.31059265136719,1.2817425727844238
3890,226.81254878981002,1.43729567527771,10.681866645812988,78.90093994140625,1.2818032503128052
3891,187.23378635305627,1.2296010255813599,29.916231155395508,84.52647399902344,1.2818644046783447
3892,260.0012330859991,3.2510154247283936,8.622312545776367,73.84942626953125,1.2819108963012695
3893,189.77028173973525,1.1350501775741577,10.573897361755371,76.52226257324219,1.2819370031356812
3894,254.22743489002872,3.9934699535369873,9.993011474609375,72.13873291015625,1.2820062637329102
3895,172.52651939091996,0.4070930778980255,23.445466995239258,74.87117767333984,1.2820448875427246
3896,200.1784589332947,0.9129871129989624,32.198795318603516,81.69847869873047,1.2820390462875366
3897,182.91735859056857,0.8217770457267761,18.534439086914062,76.25558471679688,1.2820221185684204
3898,287.9683568271257,2.882253646850586,24.555946350097656,65.58196258544922,1.2819377183914185
3899,232.13990567880904,3.1510579586029053,11.071816444396973,72.08399200439453,1.281881332397461
3900,226.46424879790212,3.478330135345459,19.291536331176758,65.95848846435547,1.2818368673324585
3901,298.9668512825087,3.963499069213867,10.530348777770996,80.27973937988281,1.2818056344985962
3902,200.23541817457374,1.297715663909912,12.635332107543945,77.22174835205078,1.2817541360855103
3903,359.98924586993456,5.948673725128174,22.406982421875,76.01596069335938,1.2817343473434448
3904,201.12905886135243,1.0598728656768799,15.561495780944824,76.95753479003906,1.281685709953308
3905,227.97029971845092,2.1536507606506348,22.35886001586914,77.642578125,1.2816263437271118
3906,113.3182701823106,-1.566584587097168,127.12704467773438,83.23307800292969,1.281594157218933
3907,177.7584522477941,1.6535817384719849,22.794069290161133,73.72484588623047,1.2815876007080078
3908,112.59822485533113,-1.8786152601242065,37.4753532409668,82.23091888427734,1.2816005945205688
3909,227.77063007760523,1.859570860862732,42.81441116333008,81.4756851196289,1.281599521636963
3910,203.57132112311407,0.6566126346588135,32.26789855957031,76.94689178466797,1.2815810441970825
3911,214.7143429217816,2.246121406555176,56.677249908447266,86.86983489990234,1.2815896272659302
3912,191.74011964853298,2.0166637897491455,29.090011596679688,72.12673950195312,1.2816176414489746
3913,207.07579868429184,-0.7713390588760376,48.44455337524414,86.24781799316406,1.2815794944763184
3914,111.91940039780177,-1.6767308712005615,63.83749771118164,79.83444213867188,1.2815648317337036
3915,187.1768957417386,0.07779625058174133,19.1538143157959,76.30672454833984,1.2815020084381104
3916,347.0317903514547,4.717729568481445,30.148983001708984,79.18064880371094,1.2814046144485474
3917,208.32822396885584,2.786412477493286,32.729007720947266,80.10284423828125,1.281368613243103
3918,61.15424531632385,-7.427184104919434,158.45724487304688,85.93492889404297,1.2813414335250854
3919,214.0497600253257,2.3198752403259277,22.502225875854492,78.7181625366211,1.2813230752944946
3920,196.6148876942077,2.089808940887451,17.204307556152344,77.18226623535156,1.2813491821289062
3921,76.4187006158641,-9.110129356384277,126.78833770751953,86.55130004882812,1.281352162361145
3922,54.712292310369406,-7.947187423706055,157.95948791503906,85.70269775390625,1.2813698053359985
3923,196.44339370207473,1.827716588973999,59.434600830078125,85.3676528930664,1.281404733657837
3924,90.87268849490751,-2.763871192932129,47.836097717285156,84.24291229248047,1.2815032005310059
3925,61.91205435310471,-7.076984405517578,87.07464599609375,81.97843933105469,1.281597375869751
3926,69.47751633658767,-6.292471408843994,74.4958267211914,83.64955139160156,1.2816864252090454
3927,53.76013600438641,-11.538228988647461,102.9596939086914,79.00743103027344,1.2817436456680298
3928,221.82389841361893,2.549309253692627,40.020442962646484,65.75393676757812,1.2817683219909668
3929,144.85418696108397,-1.6549768447875977,46.71600341796875,80.32476806640625,1.2817658185958862
3930,199.70721012879574,1.1515814065933228,27.752948760986328,74.2340316772461,1.281741976737976
3931,58.4305247389635,-4.999553203582764,245.08091735839844,77.051513671875,1.2817660570144653
3932,203.49465935096376,2.2563414573669434,18.936368942260742,76.86560821533203,1.2818206548690796
3933,208.09992524119576,1.4577099084854126,38.825443267822266,69.50284576416016,1.2818552255630493
3934,252.07205421922282,3.172358751296997,26.90977668762207,67.16573333740234,1.281873345375061
3935,57.70578316683161,-6.317829608917236,102.82889556884766,69.39788055419922,1.2819335460662842
3936,69.62119021013473,-5.01669979095459,27.267391204833984,63.201839447021484,1.281998634338379
3937,181.9813232747129,0.24604125320911407,50.33823776245117,73.73406219482422,1.2820358276367188
3938,212.21504974829267,1.397605299949646,14.508716583251953,79.47259521484375,1.2820483446121216
3939,292.67950852577474,5.197421073913574,63.19960021972656,63.877777099609375,1.2820582389831543
3940,87.32472246961306,-3.7549219131469727,133.142822265625,65.45238494873047,1.2820566892623901
3941,220.11253582088676,2.9286539554595947,14.444852828979492,70.74551391601562,1.282058596611023
3942,386.2040823497484,5.934623718261719,39.141971588134766,73.38949584960938,1.2820504903793335
3943,398.68521332969385,6.156347751617432,32.392356872558594,74.26209259033203,1.2820069789886475
3944,189.9300996424088,0.15842531621456146,32.45847702026367,75.38677215576172,1.2819353342056274
3945,217.0708748726411,0.4115907549858093,22.913768768310547,75.48162078857422,1.2817778587341309
3946,299.93392203930915,5.610331058502197,16.664230346679688,73.11373901367188,1.2816747426986694
3947,202.79059218072277,1.3877695798873901,26.812469482421875,76.85751342773438,1.281586766242981
3948,326.0759389915066,4.7418012619018555,23.396949768066406,76.28678131103516,1.281458854675293
3949,259.0790181508646,3.2560956478118896,9.936729431152344,72.36266326904297,1.2812732458114624
3950,191.3442848993698,1.9574037790298462,12.065011978149414,77.91438293457031,1.2811182737350464
3951,205.62702802425153,1.7690216302871704,10.81478214263916,77.8502197265625,1.280940055847168
3952,235.6196798676023,2.5376389026641846,10.207016944885254,79.51848602294922,1.2807477712631226
3953,236.23911295386696,3.400629997253418,12.584885597229004,75.72589874267578,1.2805585861206055
3954,196.95837772852875,0.30257871747016907,13.069026947021484,78.51397705078125,1.2803196907043457
3955,213.32052543344446,3.088935375213623,11.608691215515137,77.95362854003906,1.2801133394241333
3956,196.3780956856466,1.776178002357483,12.445027351379395,81.53821563720703,1.279950737953186
3957,192.65366309548799,1.1800717115402222,16.826616287231445,83.1461181640625,1.2797809839248657
3958,203.51358051420132,2.3731324672698975,12.257561683654785,79.79894256591797,1.2796458005905151
3959,193.2333239501095,1.4893001317977905,11.842290878295898,80.73934936523438,1.279491901397705
3960,209.8994939720625,2.6857492923736572,10.938416481018066,78.58599853515625,1.279375433921814
3961,197.1287794924015,2.654374837875366,12.778548240661621,79.43977355957031,1.279375672340393
3962,192.32870995133868,1.8924317359924316,11.059814453125,81.08877563476562,1.2793997526168823
3963,191.78585709253383,1.7843931913375854,10.9785795211792,80.66658020019531,1.2794240713119507
3964,202.35714974871706,1.779484510421753,10.510087966918945,79.88240814208984,1.2794140577316284
3965,189.305490053648,0.718339741230011,10.830504417419434,80.47592163085938,1.2793587446212769
3966,195.27037448723334,2.4118094444274902,10.446301460266113,79.85086822509766,1.279401183128357
3967,186.85244656461091,0.20524489879608154,11.243805885314941,80.63536834716797,1.2793556451797485
3968,203.06257731066844,2.292417049407959,10.925251007080078,78.7004165649414,1.279329776763916
3969,181.29112918057794,1.0089623928070068,11.139068603515625,79.2574462890625,1.2792891263961792
3970,185.47659320647847,1.3428821563720703,11.264765739440918,78.9610595703125,1.2792340517044067
3971,179.28180051893327,1.1162149906158447,11.12657642364502,78.68162536621094,1.2791723012924194
3972,178.47497390029503,1.5750187635421753,11.471529960632324,78.13877868652344,1.2791504859924316
3973,199.17101557993212,2.3960306644439697,11.09642505645752,78.75223541259766,1.2792032957077026
3974,177.00452134825517,0.7966272830963135,11.468792915344238,77.68148040771484,1.2792245149612427
3975,193.4029159731661,1.1123887300491333,11.433680534362793,78.0488510131836,1.2792104482650757
3976,161.7857977615243,-0.09504596143960953,15.53747272491455,79.99507141113281,1.279173731803894
3977,189.83248267041657,0.9082515835762024,11.543034553527832,77.93913269042969,1.2791043519973755
3978,189.88102826706037,1.1964521408081055,11.811972618103027,76.03771209716797,1.2790229320526123
3979,183.4853497893288,0.742940366268158,11.552811622619629,79.16557312011719,1.2789231538772583
3980,197.69689769169344,1.6904678344726562,11.387478828430176,76.37752532958984,1.2788058519363403
3981,144.135945796251,-0.7643361687660217,37.871585845947266,86.29347229003906,1.2787224054336548
3982,134.669246215929,-1.397321105003357,33.50537872314453,84.94673156738281,1.278657078742981
3983,176.89186962311203,0.8593806624412537,13.34498119354248,79.38910675048828,1.27859365940094
3984,188.4037379811356,1.3656185865402222,11.725869178771973,74.64411163330078,1.2785284519195557
3985,216.17954464984356,2.85955548286438,11.338525772094727,73.09803771972656,1.2785029411315918
3986,222.81220056020587,3.1290671825408936,10.888724327087402,75.20203399658203,1.278524398803711
3987,202.10094389558625,2.072448492050171,11.02420425415039,78.0784683227539,1.278560996055603
3988,181.60421112779304,0.4289306104183197,18.42693328857422,78.06260681152344,1.278600811958313
3989,149.33321139517528,-1.509700059890747,31.2624454498291,84.84632110595703,1.2786146402359009
3990,182.62509736228267,1.0017447471618652,12.235207557678223,76.29169464111328,1.278623104095459
3991,184.5667960559535,1.4307119846343994,11.894176483154297,76.65254211425781,1.2786657810211182
3992,204.4139386303954,1.9963338375091553,11.90445613861084,74.08206176757812,1.2787014245986938
3993,183.89562216726694,1.6100013256072998,16.236345291137695,80.07321166992188,1.2788711786270142
3994,154.88850009147885,-0.46708524227142334,24.151004791259766,83.31666564941406,1.2790318727493286
3995,132.0298769041036,-1.1063449382781982,34.042049407958984,83.26290130615234,1.279281497001648
3996,173.97951490827478,0.5836379528045654,13.764196395874023,79.50679016113281,1.2795170545578003
3997,169.73495334139935,0.19306030869483948,14.311134338378906,80.78556060791016,1.2797284126281738
3998,162.71786369858222,-1.8911232948303223,19.715497970581055,80.08475494384766,1.2798875570297241
3999,190.39537858526336,0.2170330435037613,11.639947891235352,77.30844116210938,1.2799824476242065
4000,134.05739751723686,-2.429288387298584,34.019195556640625,85.01410675048828,1.2800476551055908
4001,188.54844064872205,1.1817095279693604,12.001107215881348,75.86822509765625,1.2801085710525513
4002,155.11018698617966,-0.7404544949531555,19.51624298095703,82.34748077392578,1.2801557779312134
4003,178.68572296430946,-1.251312017440796,16.817712783813477,79.84038543701172,1.2801481485366821
4004,175.77605581425922,1.2327462434768677,14.530031204223633,80.71825408935547,1.2802225351333618
4005,140.5257972861006,-2.149125099182129,36.44029235839844,86.53581237792969,1.2802737951278687
4006,131.32897958942837,-2.6490328311920166,45.629066467285156,86.45159149169922,1.2803072929382324
4007,181.44973544584946,1.3435683250427246,11.96030044555664,78.51893615722656,1.2804045677185059
4008,182.15222068369823,0.9192490577697754,12.527960777282715,77.3939208984375,1.2805136442184448
4009,163.4714505273032,0.08927394449710846,21.361087799072266,85.51485443115234,1.2806521654129028
4010,186.51028748590684,0.291111022233963,12.406059265136719,80.01693725585938,1.280725359916687
4011,115.1612194653119,-5.753547668457031,60.3541145324707,89.38719940185547,1.280744194984436
4012,129.98527236678544,-3.7896816730499268,42.73210906982422,86.30160522460938,1.2807096242904663
4013,182.26593799925246,0.7765142917633057,12.014647483825684,79.52147674560547,1.280692458152771
4014,190.3209839706758,1.231140375137329,11.875720024108887,78.94231414794922,1.2807084321975708
4015,178.32176296521757,-0.14356912672519684,12.831868171691895,78.9787826538086,1.2806965112686157
4016,176.24420226609843,-0.1057845801115036,12.40941047668457,79.46949005126953,1.2806633710861206
4017,136.216567792558,-2.14507794380188,51.196922302246094,83.67483520507812,1.2806318998336792
4018,135.3970879937506,-1.79580557346344,39.6383056640625,84.70866394042969,1.2806261777877808
4019,175.36674172025218,0.5692865252494812,12.434825897216797,76.16108703613281,1.2806345224380493
4020,163.07781836106057,-0.9105465412139893,16.258373260498047,81.27173614501953,1.2806202173233032
4021,171.3845024995274,-0.23585167527198792,13.85289478302002,79.13375091552734,1.2805792093276978
4022,174.42362119440878,0.3858655095100403,12.892839431762695,76.18887329101562,1.2805768251419067
4023,180.821999590684,0.7846224904060364,12.517322540283203,78.74909210205078,1.2805901765823364
4024,155.12434865845083,-0.342394083738327,22.39179039001465,81.54532623291016,1.2806247472763062
4025,177.44115180941492,0.7124599814414978,12.847370147705078,77.27934265136719,1.2806910276412964
4026,186.14280318749113,0.6382429599761963,13.724510192871094,78.9848861694336,1.2807482481002808
4027,180.26861732901494,-0.7102163434028625,12.938737869262695,77.57313537597656,1.2807499170303345
4028,164.87799027356834,-0.15086999535560608,25.779935836791992,82.33230590820312,1.2807589769363403
4029,176.45425091643804,0.32309430837631226,13.540755271911621,77.93058776855469,1.2807626724243164
4030,181.05210345366422,0.1869162917137146,12.807086944580078,78.34489440917969,1.2807456254959106
4031,183.6359840217591,0.39338788390159607,13.48583984375,78.02171325683594,1.280711054801941
4032,180.32799455889364,0.8451700210571289,15.370073318481445,77.63854217529297,1.280724048614502
4033,199.29571289578604,1.6879695653915405,14.622570991516113,76.54598236083984,1.2807515859603882
4034,177.36665174346993,0.5399699211120605,13.384260177612305,76.776123046875,1.2807852029800415
4035,182.80795810564317,0.8410764932632446,13.373563766479492,75.98248291015625,1.280813455581665
4036,155.05832739286967,0.23553991317749023,28.0878849029541,80.15933227539062,1.2809324264526367
4037,193.09471748253725,1.097994327545166,13.305890083312988,74.97332000732422,1.2810312509536743
4038,185.58371532429118,1.6807161569595337,13.220065116882324,75.82241821289062,1.2812293767929077
4039,176.52438065295675,0.9192101955413818,14.292957305908203,75.8775405883789,1.2814441919326782
4040,173.16382782494756,0.5792132616043091,15.567299842834473,74.40821838378906,1.2816530466079712
4041,183.8702701066711,1.123679280281067,13.313528060913086,76.01567840576172,1.2818511724472046
4042,179.6150296155643,1.2395862340927124,13.606390953063965,74.76776123046875,1.2820537090301514
4043,176.40939850479998,0.43117642402648926,14.0950927734375,74.6583023071289,1.2822095155715942
4044,179.63966068352494,1.0825618505477905,13.660005569458008,74.3443832397461,1.2823486328125
4045,186.617795921047,1.6502351760864258,12.48587703704834,74.38127136230469,1.2825113534927368
4046,179.26310737443583,0.7526237964630127,13.02592945098877,73.68805694580078,1.28263521194458
4047,177.18467362257826,1.031015396118164,12.303625106811523,73.28888702392578,1.2827496528625488
4048,169.68470854044762,1.228816032409668,23.387123107910156,77.39179992675781,1.2829030752182007
4049,175.04607514914636,1.3766781091690063,12.455162048339844,71.76760864257812,1.2830816507339478
4050,175.58420553134098,1.1019665002822876,12.042481422424316,72.20381927490234,1.283251404762268
4051,176.10419679007057,0.25074005126953125,12.38034439086914,71.37307739257812,1.283359169960022
4052,186.54593989246345,1.6021608114242554,12.006242752075195,72.70516967773438,1.283455729484558
4053,176.73327197593687,2.0042333602905273,12.507586479187012,71.68077087402344,1.283686637878418
4054,175.05297321184398,1.4583684206008911,12.333929061889648,71.8570556640625,1.2839475870132446
4055,177.37122654091158,0.45408740639686584,12.606072425842285,71.49226379394531,1.2841452360153198
4056,185.5243393222004,1.7958842515945435,12.479803085327148,71.98651885986328,1.284331202507019
4057,179.61938506005737,1.4855629205703735,12.35377025604248,71.3943099975586,1.2844929695129395
4058,201.49298150999434,2.7534379959106445,11.954999923706055,71.18107604980469,1.2846685647964478
4059,198.7841599694173,2.5831215381622314,12.469022750854492,71.64410400390625,1.284852147102356
4060,170.00394395269615,0.5051031708717346,12.66964340209961,71.23006439208984,1.2849831581115723
4061,179.2953673887538,1.8991602659225464,13.09026050567627,72.77954864501953,1.2851771116256714
4062,178.15465133371816,0.20917390286922455,12.689199447631836,72.27706146240234,1.2852849960327148
4063,201.2420925230666,2.7951555252075195,12.931705474853516,71.8876724243164,1.2854417562484741
4064,179.69900770203265,-0.40274930000305176,12.692734718322754,72.68141174316406,1.2854961156845093
4065,183.68370011910298,2.0097646713256836,12.892684936523438,73.46587371826172,1.2856241464614868
4066,180.82050086832768,1.7626646757125854,12.270636558532715,73.06391143798828,1.2858043909072876
4067,180.98439761386516,1.6724151372909546,12.52640151977539,73.06669616699219,1.2859801054000854
4068,203.54578983966263,2.2262210845947266,12.107303619384766,73.12467956542969,1.2861227989196777
4069,180.59029338423736,0.951478123664856,12.489497184753418,73.12750244140625,1.2862167358398438
4070,179.0587106319952,2.0143537521362305,12.54409122467041,72.93936920166016,1.2863460779190063
4071,194.0752477527795,1.5157134532928467,12.146490097045898,72.31835174560547,1.2864264249801636
4072,127.12418571091254,-0.6060087084770203,62.490291595458984,79.73056030273438,1.2865246534347534
4073,172.99002211307268,1.4154654741287231,11.719579696655273,73.07201385498047,1.2866435050964355
4074,161.2861983183157,-1.278985619544983,47.476402282714844,79.9359130859375,1.2867077589035034
4075,131.34085057743718,-3.2501134872436523,64.65364837646484,80.46853637695312,1.2867470979690552
4076,155.23996228557203,-0.5108043551445007,36.637699127197266,78.48272705078125,1.2867721319198608
4077,143.58532781431313,-0.3938809633255005,26.11283302307129,78.62584686279297,1.2868034839630127
4078,255.89008639881877,3.7848029136657715,8.475540161132812,66.88996887207031,1.2867908477783203
4079,178.20424557104542,1.479781150817871,9.479823112487793,72.7455062866211,1.2867902517318726
4080,129.81144409203003,-1.679211974143982,53.153076171875,81.08343505859375,1.2867827415466309
4081,269.92678963347413,4.353909492492676,8.952981948852539,63.60261154174805,1.2867262363433838
4082,139.02890777094606,-0.20704995095729828,21.479433059692383,76.98686218261719,1.2867259979248047
4083,131.5941832080424,-1.0644495487213135,35.398460388183594,79.4898681640625,1.2867318391799927
4084,143.2964580520075,0.053935665637254715,22.89095115661621,78.32706451416016,1.2867703437805176
4085,124.94555929604547,-3.4191701412200928,37.57319641113281,79.07534790039062,1.2867733240127563
4086,238.43042835391466,4.088836193084717,9.020631790161133,65.41381072998047,1.2867902517318726
4087,142.29909682668784,-0.2723517119884491,56.11391067504883,79.27388000488281,1.2868260145187378
4088,146.53605827013274,-0.0763310045003891,31.42498207092285,76.96744537353516,1.2868739366531372
4089,323.5982225649665,6.1957597732543945,10.340997695922852,60.59486770629883,1.286871075630188
4090,128.17539940670434,-1.3120025396347046,46.49941635131836,77.15901184082031,1.2868691682815552
4091,241.426449517511,3.9810128211975098,9.24809455871582,60.97955322265625,1.286852240562439
4092,184.47269851078516,1.8725314140319824,9.653380393981934,66.98190307617188,1.2868582010269165
4093,285.9410345946637,5.687373638153076,10.15045166015625,60.425559997558594,1.2868684530258179
4094,205.4579885220006,2.8643534183502197,9.30367660522461,63.768836975097656,1.2869025468826294
4095,251.55771650428687,4.729736804962158,10.125299453735352,57.62276840209961,1.286973476409912
4096,338.9605371497034,6.374716281890869,20.23682403564453,62.34856414794922,1.2870339155197144
4097,252.38399812632804,4.586997985839844,8.817879676818848,61.09780502319336,1.2871321439743042
4098,325.13331614973254,5.9377546310424805,16.158777236938477,63.93886184692383,1.287204384803772
4099,200.63951433128085,1.7580513954162598,13.409933090209961,67.5886001586914,1.2872391939163208
4100,359.3581652151643,6.992237091064453,16.978849411010742,68.61775970458984,1.2873082160949707
4101,144.7172797084186,-0.5061894059181213,20.96149253845215,74.86351776123047,1.2873598337173462
4102,197.15283051495894,1.8185529708862305,12.771622657775879,69.50375366210938,1.2874234914779663
4103,272.6572177759136,3.8858642578125,9.786744117736816,71.7608413696289,1.2874679565429688
4104,323.2764149527777,4.470202445983887,17.239253997802734,72.1512451171875,1.2875016927719116
4105,165.28681390847393,0.25285694003105164,15.927675247192383,73.44538116455078,1.2875276803970337
4106,308.5273971387777,4.174600601196289,9.654706001281738,70.48778533935547,1.287549376487732
4107,328.34805471186036,4.786570072174072,25.15787124633789,71.01984405517578,1.287533164024353
4108,283.3888314078346,3.485028028488159,17.508459091186523,71.93778991699219,1.2875322103500366
4109,329.92541809104574,4.900413990020752,39.47613525390625,75.99376678466797,1.2875174283981323
4110,110.70047488399635,-2.127185106277466,77.57179260253906,80.33090209960938,1.2875151634216309
4111,470.94650247048605,7.735191345214844,33.71578598022461,75.68091583251953,1.2875908613204956
4112,251.2922571402224,2.616342782974243,15.017182350158691,74.88782501220703,1.2877384424209595
4113,332.6841590435422,5.232248306274414,27.003389358520508,75.33200073242188,1.2878904342651367
4114,339.6416992971479,5.31467342376709,35.324398040771484,78.23297119140625,1.2880669832229614
4115,328.06545737894623,3.9678003787994385,37.559505462646484,77.98048400878906,1.2882170677185059
4116,350.4309110671678,4.131897926330566,44.19468688964844,79.27435302734375,1.2883353233337402
4117,294.40396925304304,3.813804864883423,35.02213668823242,75.08807373046875,1.2884472608566284
4118,399.197026189872,5.22507905960083,32.795555114746094,74.91497039794922,1.288528561592102
4119,240.43450628287,2.8427743911743164,20.434253692626953,74.31574249267578,1.288619041442871
4120,257.88526109751024,3.4934194087982178,27.015743255615234,75.41249084472656,1.2887181043624878
4121,456.02524930251474,5.968759536743164,83.67169952392578,79.88803100585938,1.2887910604476929
4122,392.09039784148246,4.392928123474121,34.719512939453125,79.23680877685547,1.2888215780258179
4123,260.80562384083083,2.9634876251220703,27.666702270507812,75.50797271728516,1.2888485193252563
4124,312.9977081628626,5.012292861938477,47.543453216552734,78.27477264404297,1.2888771295547485
4125,311.0641742039186,3.8272619247436523,45.15675354003906,79.9307632446289,1.2888826131820679
4126,282.8321371501804,2.5075926780700684,48.63814926147461,80.78022766113281,1.2888489961624146
4127,364.215752236851,5.998486042022705,25.86073112487793,76.1405258178711,1.2888197898864746
4128,360.50005936939624,4.888415336608887,22.242097854614258,76.50639343261719,1.2887777090072632
4129,120.30663458918164,-1.7061907052993774,74.63323974609375,83.59274291992188,1.2887574434280396
4130,326.92922004081174,3.8649120330810547,46.30811309814453,79.03153991699219,1.288716197013855
4131,278.6298432467792,4.926493167877197,41.350887298583984,72.9310531616211,1.288709282875061
4132,507.1102409337381,7.124701023101807,25.486675262451172,79.64049530029297,1.2886953353881836
4133,433.1400680801766,7.640251636505127,23.253915786743164,76.64263916015625,1.288709044456482
4134,291.2149506799382,1.0744787454605103,53.24444580078125,84.1557388305664,1.2886852025985718
4135,387.2382501159304,3.9990997314453125,56.497161865234375,87.44365692138672,1.288659691810608
4136,107.79640330545301,-3.9185445308685303,97.83686065673828,84.19952392578125,1.2886191606521606
4137,486.31026663670207,6.818591594696045,25.24698257446289,79.7718734741211,1.288549542427063
4138,527.0830411330688,7.255058288574219,38.4813346862793,81.4720230102539,1.288502812385559
4139,402.4991881768112,2.967426300048828,44.16594314575195,86.91089630126953,1.2884330749511719
4140,319.05471545219706,4.347372055053711,18.095579147338867,77.71961975097656,1.288345456123352
4141,433.25541375086806,4.9561848640441895,64.9349594116211,89.2881088256836,1.2882832288742065
4142,476.02739865809747,6.735348224639893,31.531435012817383,82.05945587158203,1.2882603406906128
4143,372.68967647636975,4.988208770751953,15.430876731872559,81.48800659179688,1.2882169485092163
4144,513.782652430857,7.7503156661987305,16.08489990234375,80.29166412353516,1.2881929874420166
4145,518.446759603699,7.770912170410156,22.42342185974121,81.2232894897461,1.2881808280944824
4146,349.19079260962997,4.351325035095215,15.575139045715332,84.14576721191406,1.288179874420166
4147,443.01228350846554,6.799285888671875,21.42184829711914,82.53894805908203,1.288171648979187
4148,220.3666357405102,1.1580880880355835,56.89915084838867,87.49664306640625,1.2881635427474976
4149,240.6083693724142,3.029482126235962,24.07465362548828,84.18647766113281,1.2882198095321655
4150,402.183253334368,7.119087219238281,18.916515350341797,79.60417938232422,1.288276195526123
4151,609.1260255610762,8.434113502502441,16.07003402709961,83.99114990234375,1.2883296012878418
4152,136.5323281218331,-2.0626962184906006,57.99530029296875,84.6651840209961,1.2883615493774414
4153,353.22364009430305,4.097249984741211,24.641077041625977,83.77001190185547,1.2883599996566772
4154,555.7498066810446,5.781525611877441,18.879335403442383,86.47834777832031,1.2883507013320923
4155,135.4430832787749,-2.4922258853912354,85.52027130126953,87.60887145996094,1.2883235216140747
4156,358.53685851072464,5.053564071655273,17.86612892150879,82.35842895507812,1.2883124351501465
4157,531.230515459259,5.448322772979736,39.59092712402344,88.2693862915039,1.2882633209228516
4158,317.67966755086894,3.1391561031341553,18.04035758972168,84.92434692382812,1.2882075309753418
4159,345.623434752193,5.156249523162842,37.892547607421875,83.7982406616211,1.2881866693496704
4160,717.5281771681163,8.610919952392578,14.428666114807129,87.75043487548828,1.2881897687911987
4161,267.2413150500821,1.9313105344772339,44.98740768432617,88.01858520507812,1.288196086883545
4162,401.1238106034326,4.995724201202393,23.014551162719727,85.61276245117188,1.288192629814148
4163,373.0056444636393,5.805436134338379,22.450632095336914,85.31461334228516,1.2882033586502075
4164,353.92266505402006,4.137129306793213,17.68817901611328,85.31621551513672,1.2881909608840942
4165,311.56202890066083,3.389404535293579,50.7146110534668,85.6603775024414,1.2881430387496948
4166,404.9396784705957,4.599364280700684,30.681751251220703,86.16788482666016,1.2880873680114746
4167,212.76744288263885,0.8579134941101074,23.506898880004883,88.65153503417969,1.288060188293457
4168,604.5119235955889,7.995822906494141,29.07112693786621,88.71533203125,1.2880374193191528
4169,374.08957669962734,4.5428924560546875,14.637005805969238,89.20771789550781,1.288047432899475
4170,449.11820452484824,5.32370138168335,16.896324157714844,88.66808319091797,1.2880696058273315
4171,539.7364575588241,6.731848239898682,17.05976104736328,89.71245574951172,1.2880929708480835
4172,127.98560577242289,-2.111785411834717,95.05492401123047,93.23421478271484,1.2881256341934204
4173,643.9268750805577,7.670823097229004,13.976123809814453,90.94644927978516,1.2881748676300049
4174,688.5673246349612,6.250277042388916,25.185585021972656,94.0578384399414,1.2881780862808228
4175,125.61008406622527,-1.9951735734939575,107.99787139892578,94.90249633789062,1.2882194519042969
4176,547.6385663203317,7.0814080238342285,20.169448852539062,88.92901611328125,1.2883195877075195
4177,298.5234689330456,1.2333111763000488,28.948986053466797,91.90316772460938,1.2883914709091187
4178,405.6778071619249,4.659307479858398,38.239933013916016,88.16250610351562,1.2884677648544312
4179,213.84131710281775,1.467846155166626,54.587093353271484,93.46392059326172,1.2885651588439941
4180,607.2224416098244,6.056149482727051,14.029977798461914,90.61396789550781,1.2886226177215576
4181,403.91516468538254,3.190021276473999,48.5430793762207,94.68344116210938,1.288681149482727
4182,462.295323384719,4.464295387268066,32.59258270263672,91.55123901367188,1.288792610168457
4183,183.72033843441605,-2.0850038528442383,74.35547637939453,94.8275375366211,1.2888554334640503
4184,568.6325701277647,5.456672191619873,21.061450958251953,94.55412292480469,1.2889329195022583
4185,342.85449116216233,2.822387933731079,17.84137725830078,91.93108367919922,1.28899347782135
4186,259.003571830709,0.31911829113960266,51.90452194213867,97.32755279541016,1.2890409231185913
4187,283.1646537878521,1.1882582902908325,19.057453155517578,91.84248352050781,1.2890645265579224
4188,472.5990878294722,4.1431050300598145,19.011857986450195,93.86585998535156,1.2890657186508179
4189,353.1001581543494,4.141953945159912,49.02882766723633,92.04361724853516,1.289060354232788
4190,503.23697313698267,7.3115386962890625,17.161731719970703,93.3727798461914,1.289070725440979
4191,474.0686240074106,5.367625713348389,35.24869155883789,95.13597106933594,1.2890774011611938
4192,483.51541874281986,4.704681396484375,20.773643493652344,96.08056640625,1.2890665531158447
4193,300.4684756253603,1.708272099494934,19.082000732421875,95.83496856689453,1.2890690565109253
4194,421.4423180529775,2.9626123905181885,57.7673454284668,105.95563507080078,1.2891038656234741
4195,623.8986008575367,6.472084999084473,13.704211235046387,97.46305084228516,1.2891525030136108
4196,462.6332876684159,3.7593345642089844,55.57270050048828,103.94708251953125,1.2891850471496582
4197,100.35003580855795,-6.198390960693359,205.87509155273438,102.78868865966797,1.289209008216858
4198,838.5085488639792,7.388853073120117,28.747495651245117,101.80208587646484,1.2892175912857056
4199,656.4334310672506,6.488066673278809,29.467243194580078,101.25607299804688,1.289212703704834
4200,256.42184938024496,0.5894277691841125,18.401634216308594,96.81510925292969,1.2892333269119263
4201,171.51465244189617,-1.7146120071411133,121.17028045654297,108.11690521240234,1.2892693281173706
4202,188.7923796982192,-1.6025041341781616,63.043453216552734,103.17979431152344,1.2892996072769165
4203,480.8431588506998,2.885477304458618,48.640296936035156,107.044921875,1.2893257141113281
4204,520.1672160777599,3.8073885440826416,30.293109893798828,102.71821594238281,1.28931725025177
4205,408.5175900396761,2.0282092094421387,24.35072898864746,101.64030456542969,1.2892416715621948
4206,231.18637290281896,-0.6235370635986328,91.81710052490234,106.00749969482422,1.2891932725906372
4207,227.38917242535828,-9.02910041809082,117.69348907470703,109.73428344726562,1.2890809774398804
4208,407.0868288019925,-0.1995358169078827,94.467529296875,109.9289779663086,1.2889701128005981
4209,229.2891728015001,-3.3698618412017822,176.26390075683594,115.61640930175781,1.2888221740722656
4210,467.2956613026542,1.9827340841293335,18.61161994934082,101.99871063232422,1.288709282875061
4211,426.0358238524968,0.5598135590553284,142.37477111816406,109.15055084228516,1.2885862588882446
4212,92.5412821911772,-6.132007122039795,221.07505798339844,105.51519775390625,1.2884836196899414
4213,475.7108085529827,4.712942600250244,20.852584838867188,100.32444763183594,1.2883543968200684
4214,461.3645029554416,3.092893362045288,56.2568359375,108.29206085205078,1.288252353668213
4215,261.9090503948103,-1.7803963422775269,132.30674743652344,114.51002502441406,1.288140892982483
4216,171.8353397216764,-2.4255614280700684,97.34181213378906,113.06471252441406,1.2881016731262207
4217,275.6868602602261,-1.9323549270629883,109.32292938232422,113.56067657470703,1.2881029844284058
4218,540.0713142058363,5.120924472808838,23.112993240356445,103.29472351074219,1.288150668144226
4219,610.0212177650433,4.622027397155762,13.459338188171387,103.34429168701172,1.2881417274475098
4220,161.29121499166644,-3.367339611053467,111.49201202392578,109.91238403320312,1.288140892982483
4221,344.9102327593852,-0.40914708375930786,89.56769561767578,112.13774108886719,1.2881022691726685
4222,600.0621905861183,5.147424697875977,20.341371536254883,104.349609375,1.287990689277649
4223,577.472577826009,5.291349411010742,21.864421844482422,105.36092376708984,1.2878955602645874
4224,433.4410347539051,3.315455198287964,71.11318969726562,110.17974853515625,1.2879267930984497
4225,179.42913637228403,-4.97042179107666,118.82730102539062,109.07205200195312,1.2879031896591187
4226,448.2270550796105,3.527644157409668,23.259685516357422,103.17754364013672,1.2878550291061401
4227,605.7174173043325,6.040289878845215,22.549060821533203,107.20118713378906,1.2877964973449707
4228,294.24996189820564,-0.23450924456119537,114.04743194580078,114.40508270263672,1.2878133058547974
4229,425.2130115932419,2.403296709060669,66.75358581542969,110.85128784179688,1.2878108024597168
4230,403.00327295508424,2.1764698028564453,26.69026756286621,104.92621612548828,1.287758231163025
4231,123.29131193094567,-2.811629056930542,163.71917724609375,109.15174102783203,1.2877620458602905
4232,391.1633571840493,2.302183151245117,26.788198471069336,101.89362335205078,1.28774893283844
4233,239.79123632648634,-0.4731820821762085,17.26781463623047,97.55583953857422,1.287731647491455
4234,469.62234375248136,4.579039573669434,23.072649002075195,103.7579574584961,1.2877238988876343
4235,277.1867445947532,0.914365828037262,97.10749816894531,112.18917846679688,1.287774682044983
4236,628.035948449453,5.75171422958374,24.13458251953125,105.13975524902344,1.2878023386001587
4237,211.67336225035703,0.4375351071357727,59.52109909057617,99.24059295654297,1.2879146337509155
4238,704.9969358161928,6.473353862762451,31.06804847717285,102.95641326904297,1.288011074066162
4239,486.15750156217405,4.726340293884277,60.76002883911133,108.642333984375,1.2881680727005005
4240,131.15259956707308,-4.670835018157959,124.84964752197266,106.8213119506836,1.2882992029190063
4241,221.88659327049302,-1.7716702222824097,82.34192657470703,111.18204498291016,1.2884374856948853
4242,314.79597597685984,1.1800447702407837,23.036048889160156,100.09716796875,1.288591742515564
4243,643.4419918081239,6.203890800476074,22.931346893310547,100.75456237792969,1.2887755632400513
4244,259.85100260750335,-0.19705833494663239,44.07796096801758,99.56926727294922,1.2889379262924194
4245,537.0203505206695,6.172759532928467,22.054832458496094,100.88807678222656,1.289087176322937
4246,340.7813624719853,3.241370439529419,22.360584259033203,99.0525131225586,1.289237141609192
4247,422.4799118120405,2.69856595993042,74.4732437133789,109.6287612915039,1.289394497871399
4248,599.9388762857485,4.738677024841309,20.89899253845215,105.75049591064453,1.28947913646698
4249,286.32705731266617,0.8178153038024902,80.70784759521484,110.99623107910156,1.2895668745040894
4250,205.8081061367745,-2.0382282733917236,90.91223907470703,114.95704650878906,1.289693832397461
4251,416.45250977079894,4.411309719085693,21.008743286132812,100.5208969116211,1.2897701263427734
4252,609.8522234405038,5.757594108581543,22.4752140045166,107.9330825805664,1.2898520231246948
4253,638.035095879047,6.029628276824951,20.46902847290039,107.68638610839844,1.289861798286438
4254,320.36055113666833,1.379372239112854,87.87718200683594,110.30933380126953,1.289876103401184
4255,366.1811690533361,2.596330165863037,22.039031982421875,104.89368438720703,1.2898565530776978
4256,348.7634125699712,3.0466725826263428,45.4058723449707,104.93220520019531,1.2898615598678589
4257,608.7300512814845,5.5251688957214355,23.622419357299805,109.88294982910156,1.2898634672164917
4258,554.471371646007,6.186967849731445,23.0410213470459,106.85503387451172,1.2898651361465454
4259,202.96780496226958,-1.3928189277648926,107.45623779296875,112.46683502197266,1.2898739576339722
4260,639.2953164468828,4.990689754486084,31.077207565307617,112.29816436767578,1.2898226976394653
4261,506.21584593485693,0.6347241997718811,61.881832122802734,117.12903594970703,1.289768099784851
4262,567.7898574218614,4.257474422454834,26.79582405090332,109.93093872070312,1.2896950244903564
4263,435.7185404287691,3.172051191329956,61.026123046875,111.7286376953125,1.2896054983139038
4264,599.9408637780069,4.949986457824707,47.693885803222656,111.8366470336914,1.2895069122314453
4265,295.32745235531536,1.1594613790512085,32.7987060546875,107.99372100830078,1.2894220352172852
4266,299.1911777397954,1.542478084564209,24.18842315673828,104.3921127319336,1.2893725633621216
4267,780.6557708808472,6.375058650970459,28.85816192626953,111.91011810302734,1.289328694343567
4268,610.1610914121344,5.351494789123535,36.138946533203125,112.45304107666016,1.289286494255066
4269,120.27355452085345,-5.1664652824401855,173.31468200683594,116.2483139038086,1.289251446723938
4270,559.4554588754797,4.216457366943359,67.12932586669922,116.88939666748047,1.2892417907714844
4271,152.72022269528338,-2.694243907928467,164.68353271484375,115.43108367919922,1.289255976676941
4272,593.6984789098831,4.445981979370117,31.782636642456055,113.1078872680664,1.2892498970031738
4273,591.0943315066055,5.330341339111328,23.3295955657959,111.78153991699219,1.2893041372299194
4274,120.03684271196617,-4.488254547119141,164.46385192871094,115.43891906738281,1.2893937826156616
4275,123.20004494013094,-7.468676567077637,179.95249938964844,116.19076538085938,1.2894545793533325
4276,334.52670367110886,-2.842794895172119,81.63510131835938,120.97588348388672,1.2894412279129028
4277,346.3509706992921,1.3815796375274658,110.4351806640625,116.15306854248047,1.2894349098205566
4278,130.56264692047094,-4.608305931091309,178.49005126953125,115.958740234375,1.2894392013549805
4279,727.2810073567714,2.8942933082580566,50.009300231933594,118.93266296386719,1.2894636392593384
4280,187.87001060551069,-3.672112226486206,121.9395751953125,116.40465545654297,1.2894638776779175
4281,964.5641723333093,4.669303894042969,14.711531639099121,115.82530975341797,1.2894631624221802
4282,131.04962991751464,-3.69899845123291,115.97640991210938,114.11507415771484,1.2895196676254272
4283,315.6366269134729,0.9601885676383972,52.401580810546875,113.20490264892578,1.2895804643630981
4284,416.75059036769005,-1.5680855512619019,61.382957458496094,116.60226440429688,1.2896076440811157
4285,296.7885549309813,0.6590698957443237,42.313629150390625,104.72144317626953,1.2896466255187988
4286,197.06412761072374,-4.017620086669922,120.07640838623047,113.34620666503906,1.289650797843933
4287,132.7953302048805,-3.2124199867248535,143.7225799560547,114.63397979736328,1.2896831035614014
4288,355.30264348343314,0.9214078783988953,81.87178802490234,115.5650405883789,1.289690613746643
4289,301.34267268929756,0.16356059908866882,27.040355682373047,104.43081665039062,1.289723515510559
4290,174.6709324673464,-2.780778408050537,102.09527587890625,113.87422180175781,1.2897560596466064
4291,333.04734464315686,-0.45985907316207886,78.14509582519531,116.44251251220703,1.289789080619812
4292,268.27651702886703,-0.6560357809066772,29.34429168701172,102.15217590332031,1.2897735834121704
4293,729.3699679831076,5.212287425994873,17.860984802246094,108.12351989746094,1.2897111177444458
4294,537.8962204164535,4.489040374755859,22.575380325317383,104.27230072021484,1.289626955986023
4295,242.5955825035677,-0.3447955250740051,62.14384841918945,106.93023681640625,1.289527416229248
4296,416.67998033162223,-0.7623527646064758,70.90045166015625,116.29557800292969,1.2894010543823242
4297,205.93444447247188,-1.3881021738052368,104.77837371826172,110.02889251708984,1.2892860174179077
4298,365.2894033601819,2.554839849472046,73.84418487548828,113.85385131835938,1.2892156839370728
4299,579.9391485642813,4.306504249572754,16.075054168701172,109.75224304199219,1.2891218662261963
4300,317.5190453986354,1.4113624095916748,14.724217414855957,102.0319595336914,1.2890477180480957
4301,333.55486789558563,2.4144248962402344,25.31203842163086,105.77728271484375,1.2890123128890991
4302,565.0200502005507,3.90286922454834,45.42844009399414,108.25707244873047,1.2890080213546753
4303,454.3197113404665,4.55877161026001,55.563697814941406,109.66376495361328,1.2890337705612183
4304,600.3854873439323,5.930974960327148,16.625444412231445,110.23374938964844,1.2890771627426147
4305,277.67860770983276,-0.38813039660453796,80.1821060180664,107.31592559814453,1.2891055345535278
4306,178.28891529943735,-2.9536263942718506,125.04813385009766,113.78668975830078,1.289121150970459
4307,549.9007418063281,4.463974475860596,15.415544509887695,108.91649627685547,1.2892032861709595
4308,535.546384696059,6.2606329917907715,20.312864303588867,104.74121856689453,1.2893067598342896
4309,409.12783474614116,3.609408378601074,6.846987724304199,104.33016967773438,1.2893816232681274
4310,194.66353948880774,-1.1748839616775513,95.31295776367188,113.70110321044922,1.2894716262817383
4311,701.2325087600799,5.362098217010498,14.72386360168457,111.2698974609375,1.2895474433898926
4312,566.750955187078,2.7221298217773438,6.633028030395508,112.2839584350586,1.2895543575286865
4313,505.76016382526944,5.950445652008057,29.99897575378418,111.87948608398438,1.2895764112472534
4314,314.7639701798768,0.33175230026245117,20.052600860595703,111.77383422851562,1.2896193265914917
4315,336.9620680445118,1.0929147005081177,14.732492446899414,111.74607849121094,1.2896474599838257
4316,626.8993335295156,6.739821910858154,31.977697372436523,114.73300170898438,1.2897869348526
4317,113.18005206890501,-8.38698673248291,189.30030822753906,120.4764404296875,1.289901614189148
4318,135.95040857429947,-5.468233585357666,152.0588836669922,119.58554077148438,1.2900009155273438
4319,115.83202024060608,-6.435016632080078,196.37615966796875,120.78184509277344,1.2900925874710083
4320,455.1856531164838,5.047544002532959,15.262598037719727,106.0253677368164,1.290219783782959
4321,113.75881844445935,-5.625125885009766,198.07904052734375,118.85813903808594,1.2903738021850586
4322,598.2051215443323,5.397551536560059,34.65200424194336,119.15939331054688,1.2904876470565796
4323,355.93195904701554,1.8276948928833008,6.839134216308594,108.12371063232422,1.2906591892242432
4324,584.2422111470426,5.090950965881348,29.16288185119629,117.44591522216797,1.2908531427383423
4325,383.0365796927315,2.206056594848633,34.03307342529297,106.77323913574219,1.2910112142562866
4326,523.7148208373216,4.560455799102783,30.9288272857666,113.25802612304688,1.2911456823349
4327,589.0090007479916,4.594324588775635,25.180036544799805,118.38167572021484,1.2912731170654297
4328,448.5711863192681,3.16550612449646,35.248294830322266,114.0574951171875,1.29141366481781
4329,1177.0246272763573,2.368034601211548,33.19019317626953,127.53717041015625,1.2914789915084839
4330,99.17024700602943,-6.53377103805542,226.50912475585938,125.96220397949219,1.2916494607925415
4331,1104.379587228441,3.9105262756347656,39.021080017089844,128.3666229248047,1.2918411493301392
4332,577.395375173981,4.73930549621582,22.133750915527344,120.5773696899414,1.2920958995819092
4333,366.65216056127514,2.384021520614624,26.79412078857422,114.40637969970703,1.2923558950424194
4334,115.9181110673319,-8.915736198425293,152.3998565673828,122.55262756347656,1.2925726175308228
4335,379.54366142582757,2.535294532775879,19.200376510620117,113.0242691040039,1.292772650718689
4336,604.9041354007758,4.583998680114746,27.48015022277832,121.81962585449219,1.2929452657699585
4337,116.66283889016114,-4.286006927490234,108.43697357177734,122.0708236694336,1.293174386024475
4338,624.1263428206532,4.370518207550049,20.19313621520996,123.14301300048828,1.2934150695800781
4339,346.6273416768021,2.3918795585632324,39.046756744384766,117.88687896728516,1.2936549186706543
4340,119.44369694880632,-6.642585277557373,111.17230224609375,124.63912200927734,1.2938814163208008
4341,109.41325903605534,-5.703761100769043,240.5448455810547,129.76187133789062,1.2941662073135376
4342,115.60910328587691,-9.304253578186035,187.4082489013672,129.450439453125,1.2943906784057617
4343,108.09633816984127,-6.571656227111816,209.8462677001953,128.29734802246094,1.2946345806121826
4344,591.5644400991583,5.089006423950195,30.487125396728516,120.70144653320312,1.2948814630508423
4345,98.51098022785,-12.15934944152832,286.3736267089844,130.86363220214844,1.295087456703186
4346,102.09467018024998,-13.846283912658691,180.39544677734375,129.48147583007812,1.2952080965042114
4347,109.37883535042809,-8.464068412780762,122.8380126953125,126.2434310913086,1.2953095436096191
4348,99.6334427663315,-12.008172035217285,193.55812072753906,130.17361450195312,1.295372486114502
4349,327.2629695074052,-0.021672798320651054,28.549070358276367,116.99510955810547,1.2954493761062622
4350,352.2156901535426,0.9295321702957153,41.83591079711914,117.7630615234375,1.2954965829849243
4351,417.13235196938916,3.0046956539154053,66.21243286132812,117.37747192382812,1.2955366373062134
4352,568.6148851995096,4.844176769256592,51.74089813232422,113.09456634521484,1.2955513000488281
4353,105.81604820498832,-6.698691368103027,220.1554718017578,131.8111114501953,1.2956217527389526
4354,116.3456814633248,-7.702722549438477,37.59164047241211,120.16374969482422,1.2956643104553223
4355,112.51166750149312,-8.525967597961426,162.04075622558594,130.27450561523438,1.2956947088241577
4356,580.5423906346691,3.2648239135742188,34.935420989990234,120.73380279541016,1.2956894636154175
4357,590.0825574466803,5.032976150512695,49.401397705078125,113.21770477294922,1.2956675291061401
4358,98.5078658810641,-15.02281379699707,275.1225891113281,130.4936065673828,1.2956066131591797
4359,116.33695524591076,-6.266219615936279,39.975135803222656,122.5954818725586,1.2956081628799438
4360,102.21588904878226,-9.896769523620605,151.5485382080078,129.46868896484375,1.2955876588821411
4361,106.56154510378356,-8.48441219329834,151.5722198486328,128.8899383544922,1.295568823814392
4362,397.48978946451024,4.96628999710083,73.0328369140625,108.0088119506836,1.295632004737854
4363,99.10186544460889,-12.085562705993652,269.37506103515625,129.2154998779297,1.2956706285476685
4364,620.0144413624276,1.9046038389205933,65.12667846679688,130.7217254638672,1.2957571744918823
4365,101.93532249549966,-9.105971336364746,121.05099487304688,127.48934173583984,1.2958287000656128
4366,105.81346690317709,-8.966567039489746,244.55450439453125,127.66123962402344,1.295886516571045
4367,367.2421230827986,1.9553920030593872,85.76893615722656,112.43124389648438,1.2959260940551758
4368,880.6576893540085,7.073220252990723,40.26304244995117,116.06008911132812,1.295957326889038
4369,94.1215338153313,-9.613386154174805,277.1072998046875,130.35276794433594,1.2959868907928467
4370,359.06936122429505,1.563494086265564,71.18788146972656,112.01618194580078,1.295977234840393
4371,108.49021089860015,-6.544936180114746,55.311824798583984,122.19058990478516,1.2960070371627808
4372,621.6977406106863,1.770816683769226,53.915531158447266,130.09335327148438,1.296059250831604
4373,618.4862279286128,4.875401496887207,55.60155487060547,117.2523193359375,1.296090006828308
4374,536.4080998906112,4.881682395935059,68.10171508789062,106.25814056396484,1.2960933446884155
4375,132.5813221667044,-6.283982753753662,258.9387512207031,117.35896301269531,1.2960857152938843
4376,389.07466094399774,0.6916553378105164,56.632225036621094,109.6628646850586,1.2960096597671509
4377,679.9227463452087,5.270583152770996,45.18119812011719,119.14297485351562,1.2959012985229492
4378,1483.8118043880254,7.899568557739258,20.57997703552246,125.7785415649414,1.2958128452301025
4379,560.0575876029477,2.763031482696533,26.95656394958496,120.73989868164062,1.2957063913345337
4380,557.238257721439,5.371885299682617,46.16868591308594,110.700439453125,1.2956695556640625
4381,664.8566695012223,5.7798004150390625,47.159690856933594,117.29202270507812,1.2956093549728394
4382,334.54253413795084,-1.8559592962265015,66.86857604980469,130.0834197998047,1.2955503463745117
4383,133.51770159041624,-3.9008021354675293,227.8353729248047,124.44952392578125,1.2955594062805176
4384,122.42776058028164,-8.2625093460083,112.9371109008789,121.61940002441406,1.2955342531204224
4385,1141.8633169797863,6.948873996734619,22.77263641357422,123.77332305908203,1.2954622507095337
4386,697.4171965090395,0.8284095525741577,58.25029754638672,132.7525634765625,1.2953683137893677
4387,433.55523547732867,-0.6657370924949646,91.9623031616211,133.1925048828125,1.2952609062194824
4388,356.1301923106123,1.4452779293060303,22.958309173583984,114.05509185791016,1.2951502799987793
4389,134.31662882801845,-5.1024017333984375,269.4735107421875,111.51561737060547,1.295056700706482
4390,220.22331671074434,-2.48441219329834,42.1605224609375,129.10595703125,1.2950068712234497
4391,554.4620375842588,2.8492298126220703,50.93227005004883,122.49974060058594,1.2949270009994507
4392,1208.0535107131236,6.990135192871094,22.33003044128418,128.2845458984375,1.2948273420333862
4393,141.06295087801266,-3.9501137733459473,243.38633728027344,128.07302856445312,1.294774055480957
4394,118.75702472382069,-8.983574867248535,204.86935424804688,132.5032196044922,1.294701099395752
4395,161.1794731965649,-6.706168174743652,218.34596252441406,133.03958129882812,1.2946139574050903
4396,107.52994804829484,-12.491368293762207,262.3793029785156,130.43569946289062,1.2945033311843872
4397,305.6374596550596,-1.937824010848999,88.81550598144531,131.20201110839844,1.2944889068603516
4398,215.0080930189075,-3.51247239112854,34.53458023071289,126.6490707397461,1.294451117515564
4399,520.3362243044245,4.485085487365723,56.324424743652344,114.61905670166016,1.2944183349609375
4400,375.13178370037514,2.42162823677063,51.307090759277344,114.67375946044922,1.2943824529647827
4401,602.7702534562937,-0.2403942346572876,46.20405578613281,133.74124145507812,1.2943123579025269
4402,577.3591755879356,0.11942072957754135,68.9255142211914,134.3013458251953,1.2941826581954956
4403,378.84702390612074,2.2297558784484863,46.13772964477539,114.23639678955078,1.2940348386764526
4404,126.34817574321946,-7.492218971252441,248.4310302734375,127.08341217041016,1.2938941717147827
4405,586.2514692749284,3.9547717571258545,44.64406967163086,123.62602996826172,1.2937511205673218
4406,102.8018841732439,-6.108448028564453,280.6424560546875,129.08663940429688,1.2937161922454834
4407,384.1358754891838,3.1289756298065186,45.54973220825195,113.44406127929688,1.2937020063400269
4408,593.8231252245295,3.5580437183380127,28.614627838134766,124.93949127197266,1.2936826944351196
4409,597.4800681961378,4.038525104522705,23.84554672241211,124.29183959960938,1.2936664819717407
4410,841.7254261056621,5.095549583435059,18.136552810668945,127.60687255859375,1.2936607599258423
4411,642.309019882064,4.884973526000977,31.814956665039062,124.97137451171875,1.2936264276504517
4412,544.396051120285,2.607649803161621,17.155847549438477,122.20825958251953,1.2935923337936401
4413,521.841429765876,1.094314455986023,34.97002029418945,134.50308227539062,1.293592095375061
4414,327.7497241207737,-1.1107336282730103,33.02595901489258,122.86814880371094,1.2935796976089478
4415,573.0037363046862,4.616400718688965,37.56619644165039,115.98193359375,1.2935236692428589
4416,181.7687040554241,-4.258110046386719,208.1367645263672,133.19558715820312,1.293471336364746
4417,174.34687364818453,-3.9933273792266846,199.23556518554688,136.0770263671875,1.293453574180603
4418,650.6238910231266,5.174225330352783,27.90062713623047,125.67863464355469,1.2933834791183472
4419,364.9406670433709,1.9557361602783203,30.456947326660156,119.22286987304688,1.293319582939148
4420,603.9162385407938,5.0465922355651855,29.97748565673828,125.49391174316406,1.2932740449905396
4421,548.0669837893565,4.930425643920898,30.267812728881836,121.33650207519531,1.2932395935058594
4422,600.2355875005015,4.391514778137207,32.464725494384766,127.46314239501953,1.2932041883468628
4423,731.3379874881155,4.857346534729004,18.513456344604492,129.0388946533203,1.2931580543518066
4424,593.693487645891,4.7611308097839355,35.57965087890625,125.61493682861328,1.2931236028671265
4425,98.27603496315157,-10.401224136352539,268.72613525390625,133.3009033203125,1.2930896282196045
4426,371.6878252509736,3.141867160797119,41.94849395751953,120.58989715576172,1.293114185333252
4427,99.71928015499857,-17.08338165283203,281.20831298828125,134.89675903320312,1.2930585145950317
4428,100.59840539427613,-10.882108688354492,257.39825439453125,133.16195678710938,1.2929906845092773
4429,384.3314626427988,2.5211033821105957,39.09370040893555,117.40519714355469,1.2929258346557617
4430,96.51955127020317,-10.152369499206543,279.67633056640625,134.9033966064453,1.2928675413131714
4431,102.3679963854918,-8.698251724243164,213.2349090576172,133.8956756591797,1.2928284406661987
4432,592.1179584468986,3.0831005573272705,10.25730037689209,126.1669692993164,1.2927862405776978
4433,90.38023108243416,-7.708730697631836,209.07777404785156,132.10565185546875,1.292963981628418
4434,629.7496687275756,4.483067035675049,34.113746643066406,127.66259765625,1.2931222915649414
4435,97.49615861170604,-8.003349304199219,261.2623291015625,133.6741180419922,1.2933120727539062
4436,361.96701265783395,2.284655809402466,41.83687973022461,121.27661895751953,1.2935272455215454
4437,541.5632777823022,3.279240131378174,33.98284149169922,120.20194244384766,1.2936878204345703
4438,225.46254279769306,-2.810699462890625,194.7195587158203,133.1592254638672,1.293817400932312
4439,100.17938491351364,-9.698524475097656,166.30775451660156,121.44236755371094,1.2939274311065674
4440,363.04345912419006,1.8091522455215454,28.681461334228516,121.42974090576172,1.2940322160720825
4441,89.21100035843776,-10.188085556030273,99.70741271972656,128.0975799560547,1.2941454648971558
4442,100.58713676048343,-6.164920330047607,178.64495849609375,125.68169403076172,1.2942956686019897
4443,534.7900953986889,4.328214168548584,36.261146545410156,117.85658264160156,1.294429898262024
4444,98.02960942948683,-7.3857598304748535,238.30789184570312,131.07943725585938,1.2946089506149292
4445,473.524594660575,4.676958084106445,19.96929359436035,110.59991455078125,1.2947670221328735
4446,363.3133219176936,1.8962287902832031,49.28171920776367,119.33773803710938,1.2949038743972778
4447,95.20132291227243,-8.300063133239746,237.52232360839844,131.84149169921875,1.295082688331604
4448,95.6494771927239,-8.253068923950195,94.85943603515625,123.00674438476562,1.2952840328216553
4449,99.31304416182353,-10.471907615661621,114.64210510253906,119.12187957763672,1.2954474687576294
4450,582.9055536435488,4.840320587158203,41.43645477294922,120.91288757324219,1.2956162691116333
4451,91.46602860693939,-11.457669258117676,68.49893951416016,120.07237243652344,1.2957299947738647
4452,372.8167191165168,4.251829624176025,75.04157257080078,115.92021179199219,1.2959084510803223
4453,403.7846556145492,1.9541380405426025,128.7643585205078,130.054443359375,1.2960928678512573
4454,374.6800467640509,1.6292322874069214,41.57309341430664,114.33863067626953,1.2962332963943481
4455,90.92135171860807,-11.271574974060059,73.84194946289062,119.68953704833984,1.296340823173523
4456,100.44785953141873,-9.127391815185547,101.30419158935547,113.49401092529297,1.2964286804199219
4457,105.10509352354087,-9.484206199645996,59.81871032714844,112.27449798583984,1.2964701652526855
4458,98.60654128627118,-8.523645401000977,93.31877899169922,113.50110626220703,1.2965160608291626
4459,354.9143089709159,1.8176321983337402,41.24117660522461,116.55110168457031,1.2965468168258667
4460,94.97710174011826,-7.577507972717285,61.67543411254883,115.23758697509766,1.2966946363449097
4461,414.6212525593889,3.2920303344726562,54.835411071777344,108.47772216796875,1.2968050241470337
4462,472.6367381862747,5.24660587310791,45.84300994873047,104.77912902832031,1.2969059944152832
4463,506.8294093760447,6.406371116638184,58.056697845458984,104.64595794677734,1.2970267534255981
4464,101.7320915685375,-9.429043769836426,278.1438903808594,125.91271209716797,1.2971287965774536
4465,112.02505668784613,-8.118974685668945,52.7484130859375,114.47171020507812,1.2971996068954468
4466,435.1582973146192,4.062766075134277,52.78919219970703,105.97940826416016,1.2972499132156372
4467,98.58375166544711,-9.107026100158691,63.54727554321289,113.43973541259766,1.297290325164795
4468,92.38251573021653,-8.498519897460938,75.72183990478516,111.79391479492188,1.2973971366882324
4469,113.73725803194367,-6.838998317718506,76.41493225097656,110.23006439208984,1.2975066900253296
4470,103.51113834902667,-9.614426612854004,75.51896667480469,106.98255157470703,1.2975431680679321
4471,424.93470996184857,4.998233795166016,96.71477508544922,100.73452758789062,1.297566533088684
4472,96.45865972656763,-8.238094329833984,79.29378509521484,110.49736785888672,1.2976020574569702
4473,94.2538564631706,-8.953295707702637,71.41486358642578,108.62164306640625,1.2976436614990234
4474,418.9031510910616,4.710153102874756,64.2765121459961,104.41663360595703,1.2976998090744019
4475,98.67878731035613,-6.418156147003174,120.44828033447266,109.63946533203125,1.2978501319885254
4476,408.9558071591372,5.815785884857178,114.06653594970703,100.15457916259766,1.2980461120605469
4477,540.304789658733,4.4613938331604,89.75999450683594,105.68579864501953,1.2981845140457153
4478,409.8139918840389,2.2251460552215576,160.12384033203125,104.85973358154297,1.2982773780822754
4479,95.1128689159783,-9.015714645385742,82.65579986572266,108.75196838378906,1.298359751701355
4480,99.61344675825859,-9.524667739868164,92.92555236816406,105.02809143066406,1.2984172105789185
4481,298.8670306553217,0.6915172934532166,206.99085998535156,114.52949523925781,1.298460841178894
4482,100.5996208249487,-10.146978378295898,153.91676330566406,106.4815673828125,1.2984561920166016
4483,101.14914244853873,-7.7690019607543945,107.12958526611328,106.02952575683594,1.2984567880630493
4484,416.4043915496157,4.813152313232422,92.62165832519531,99.06673431396484,1.2984508275985718
4485,434.10683749324926,5.271228313446045,90.69449615478516,98.49752807617188,1.2984451055526733
4486,330.29575108383995,2.180398464202881,217.22793579101562,104.75420379638672,1.2984267473220825
4487,377.0077682739526,2.532083511352539,72.02690124511719,107.36675262451172,1.2983903884887695
4488,96.3617104442213,-10.781668663024902,103.20479583740234,107.86939239501953,1.2983094453811646
4489,425.4696858557381,3.628840923309326,74.97085571289062,100.7624282836914,1.2982100248336792
4490,97.31500260179506,-9.7503662109375,157.77081298828125,108.61166381835938,1.2981054782867432
4491,97.2377625487579,-10.521653175354004,88.50492858886719,106.16475677490234,1.2979766130447388
4492,420.8166783735411,5.713556289672852,99.31098175048828,94.22998809814453,1.2978652715682983
4493,114.26272763767479,-6.126399040222168,85.02949523925781,106.10172271728516,1.29777193069458
4494,405.01435917292895,5.321895122528076,64.41523742675781,103.41185760498047,1.297768235206604
4495,102.16047983217503,-9.286957740783691,84.76303100585938,106.0873794555664,1.2977315187454224
4496,360.9102549506286,2.9859297275543213,78.34020233154297,103.67343139648438,1.2976988554000854
4497,100.04211433920472,-5.5154032707214355,96.7271499633789,107.64247131347656,1.2977278232574463
4498,283.6541490709989,-0.13162443041801453,114.3297119140625,118.8355484008789,1.2977389097213745
4499,97.43852245019897,-8.126505851745605,103.41796875,106.81112670898438,1.2977532148361206
4500,388.02961936409616,3.6354918479919434,72.50765228271484,103.17493438720703,1.2977650165557861
4501,384.2327953193808,2.3272182941436768,70.87872314453125,105.12120819091797,1.2977509498596191
4502,387.58821372584595,2.4499623775482178,67.88680267333984,102.35533142089844,1.2977044582366943
4503,95.25277481053928,-4.609462738037109,153.45242309570312,107.72753143310547,1.2979768514633179
4504,106.09322752833836,-5.495795249938965,109.4651870727539,102.19295501708984,1.2982670068740845
4505,98.04150002800326,-7.09663200378418,105.94318389892578,104.88103485107422,1.2985485792160034
4506,392.73062288075414,3.7595880031585693,88.2102279663086,97.23472595214844,1.2987875938415527
4507,95.84730705466079,-9.028604507446289,96.99333953857422,104.29197692871094,1.2989859580993652
4508,103.49319648733808,-9.324405670166016,76.10872650146484,101.5635986328125,1.299111008644104
4509,99.86819787159072,-8.230534553527832,80.73480987548828,102.41950225830078,1.2992173433303833
4510,411.14034487731846,3.550654172897339,73.68641662597656,96.92842864990234,1.29928719997406
4511,380.88477126993155,3.4228882789611816,62.55445098876953,98.87809753417969,1.2993354797363281
4512,102.09044454155467,-8.295144081115723,98.48615264892578,99.6263198852539,1.2993608713150024
4513,94.42081698480662,-9.499469757080078,85.96635437011719,102.49952697753906,1.2993704080581665
4514,438.40677314427387,6.248570919036865,75.62931823730469,90.18840026855469,1.2993828058242798
4515,99.26261216206318,-6.853439807891846,98.7921371459961,101.25216674804688,1.2994145154953003
4516,104.40598298316237,-6.694538116455078,122.84370422363281,97.98970031738281,1.2994519472122192
4517,328.4858702076652,4.141173362731934,133.9044189453125,95.98248291015625,1.29951012134552
4518,98.57166620387032,-7.894937515258789,177.10556030273438,103.3686752319336,1.299562692642212
4519,95.63789390155733,-7.708108425140381,82.1001968383789,100.14741516113281,1.299622893333435
4520,98.77794755694575,-8.506897926330566,191.22047424316406,101.61912536621094,1.299667477607727
4521,87.68163337437204,-11.671614646911621,82.59921264648438,104.37127685546875,1.2996814250946045
4522,83.36575431597011,-12.882000923156738,80.61632537841797,105.74528503417969,1.2996538877487183
4523,99.9305899285111,-7.684625625610352,113.1379165649414,97.95672607421875,1.2996269464492798
4524,87.8364124581362,-8.590847969055176,66.95683288574219,102.10982513427734,1.299613118171692
4525,92.36648792085134,-7.623621463775635,65.01850891113281,99.53068542480469,1.2996337413787842
4526,91.2913853893244,-6.904292583465576,209.73138427734375,106.09245300292969,1.299670696258545
4527,87.74477284644958,-10.390229225158691,166.79135131835938,108.74995422363281,1.2996917963027954
4528,410.54415204946207,5.018649578094482,51.1134033203125,88.7601089477539,1.2996891736984253
4529,91.23460012151229,-9.734951972961426,73.31217956542969,98.61837768554688,1.299665927886963
4530,87.33589877184288,-8.811741828918457,71.49417877197266,100.0723648071289,1.2996481657028198
4531,99.40082642183377,-7.579930305480957,63.546302795410156,95.90518188476562,1.2996233701705933
4532,98.69538730804571,-10.697577476501465,59.955665588378906,97.08316040039062,1.2995445728302002
4533,99.4469719965407,-5.9222235679626465,79.3216323852539,93.34321594238281,1.2995208501815796
4534,93.82497647165253,-7.945764541625977,61.938438415527344,95.25531768798828,1.2994974851608276
4535,91.43018492520734,-5.868776798248291,170.25872802734375,101.70568084716797,1.2995003461837769
4536,88.23932839464072,-11.357187271118164,72.33509063720703,95.55570220947266,1.2994641065597534
4537,96.58401171321516,-7.361265182495117,68.94422912597656,90.90904998779297,1.2994298934936523
4538,92.61156666138226,-7.342380046844482,72.77438354492188,93.02823638916016,1.2994128465652466
4539,96.18185055164409,-6.307215213775635,61.788482666015625,90.01432037353516,1.2994284629821777
4540,88.87590994974279,-12.895271301269531,63.390785217285156,91.86046600341797,1.2993968725204468
4541,97.24489450525574,-6.1081342697143555,250.46734619140625,96.94187927246094,1.2993817329406738
4542,92.16982308519354,-6.352109432220459,63.11759567260742,91.8028793334961,1.2993969917297363
4543,94.02594200369299,-5.056573867797852,77.6786117553711,87.52013397216797,1.299471378326416
4544,94.83495499151702,-5.342477798461914,74.11377716064453,86.42011260986328,1.2996093034744263
4545,94.96958028824699,-7.899239540100098,61.25415802001953,86.32022857666016,1.2997106313705444
4546,91.58735654015437,-8.271295547485352,65.48058319091797,86.94012451171875,1.2997902631759644
4547,93.79853146833683,-10.655319213867188,77.2728271484375,84.36720275878906,1.2997922897338867
4548,91.42360486694196,-12.511448860168457,104.16173553466797,87.16556549072266,1.2997184991836548
4549,96.71757171204088,-9.608646392822266,69.52227783203125,82.64797973632812,1.29961097240448
4550,91.62239344401456,-9.531258583068848,75.27288818359375,83.48316955566406,1.2994812726974487
4551,93.7944953574197,-7.183565616607666,75.90418243408203,82.83667755126953,1.2993589639663696
4552,93.4580410853379,-5.858883380889893,94.31847381591797,82.39085388183594,1.2992795705795288
4553,92.78134837726375,-6.7048797607421875,100.70967102050781,83.03630828857422,1.2992141246795654
4554,90.46936378673317,-7.410055637359619,89.06327819824219,81.71331787109375,1.2991467714309692
4555,93.36120950813023,-7.285435199737549,77.84842681884766,81.10201263427734,1.2990702390670776
4556,97.90093950618427,-5.41346549987793,80.53685760498047,78.44447326660156,1.2990115880966187
4557,84.64299206924026,-8.558465003967285,105.11297607421875,83.54979705810547,1.2989453077316284
4558,87.44193629520342,-6.265598297119141,79.09996032714844,81.33665466308594,1.2989400625228882
4559,103.6804155869717,-8.22397518157959,63.32343292236328,82.34899139404297,1.298872947692871
4560,91.59651833193844,-5.689342021942139,70.51692962646484,80.32402038574219,1.2988539934158325
4561,92.85940019174576,-6.213533878326416,67.34062957763672,80.58069610595703,1.298841118812561
4562,100.53103101214221,-5.574573516845703,64.49737548828125,79.28570556640625,1.2988275289535522
4563,91.37738501835182,-9.174696922302246,70.4124755859375,79.78437805175781,1.2987560033798218
4564,89.64220953480364,-3.7241506576538086,76.03347778320312,79.47245788574219,1.298905849456787
4565,97.73724459093944,-3.918252468109131,67.62899017333984,79.19526672363281,1.2990903854370117
4566,87.78906839198373,-5.2453131675720215,74.19234466552734,79.67432403564453,1.2992886304855347
4567,207.96713175947121,1.1788344383239746,258.0118408203125,84.94001770019531,1.29948890209198
4568,89.93612961813386,-8.19802474975586,75.1349868774414,78.64456176757812,1.2996398210525513
4569,99.50692147958456,-3.8709444999694824,61.168968200683594,78.2479248046875,1.2998050451278687
4570,91.52829835113943,-6.556225776672363,60.766258239746094,79.34305572509766,1.2999485731124878
4571,90.35781060092974,-7.891389846801758,70.3532485961914,77.44251251220703,1.3000359535217285
4572,91.80814827798201,-7.382360935211182,68.19400787353516,76.53717041015625,1.3000801801681519
4573,88.66844917435334,-5.9512619972229,65.68632507324219,77.60159301757812,1.3001264333724976
4574,94.18038153656745,-5.144848823547363,53.331825256347656,75.76960754394531,1.3001857995986938
4575,99.11812855707386,-3.885059118270874,71.39886474609375,73.88744354248047,1.3002811670303345
4576,90.96765113168341,-5.966416358947754,62.74832534790039,75.11414337158203,1.3003641366958618
4577,93.72845129524345,-6.408420085906982,61.16752243041992,74.68600463867188,1.3004134893417358
4578,94.97367273607409,-4.298401355743408,66.91219329833984,72.23136901855469,1.3004862070083618
4579,106.60713352349015,-3.3981244564056396,57.922794342041016,74.23966979980469,1.3005815744400024
4580,92.63422488311274,-9.238365173339844,68.35675048828125,72.59947967529297,1.3006243705749512
4581,83.042807447292,-9.353484153747559,79.01245880126953,76.6471939086914,1.3006318807601929
4582,98.86419164915135,-4.398178577423096,57.6693115234375,70.66944122314453,1.3006442785263062
4583,93.92254347024084,-5.038510799407959,64.36602020263672,70.8779296875,1.3006553649902344
4584,89.80308009535625,-6.087328910827637,65.10550689697266,71.73529052734375,1.3006526231765747
4585,93.62935128729214,-7.264930248260498,58.77832794189453,70.15254974365234,1.3006086349487305
4586,106.84730167651904,-1.5333229303359985,59.51847839355469,66.45109558105469,1.3006478548049927
4587,92.05515436359795,-4.990854740142822,62.34493637084961,71.35760498046875,1.3006881475448608
4588,108.99470296999253,-4.854618549346924,45.79417037963867,65.86898803710938,1.300676941871643
4589,96.3834719258556,-5.922323226928711,48.45933151245117,67.14588165283203,1.3006197214126587
4590,90.51947578694302,-4.418686866760254,61.4674186706543,68.98993682861328,1.3005788326263428
4591,121.50118833644052,-1.3782029151916504,76.8607406616211,71.24971771240234,1.3005555868148804
4592,98.21480351426116,-2.999661445617676,50.785858154296875,67.72689819335938,1.300581932067871
4593,94.76536047043004,-5.207076072692871,52.16221237182617,67.62313079833984,1.300577163696289
4594,90.02959027305712,-4.060173988342285,53.292606353759766,67.81709289550781,1.3005989789962769
4595,106.20767796802289,-2.9169962406158447,41.96928787231445,64.70564270019531,1.3006139993667603
4596,92.43009481200257,-2.797865390777588,54.77334976196289,64.4898452758789,1.3006576299667358
4597,90.55517150321815,-1.8756003379821777,52.41377639770508,64.52142333984375,1.3008044958114624
4598,85.71277951612961,-4.929436683654785,50.54081726074219,64.76856231689453,1.3009291887283325
4599,91.6926484636321,-4.607041358947754,46.001731872558594,61.37171173095703,1.3010238409042358
4600,94.78958652507312,-3.3982601165771484,44.324405670166016,60.00973892211914,1.3011014461517334
4601,112.2915029301263,-1.6776823997497559,43.29804611206055,59.70103073120117,1.3011705875396729
4602,412.1268661121783,6.83203125,41.884342193603516,52.85844802856445,1.301187515258789
4603,90.48482925657237,-3.5401017665863037,44.78318405151367,56.419273376464844,1.3011902570724487
4604,97.40393861655957,-2.837541103363037,38.9053840637207,54.267852783203125,1.3011709451675415
4605,97.92397971467125,-1.3956338167190552,37.62275695800781,53.24040603637695,1.3011900186538696
4606,88.81010657672672,-1.9420137405395508,48.97153854370117,54.456451416015625,1.3012547492980957
4607,77.85883568687271,-5.392208576202393,41.60359573364258,56.53443908691406,1.3012783527374268
4608,95.81691118223537,-1.2706689834594727,34.75505065917969,52.163841247558594,1.3013662099838257
4609,88.98715610425639,-1.711942195892334,38.85194396972656,53.356563568115234,1.301474928855896
4610,99.0134361399264,-1.1189768314361572,38.87540054321289,51.267276763916016,1.3016138076782227
4611,124.06166712443547,-0.016550512984395027,42.506099700927734,54.306793212890625,1.3017483949661255
4612,90.59642385867778,-2.4782345294952393,37.14792251586914,51.512611389160156,1.3018684387207031
4613,100.39335709455179,-0.4617755115032196,27.12718391418457,52.076786041259766,1.3020356893539429
4614,94.76478861628928,-2.419016122817993,25.104833602905273,52.90482711791992,1.3021727800369263
4615,94.70660254134499,-1.9723604917526245,28.294240951538086,53.441680908203125,1.3022998571395874
4616,80.47114944441023,-3.2001845836639404,32.254329681396484,56.752201080322266,1.3024252653121948
4617,100.35144170916028,-3.0801799297332764,24.903003692626953,52.15821075439453,1.3024921417236328
4618,82.5174947247045,-3.4350948333740234,25.228300094604492,56.9661865234375,1.3025527000427246
4619,92.3396979869309,-2.9846136569976807,25.424598693847656,54.267147064208984,1.3025692701339722
4620,91.69322133996985,-2.5764989852905273,39.53430938720703,54.057838439941406,1.3025743961334229
4621,98.98433169185799,-2.7364137172698975,37.479061126708984,60.6241569519043,1.3025522232055664
4622,96.46369374724448,-1.4138051271438599,20.637508392333984,53.479339599609375,1.302567958831787
4623,96.03174537918088,-1.3254928588867188,18.328723907470703,53.852088928222656,1.30263352394104
4624,88.17738200670365,-2.3725502490997314,16.42060661315918,53.17228698730469,1.3026970624923706
4625,84.8544155544851,-3.3080904483795166,18.52554702758789,53.9690055847168,1.3027310371398926
4626,92.15174451899297,-2.309277057647705,19.18096160888672,54.285362243652344,1.3027371168136597
4627,104.44400650687135,0.4646055996417999,16.2713680267334,47.15546798706055,1.3027729988098145
4628,104.91017318530392,-0.06867024302482605,16.19354248046875,49.061031341552734,1.3028059005737305
4629,96.56471280576129,-0.6136573553085327,21.67567253112793,48.29977798461914,1.3028172254562378
4630,94.38046836433914,-1.1396313905715942,21.703006744384766,48.269775390625,1.3028031587600708
4631,95.63799837140644,-0.05499090999364853,21.37008285522461,46.31208801269531,1.3027896881103516
4632,90.619286003574,0.25661689043045044,21.815916061401367,46.916465759277344,1.3028017282485962
4633,96.28346197734608,0.6430066227912903,24.25992774963379,46.9749641418457,1.3028409481048584
4634,88.59831132132719,-0.8296518325805664,24.100624084472656,47.84054183959961,1.3028508424758911
4635,134.5800461643325,2.376580238342285,69.91329956054688,48.8370246887207,1.3028693199157715
4636,85.16345149421059,0.7830883860588074,38.67367935180664,48.381141662597656,1.3029197454452515
4637,110.3957256410221,1.7302018404006958,30.0454044342041,45.94757843017578,1.3029884099960327
4638,100.35526703796393,1.1859033107757568,20.365375518798828,45.842044830322266,1.303070068359375
4639,107.30540168150947,0.00758017273619771,25.72148895263672,44.76239776611328,1.3031007051467896
4640,116.84886954975714,-1.336684226989746,43.255863189697266,44.28495788574219,1.3030558824539185
4641,98.44894640875276,2.402526378631592,34.38124465942383,45.83979034423828,1.3031309843063354
4642,112.41071926650143,0.39201509952545166,33.75590515136719,49.396488189697266,1.3031585216522217
4643,94.59934845848262,1.1720508337020874,93.86418151855469,50.15119171142578,1.303218960762024
4644,263.61522079855575,4.980104923248291,30.97220802307129,47.64210891723633,1.3033283948898315
4645,121.6703824660346,2.0990631580352783,32.60552978515625,45.69192886352539,1.3034437894821167
4646,525.860371804124,10.923945426940918,61.92334747314453,31.224937438964844,1.3035246133804321
4647,295.6734366468376,6.900622844696045,38.115535736083984,38.21492385864258,1.303627610206604
4648,215.84201723208645,4.147877216339111,34.86506652832031,46.50309753417969,1.303733468055725
4649,162.3378878059589,2.4798924922943115,77.16282653808594,54.272911071777344,1.303849458694458
4650,358.2671312539996,6.730844020843506,44.38031005859375,36.41739273071289,1.3039528131484985
4651,435.5360581807043,4.640026092529297,49.60799789428711,52.33036804199219,1.3040955066680908
4652,318.43714763983,5.2923760414123535,43.96751022338867,42.92875289916992,1.3041542768478394
4653,324.14296877133364,5.318363189697266,44.76616287231445,40.0235481262207,1.304190754890442
4654,291.5655649703172,5.841162204742432,37.00185775756836,42.72014617919922,1.304226040840149
4655,96.84874625692714,0.7965976595878601,98.86084747314453,49.23792266845703,1.3042951822280884
4656,638.9598615710344,10.162385940551758,51.44498062133789,42.86085891723633,1.3043357133865356
4657,274.0993977071197,5.41262674331665,34.704612731933594,47.732975006103516,1.3043932914733887
4658,185.16718002732026,1.8086919784545898,27.17856788635254,50.14365005493164,1.3043516874313354
4659,307.57955524123406,4.641147613525391,19.81599235534668,47.04462432861328,1.3042951822280884
4660,296.07004748621307,4.648896217346191,20.45550537109375,47.42136764526367,1.304249882698059
4661,231.1238493397041,3.5312037467956543,10.92679214477539,44.87348556518555,1.3041417598724365
4662,207.84132503351037,2.7530171871185303,37.371543884277344,57.236873626708984,1.3040237426757812
4663,325.3817863600407,5.50486946105957,27.515064239501953,50.35227584838867,1.3039098978042603
4664,655.5521405878313,8.563663482666016,28.06348991394043,49.88988494873047,1.3037914037704468
4665,361.44134167147257,5.815138339996338,25.639726638793945,52.55143356323242,1.3037350177764893
4666,1104.7907400033594,9.901159286499023,29.731203079223633,57.171627044677734,1.3037086725234985
4667,593.1385692576503,7.935920715332031,24.951091766357422,53.249107360839844,1.3036824464797974
4668,394.2656937764634,7.181321144104004,52.326744079589844,49.58135223388672,1.3037075996398926
4669,313.01253482709194,2.4776790142059326,71.32884216308594,68.19514465332031,1.3037080764770508
4670,585.3496693644174,8.474807739257812,39.82841110229492,50.50077438354492,1.3036677837371826
4671,727.8285564600164,8.785923957824707,28.34943389892578,53.93816375732422,1.3036068677902222
4672,513.0038245882884,8.622049331665039,29.224416732788086,49.26293182373047,1.3035682439804077
4673,196.01926723062178,1.3521405458450317,64.64053344726562,61.94942092895508,1.3035129308700562
4674,153.98436039076637,-0.5066177248954773,90.04505157470703,66.01264190673828,1.3034428358078003
4675,185.6318051972809,2.75923228263855,47.7551383972168,64.06453704833984,1.3034294843673706
4676,1111.3959560103788,10.410856246948242,25.276166915893555,58.58034896850586,1.303416132926941
4677,232.46857261662228,3.020967483520508,42.16444396972656,58.623294830322266,1.3034265041351318
4678,521.6890581535424,6.032857418060303,22.268943786621094,57.86804962158203,1.3034571409225464
4679,194.4067984524248,3.911996364593506,44.495914459228516,65.1080093383789,1.3035632371902466
4680,254.91862881362752,1.980563759803772,65.41140747070312,65.32060241699219,1.3036866188049316
4681,724.5717607027593,8.08883285522461,33.81001281738281,58.64469909667969,1.3037810325622559
4682,262.13584559388664,3.585723876953125,23.752262115478516,57.70762634277344,1.3039249181747437
4683,218.70787178193694,0.4801144599914551,55.23578643798828,63.917762756347656,1.3040066957473755
4684,179.1640261591792,0.21258315443992615,49.790767669677734,64.72700500488281,1.3040605783462524
4685,291.57167424066006,2.2730472087860107,21.35603141784668,59.21429443359375,1.3040927648544312
4686,169.4058738922982,1.5750652551651,52.21297836303711,64.51533508300781,1.3041558265686035
4687,267.8737175326244,3.2565836906433105,27.401653289794922,56.93367385864258,1.3041987419128418
4688,251.7857286746987,3.277106523513794,44.98997116088867,63.80286407470703,1.3042755126953125
4689,160.010030356561,-0.42175590991973877,122.33928680419922,69.76683044433594,1.3043646812438965
4690,224.88995142261143,2.7373812198638916,23.94537925720215,61.49045944213867,1.304477334022522
4691,335.91091094064444,5.27434778213501,37.61571502685547,56.133453369140625,1.304613471031189
4692,369.80857815190893,2.996861457824707,53.48197555541992,69.60342407226562,1.3047343492507935
4693,193.6975109336147,1.724790334701538,34.52865982055664,64.1433334350586,1.304848313331604
4694,267.34986525057764,2.460028886795044,31.873029708862305,63.761695861816406,1.30496346950531
4695,161.8739723680557,-1.0664986371994019,44.75902557373047,66.15145111083984,1.3050012588500977
4696,170.6926907157649,0.20535659790039062,75.82575988769531,65.22010803222656,1.305008888244629
4697,169.97264725979787,0.9583314061164856,50.55954360961914,65.98983764648438,1.30502188205719
4698,194.66266537452697,2.1565263271331787,42.96795654296875,67.39105987548828,1.3050445318222046
4699,234.7328649506321,3.04783034324646,36.366294860839844,64.51588439941406,1.3050484657287598
4700,154.62131301195546,0.6059796214103699,77.5280990600586,66.64044952392578,1.3050531148910522
4701,276.15307874868574,0.8721652030944824,59.09022903442383,67.76991271972656,1.3050546646118164
4702,111.6331502406841,-1.4068968296051025,50.03061294555664,64.28550720214844,1.305038332939148
4703,173.62549301150187,1.34774911403656,43.28001403808594,67.1935806274414,1.3050309419631958
4704,631.7574507514768,8.905881881713867,21.191162109375,60.021392822265625,1.3049546480178833
4705,166.75431427080537,1.0702623128890991,64.15496063232422,66.15531158447266,1.3048793077468872
4706,147.31013184855274,-0.7165915369987488,71.43817901611328,67.05870056152344,1.3047906160354614
4707,173.58261619645506,0.8679516315460205,54.49497985839844,69.11865234375,1.304695725440979
4708,400.8181381113283,4.6358819007873535,18.693571090698242,60.6026496887207,1.3046499490737915
4709,584.0781648381093,8.031060218811035,15.41581916809082,61.637210845947266,1.3046618700027466
4710,406.6493430503097,6.196835517883301,31.362735748291016,56.450950622558594,1.3046759366989136
4711,110.93838401098819,-0.5383930206298828,85.40058898925781,66.33789825439453,1.3046905994415283
4712,611.2658702252253,7.910417556762695,18.764516830444336,63.640594482421875,1.3046687841415405
4713,600.7439465408892,8.76817798614502,20.378070831298828,64.11274719238281,1.3046813011169434
4714,191.47394171851755,2.7599284648895264,64.20726776123047,69.33873748779297,1.3047209978103638
4715,500.3775923680263,3.9913113117218018,69.8520736694336,78.39889526367188,1.3047714233398438
4716,180.20003888188035,1.3875480890274048,75.83658599853516,72.70941925048828,1.3048175573349
4717,185.07197017488454,1.3610789775848389,62.56728744506836,70.307861328125,1.3048290014266968
4718,151.9121149694155,-0.6043632626533508,61.51747512817383,74.17073059082031,1.3047993183135986
4719,102.89158835243303,-3.880354404449463,61.037227630615234,72.53490447998047,1.3047388792037964
4720,540.9954797307097,7.784475326538086,23.994382858276367,67.6499252319336,1.304711937904358
4721,262.3286105039369,1.0672060251235962,85.13307189941406,83.81586456298828,1.3047126531600952
4722,92.76289946658693,-0.5545505285263062,92.90301513671875,74.90232849121094,1.3048197031021118
4723,321.4922093244777,1.8406422138214111,40.20310592651367,81.55294799804688,1.3049429655075073
4724,260.817728963077,4.136995792388916,25.620309829711914,67.40453338623047,1.3051077127456665
4725,161.62159714178011,1.6190358400344849,63.72359848022461,76.07582092285156,1.3052769899368286
4726,1063.1961820382367,7.287572860717773,38.26805114746094,79.92471313476562,1.3054461479187012
4727,861.5062316331021,8.771512985229492,22.402162551879883,74.14934539794922,1.3055847883224487
4728,162.61850700938683,-0.10953444987535477,56.72622299194336,76.63253784179688,1.3056553602218628
4729,194.63867160465074,2.452697277069092,85.41522979736328,77.06346893310547,1.3057516813278198
4730,272.955676635387,3.485790491104126,52.98175811767578,76.47469329833984,1.3058363199234009
4731,520.017715772387,8.776434898376465,38.03641891479492,70.59384155273438,1.305920124053955
4732,163.15715929637474,0.9827123284339905,79.25416564941406,77.36953735351562,1.3060091733932495
4733,99.70748598712156,-4.461435794830322,98.57659149169922,74.47407531738281,1.3060297966003418
4734,117.38499594821495,-1.2393529415130615,118.64634704589844,74.9607162475586,1.3060346841812134
4735,186.30319689047894,0.08785656094551086,52.234275817871094,77.97406005859375,1.3059834241867065
4736,209.79490836137154,0.29833102226257324,86.44544219970703,77.43053436279297,1.3058863878250122
4737,106.59628238889908,-1.6619219779968262,133.93458557128906,77.71333312988281,1.3057862520217896
4738,383.7060619884642,3.9488351345062256,34.00209426879883,77.0105972290039,1.3057419061660767
4739,634.6509069867022,8.398119926452637,32.52083206176758,77.1817398071289,1.3056684732437134
4740,447.05511850389246,3.7480623722076416,40.7155876159668,83.46849060058594,1.305580735206604
4741,572.6414220785457,8.313578605651855,69.4914321899414,76.82539367675781,1.305489182472229
4742,835.3958542210585,9.714252471923828,31.21148681640625,77.45904541015625,1.305397868156433
4743,711.1597182361232,8.750889778137207,32.126365661621094,79.2561264038086,1.3053531646728516
4744,370.81149361040406,5.756487846374512,25.171953201293945,74.41177368164062,1.305269718170166
4745,196.23029166631662,0.27842432260513306,68.5065689086914,81.50523376464844,1.3051341772079468
4746,585.0703709898495,8.075121879577637,30.628576278686523,80.91959381103516,1.3050261735916138
4747,213.2261080080964,2.994079351425171,66.92210388183594,83.10203552246094,1.3049486875534058
4748,575.2780266276018,8.67828369140625,63.95649719238281,81.63578796386719,1.304896354675293
4749,687.5380211486527,4.95407772064209,38.88836669921875,87.41498565673828,1.3048511743545532
4750,808.1555114028308,7.818048477172852,44.05968475341797,84.87995910644531,1.3047895431518555
4751,378.77069168980387,2.7861499786376953,42.2012939453125,87.90469360351562,1.3048224449157715
4752,94.12192394719932,-4.1894049644470215,124.4442138671875,84.85540771484375,1.3048291206359863
4753,399.0286378148389,3.0296623706817627,39.464576721191406,87.86173248291016,1.3049372434616089
4754,375.57534136146967,6.112390995025635,19.277414321899414,78.7359619140625,1.3050416707992554
4755,573.642247782091,7.330662727355957,30.433149337768555,84.51090240478516,1.3051060438156128
4756,631.6934625846524,7.986897945404053,18.849773406982422,83.34370422363281,1.3051687479019165
4757,407.64695544668956,3.341754913330078,43.05963134765625,85.68730926513672,1.3052688837051392
4758,390.8917659723954,4.825627326965332,49.5988655090332,82.76789093017578,1.3053516149520874
4759,897.6563116201971,6.101674556732178,15.996224403381348,84.12345886230469,1.3054428100585938
4760,475.8333397232701,6.952037811279297,32.545047760009766,82.4738540649414,1.3055435419082642
4761,439.7578107260149,1.4211915731430054,52.435630798339844,89.01710510253906,1.3055548667907715
4762,631.1028385964711,7.436046123504639,20.783220291137695,84.46221160888672,1.3055100440979004
4763,576.4599458788148,6.457132339477539,23.510818481445312,84.5802230834961,1.3054368495941162
4764,568.7080904354755,5.576473236083984,19.496858596801758,84.27018737792969,1.3052562475204468
4765,595.8388423229464,6.9145588874816895,29.499082565307617,85.68194580078125,1.3050594329833984
4766,612.5614770090741,8.290192604064941,57.8216667175293,87.95748138427734,1.3048697710037231
4767,885.8697666828432,8.101947784423828,30.350812911987305,87.71283721923828,1.3046631813049316
4768,626.4418503635392,7.000709056854248,12.589027404785156,86.40564727783203,1.3044441938400269
4769,377.63564527250554,6.11029577255249,15.647832870483398,82.57095336914062,1.3042714595794678
4770,184.25889076532007,0.9601569175720215,74.75826263427734,89.84208679199219,1.3041385412216187
4771,1087.6700642321498,8.012269973754883,31.678003311157227,91.25696563720703,1.3040728569030762
4772,917.3259003982024,8.606551170349121,33.57011032104492,89.79447937011719,1.3040052652359009
4773,446.0350714913996,5.599923133850098,24.008193969726562,87.74884796142578,1.3039369583129883
4774,536.2041210576901,8.248061180114746,35.18977737426758,87.52082061767578,1.3039411306381226
4775,480.6785797270473,6.560235023498535,40.00531005859375,87.45531463623047,1.303945779800415
4776,397.75490526070496,6.060741424560547,22.319961547851562,84.05364990234375,1.303940773010254
4777,530.91389090036,7.511274814605713,62.55361557006836,90.19672393798828,1.3039897680282593
4778,580.0466278249407,6.885174751281738,17.9309024810791,89.0214614868164,1.3040761947631836
4779,610.7514905339202,5.708901882171631,36.2493896484375,91.90897369384766,1.3041155338287354
4780,711.54228633419,7.281064510345459,23.612716674804688,90.9522705078125,1.3041609525680542
4781,451.7004137448256,3.751361131668091,62.072330474853516,90.72526550292969,1.304139494895935
4782,614.3377540057511,7.033849239349365,22.93244743347168,90.94503021240234,1.304097294807434
4783,605.8413376234929,7.428082466125488,17.052583694458008,91.8095703125,1.3040786981582642
4784,551.7952210938971,5.502760887145996,13.272089958190918,90.61565399169922,1.3040701150894165
4785,552.5815699367761,6.43797492980957,44.36992263793945,92.44347381591797,1.3040473461151123
4786,727.1946583613478,7.957523345947266,27.44647216796875,92.69088745117188,1.3040920495986938
4787,683.7956963864016,8.096153259277344,26.2813777923584,94.55318450927734,1.3041781187057495
4788,566.969707801306,5.355931758880615,50.32778549194336,96.57125091552734,1.3043426275253296
4789,603.5456697403923,7.591566562652588,19.539085388183594,93.08126068115234,1.3045563697814941
4790,105.31000102615148,-5.646080017089844,148.17724609375,95.85145568847656,1.3047294616699219
4791,178.21243727471136,-1.6608905792236328,95.9792251586914,97.33642578125,1.304870843887329
4792,190.1699000185609,-0.6409159898757935,104.39928436279297,97.10482788085938,1.304991364479065
4793,351.5202688669211,4.578401565551758,21.437969207763672,91.76066589355469,1.3051996231079102
4794,920.693123951677,8.66430950164795,30.746463775634766,97.14161682128906,1.3054461479187012
4795,839.6224598332342,6.59850549697876,37.79344940185547,98.72566986083984,1.3057011365890503
4796,111.57219632961383,-4.4748215675354,129.00042724609375,97.65087890625,1.3059252500534058
4797,377.05075831029575,3.7876598834991455,24.439620971679688,91.92821502685547,1.3060919046401978
4798,92.2097134228207,-7.188891887664795,178.96493530273438,97.76344299316406,1.306226134300232
4799,106.58495088993115,-11.539399147033691,150.784423828125,97.77938079833984,1.3062562942504883
4800,107.13781334076636,-2.071840763092041,163.07510375976562,97.77274322509766,1.306452751159668
4801,652.0611623678154,7.598404407501221,26.204696655273438,95.7684326171875,1.3066620826721191
4802,543.7529191424596,6.362473964691162,54.59166717529297,94.41143798828125,1.3068156242370605
4803,100.33628023403489,-3.523656129837036,139.16268920898438,98.29521942138672,1.307012677192688
4804,599.3697639435032,6.341457843780518,17.87435531616211,95.09912109375,1.3071855306625366
4805,675.4063878874904,8.446849822998047,49.019554138183594,96.17898559570312,1.3073712587356567
4806,613.2651286744999,7.251238822937012,24.058143615722656,94.81240844726562,1.3075860738754272
4807,98.70014629982344,-4.400266647338867,166.16629028320312,98.80207824707031,1.307814598083496
4808,505.865604426464,5.5027079582214355,35.42574691772461,94.24009704589844,1.3080217838287354
4809,554.4152827417487,6.999290466308594,38.64631271362305,94.4030532836914,1.3082183599472046
4810,556.3902888441437,6.845870494842529,35.017669677734375,94.44052124023438,1.3084036111831665
4811,603.2805234906018,6.244604587554932,16.901941299438477,96.19780731201172,1.3085963726043701
4812,395.6783737978333,5.078939437866211,23.037410736083984,92.10203552246094,1.3087550401687622
4813,1084.579709859534,8.640603065490723,24.500507354736328,96.7138900756836,1.3088446855545044
4814,750.4531605754346,7.111217498779297,36.289894104003906,96.28551483154297,1.3089195489883423
4815,533.7796233841444,5.872790813446045,48.20212173461914,96.1255874633789,1.3089717626571655
4816,580.3384385258361,6.778295040130615,21.22049903869629,95.56710815429688,1.3090146780014038
4817,619.7339678974048,6.411706924438477,17.432313919067383,97.23011016845703,1.3090615272521973
4818,95.76112516382067,-5.626428604125977,172.16851806640625,99.21870422363281,1.309106469154358
4819,98.88668207564056,-4.155762195587158,167.60557556152344,99.09645080566406,1.3091809749603271
4820,107.45771170943607,-4.292863845825195,155.60877990722656,98.98725891113281,1.3092595338821411
4821,515.7658393853807,5.527608871459961,37.92488098144531,96.9594955444336,1.3093334436416626
4822,596.8494919719818,7.127026557922363,35.536014556884766,96.2876205444336,1.3094295263290405
4823,381.1273510332536,4.029327392578125,23.66943359375,92.98065185546875,1.3094865083694458
4824,645.1530857923213,8.459595680236816,48.62238311767578,96.81856536865234,1.309571623802185
4825,563.1709650729459,6.503672122955322,39.02512741088867,98.59854125976562,1.3096686601638794
4826,439.3672382150756,3.7466840744018555,61.81754684448242,98.77630615234375,1.3097056150436401
4827,498.0511245039314,6.188826560974121,55.64573287963867,96.36021423339844,1.3097963333129883
4828,573.5002442542846,6.515905857086182,25.12652015686035,96.39960479736328,1.3098920583724976
4829,499.0819790827855,5.247889995574951,48.861488342285156,96.9890365600586,1.3099522590637207
4830,97.59653914955645,-5.834808349609375,164.27011108398438,99.35075378417969,1.3100031614303589
4831,360.67812284135806,4.400355815887451,20.068965911865234,94.2599868774414,1.3100708723068237
4832,348.26545674611793,3.2086362838745117,24.19718360900879,92.85977935791016,1.3101040124893188
4833,364.33846400492183,3.4169235229492188,19.99957847595215,94.28428649902344,1.3100932836532593
4834,95.06408789792583,-8.219922065734863,175.88009643554688,99.33319091796875,1.3100643157958984
4835,562.4795407556201,5.166480541229248,51.4449462890625,99.19261169433594,1.309975028038025
4836,372.2534354789362,3.7491140365600586,19.70549774169922,94.99588775634766,1.3098753690719604
4837,324.7089545747633,1.7469693422317505,64.94988250732422,99.22725677490234,1.309774398803711
4838,554.0557402708383,5.121657371520996,15.821002960205078,96.43561553955078,1.309637188911438
4839,295.577537559857,3.068021297454834,86.975341796875,98.68035125732422,1.309515357017517
4840,476.82599178812137,4.930750846862793,52.38501739501953,99.48126983642578,1.30949068069458
4841,379.48134159700385,4.4240031242370605,34.255523681640625,97.68504333496094,1.309492588043213
4842,406.3738864577907,4.531761646270752,61.900089263916016,99.64763641357422,1.3095132112503052
4843,566.2694530013813,5.857819080352783,40.49409866333008,98.97230529785156,1.3095016479492188
4844,363.99632546197887,4.157773017883301,17.93649673461914,94.86810302734375,1.3094786405563354
4845,434.2721345453576,5.930715560913086,58.49977493286133,99.37166595458984,1.3095256090164185
4846,375.87801087158766,4.756354808807373,15.093254089355469,93.97425079345703,1.3096035718917847
4847,582.7983147695641,7.074682235717773,47.711875915527344,100.03789520263672,1.30972421169281
4848,593.2031297217178,4.5730791091918945,46.713218688964844,100.37206268310547,1.3098087310791016
4849,496.6161624820009,5.5823564529418945,44.58839797973633,98.36112976074219,1.3099035024642944
4850,255.37834467411608,1.320147156715393,69.24748992919922,100.06605529785156,1.3099956512451172
4851,384.0627982435362,5.22154426574707,12.583745956420898,94.3404312133789,1.3101569414138794
4852,369.7214918451114,3.8943803310394287,58.2051887512207,98.98674011230469,1.3103618621826172
4853,586.2131207839893,6.936931610107422,47.55845642089844,100.07684326171875,1.3105487823486328
4854,372.65914721682856,4.885993957519531,16.4887638092041,93.84312438964844,1.310734510421753
4855,404.7951442690645,4.319511890411377,63.77821350097656,100.71991729736328,1.310933232307434
4856,365.6001462810644,4.049534797668457,12.242918014526367,95.28751373291016,1.3111072778701782
4857,388.6504792699962,3.30696964263916,46.3741340637207,99.08368682861328,1.3112421035766602
4858,366.57815337639437,4.458573818206787,16.865598678588867,95.33988189697266,1.3113750219345093
4859,367.72229264546576,1.9646648168563843,63.56241989135742,100.92889404296875,1.3114594221115112
4860,93.08691670959026,-11.455562591552734,183.67623901367188,101.04508209228516,1.3114980459213257
4861,567.0478377909187,6.550426959991455,45.560054779052734,100.58643341064453,1.3115626573562622
4862,575.3492713814845,5.930358409881592,16.148651123046875,98.40155792236328,1.3116227388381958
4863,571.7583349239122,6.793179512023926,29.305044174194336,100.53214263916016,1.3117374181747437
4864,446.0280629666614,5.4189252853393555,19.43364906311035,99.41773986816406,1.3118764162063599
4865,699.572372065709,6.734447479248047,47.82832336425781,101.93760681152344,1.311997890472412
4866,544.200823713643,5.36374568939209,46.34196090698242,101.24604797363281,1.3120700120925903
4867,427.16898756252425,3.9193994998931885,56.93963623046875,99.67308807373047,1.3121541738510132
4868,601.1925334672641,6.197482585906982,13.248424530029297,98.04337310791016,1.3122373819351196
4869,387.3623838478698,5.197230815887451,20.2291202545166,95.8740463256836,1.3123527765274048
4870,716.2980573193029,7.3218841552734375,15.56375503540039,101.25822448730469,1.3124877214431763
4871,374.04027947060604,3.3590996265411377,33.00213623046875,99.85405731201172,1.3125702142715454
4872,548.9693444100384,5.801539897918701,53.43642044067383,102.34198760986328,1.3126579523086548
4873,371.9571446817947,4.255334854125977,13.276982307434082,96.04281616210938,1.3127206563949585
4874,373.50482802220796,4.7314558029174805,25.51484489440918,94.35092163085938,1.312784194946289
4875,593.2505121271886,6.383322238922119,16.176197052001953,100.6485366821289,1.3128410577774048
4876,532.0657702196507,5.210961818695068,40.61305236816406,101.40423583984375,1.3128691911697388
4877,384.21183342377,2.7208504676818848,15.3359375,96.52928161621094,1.312835931777954
4878,428.2489553537132,6.485282897949219,21.518569946289062,97.10102844238281,1.3128398656845093
4879,368.910842677475,3.3760881423950195,19.000904083251953,98.24852752685547,1.3127774000167847
4880,640.1430269857046,6.566665172576904,15.624677658081055,100.67049407958984,1.3127390146255493
4881,375.79993106148135,3.5259950160980225,10.451240539550781,98.18505096435547,1.3126641511917114
4882,883.0634045615792,9.114171028137207,21.46101188659668,99.07701110839844,1.312606930732727
4883,372.99127348472655,4.299994945526123,20.438207626342773,96.32686614990234,1.3125444650650024
4884,571.6110144430869,5.725132465362549,20.04049301147461,100.89971923828125,1.3124793767929077
4885,373.4380397385082,3.883174180984497,12.497491836547852,97.60163116455078,1.3124076128005981
4886,434.35179517136373,3.9565250873565674,23.43806266784668,100.3267822265625,1.3122905492782593
4887,563.8571834628772,5.834847450256348,43.41847229003906,103.51287078857422,1.3121833801269531
4888,550.6847731406192,7.286387920379639,62.870460510253906,102.11067962646484,1.3121060132980347
4889,508.9382007626031,5.363542556762695,42.293128967285156,101.13562774658203,1.3120195865631104
4890,466.5772668930077,4.902912616729736,19.719589233398438,101.61823272705078,1.3119149208068848
4891,467.7529475628699,5.418772220611572,15.917835235595703,93.75843048095703,1.311773657798767
4892,597.5722056554937,6.216944694519043,24.698530197143555,102.17542266845703,1.3116583824157715
4893,510.0684023012066,5.39378023147583,19.6492919921875,99.08663177490234,1.3115018606185913
4894,600.008353695193,5.626883506774902,15.973221778869629,103.33824920654297,1.3113133907318115
4895,366.4852921439053,4.431380748748779,19.105327606201172,98.9427490234375,1.3111685514450073
4896,369.543347770481,3.7842931747436523,54.1738395690918,103.76932525634766,1.3110504150390625
4897,507.83434935806724,5.932846546173096,22.942609786987305,100.96857452392578,1.3109403848648071
4898,320.1960670454509,2.7776124477386475,93.52911376953125,103.89342498779297,1.310817837715149
4899,331.35184967035997,0.6928854584693909,70.22149658203125,105.00865936279297,1.3106839656829834
4900,503.79321562654155,4.614113807678223,58.28191375732422,105.25618743896484,1.3105679750442505
4901,388.18500286857403,2.936047077178955,68.02901458740234,105.12825775146484,1.3104523420333862
4902,441.87939008941333,4.4686994552612305,66.84071350097656,105.35490417480469,1.3103338479995728
4903,369.7935315346314,3.3060121536254883,17.95836067199707,99.82547760009766,1.3102034330368042
4904,367.188238399545,4.411454677581787,15.211318969726562,100.05149841308594,1.3101502656936646
4905,550.2024966263479,5.646096706390381,56.21527099609375,104.95965576171875,1.3100709915161133
4906,559.5233498612816,6.407846450805664,53.01253890991211,104.97137451171875,1.3099970817565918
4907,448.00204831207583,6.521399974822998,18.399368286132812,97.60839080810547,1.3099488019943237
4908,569.7304770131152,6.378593921661377,29.563400268554688,105.46222686767578,1.3099336624145508
4909,481.96561206272656,4.569994926452637,17.341720581054688,104.9262924194336,1.3098626136779785
4910,396.2680848421514,3.846142530441284,67.34375,106.92269134521484,1.309844970703125
4911,445.06988180537365,4.237312316894531,15.766161918640137,104.67601013183594,1.3098095655441284
4912,376.8224576485394,3.4237873554229736,11.340056419372559,102.17566680908203,1.3097463846206665
4913,599.9534212296355,2.6605608463287354,19.626230239868164,108.27708435058594,1.3097996711730957
4914,608.3040107569965,5.111741065979004,28.993677139282227,107.27628326416016,1.3098448514938354
4915,472.1001440957704,5.3347320556640625,15.925467491149902,104.4962158203125,1.30990731716156
4916,467.12387114493305,3.7893474102020264,59.63309860229492,108.29811096191406,1.309996247291565
4917,580.488543249614,6.207799911499023,29.24211311340332,106.85482025146484,1.3100781440734863
4918,389.9039727465209,3.9055025577545166,20.547330856323242,99.18280029296875,1.310103416442871
4919,372.8588309392028,4.280182838439941,16.721057891845703,100.658447265625,1.310163974761963
4920,414.3113555236468,3.513042688369751,65.39517974853516,107.55552673339844,1.3102188110351562
4921,430.62328187083665,6.062914848327637,18.766834259033203,98.92703247070312,1.3102984428405762
4922,560.7103503894099,4.401431083679199,55.5198860168457,108.1194076538086,1.3103314638137817
4923,449.5011560807494,4.78786039352417,21.049285888671875,98.77032470703125,1.310282588005066
4924,544.4510361007708,5.919223785400391,38.587242126464844,107.7946548461914,1.310293436050415
4925,371.4688982680972,3.885201930999756,21.478710174560547,99.73088836669922,1.310280680656433
4926,284.4894814967077,0.2288363128900528,99.86637878417969,107.75361633300781,1.31023371219635
4927,517.5830259038665,5.281313896179199,17.82183837890625,102.82909393310547,1.3101556301116943
4928,364.73211507380654,3.811577081680298,23.104719161987305,103.27691650390625,1.3100860118865967
4929,485.0264892907468,5.2015485763549805,21.6497859954834,104.46815490722656,1.3100066184997559
4930,360.7001348281157,3.0824527740478516,15.440361976623535,104.56013488769531,1.3099256753921509
4931,486.89673804987416,5.197770595550537,16.68301010131836,104.84497833251953,1.3098411560058594
4932,397.41759699380594,3.9983675479888916,50.86201858520508,107.41573333740234,1.3097890615463257
4933,366.14464721382035,3.5387792587280273,19.229604721069336,103.12908172607422,1.3097357749938965
4934,505.0556513751882,5.534267902374268,38.714603424072266,105.00220489501953,1.3096966743469238
4935,511.63544432786483,4.755895614624023,63.4741325378418,107.43315887451172,1.3096531629562378
4936,483.915496576591,3.922650098800659,61.178672790527344,109.7776107788086,1.3096281290054321
4937,415.74263554955394,4.872334957122803,18.810630798339844,99.9382553100586,1.3096026182174683
4938,422.2415727449749,4.319860458374023,16.59332847595215,105.0943832397461,1.3096178770065308
4939,394.97348245908125,3.9101500511169434,48.06455993652344,108.23228454589844,1.309653401374817
4940,505.40654216137006,5.718581199645996,17.30417823791504,104.93848419189453,1.309693455696106
4941,593.8915041062324,5.942617893218994,46.96098327636719,109.55398559570312,1.3097063302993774
4942,470.27849074407277,4.948144912719727,17.051435470581055,103.677734375,1.3097476959228516
4943,288.0188495006153,2.861881732940674,104.50601959228516,109.56423950195312,1.309855341911316
4944,543.4884218472445,4.325521945953369,57.87247848510742,110.05734252929688,1.30991792678833
4945,360.9937790068723,1.3452410697937012,69.27092742919922,109.33899688720703,1.3099422454833984
4946,423.49857283611686,4.001338958740234,32.85757827758789,108.529052734375,1.309988021850586
4947,336.7424781380545,2.269596815109253,22.69545555114746,105.527099609375,1.3100194931030273
4948,441.68068024549405,6.003742218017578,19.051372528076172,99.95793914794922,1.3100718259811401
4949,435.74026220002673,4.6061930656433105,62.578269958496094,110.01882934570312,1.3101431131362915
4950,332.82243773019275,2.6157033443450928,19.915328979492188,104.09886169433594,1.3102511167526245
4951,370.452507971947,0.8242312669754028,62.57352066040039,110.00507354736328,1.3103007078170776
4952,441.02720881635423,3.941962718963623,68.83035278320312,110.48748779296875,1.3103375434875488
4953,346.18008693200994,3.14754056930542,20.042612075805664,103.71399688720703,1.3103821277618408
4954,283.4048913971756,0.7760396003723145,102.45584106445312,109.65106201171875,1.310403823852539
4955,341.7814741657105,0.18894757330417633,75.63735961914062,110.16063690185547,1.3103855848312378
4956,292.60071042483577,-1.3695975542068481,101.51716613769531,109.17089080810547,1.3102673292160034
4957,278.41488981864023,1.9414459466934204,83.46324157714844,110.08538055419922,1.3102046251296997
4958,290.21027816019455,0.34773004055023193,100.16880798339844,109.07777404785156,1.3101006746292114
4959,289.94499108156515,1.2839487791061401,104.2812728881836,109.74334716796875,1.3099955320358276
4960,382.39089986481764,3.6864328384399414,65.82058715820312,109.87501525878906,1.309950351715088
4961,340.65010327290946,2.6402387619018555,63.12773895263672,109.83917236328125,1.3099435567855835
4962,290.14551292376285,2.100595235824585,104.1006851196289,108.1740493774414,1.3099305629730225
4963,278.99241286706655,2.7413132190704346,98.97342681884766,108.39595794677734,1.3099757432937622
4964,355.1022954060519,3.008697271347046,16.748106002807617,102.77037811279297,1.3100172281265259
4965,362.43791381730483,3.8131043910980225,22.727434158325195,102.4441909790039,1.3100842237472534
4966,372.8683866858489,3.4164953231811523,28.61202049255371,108.00990295410156,1.3101592063903809
4967,345.2860946500417,1.4966237545013428,70.07667541503906,110.54386901855469,1.310207724571228
4968,348.48289428916934,3.115783452987671,74.8741455078125,110.70269775390625,1.3102930784225464
4969,289.0529650140373,1.8888750076293945,100.7912826538086,109.72341918945312,1.3103749752044678
4970,348.48026905910143,3.0464975833892822,37.41773986816406,106.04202270507812,1.3104702234268188
4971,399.4973456722771,2.0576012134552,53.50712203979492,109.03942108154297,1.310482144355774
4972,521.1560046058055,4.464773654937744,39.98401641845703,109.0179214477539,1.3104877471923828
4973,324.85417074544523,1.2424821853637695,86.23545837402344,111.86299133300781,1.3105206489562988
4974,368.6594086464511,3.672126531600952,17.889820098876953,104.8989486694336,1.3105813264846802
4975,498.3335977694643,6.105675220489502,18.16795539855957,102.90601348876953,1.3107227087020874
4976,358.5361094659126,3.6422245502471924,21.639707565307617,104.58778381347656,1.3108906745910645
4977,587.2388011268134,5.688368797302246,23.980121612548828,108.29460906982422,1.3110153675079346
4978,377.2038629938991,3.657369375228882,22.464054107666016,103.82269287109375,1.3111132383346558
4979,308.972116790238,2.7464239597320557,105.38117218017578,109.10320281982422,1.3112066984176636
4980,456.56380914427206,3.8442251682281494,27.339115142822266,105.70148468017578,1.3112279176712036
4981,437.63936797638536,4.551158905029297,31.105573654174805,107.23512268066406,1.3112820386886597
4982,555.7745654312572,4.038573741912842,57.07387161254883,113.43663787841797,1.3112797737121582
4983,544.1490122539691,5.745319366455078,51.34846115112305,108.65350341796875,1.311284065246582
4984,553.3199544886411,5.340822219848633,18.867456436157227,104.31890869140625,1.3112317323684692
4985,391.8780809260011,3.2417562007904053,75.55904388427734,112.76129150390625,1.311210036277771
4986,385.0311620355639,3.347311496734619,22.245529174804688,110.61036682128906,1.3111947774887085
4987,320.13693933396695,1.975795030593872,92.6723403930664,109.49226379394531,1.3111478090286255
4988,496.553611901879,5.271790027618408,17.715932846069336,107.21605682373047,1.3111034631729126
4989,374.3499727492696,3.9603159427642822,23.466703414916992,104.89148712158203,1.3110685348510742
4990,318.0642290828748,2.1432764530181885,98.68141174316406,112.42989349365234,1.3110212087631226
4991,417.0627147673422,4.356778144836426,19.843894958496094,103.15979766845703,1.3109372854232788
4992,426.60515267146786,5.1858391761779785,15.088948249816895,105.9041748046875,1.3108712434768677
4993,358.14310313453547,2.085662364959717,75.09458923339844,114.3346939086914,1.310815453529358
4994,418.5667191264105,1.9139174222946167,77.02910614013672,115.31661987304688,1.3107277154922485
4995,301.9211108750681,3.4146392345428467,104.26180267333984,113.65961456298828,1.3107047080993652
4996,413.14504767921204,4.105587959289551,77.40701293945312,115.42277526855469,1.3107123374938965
4997,382.8853727367549,4.566324234008789,19.17481803894043,105.58003997802734,1.3107852935791016
4998,389.12497468546735,3.7420878410339355,20.8251953125,105.68115997314453,1.3108376264572144
4999,387.5681179404444,2.0416362285614014,71.71882629394531,115.17723846435547,1.3108445405960083
5000,395.597322132361,4.36250114440918,18.352252960205078,106.04376220703125,1.3108636140823364
