episode,reward,actor_loss,critic_loss,mean_value,mean_sigma
1,5.334639672340386,1.1326916217803955,0.3301280736923218,-0.4330882132053375,0.9742845892906189
2,9.846757508897104,3.550474166870117,0.5321257710456848,-0.22335661947727203,0.9747751355171204
3,10.999380404666184,2.1986749172210693,0.557137131690979,-0.020231397822499275,0.9751314520835876
4,8.1734683148233,4.740235805511475,0.7028271555900574,0.14255671203136444,0.9755992293357849
5,8.886035643252859,1.5944288969039917,0.34279686212539673,0.23133306205272675,0.976036548614502
6,9.260903652265782,3.13690185546875,0.7160906791687012,0.47333088517189026,0.9763527512550354
7,8.261913336268602,1.6383107900619507,0.49952593445777893,0.3805201053619385,0.9766390919685364
8,8.425407004359714,3.711233615875244,0.7794255018234253,0.7591038942337036,0.9769617915153503
9,11.880346979714323,1.7177990674972534,0.6532562971115112,0.7406556010246277,0.9772006869316101
10,14.869454177483211,3.181878089904785,0.8115839958190918,0.8713971972465515,0.9774118065834045
11,12.596933249272906,2.2191359996795654,0.6617225408554077,0.9841610193252563,0.9775602221488953
12,32.615872265257394,2.9647886753082275,0.7435767650604248,0.8086410164833069,0.9776608347892761
13,10.26972595161897,2.5188381671905518,0.9742448925971985,1.6508193016052246,0.9776102900505066
14,7.0855382679555134,2.7839813232421875,1.372505784034729,2.0462803840637207,0.9775678515434265
15,8.415785592191192,2.6972808837890625,1.2481820583343506,2.086644411087036,0.9775474667549133
16,9.670755237323302,3.125253915786743,1.2079099416732788,1.8639159202575684,0.9775241017341614
17,11.702673310938835,2.6779532432556152,1.4538581371307373,2.213740587234497,0.9774466156959534
18,7.047753700491262,2.549099922180176,2.132108211517334,2.647474765777588,0.9773772358894348
19,12.222765467648522,2.0143325328826904,1.5986207723617554,2.4198195934295654,0.9772923588752747
20,12.87617718099561,1.785093069076538,1.4311771392822266,2.6657555103302,0.9771809577941895
21,12.954575808236157,2.6704797744750977,2.167393684387207,2.5029265880584717,0.9771555066108704
22,5.582084267794942,1.326293706893921,2.6598968505859375,3.565840482711792,0.9771143794059753
23,8.271906019022868,2.702261209487915,2.5059750080108643,3.7247214317321777,0.9771106243133545
24,12.1310999429148,1.7825480699539185,2.2785544395446777,3.700990676879883,0.9770676493644714
25,9.94448978601626,2.5665791034698486,2.5757133960723877,4.084368705749512,0.9770656228065491
26,10.420313073993954,2.1322619915008545,2.6220858097076416,4.139242649078369,0.9770644307136536
27,9.214812405242984,2.217153310775757,2.7359228134155273,4.67658805847168,0.9770848751068115
28,8.188908561659968,2.5848076343536377,3.3899295330047607,4.269279956817627,0.9771248698234558
29,9.249944112505151,1.850196123123169,3.25930118560791,4.879561424255371,0.9771485924720764
30,12.744918480895668,1.833367109298706,3.276538610458374,4.558025360107422,0.9771353602409363
31,6.084384086784605,1.8911819458007812,5.3300557136535645,5.645474910736084,0.9771488308906555
32,5.240239425117693,2.3525748252868652,5.8292741775512695,5.537940502166748,0.9772183895111084
33,7.427600423019715,1.7831968069076538,4.292112827301025,5.676473140716553,0.9773215651512146
34,5.333370721798963,0.32424837350845337,5.275338172912598,5.5287933349609375,0.9774137139320374
35,4.988899653865699,0.13587263226509094,6.995806694030762,6.246681213378906,0.9774978160858154
36,5.41230380053768,0.1653153896331787,5.118869781494141,5.8534650802612305,0.9775732159614563
37,9.68385543441919,0.36754393577575684,3.6361401081085205,5.373850345611572,0.9776232838630676
38,6.288656338640684,0.6741918921470642,4.507946491241455,6.392766952514648,0.9776799082756042
39,5.804652272967719,-0.5345256328582764,5.502741813659668,6.225275993347168,0.9777196049690247
40,5.376593449618907,-0.5079693794250488,5.235337257385254,6.207614421844482,0.9777467250823975
41,4.715955928819023,-1.3916999101638794,4.250552177429199,5.817738056182861,0.977757453918457
42,6.765419422299768,0.3637390732765198,3.28121280670166,5.757385730743408,0.9777634739875793
43,5.46592447845692,-0.28606855869293213,3.7332701683044434,6.095004558563232,0.9777677655220032
44,7.354935669516455,1.7081714868545532,3.4363551139831543,5.943184852600098,0.9778234958648682
45,5.089940379362026,0.004046916961669922,2.7325387001037598,5.749536037445068,0.9779227375984192
46,5.266287406650979,-0.8142892122268677,2.7423081398010254,4.942057132720947,0.9780053496360779
47,4.774908430488886,-0.8427754044532776,2.1607871055603027,4.460731506347656,0.9780783653259277
48,5.636372531614562,-0.5787871479988098,1.7245426177978516,5.098382949829102,0.9781338572502136
49,7.450973229592018,0.17695343494415283,1.290431261062622,4.588174343109131,0.9781644940376282
50,6.882306197286036,0.46024495363235474,1.3143056631088257,5.241386890411377,0.97821444272995
51,4.5421899698798915,-0.5974880456924438,0.3729475438594818,3.5536255836486816,0.978301465511322
52,7.334946138948383,0.7167274951934814,0.7534093856811523,4.471266269683838,0.9784252643585205
53,5.733998280507152,-0.5741981863975525,1.1954265832901,4.8635969161987305,0.978524386882782
54,5.414406637533569,-0.691327691078186,0.9266121983528137,3.7105865478515625,0.9786064624786377
55,4.895602366118018,-1.0112899541854858,1.5503102540969849,3.8003687858581543,0.9786754250526428
56,4.60657445680399,-0.6557317972183228,0.6615254282951355,2.8820104598999023,0.9787795543670654
57,5.99351842997814,0.5069523453712463,2.043684244155884,4.259378433227539,0.9788997173309326
58,4.406130426160879,-1.2873973846435547,0.5611584782600403,2.1579668521881104,0.9789988398551941
59,6.324437514846845,0.19765451550483704,0.6413962841033936,2.40439510345459,0.9791149497032166
60,6.942426820199575,-0.4825900197029114,3.32850980758667,2.9244539737701416,0.9792066216468811
61,4.888805872040712,-0.25775283575057983,2.459167242050171,2.1226863861083984,0.9792984127998352
62,7.877866376849844,0.9327393174171448,3.0592997074127197,2.4070029258728027,0.9793962836265564
63,6.335282894104082,0.5919865369796753,1.9364006519317627,1.4611620903015137,0.9795129895210266
64,7.921771072658659,0.4655401110649109,2.6505367755889893,2.69350528717041,0.9796190857887268
65,7.9112444305492815,0.45617252588272095,2.1406192779541016,3.094559669494629,0.9797191619873047
66,6.796911844073343,0.8772104382514954,2.871556282043457,2.970026969909668,0.9798519015312195
67,4.8710458242964965,-0.32260289788246155,2.2125675678253174,3.869779348373413,0.9799711108207703
68,10.390205722121806,1.158079743385315,2.8522109985351562,2.8619136810302734,0.9800867438316345
69,3.520204218710956,-0.5616569519042969,2.929612874984741,3.642673969268799,0.9801846146583557
70,9.412034698295255,0.2582036554813385,2.7942731380462646,3.3234174251556396,0.9802588820457458
71,5.260871129413409,-0.45693475008010864,3.1963424682617188,3.489504337310791,0.9803099632263184
72,3.9522254938799106,0.05454137548804283,1.3780840635299683,3.2750821113586426,0.9804096221923828
73,6.285199891911701,0.07929325103759766,1.4251810312271118,3.513948440551758,0.9805142283439636
74,7.943161050529804,0.09090084582567215,2.0233967304229736,3.4887354373931885,0.9806016087532043
75,5.4328462643794,-0.27722325921058655,1.113103985786438,2.9990499019622803,0.9806451797485352
76,7.14181890571623,-0.12329588830471039,0.9320747256278992,3.0897159576416016,0.9806395173072815
77,7.893048946652808,0.10510721057653427,2.082603931427002,3.266059160232544,0.9806286692619324
78,7.686313413994775,0.1033976748585701,0.7635759711265564,3.1477010250091553,0.9806163311004639
79,6.964839711080897,0.09308917820453644,0.9870806336402893,2.9737327098846436,0.9806100726127625
80,7.793751630975057,0.01977013237774372,1.643361210823059,3.18257999420166,0.9805867671966553
81,8.696521700579115,0.4464574456214905,1.4486615657806396,3.136260509490967,0.9805821776390076
82,7.19892435110151,-0.07605226337909698,0.5956794023513794,2.97204327583313,0.980540931224823
83,15.181227627263963,0.7237403392791748,1.2972917556762695,3.466118335723877,0.9804897308349609
84,9.61178648244103,-0.005818152334541082,0.8874452710151672,3.228665590286255,0.9803730845451355
85,7.137579333051352,-0.3239199221134186,0.6397980451583862,2.8989875316619873,0.9802093505859375
86,9.049671435031865,0.3245837092399597,0.617777943611145,3.2066001892089844,0.9800784587860107
87,6.693457630967374,-0.20317621529102325,0.4998704195022583,2.724581718444824,0.979911744594574
88,15.924675135124003,0.5330721735954285,1.1147042512893677,3.1321122646331787,0.9797094464302063
89,10.632189822504184,0.12760013341903687,0.5933796763420105,3.0855209827423096,0.9794788360595703
90,10.490839255852702,0.15933959186077118,0.44282615184783936,3.004790782928467,0.9792273640632629
91,15.41203616109228,0.7685716152191162,0.6087878346443176,3.229578971862793,0.9790061116218567
92,26.126182805480788,1.0094325542449951,0.619924783706665,3.8085198402404785,0.9787270426750183
93,10.137442173960501,0.23579642176628113,0.4109174609184265,2.8021018505096436,0.978466808795929
94,40.570508520203205,1.776399850845337,0.7743982076644897,4.293715000152588,0.978212296962738
95,109.79013169351991,2.8144309520721436,1.032355785369873,5.333996772766113,0.9779698252677917
96,81.59968513921412,2.505077838897705,1.0075563192367554,5.189591884613037,0.9777246117591858
97,52.82078460472603,2.1653659343719482,0.7702207565307617,5.067043304443359,0.9775096774101257
98,170.65032987948626,2.7872085571289062,1.1658639907836914,6.049739360809326,0.977236270904541
99,326.9133709669218,3.911606550216675,1.558240532875061,7.326108455657959,0.976952075958252
100,88.48719076518846,2.4805939197540283,0.7758625149726868,6.312507152557373,0.9766643643379211
101,337.23400355970443,4.021650314331055,1.4171695709228516,7.9384074211120605,0.9763815999031067
102,164.96145128825282,4.7148261070251465,2.2218306064605713,8.594035148620605,0.9760940670967102
103,171.68896274490322,4.451020240783691,1.9484208822250366,8.78352165222168,0.9758175015449524
104,162.23116457909913,4.211028575897217,1.7757644653320312,9.038956642150879,0.9755329489707947
105,132.20905697352015,6.061269283294678,3.3853790760040283,9.726495742797852,0.9752792716026306
106,186.86411264951005,4.375517845153809,1.913800597190857,9.51445198059082,0.9749955534934998
107,87.57338440437404,5.301133155822754,3.423658847808838,10.034717559814453,0.9747452735900879
108,92.9039203494482,4.734553337097168,2.6710574626922607,10.168085098266602,0.9745094776153564
109,101.22477962458294,4.688704490661621,2.815294027328491,10.335243225097656,0.974295437335968
110,112.63948895662617,4.539941787719727,2.562002420425415,10.496940612792969,0.9740954041481018
111,94.7063944738508,4.57835578918457,3.143803358078003,10.865782737731934,0.973854124546051
112,99.35942378917649,4.897509574890137,3.1713500022888184,11.091123580932617,0.9736395478248596
113,85.73974081433113,5.050571918487549,3.6779465675354004,11.337615966796875,0.9734730124473572
114,108.6318293201229,5.276899337768555,3.3609914779663086,11.573519706726074,0.9733406901359558
115,96.58968944952944,4.611056327819824,3.1715950965881348,11.6924409866333,0.9732215404510498
116,75.78894819993667,5.934092044830322,4.510446071624756,11.96264934539795,0.9732285141944885
117,115.11576135989009,5.802435874938965,4.224998950958252,12.121967315673828,0.9732430577278137
118,88.06821961986945,4.80433988571167,3.732145071029663,12.313095092773438,0.973255455493927
119,92.05349756661586,5.228561878204346,3.808384895324707,12.555124282836914,0.9733249545097351
120,75.1180849694252,5.435085296630859,4.763153076171875,12.749862670898438,0.973438024520874
121,85.28395855328573,5.773211479187012,4.652880668640137,12.988405227661133,0.9736356139183044
122,81.45824552474726,5.002018451690674,4.58059024810791,13.157574653625488,0.973844587802887
123,84.36291556506588,5.509878158569336,5.044682025909424,13.415011405944824,0.9740603566169739
124,83.1996228628271,5.354267120361328,4.86469030380249,13.569300651550293,0.9742960333824158
125,84.24372358023636,4.990504264831543,4.941323280334473,13.789490699768066,0.9745023250579834
126,85.18456343895099,4.730407238006592,4.715702533721924,13.92535400390625,0.9746689796447754
127,90.41229153946466,4.604814052581787,4.7166666984558105,14.161372184753418,0.9747700691223145
128,85.64264825448235,4.653285503387451,5.474735736846924,14.382807731628418,0.9748116135597229
129,84.10323617882254,5.108064651489258,5.490585803985596,14.572957992553711,0.974831759929657
130,77.92083048978614,4.621044158935547,5.639843940734863,14.749018669128418,0.9748215675354004
131,83.03974789297978,5.1871337890625,5.653713226318359,14.941980361938477,0.97483891248703
132,81.90589770990303,4.483373641967773,5.551173210144043,15.122754096984863,0.9748342037200928
133,85.87443511232202,4.605472564697266,5.102829933166504,15.22358512878418,0.9748472571372986
134,79.72385889470439,4.660073280334473,6.083101749420166,15.502538681030273,0.9748478531837463
135,94.70884392553918,4.309276580810547,5.004165172576904,15.684487342834473,0.9748165607452393
136,108.33272181456277,6.7095818519592285,6.043785572052002,15.911477088928223,0.9748590588569641
137,94.25472262720247,5.071385383605957,5.774961948394775,16.074831008911133,0.9749023914337158
138,89.01760169458527,5.058849334716797,5.415503025054932,16.223487854003906,0.9750061631202698
139,78.2513547360619,4.784512519836426,6.4423394203186035,16.40814971923828,0.9751136898994446
140,118.84983968856096,5.641475200653076,5.071581840515137,16.638776779174805,0.9753027558326721
141,93.0284855177718,4.7323713302612305,5.724284648895264,16.79804039001465,0.9754920601844788
142,98.90554600780042,4.955604076385498,5.902758598327637,16.97153663635254,0.9756729602813721
143,89.64742561371487,4.678988456726074,6.5331196784973145,17.16080665588379,0.9758162498474121
144,78.39391201154203,0.5254647135734558,7.001981258392334,17.31411361694336,0.9758595824241638
145,104.25874867077272,4.3723649978637695,5.41444730758667,17.505983352661133,0.9758855700492859
146,98.8556583151772,5.059971332550049,5.878531455993652,17.67000961303711,0.9760146737098694
147,105.77140787959867,5.337543487548828,6.618026256561279,17.892295837402344,0.9761407375335693
148,110.24270343076861,4.695827484130859,6.014420986175537,18.06276512145996,0.9762350916862488
149,108.0669541663742,4.374003887176514,5.75023889541626,18.200145721435547,0.9762901663780212
150,121.87719315302728,4.882429599761963,5.570400714874268,18.406408309936523,0.9763410687446594
151,119.50039952621843,4.665217399597168,5.842681884765625,18.58378028869629,0.976362943649292
152,83.06479047084807,4.673732757568359,7.753773212432861,18.751893997192383,0.9763932228088379
153,90.93876141212061,5.121681213378906,7.6713385581970215,18.925493240356445,0.9764659404754639
154,145.18275410190185,5.09519624710083,5.4358978271484375,19.13303565979004,0.9765446782112122
155,83.8753653710498,3.760190725326538,7.44748592376709,19.24974250793457,0.9765930771827698
156,90.10534032486203,4.48116397857666,7.2939958572387695,19.420011520385742,0.9766480326652527
157,156.49070435803955,5.122056007385254,5.054584980010986,19.596189498901367,0.9767299294471741
158,245.9824637630113,5.902065753936768,5.282341003417969,19.86821174621582,0.9767317175865173
159,172.91492378955178,6.25585412979126,6.1083807945251465,20.017105102539062,0.976779043674469
160,209.3879778905845,5.698995113372803,5.825264930725098,20.205036163330078,0.9767711162567139
161,135.85575372573612,4.9530534744262695,7.015440940856934,20.334392547607422,0.9767014384269714
162,84.06025020734285,4.4799604415893555,8.789461135864258,20.460981369018555,0.9766494631767273
163,94.6261846735365,4.29902458190918,8.18612003326416,20.6412353515625,0.9765931963920593
164,167.47974985099094,5.188135623931885,6.327849864959717,20.864856719970703,0.9764965176582336
165,118.696078567437,4.264004230499268,6.601406097412109,20.976821899414062,0.9763972759246826
166,208.13312039621357,5.254903316497803,5.153303146362305,21.19384002685547,0.9762905240058899
167,279.71584049949143,6.026263236999512,5.01470947265625,21.380022048950195,0.9761857390403748
168,245.15319978049257,7.500555515289307,6.855759620666504,21.56170654296875,0.976148784160614
169,209.62379503895215,5.250255584716797,5.364329814910889,21.69551658630371,0.9760876297950745
170,270.60205067999857,6.507894039154053,5.713044166564941,21.884559631347656,0.976037323474884
171,274.5990542137298,5.857516765594482,4.9511942863464355,22.043575286865234,0.9759893417358398
172,189.8718262566425,5.335061073303223,6.104921340942383,22.195823669433594,0.9759189486503601
173,277.8124534464411,5.96826696395874,4.975309371948242,22.371400833129883,0.9758709073066711
174,266.61089492535683,6.446135997772217,6.105876922607422,22.54898452758789,0.9758204817771912
175,234.44958091124903,6.889800548553467,6.718791961669922,22.708663940429688,0.9757969975471497
176,273.0991679315633,5.27832555770874,5.236319065093994,22.859304428100586,0.975730836391449
177,210.4286019961369,4.539247512817383,5.458011150360107,23.00457763671875,0.9755750298500061
178,272.14828983636204,5.705616474151611,5.486236095428467,23.201641082763672,0.9753996729850769
179,291.6398257658022,6.317230701446533,5.43275785446167,23.350032806396484,0.9752800464630127
180,257.61176563265076,6.272173881530762,6.73295783996582,23.526865005493164,0.9751325249671936
181,262.8107682561508,5.841784954071045,5.625545978546143,23.677852630615234,0.9750000834465027
182,254.94970104180805,6.689292907714844,6.770900726318359,23.854902267456055,0.9748992919921875
183,262.00777710506486,6.189700126647949,6.10334587097168,24.012176513671875,0.9748154282569885
184,252.170242994448,6.762436389923096,7.499721527099609,24.17327117919922,0.9747255444526672
185,279.9188042341597,6.259700298309326,6.151636600494385,24.332393646240234,0.9746425747871399
186,261.70117317696815,6.153546333312988,6.018645286560059,24.487342834472656,0.9746163487434387
187,239.44248185093315,6.140082836151123,7.051701068878174,24.65467071533203,0.974578857421875
188,274.10936204780074,5.692728519439697,5.590799808502197,24.805021286010742,0.9745491147041321
189,246.740337457502,6.675263404846191,7.78898286819458,24.98078155517578,0.9745078682899475
190,267.9021754448162,6.068192958831787,5.9858808517456055,25.120651245117188,0.9745088219642639
191,256.941285254321,6.042362689971924,6.702728271484375,25.29578399658203,0.9744901657104492
192,232.07026069507893,6.584171295166016,7.746974468231201,25.45709991455078,0.9744974970817566
193,252.94427049386076,6.04487419128418,6.773380756378174,25.596712112426758,0.9745111465454102
194,170.0642952590676,5.901190280914307,8.701815605163574,25.75129508972168,0.9745592474937439
195,234.27153509067617,6.247591018676758,8.070016860961914,25.932836532592773,0.9745883345603943
196,210.4982072767567,7.175104141235352,9.560193061828613,26.08523178100586,0.9746299386024475
197,221.62224034545255,6.928882598876953,8.851499557495117,26.245241165161133,0.974714457988739
198,246.63693416565934,6.381748199462891,7.479523658752441,26.410131454467773,0.9748284220695496
199,223.53464214478674,6.274918079376221,8.349987030029297,26.56175422668457,0.9749329686164856
200,222.63446594771787,7.059049129486084,9.492622375488281,26.718229293823242,0.9750517010688782
201,233.8536141069166,5.825683116912842,8.212812423706055,26.876445770263672,0.9751343131065369
202,215.3300408198478,6.793698787689209,9.934661865234375,27.04115104675293,0.9752056002616882
203,211.26205442846438,7.055786609649658,10.362526893615723,27.191469192504883,0.9752896428108215
204,233.29606947846776,6.804470539093018,9.013239860534668,27.352046966552734,0.9754071235656738
205,216.55268706419685,6.414993762969971,9.865373611450195,27.505678176879883,0.9755043387413025
206,222.77010342064142,7.821164608001709,10.380563735961914,27.668046951293945,0.9756698608398438
207,244.69471665239234,5.503922462463379,7.904418468475342,27.82033920288086,0.9757764935493469
208,225.2341930133837,6.8678975105285645,9.505598068237305,27.973867416381836,0.9759137034416199
209,212.52162266813792,7.249059677124023,10.495381355285645,28.13121223449707,0.9761295914649963
210,226.5000706699804,6.058032512664795,9.78995132446289,28.286575317382812,0.9762964248657227
211,219.0324809441274,6.128498554229736,10.248605728149414,28.44101905822754,0.9763744473457336
212,212.11589537639065,7.20796012878418,10.988704681396484,28.5965576171875,0.9764800667762756
213,159.2474787141886,5.100688934326172,10.140063285827637,28.72187614440918,0.9766036868095398
214,240.05793413786256,6.823202610015869,9.968436241149902,28.910104751586914,0.9767293334007263
215,260.8617049031456,6.041373252868652,7.813960552215576,29.064863204956055,0.9768881797790527
216,251.19751457569254,5.946826457977295,8.29312801361084,29.219329833984375,0.9770408272743225
217,118.09287351386583,3.4743034839630127,11.496987342834473,29.308910369873047,0.9771690964698792
218,258.31509876350816,5.447208404541016,8.056113243103027,29.525161743164062,0.9772647023200989
219,240.5469763871031,6.632744312286377,9.548447608947754,29.68564224243164,0.9773804545402527
220,238.89951730217211,6.448273658752441,10.142638206481934,29.83816146850586,0.9774711728096008
221,241.951994541045,5.672908306121826,10.11954116821289,29.993282318115234,0.9775188565254211
222,239.92840717677433,6.722512722015381,10.378307342529297,30.147991180419922,0.9775790572166443
223,222.35905754718647,6.226934909820557,10.84736442565918,30.296480178833008,0.9776201248168945
224,231.21834622567727,7.204848766326904,10.778223991394043,30.45427131652832,0.9777725338935852
225,253.30250436913954,5.936612606048584,8.75776195526123,30.602922439575195,0.9779205322265625
226,213.89195855395062,6.378883361816406,11.409553527832031,30.75426483154297,0.9780569672584534
227,216.25132870194386,5.756934642791748,10.685967445373535,30.90376091003418,0.9781593680381775
228,262.30679256911975,7.218348026275635,10.464170455932617,31.06696128845215,0.9782953858375549
229,205.66162221908382,5.61259651184082,10.801509857177734,31.207763671875,0.9784124493598938
230,268.9357337325603,5.397409915924072,8.321460723876953,31.36818504333496,0.9785038828849792
231,266.5052520992164,5.83826208114624,8.447060585021973,31.517208099365234,0.9786295890808105
232,205.76041540429702,6.056743144989014,11.17153549194336,31.666399002075195,0.9787835478782654
233,251.62190848615802,5.8671159744262695,10.375449180603027,31.82542610168457,0.9788777828216553
234,244.1939441572589,5.931182384490967,10.369553565979004,31.981998443603516,0.9789507389068604
235,263.80869037353665,6.300252437591553,9.71188735961914,32.130889892578125,0.979048490524292
236,273.7535294022139,5.42689847946167,8.563163757324219,32.2816276550293,0.9791128039360046
237,245.41285530518206,5.663919448852539,11.835601806640625,32.42980194091797,0.9791287779808044
238,278.9381522968586,5.578516960144043,8.39620304107666,32.56112289428711,0.9791578650474548
239,272.3111681657081,5.783254146575928,8.569872856140137,32.73411560058594,0.979243278503418
240,244.66437734151867,7.1123833656311035,12.775705337524414,32.88429641723633,0.9793341159820557
241,262.1407990311106,5.649287223815918,9.78600025177002,33.03718948364258,0.9793983101844788
242,260.3562260233396,5.349995136260986,9.22984504699707,33.18043899536133,0.9794467091560364
243,293.0626179558115,5.549633026123047,8.863507270812988,33.340965270996094,0.9794759750366211
244,253.56748324194763,5.898438453674316,10.200764656066895,33.489036560058594,0.9795202612876892
245,118.20881243477974,3.8141703605651855,14.5690279006958,33.55235290527344,0.9796268939971924
246,276.60323366489007,5.764909267425537,9.806137084960938,33.788963317871094,0.9797152876853943
247,251.9298822812727,4.858407497406006,9.755477905273438,33.924896240234375,0.9797601699829102
248,210.02090859754617,4.705977916717529,11.524826049804688,34.08079147338867,0.9797590374946594
249,297.42078889680363,5.034896373748779,8.667577743530273,34.23296356201172,0.9797301888465881
250,281.7475055502929,5.577915668487549,9.193140029907227,34.38325119018555,0.9797236323356628
251,268.55163026715485,6.0099101066589355,10.68946647644043,34.53992462158203,0.9797170758247375
252,271.33285838465804,6.038263320922852,10.897176742553711,34.68691635131836,0.9797047972679138
253,274.1857941944743,5.981572151184082,9.834650993347168,34.838016510009766,0.9798017144203186
254,267.2997329409644,5.294698238372803,9.357393264770508,34.984649658203125,0.9799225926399231
255,270.74832400418853,6.125095844268799,10.85029411315918,35.14009094238281,0.9800539612770081
256,237.7952559339726,4.345199108123779,9.79274845123291,35.26945114135742,0.9801531434059143
257,239.1176923600849,4.718010902404785,10.536453247070312,35.4282112121582,0.9802188873291016
258,230.97921332764483,6.007791042327881,13.137472152709961,35.58517074584961,0.980280876159668
259,264.18255540321763,5.544100761413574,10.394042015075684,35.73075485229492,0.9803495407104492
260,280.074805921742,5.849989891052246,9.827600479125977,35.8796501159668,0.9804654121398926
261,268.2026284159392,5.554245471954346,11.070795059204102,36.03192901611328,0.9805533289909363
262,241.86085494417586,5.491161346435547,12.193572044372559,36.17747497558594,0.9806230068206787
263,242.17691057574413,6.446372985839844,14.146683692932129,36.330623626708984,0.980687141418457
264,240.62814591996755,6.358729362487793,13.798532485961914,36.47840118408203,0.980767011642456
265,229.92155360024796,5.5919270515441895,14.052872657775879,36.62126541137695,0.9808163046836853
266,248.72806575432702,5.838520050048828,12.42336654663086,36.77360153198242,0.9808720946311951
267,241.15156696267297,6.244439601898193,13.711649894714355,36.920562744140625,0.9809438586235046
268,236.63757097202836,6.396124839782715,14.832653999328613,37.07207107543945,0.9810113906860352
269,249.8076873931804,6.136029243469238,13.335227012634277,37.216522216796875,0.9811088442802429
270,246.57993418045587,6.573318004608154,14.015275001525879,37.366905212402344,0.9812257289886475
271,233.1411682645326,6.55600643157959,15.178716659545898,37.51474380493164,0.9813518524169922
272,234.1862072620331,7.002462387084961,15.479493141174316,37.65777587890625,0.9815197587013245
273,235.795259629315,6.777340412139893,15.675658226013184,37.80976104736328,0.9817299246788025
274,214.3023472469584,5.8170270919799805,16.94974136352539,37.9559211730957,0.981903612613678
275,216.89983316734734,6.2504425048828125,16.659292221069336,38.10315704345703,0.9820666313171387
276,228.06424291094712,6.314345359802246,15.778315544128418,38.24610900878906,0.9822461605072021
277,221.97321865795502,6.487431049346924,16.978940963745117,38.39601135253906,0.9824271202087402
278,218.3019100855726,6.378252029418945,17.177072525024414,38.54252243041992,0.9825968742370605
279,215.82415145541484,6.476607799530029,17.232444763183594,38.6890983581543,0.9827852249145508
280,220.6456183470486,6.518146991729736,16.914447784423828,38.83500671386719,0.9829850792884827
281,228.33165347725713,6.168273448944092,16.343229293823242,38.982059478759766,0.9831716418266296
282,225.83427234369674,5.947458744049072,17.23494529724121,39.1293830871582,0.9833254814147949
283,183.4101390837444,5.584310054779053,19.320241928100586,39.26018524169922,0.983461320400238
284,140.78734550412452,4.107611179351807,21.839502334594727,39.40679931640625,0.9835723042488098
285,217.7099268759553,6.4194016456604,17.796585083007812,39.57166290283203,0.9836835861206055
286,216.44671286396155,6.546853065490723,18.357666015625,39.71675109863281,0.9838006496429443
287,215.97430228042774,6.549103260040283,18.562734603881836,39.86698913574219,0.9839364886283875
288,217.367430025103,6.521657943725586,18.607004165649414,40.007747650146484,0.9840728640556335
289,211.77199775791513,6.653055191040039,18.681194305419922,40.15559768676758,0.9842327237129211
290,215.22994025365185,5.8814873695373535,17.657196044921875,40.296722412109375,0.984386682510376
291,225.65925209121315,7.147176742553711,18.50375747680664,40.44819259643555,0.9846051335334778
292,227.02007631255736,6.344780445098877,17.313005447387695,40.59212875366211,0.9848338961601257
293,224.15789172396694,6.194007396697998,18.4212703704834,40.73652267456055,0.9850478172302246
294,217.30151968745056,5.6726579666137695,19.181438446044922,40.88743209838867,0.9852142333984375
295,219.14190316088366,5.769170761108398,19.358247756958008,41.02839279174805,0.985345184803009
296,212.79651940885637,5.763418674468994,19.518932342529297,41.176597595214844,0.9854515194892883
297,224.40991183166042,6.457300662994385,18.4339542388916,41.3252067565918,0.985577404499054
298,214.1273569377694,5.49506139755249,19.674753189086914,41.471832275390625,0.9856774210929871
299,226.18554494034734,5.890461444854736,18.58218002319336,41.61323165893555,0.9857661128044128
300,235.55410714853642,6.4024739265441895,18.73085594177246,41.76226806640625,0.9858548045158386
301,218.52372601465893,7.063136577606201,19.940534591674805,41.90213394165039,0.9860259890556335
302,222.46740802198397,5.76357889175415,19.402442932128906,42.04891586303711,0.9861712455749512
303,216.03233744694634,6.25904655456543,20.059419631958008,42.19137191772461,0.9863201975822449
304,223.7881704259056,5.137707710266113,19.678428649902344,42.339599609375,0.9864231944084167
305,227.7262455190471,5.747876167297363,19.73661231994629,42.48618698120117,0.986501932144165
306,228.46881497134586,4.052217483520508,19.69300079345703,42.629886627197266,0.9865238666534424
307,224.8104040291266,6.226371765136719,19.326671600341797,42.77522659301758,0.986564576625824
308,233.13983369669597,6.220772743225098,18.480567932128906,42.91944885253906,0.9866984486579895
309,241.4366310306876,5.1900787353515625,18.099111557006836,43.06705856323242,0.9867827296257019
310,224.0463601634765,6.311667442321777,19.82777976989746,43.20832824707031,0.986903965473175
311,254.6940953260846,6.070840358734131,17.19553565979004,43.35396194458008,0.9870235919952393
312,252.21979915851824,5.74808406829834,17.394193649291992,43.49823760986328,0.9871330261230469
313,252.51378009252622,6.101905345916748,17.778453826904297,43.64669418334961,0.9872443079948425
314,250.75016407135857,6.0622453689575195,17.94072723388672,43.788551330566406,0.9873623251914978
315,261.94744701414925,4.5248870849609375,16.37824821472168,43.9324836730957,0.9874129295349121
316,253.35891020687995,6.06171178817749,18.092880249023438,44.07648849487305,0.9874861836433411
317,243.31174577211593,4.659708499908447,17.72487449645996,44.21580505371094,0.9875248074531555
318,248.91698721133002,4.858139991760254,17.27476692199707,44.367347717285156,0.9875311255455017
319,271.0510272734526,6.078398704528809,16.697769165039062,44.50577926635742,0.9875704646110535
320,265.7095581328574,5.1240692138671875,16.326881408691406,44.65254211425781,0.9875912666320801
321,255.8512416563789,5.502609729766846,16.196096420288086,44.79551696777344,0.9876478314399719
322,263.08498170180883,5.45194149017334,16.278165817260742,44.940242767333984,0.9877283573150635
323,267.27675241933537,5.444440841674805,15.787537574768066,45.085113525390625,0.9878398776054382
324,278.87052473674476,6.220369815826416,17.293025970458984,45.22847366333008,0.9879611134529114
325,286.03160446246187,4.49788236618042,13.890311241149902,45.36674880981445,0.9880593419075012
326,282.79657148513286,4.669702053070068,15.815129280090332,45.513790130615234,0.9881213307380676
327,270.3160432363318,5.620054244995117,18.306446075439453,45.659942626953125,0.9881691336631775
328,306.7953577427861,5.409173965454102,14.00357437133789,45.796783447265625,0.9882755279541016
329,275.5830260641892,5.335093975067139,17.587242126464844,45.95075225830078,0.9883620142936707
330,262.072312067621,4.803566932678223,16.446636199951172,46.08856201171875,0.9884384274482727
331,282.8287617774313,4.708775520324707,14.941896438598633,46.232513427734375,0.988502562046051
332,294.75605286875225,5.298415660858154,15.054858207702637,46.3769416809082,0.9886043667793274
333,300.5041373712488,3.4783785343170166,13.84448528289795,46.512786865234375,0.9886496663093567
334,287.75288513812893,5.24618673324585,17.365501403808594,46.662078857421875,0.9886700510978699
335,279.61597744825804,5.083657741546631,17.450044631958008,46.80665588378906,0.9886720180511475
336,304.29943093639116,4.253955364227295,13.699054718017578,46.94285583496094,0.9886546730995178
337,288.11099384619183,6.0308685302734375,18.62919807434082,47.09410858154297,0.9886379241943359
338,314.3620363052242,4.606608867645264,14.551560401916504,47.229854583740234,0.9885994791984558
339,288.9381625320696,5.3170342445373535,17.038219451904297,47.37822723388672,0.9885592460632324
340,301.08240860333564,5.3128156661987305,16.048782348632812,47.5212516784668,0.9885266423225403
341,301.64165056777654,5.704529285430908,17.220123291015625,47.668907165527344,0.9884964823722839
342,319.9489718525121,4.973740577697754,14.204862594604492,47.793888092041016,0.9884782433509827
343,312.7189161157225,4.268647193908691,13.280755996704102,47.9439582824707,0.9884615540504456
344,304.86805952783544,6.05168342590332,17.27827262878418,48.09416198730469,0.9885212779045105
345,320.4464981194595,4.85667610168457,13.707352638244629,48.229469299316406,0.988608181476593
346,321.2358466130043,5.422902584075928,15.748053550720215,48.37811279296875,0.9886909127235413
347,315.34102930933255,6.542004108428955,17.69487190246582,48.52167892456055,0.9888098835945129
348,323.98211481676657,4.504894733428955,13.890690803527832,48.65044403076172,0.9889147877693176
349,324.1519679552653,4.456090927124023,14.972625732421875,48.80369186401367,0.9889815449714661
350,303.139146440402,4.324141979217529,14.282388687133789,48.93910217285156,0.9890565872192383
351,299.62638661392754,7.013413429260254,20.021272659301758,49.093135833740234,0.9892064929008484
352,294.78672129477786,4.918970584869385,16.703685760498047,49.231998443603516,0.9893456101417542
353,302.7479396400333,5.906702995300293,18.388507843017578,49.37748718261719,0.989487886428833
354,330.82348048268005,4.558627605438232,14.819527626037598,49.514156341552734,0.9895970225334167
355,301.6806705955354,5.520371437072754,17.57646369934082,49.66162872314453,0.9897236227989197
356,303.2383772617985,5.386361598968506,18.36846160888672,49.80414962768555,0.9898357391357422
357,303.87254015429,5.513207912445068,17.672555923461914,49.942626953125,0.9899606704711914
358,319.65437360565153,5.246069431304932,16.18123435974121,50.08345413208008,0.9901154637336731
359,287.9902577289437,4.929288387298584,17.82364273071289,50.23043441772461,0.9902625679969788
360,314.38271976251616,4.111917495727539,15.903725624084473,50.36766815185547,0.9903752207756042
361,334.8361483664164,5.575879096984863,16.4449405670166,50.50513458251953,0.9905120730400085
362,315.7984302939336,4.344480037689209,15.181473731994629,50.64996337890625,0.9906376004219055
363,307.877415414433,4.946388244628906,17.477113723754883,50.79566955566406,0.9907510876655579
364,312.7855025871158,5.016966819763184,17.236862182617188,50.93839645385742,0.9908566474914551
365,322.0832848871976,4.985180854797363,16.71014976501465,51.07189178466797,0.9909561276435852
366,305.24953160146254,4.750286102294922,17.209434509277344,51.2193489074707,0.9910547137260437
367,325.35488609000316,5.523900032043457,18.37423324584961,51.362003326416016,0.9911485314369202
368,296.6388160201101,4.377373218536377,16.31830406188965,51.500083923339844,0.9912832379341125
369,324.1744782691053,5.646229267120361,18.198843002319336,51.6430549621582,0.991466224193573
370,294.06596512417184,5.369704723358154,20.48849868774414,51.78824234008789,0.9916360974311829
371,323.0973749396236,4.5106892585754395,16.38644027709961,51.92084503173828,0.991766631603241
372,324.1768444129494,4.524625778198242,16.230676651000977,52.0615234375,0.9918851852416992
373,338.2289391425393,4.615919589996338,16.0661563873291,52.20597457885742,0.9919832348823547
374,322.8953024682405,5.073200225830078,17.178768157958984,52.347408294677734,0.9920952916145325
375,308.1496557006049,4.814288139343262,17.26038360595703,52.48969650268555,0.9922396540641785
376,326.3272010354109,5.502353191375732,19.720521926879883,52.63113784790039,0.9923631548881531
377,306.42733295231295,5.360074520111084,20.14137077331543,52.772891998291016,0.9924838542938232
378,279.1293402121947,3.8347949981689453,21.06580352783203,52.917415618896484,0.9925655722618103
379,306.2126802681242,4.558292865753174,19.3131103515625,53.05746078491211,0.9926170706748962
380,315.1115089950169,4.638407230377197,18.591800689697266,53.19706344604492,0.9926495552062988
381,276.0384937076311,4.047667026519775,20.348779678344727,53.339027404785156,0.9926608204841614
382,296.60215217873525,4.513186931610107,21.412416458129883,53.477176666259766,0.9926559329032898
383,291.99545840004714,4.698989391326904,21.406219482421875,53.62446212768555,0.9926322102546692
384,274.39808330839804,4.096364498138428,22.685100555419922,53.76312255859375,0.9925869107246399
385,309.2477504743648,4.832784175872803,19.98358917236328,53.90483093261719,0.9925370216369629
386,279.16857241480017,5.536680698394775,22.694650650024414,54.04612350463867,0.9925457835197449
387,311.08048800486006,4.80902099609375,20.116416931152344,54.1848258972168,0.9925413727760315
388,281.5249499515874,4.130119323730469,20.04340171813965,54.319091796875,0.9925320744514465
389,263.6836843951787,4.436673641204834,22.569355010986328,54.46470260620117,0.9925267100334167
390,231.0588098285207,3.6913487911224365,24.188547134399414,54.59992599487305,0.9925141334533691
391,264.56247667796,3.01932430267334,22.253765106201172,54.74679946899414,0.9924691319465637
392,264.66558335407404,4.3754987716674805,21.400663375854492,54.88124084472656,0.9924588799476624
393,282.1175077229891,4.236295223236084,19.28648567199707,55.024208068847656,0.9924790263175964
394,265.3521538324849,4.532054901123047,25.265365600585938,55.16881561279297,0.9924843311309814
395,221.5873664525692,4.990920066833496,29.90566635131836,55.309417724609375,0.9925050735473633
396,278.87997720572884,3.737485885620117,18.609376907348633,55.443477630615234,0.992546796798706
397,202.74509745932394,3.777216911315918,26.826602935791016,55.58325958251953,0.9926446080207825
398,232.82877829078276,4.551102161407471,27.419658660888672,55.72791290283203,0.992748498916626
399,220.80271165091307,4.6490325927734375,29.791282653808594,55.87077713012695,0.9928553700447083
400,185.69467145209964,2.9127089977264404,31.830245971679688,56.004547119140625,0.9929305911064148
401,181.26650112580032,4.2501044273376465,34.055931091308594,56.142791748046875,0.9930394291877747
402,162.74608944836572,3.027824640274048,37.342220306396484,56.28242111206055,0.9931358695030212
403,172.96500308802663,3.065812110900879,30.99593162536621,56.41939926147461,0.9933010935783386
404,176.39342199900582,3.2760608196258545,32.402225494384766,56.562103271484375,0.9934948086738586
405,214.86031185835697,2.5464112758636475,26.150054931640625,56.70176315307617,0.9936509132385254
406,217.81040327759328,4.2002058029174805,29.459882736206055,56.85047912597656,0.993827760219574
407,209.72156873184232,4.19158411026001,30.45610237121582,56.97688674926758,0.9940354824066162
408,218.01783977434675,4.19327974319458,29.8973331451416,57.13051986694336,0.9942427277565002
409,197.5525723145236,3.2654640674591064,34.149314880371094,57.26688766479492,0.9944131374359131
410,234.25193030564316,4.611697673797607,30.81212615966797,57.413917541503906,0.9945668578147888
411,200.7240610241782,4.266768455505371,33.756473541259766,57.5493278503418,0.9947182536125183
412,230.81832273509707,4.143331050872803,27.268688201904297,57.69110870361328,0.9949186444282532
413,243.78007931368737,4.020203113555908,29.166339874267578,57.826576232910156,0.9950858950614929
414,172.53884017129084,4.048276424407959,39.072052001953125,57.96714401245117,0.9952695965766907
415,200.9324459789052,3.6072747707366943,30.79920768737793,58.10714340209961,0.9954624176025391
416,218.2163093448092,3.8010168075561523,29.370290756225586,58.245914459228516,0.9956521987915039
417,222.51023279037366,3.2174487113952637,29.575531005859375,58.387916564941406,0.9958025813102722
418,227.75369857216708,2.765023708343506,29.85729217529297,58.52792739868164,0.9959121346473694
419,175.45037369551767,3.4588396549224854,39.10201644897461,58.66535186767578,0.9960176348686218
420,203.16692911884692,5.080721378326416,34.853599548339844,58.80984115600586,0.996187150478363
421,199.7476975791671,2.3843119144439697,35.673194885253906,58.948455810546875,0.9963123202323914
422,214.22524707526688,3.5074384212493896,35.71595001220703,59.09010696411133,0.9964048266410828
423,215.5381231388014,4.485036373138428,35.124122619628906,59.22499084472656,0.9965019822120667
424,227.30908488166926,5.072206497192383,34.796504974365234,59.36750030517578,0.9966877102851868
425,251.21064397881648,4.61865234375,30.121723175048828,59.5107536315918,0.9968660473823547
426,232.46461925065094,4.644288539886475,32.26131820678711,59.646183013916016,0.9970677495002747
427,220.12537905098122,4.755575180053711,34.22392272949219,59.78531265258789,0.9972861409187317
428,225.25716305425516,4.189845561981201,33.975399017333984,59.92701721191406,0.9974830746650696
429,214.92838337517983,2.0400285720825195,36.72011947631836,60.06272506713867,0.9976176619529724
430,214.650963726251,3.6926777362823486,36.965087890625,60.20304870605469,0.9977264404296875
431,208.50768565038692,4.82887077331543,38.404422760009766,60.3471794128418,0.9978490471839905
432,183.0057035372717,3.64035701751709,41.677406311035156,60.481292724609375,0.9979627728462219
433,180.27612713650197,4.32800817489624,42.15643310546875,60.617164611816406,0.9981001019477844
434,198.9686482742653,3.490621328353882,39.83414840698242,60.76456832885742,0.9982083439826965
435,210.8974133098575,4.514214038848877,38.93296813964844,60.903263092041016,0.998316764831543
436,183.5568703083184,4.259862899780273,42.026100158691406,61.03843307495117,0.9984973073005676
437,218.70964300759522,3.724393367767334,37.41999435424805,61.1784782409668,0.9986414909362793
438,189.7116314656098,2.7896459102630615,41.834598541259766,61.315250396728516,0.9987503886222839
439,215.1470447518222,3.5932247638702393,37.71495056152344,61.454959869384766,0.998831570148468
440,211.47027909721987,4.40238618850708,39.571388244628906,61.59651565551758,0.9989144802093506
441,219.15711074005782,3.798295497894287,38.762428283691406,61.73628616333008,0.9989748597145081
442,222.34369916094536,4.797946929931641,38.54869079589844,61.874053955078125,0.9990472793579102
443,223.52316879429975,4.6741485595703125,36.750953674316406,62.01013946533203,0.9991443753242493
444,209.56368148707597,4.958216667175293,40.87821960449219,62.14570236206055,0.9992880821228027
445,206.80979246241887,4.6247968673706055,40.52370071411133,62.29022979736328,0.9994503855705261
446,215.3202971267518,4.14940071105957,40.511077880859375,62.43242263793945,0.9995951056480408
447,210.2677867106864,3.5761706829071045,40.58856964111328,62.57194519042969,0.9997157454490662
448,205.64908104701584,4.387683391571045,41.768707275390625,62.703102111816406,0.9998385906219482
449,209.90018843055418,3.4676425457000732,41.27277755737305,62.849666595458984,0.9999408721923828
450,210.90357872126648,3.595996379852295,41.56767654418945,62.987091064453125,1.0000207424163818
451,207.88866600229136,4.453217029571533,42.1901969909668,63.12805938720703,1.0001176595687866
452,206.31260814502824,3.3231141567230225,42.47185134887695,63.266109466552734,1.0001853704452515
453,215.18629485698528,4.812337875366211,41.378501892089844,63.40421676635742,1.0002849102020264
454,209.21691871650273,1.398133635520935,42.5014762878418,63.54262161254883,1.0003358125686646
455,207.4509722435104,3.9220666885375977,43.217010498046875,63.682647705078125,1.0003803968429565
456,208.5718237031,4.402027130126953,43.37168502807617,63.818084716796875,1.000435709953308
457,211.61731521088672,3.442208766937256,42.970458984375,63.957969665527344,1.000470757484436
458,210.2160178712962,3.389355182647705,43.68122482299805,64.09630584716797,1.0004881620407104
459,210.29947632503766,4.550745487213135,43.74294662475586,64.23663330078125,1.00053071975708
460,214.3371387657061,3.455700159072876,43.32220458984375,64.37677001953125,1.0005578994750977
461,206.3031382368472,2.1146280765533447,44.602046966552734,64.513427734375,1.0005440711975098
462,215.91623078455092,4.775611877441406,43.63292694091797,64.65348052978516,1.0005544424057007
463,211.60248785825328,4.260900497436523,44.064857482910156,64.79059600830078,1.0005742311477661
464,91.61456024719894,-2.1709163188934326,77.04794311523438,64.91437530517578,1.0005611181259155
465,214.44532433885473,3.90697979927063,43.927284240722656,65.03974151611328,1.000545620918274
466,213.3015374881287,4.906233787536621,44.089195251464844,65.15253448486328,1.0005844831466675
467,215.51199350611472,4.715229511260986,44.40902328491211,65.27152252197266,1.000648021697998
468,209.86805873132073,4.3790812492370605,44.574668884277344,65.38443756103516,1.000728726387024
469,216.65518399388299,4.4818854331970215,44.11467742919922,65.50862121582031,1.000821590423584
470,209.99607098041946,3.4761946201324463,45.12480163574219,65.6308822631836,1.0008947849273682
471,197.98253617452986,4.03538703918457,47.7303352355957,65.75395965576172,1.0009777545928955
472,218.21328908578457,4.320460796356201,44.18939208984375,65.8797607421875,1.0010685920715332
473,217.3724940952333,3.9486143589019775,45.09885787963867,66.00718688964844,1.001145362854004
474,212.4094722257947,3.6190829277038574,45.892581939697266,66.1298599243164,1.0012067556381226
475,214.75593735938966,4.615541458129883,45.53114700317383,66.26087951660156,1.001298189163208
476,207.38288381835545,4.663818836212158,46.60011291503906,66.3808364868164,1.0014641284942627
477,207.26265758124262,3.946768045425415,46.853755950927734,66.52064514160156,1.0016201734542847
478,210.1884068028361,3.36287784576416,46.9508056640625,66.6507339477539,1.0017398595809937
479,209.66793176332195,5.267505645751953,47.24250411987305,66.7824478149414,1.0019723176956177
480,206.16664468354284,2.9037888050079346,47.39219665527344,66.91596984863281,1.0021637678146362
481,211.8165976154682,4.416645526885986,47.1052131652832,67.05000305175781,1.002360463142395
482,203.13813527730798,3.8647429943084717,48.141483306884766,67.17990112304688,1.002548336982727
483,201.18152600903613,2.288576364517212,49.08870315551758,67.31727600097656,1.0026965141296387
484,213.22801468631147,3.530777931213379,47.15471267700195,67.45087432861328,1.002821922302246
485,204.55167258677045,4.447696685791016,48.67064666748047,67.5841064453125,1.0030086040496826
486,207.8686244751096,4.054127216339111,48.565895080566406,67.72064208984375,1.003193974494934
487,208.01214377402331,4.366899013519287,48.65357971191406,67.8554916381836,1.0034006834030151
488,209.81447083044537,3.33573317527771,48.99623107910156,67.99205780029297,1.003578782081604
489,211.8759339050773,3.9865305423736572,48.638084411621094,68.12454223632812,1.0037485361099243
490,207.96042044483914,4.223275184631348,49.260765075683594,68.25762939453125,1.0039262771606445
491,212.71660610209213,4.005265712738037,48.95976257324219,68.395751953125,1.0040967464447021
492,213.79712176693104,4.031779766082764,48.597652435302734,68.53461456298828,1.0042625665664673
493,214.92811040497625,4.0617356300354,48.873050689697266,68.6712417602539,1.00442636013031
494,207.9505212319854,4.865477085113525,50.55686569213867,68.80757904052734,1.0047415494918823
495,204.3645591267757,4.299378395080566,51.16408920288086,68.94377899169922,1.0050578117370605
496,211.86899923503398,4.530210494995117,50.02421569824219,69.0795669555664,1.005386233329773
497,209.01870804030654,4.230661869049072,50.59269332885742,69.21593475341797,1.0057281255722046
498,217.06009801154633,3.295666456222534,49.3538818359375,69.35331726074219,1.0060261487960815
499,131.45065557388577,2.2630085945129395,68.0164566040039,69.48614501953125,1.0063987970352173
500,210.91812925794397,4.267781734466553,51.0884895324707,69.6250228881836,1.0067659616470337
501,209.38199001431587,3.5230252742767334,51.3188362121582,69.76526641845703,1.0070958137512207
502,210.2382215229487,4.208805084228516,51.50495147705078,69.89832305908203,1.0074204206466675
503,109.65220087699682,0.379567950963974,78.47274780273438,70.03316497802734,1.007726788520813
504,207.00150697295015,2.149308681488037,52.29779815673828,70.1551742553711,1.0079799890518188
505,214.06891664905652,4.083193778991699,51.72722244262695,70.27973937988281,1.0082226991653442
506,127.04200899373096,0.45734310150146484,71.95659637451172,70.39762878417969,1.0084329843521118
507,212.96936828533774,-0.24016784131526947,51.82430648803711,70.52983856201172,1.008575677871704
508,206.5687328538313,0.5801765322685242,53.222801208496094,70.65757751464844,1.0086660385131836
509,211.10118173094853,3.8535773754119873,52.930641174316406,70.7811508178711,1.0087594985961914
510,209.24842831279233,2.695021867752075,53.19331741333008,70.91398620605469,1.008829951286316
511,204.4271449058841,2.6619391441345215,54.156185150146484,71.04257202148438,1.0088820457458496
512,212.71203823958456,4.224103927612305,52.837135314941406,71.1725082397461,1.0089590549468994
513,212.1526735611034,4.123709678649902,53.073524475097656,71.30320739746094,1.009048581123352
514,212.8318155847046,4.289872169494629,53.29500961303711,71.4334487915039,1.009211540222168
515,214.62326930285343,3.071998119354248,53.00107955932617,71.56625366210938,1.0093458890914917
516,199.9002931204146,2.707664966583252,55.73690414428711,71.69959259033203,1.009455680847168
517,147.47598853689354,2.8685553073883057,67.73454284667969,71.8267822265625,1.0096415281295776
518,211.3982091962963,3.964465618133545,54.11048126220703,71.9629135131836,1.009832739830017
519,212.71452322763818,2.1668860912323,54.03678894042969,72.10052490234375,1.0099760293960571
520,215.93326410094727,3.5667502880096436,53.764122009277344,72.23311614990234,1.010107398033142
521,120.48278711697412,0.15308555960655212,78.25687408447266,72.36219024658203,1.0102232694625854
522,211.97012685375975,3.5156478881835938,54.71322250366211,72.49671173095703,1.0103329420089722
523,132.4152126595885,0.16343894600868225,74.20581817626953,72.62956237792969,1.01041841506958
524,202.35379319907642,3.61483097076416,56.8781623840332,72.7689437866211,1.010514259338379
525,213.67124279159782,3.6083617210388184,55.407718658447266,72.90437316894531,1.0106126070022583
526,200.78283988207397,3.8325767517089844,57.932430267333984,73.03691864013672,1.0107342004776
527,209.6783962531442,0.7287338376045227,56.13920211791992,73.1736068725586,1.0108060836791992
528,211.29562927577894,4.588160037994385,55.9240837097168,73.3091812133789,1.0110357999801636
529,207.0713997046184,4.186527252197266,57.31512451171875,73.44353485107422,1.0114277601242065
530,208.4604831765809,3.6858530044555664,57.03593826293945,73.57860565185547,1.0117965936660767
531,209.10399356707833,3.7464592456817627,57.115962982177734,73.71391296386719,1.0121430158615112
532,209.22018382749604,3.236844301223755,57.609039306640625,73.85118865966797,1.0124561786651611
533,210.66341473080072,4.257735252380371,57.00067138671875,73.98638916015625,1.0127909183502197
534,206.08691726685444,3.1104202270507812,58.40550231933594,74.12193298339844,1.0130932331085205
535,200.67352680311956,0.6002908945083618,59.94008255004883,74.25916290283203,1.0133262872695923
536,137.86309591708684,-3.816538095474243,76.79102325439453,74.39192962646484,1.013473629951477
537,204.92749677013936,2.783186912536621,59.58616638183594,74.52993774414062,1.0135937929153442
538,203.32077151360122,3.600593328475952,59.75575637817383,74.66635131835938,1.0137187242507935
539,197.60775151789065,3.393106460571289,60.66869354248047,74.80221557617188,1.0138516426086426
540,206.83556035616607,4.135556697845459,59.560813903808594,74.93862915039062,1.0140327215194702
541,202.7221284540465,2.820690870285034,60.49354553222656,75.07569122314453,1.0141922235488892
542,204.04571655737655,3.3745784759521484,60.76388931274414,75.212158203125,1.014350414276123
543,205.16941667525703,1.268692135810852,60.43526840209961,75.34900665283203,1.014464259147644
544,204.29043011976654,1.7776765823364258,61.187381744384766,75.48619842529297,1.0145440101623535
545,209.42965749829824,2.089639663696289,60.19794464111328,75.62234497070312,1.0145975351333618
546,211.39795055949887,3.5787947177886963,59.66516876220703,75.7597885131836,1.0146626234054565
547,204.1431700528574,2.3112051486968994,61.924659729003906,75.89486694335938,1.0147088766098022
548,208.789095753006,2.7219159603118896,60.865901947021484,76.03201293945312,1.014745831489563
549,206.46561607173862,3.5616462230682373,61.43924331665039,76.16946411132812,1.0147989988327026
550,209.26309216568436,2.7355616092681885,61.05262756347656,76.30530548095703,1.0148380994796753
551,94.24361138290948,-2.2244648933410645,104.55021667480469,76.43253326416016,1.0148624181747437
552,176.77413670612594,2.859611988067627,68.68172454833984,76.55077362060547,1.0149139165878296
553,85.15574684579175,-0.9184010028839111,113.62959289550781,76.65641021728516,1.0150102376937866
554,88.13251476945783,-0.3736075162887573,111.56647491455078,76.7426986694336,1.015194058418274
555,186.25195606372304,3.285705089569092,66.87166595458984,76.8144760131836,1.0154088735580444
556,108.66908442251452,-2.9960789680480957,96.1942367553711,76.88220977783203,1.0155619382858276
557,92.53186410797761,-1.1578617095947266,109.12867736816406,76.92768096923828,1.0157216787338257
558,136.7148757080111,1.242107629776001,82.336669921875,76.96617889404297,1.01588773727417
559,74.92197168516397,-1.2303135395050049,129.09156799316406,77.00440979003906,1.0161749124526978
560,102.60274634398677,-1.0174440145492554,100.10124206542969,77.03263092041016,1.0164395570755005
561,177.77768689049796,1.493540644645691,69.60211944580078,77.04515075683594,1.0166635513305664
562,183.10284082283988,1.9190179109573364,68.0291519165039,77.06666564941406,1.0168591737747192
563,204.35383264840624,3.1338348388671875,63.74873733520508,77.09956359863281,1.0170437097549438
564,206.57395998514977,2.776101589202881,63.02238082885742,77.14408874511719,1.017207145690918
565,201.1024306429301,3.7350101470947266,64.46282196044922,77.19400787353516,1.017410397529602
566,206.7000051167499,3.426246166229248,63.2119140625,77.25552368164062,1.0176142454147339
567,203.7549133596829,3.5839650630950928,64.21626281738281,77.32479095458984,1.0178327560424805
568,133.78220352882292,0.07029575854539871,84.36689758300781,77.39874267578125,1.0180245637893677
569,198.12033137022664,3.7643396854400635,65.69827270507812,77.4814224243164,1.0182580947875977
570,209.40925830352563,2.6533539295196533,63.142608642578125,77.56993103027344,1.0184627771377563
571,196.03300688334443,2.514719247817993,65.89665985107422,77.65971374511719,1.0186480283737183
572,200.65339055004503,1.4438598155975342,65.64254760742188,77.75840759277344,1.0187960863113403
573,204.22356760269508,3.9988152980804443,64.88632202148438,77.85855865478516,1.0190380811691284
574,207.27521956355397,0.40809303522109985,64.4014663696289,77.96022033691406,1.0192099809646606
575,211.4571127032493,3.4272375106811523,63.3443489074707,78.06962585449219,1.0193794965744019
576,204.08335749803845,3.421430826187134,65.43843078613281,78.17935943603516,1.019553303718567
577,201.71840309243277,0.05608273670077324,66.49739837646484,78.29093933105469,1.019673228263855
578,204.5780358683736,3.802877426147461,65.810546875,78.40776824951172,1.019838809967041
579,210.49728492650118,3.0902421474456787,64.0574722290039,78.5233383178711,1.0199989080429077
580,200.45354258474734,2.5200600624084473,67.00010681152344,78.64442443847656,1.0201416015625
581,211.92015584307208,2.7183966636657715,64.33641815185547,78.76480865478516,1.0202666521072388
582,209.3213261200981,2.9442696571350098,65.29906463623047,78.88677978515625,1.0203851461410522
583,211.57013989263714,3.155134677886963,64.60209655761719,79.00904083251953,1.0205073356628418
584,199.50292385491662,-5.6648054122924805,67.96479797363281,79.1330337524414,1.0205556154251099
585,213.4827500708713,3.305591583251953,65.14395141601562,79.26166534423828,1.0206149816513062
586,208.58979696973572,0.5741248726844788,66.70416259765625,79.38716125488281,1.0206409692764282
587,203.76659672676848,2.8193092346191406,67.67259979248047,79.5165786743164,1.020671010017395
588,207.1702050249178,-0.11630596965551376,66.61182403564453,79.64249420166016,1.0206671953201294
589,206.13594071415073,2.3990373611450195,67.3127670288086,79.77449798583984,1.0206583738327026
590,215.29397595616396,3.248269557952881,65.62715148925781,79.90345764160156,1.0206623077392578
591,212.06116425792095,2.3097753524780273,66.14540100097656,80.03392791748047,1.020652174949646
592,201.09020456398397,1.676328182220459,69.46759033203125,80.16565704345703,1.0206302404403687
593,206.13896165187495,0.6558838486671448,68.04219818115234,80.29811096191406,1.020578384399414
594,207.66409865117868,1.5358389616012573,67.71248626708984,80.4274673461914,1.0205183029174805
595,211.9688550109849,2.6592578887939453,67.40910339355469,80.56256866455078,1.020463228225708
596,210.33344563550938,2.574073553085327,68.07243347167969,80.69322967529297,1.0204120874404907
597,217.412998904331,2.7887682914733887,66.18929290771484,80.8290786743164,1.0203663110733032
598,204.06801209414584,1.4693572521209717,70.17473602294922,80.9610595703125,1.020304799079895
599,214.3570183775891,3.925497531890869,67.32794189453125,81.09595489501953,1.0203644037246704
600,211.6594318193075,0.8137388229370117,68.33960723876953,81.22946166992188,1.0203908681869507
601,210.04750152612016,3.3768250942230225,68.07303619384766,81.36421966552734,1.0204681158065796
602,204.4136195016311,2.821922779083252,70.18775939941406,81.49707794189453,1.0205562114715576
603,212.91361201109032,1.1257132291793823,68.6521987915039,81.63178253173828,1.020613670349121
604,208.35740092975163,2.4366250038146973,70.00475311279297,81.766357421875,1.0206645727157593
605,196.16711196553837,0.49023160338401794,73.36692810058594,81.90180206298828,1.0206855535507202
606,201.70991449630833,0.9635812640190125,71.78982543945312,82.03461456298828,1.0206855535507202
607,210.9375378126279,3.808926820755005,69.24506378173828,82.17032623291016,1.0207630395889282
608,204.60288384884967,2.3115763664245605,72.23956298828125,82.30689239501953,1.0208327770233154
609,210.8971020361479,2.570350170135498,70.80309295654297,82.43656921386719,1.0208978652954102
610,205.4469160987834,1.8100148439407349,72.28839874267578,82.57562255859375,1.0209479331970215
611,205.0152215236564,2.7891628742218018,72.53323364257812,82.70606231689453,1.0210093259811401
612,206.61810791339474,2.975895643234253,72.08495330810547,82.8468017578125,1.0210821628570557
613,213.46770907066676,1.821321964263916,70.13103485107422,82.98178100585938,1.0211362838745117
614,205.0419729451386,2.9634416103363037,73.04199981689453,83.1148452758789,1.021215558052063
615,203.62650749732586,3.1230247020721436,73.29376983642578,83.25310516357422,1.0213407278060913
616,212.6186119367869,-0.93678218126297,71.39057159423828,83.3882064819336,1.0214039087295532
617,209.1770940904468,-2.385972261428833,72.08404541015625,83.52413177490234,1.0213972330093384
618,212.4108165958527,3.3932299613952637,71.97137451171875,83.6588134765625,1.021451473236084
619,216.28278782028468,3.281148672103882,70.7398452758789,83.79322814941406,1.0215398073196411
620,214.76680416790106,1.327433705329895,71.59529113769531,83.92987823486328,1.0215997695922852
621,201.61753696800346,2.666694402694702,75.51094055175781,84.0648193359375,1.0216830968856812
622,211.42354193404125,-0.44029325246810913,73.07927703857422,84.20124816894531,1.0217009782791138
623,215.86786641254704,2.112605094909668,71.81537628173828,84.33565521240234,1.0217137336730957
624,218.83701269331357,2.7236149311065674,71.37152862548828,84.46988677978516,1.0217357873916626
625,220.83829397529453,1.3340177536010742,71.09661865234375,84.60765838623047,1.0217366218566895
626,212.1670320373794,2.6322078704833984,73.12667846679688,84.74227142333984,1.0217517614364624
627,211.33356679254914,1.37255859375,74.05521392822266,84.87589263916016,1.0217403173446655
628,221.22545007211608,2.2357399463653564,71.52151489257812,85.01376342773438,1.0217260122299194
629,218.66135287280076,2.6868984699249268,72.44268035888672,85.14772033691406,1.021724820137024
630,203.64579364585882,2.9581873416900635,75.79420471191406,85.2820816040039,1.0217617750167847
631,205.1312819315504,2.9770829677581787,77.3490219116211,85.41969299316406,1.0218483209609985
632,223.67420143988292,0.9326635599136353,69.05094146728516,85.55535125732422,1.0219087600708008
633,223.05414126253737,3.005668878555298,72.1754150390625,85.69085693359375,1.0219815969467163
634,222.10372228863886,2.6632189750671387,71.10974884033203,85.826171875,1.0220657587051392
635,205.06496005988188,2.8720688819885254,77.64080810546875,85.9625015258789,1.0221729278564453
636,223.75306359342338,3.2085578441619873,72.5667495727539,86.09661102294922,1.0222992897033691
637,215.50492462564802,1.809598684310913,72.80320739746094,86.2313461303711,1.0224112272262573
638,202.23382902299542,0.8329115509986877,76.59488677978516,86.36805725097656,1.0224943161010742
639,224.57473265564562,-0.9677523970603943,72.53856658935547,86.50306701660156,1.0225327014923096
640,219.84344767090363,3.0253098011016846,75.87023162841797,86.63665771484375,1.0225881338119507
641,187.0582905914565,-1.3747035264968872,81.22576904296875,86.77184295654297,1.0226054191589355
642,221.59511083211066,3.1378583908081055,74.2412109375,86.90736389160156,1.022650957107544
643,211.0746230481801,-0.38467440009117126,72.23443603515625,87.03182983398438,1.0226510763168335
644,187.66606638912782,2.0465986728668213,79.93373107910156,87.1758804321289,1.022687315940857
645,182.41452131675973,0.04642070457339287,83.66952514648438,87.30841827392578,1.0227071046829224
646,206.4078083337532,2.5901479721069336,75.80802154541016,87.44355773925781,1.022753119468689
647,200.45870676844854,-0.13936175405979156,79.59242248535156,87.57073974609375,1.0227738618850708
648,189.37708137867395,-3.8136963844299316,80.39031982421875,87.61911010742188,1.0227389335632324
649,167.5228729379009,1.138992428779602,85.39692687988281,87.76838684082031,1.022731900215149
650,197.4443774627718,1.3704214096069336,69.52906036376953,87.64344787597656,1.0227245092391968
651,189.59632671344957,-0.042827606201171875,81.78329467773438,87.9572982788086,1.0227018594741821
652,181.3886655946486,0.9978252649307251,27.668384552001953,86.88859558105469,1.022683024406433
653,196.6370547470493,1.3063901662826538,28.458316802978516,87.21414947509766,1.0226625204086304
654,196.91388376430976,1.814874291419983,61.40406036376953,82.91311645507812,1.0226513147354126
655,193.40238181668056,2.4513165950775146,53.588382720947266,84.5214614868164,1.0226609706878662
656,211.82585948583056,4.967801570892334,178.7645263671875,70.22444915771484,1.0226908922195435
657,204.60491279710118,2.7731873989105225,24.825214385986328,85.48123168945312,1.022754430770874
658,218.4271044941308,2.135568857192993,36.372074127197266,87.06617736816406,1.0228174924850464
659,226.99673557770222,3.0148744583129883,118.367919921875,80.74067687988281,1.0228843688964844
660,212.8297710998264,2.5620176792144775,83.16777801513672,87.3466796875,1.0229573249816895
661,223.21680617970384,-0.9804976582527161,176.67269897460938,80.56611633300781,1.0229929685592651
662,222.26399398515537,-0.18874810636043549,125.61955261230469,85.23548126220703,1.0229942798614502
663,219.95435068360555,2.0094990730285645,112.14481353759766,85.48722076416016,1.022992491722107
664,212.72234261903037,2.3516359329223633,81.25232696533203,88.29386138916016,1.023002028465271
665,209.5898790432788,2.019401788711548,90.85665893554688,87.59286499023438,1.0230156183242798
666,217.136802299676,2.67242693901062,83.42829132080078,87.7791976928711,1.0230621099472046
667,113.8948974154085,-6.757273197174072,124.72882843017578,88.75753021240234,1.023033618927002
668,216.63406326538933,1.698695182800293,77.06532287597656,87.98188018798828,1.0229989290237427
669,119.72672942368906,0.1707969456911087,120.18816375732422,88.73902130126953,1.0230504274368286
670,212.35374488094192,1.184737205505371,79.78632354736328,88.314453125,1.0230802297592163
671,211.52972123084763,-0.24452471733093262,71.0709457397461,88.0239486694336,1.0230597257614136
672,217.7041222155253,1.8478620052337646,79.23207092285156,88.05580139160156,1.0230298042297363
673,136.72871196937834,-1.5711369514465332,109.21378326416016,88.58832550048828,1.022983431816101
674,208.28379363498098,1.3372372388839722,77.73274230957031,87.77561950683594,1.0229308605194092
675,116.06255955635112,-0.1677137017250061,119.36892700195312,88.55008697509766,1.02294921875
676,218.43167043501532,0.8315973281860352,72.21205139160156,87.18074798583984,1.022949457168579
677,214.16145055644378,2.117537021636963,76.47779846191406,87.16273498535156,1.02294921875
678,185.1186775292554,1.735844612121582,83.86709594726562,87.47669219970703,1.0229641199111938
679,130.26616931231328,-1.2100099325180054,104.73309326171875,87.9675521850586,1.0229705572128296
680,139.5220013048169,-1.3541773557662964,100.24153137207031,87.68302154541016,1.0229573249816895
681,213.06803931865585,3.359863042831421,73.18061065673828,86.69257354736328,1.0230871438980103
682,115.62189997839928,-2.1176486015319824,121.03438568115234,88.2116470336914,1.023196816444397
683,116.78333754331969,-1.7841980457305908,118.06419372558594,87.95906066894531,1.0232936143875122
684,144.79088307610252,-0.21414656937122345,96.05906677246094,87.34780883789062,1.0233834981918335
685,164.88396071465831,-0.20471607148647308,84.83992767333984,87.19768524169922,1.0234476327896118
686,136.33204582770955,0.4964452087879181,99.06603240966797,87.27940368652344,1.0235577821731567
687,213.20874514249712,2.8232579231262207,57.978965759277344,86.1470718383789,1.023709774017334
688,117.16022949993179,-0.9692192673683167,111.59616088867188,87.60639953613281,1.02387273311615
689,217.05208824308554,3.1670892238616943,70.72047424316406,86.46089935302734,1.024062991142273
690,217.04733367637544,1.1480752229690552,75.6336669921875,85.83739471435547,1.0242111682891846
691,214.7860796643169,3.0939383506774902,64.87004852294922,86.39869689941406,1.024422526359558
692,214.74224080187977,1.0466753244400024,71.02535247802734,86.29547119140625,1.02458655834198
693,200.76232278552519,1.7696571350097656,66.02407836914062,85.96417236328125,1.0247336626052856
694,208.65674970858737,1.6879205703735352,63.49690628051758,86.21025848388672,1.0248600244522095
695,208.03550829441502,2.456202507019043,71.08738708496094,85.84672546386719,1.0249956846237183
696,212.40779750923545,1.2418389320373535,61.276092529296875,85.90342712402344,1.025102972984314
697,210.47784369918145,1.8762292861938477,64.88409423828125,85.51030731201172,1.0251914262771606
698,207.5376393605679,2.535357713699341,62.00043487548828,85.7603759765625,1.0252915620803833
699,206.8212601972125,2.4634222984313965,54.05859375,85.67529296875,1.025412678718567
700,194.4350067042464,-0.13747353851795197,63.5756721496582,85.37735748291016,1.0254725217819214
701,217.8106272597641,1.5369699001312256,58.72252655029297,85.6690673828125,1.025512933731079
702,210.0851750057133,0.5161451101303101,52.413387298583984,86.0033187866211,1.0255225896835327
703,212.1596471232871,2.318739652633667,63.3748893737793,86.5777587890625,1.0255389213562012
704,184.20512253078206,1.91187584400177,73.24307250976562,87.61471557617188,1.0255810022354126
705,206.7715989189031,-0.5071867108345032,58.860050201416016,86.2798843383789,1.0255452394485474
706,83.64341887156824,-5.120058059692383,159.28097534179688,89.61772918701172,1.0254979133605957
707,202.93804511523436,1.0328010320663452,56.990013122558594,85.84223937988281,1.0254350900650024
708,118.55365487945792,-6.169318675994873,121.60137939453125,89.60609436035156,1.0253123044967651
709,79.160342017854,-4.454614162445068,166.34121704101562,89.68055725097656,1.025208830833435
710,112.8190577347197,-4.7096333503723145,125.21279907226562,89.62854766845703,1.0250802040100098
711,115.86411741311711,-2.809044122695923,121.86387634277344,89.5209732055664,1.024949550628662
712,138.6824902202364,-9.89309024810791,99.9663314819336,88.60743713378906,1.0247424840927124
713,169.47582983806404,-2.2596867084503174,56.84712600708008,84.35478973388672,1.0244895219802856
714,87.88227555128088,-3.305084228515625,149.84930419921875,89.33964538574219,1.0242785215377808
715,80.6024791581712,-4.382193565368652,143.55662536621094,88.86333465576172,1.024092674255371
716,205.6609551021926,1.2446298599243164,39.1611213684082,80.48949432373047,1.0238996744155884
717,192.46704321470799,1.9984779357910156,42.09980392456055,78.60401153564453,1.0237401723861694
718,109.59929498672047,-0.5621907711029053,99.40716552734375,87.28912353515625,1.023667812347412
719,211.29184035801651,2.8980016708374023,37.03696823120117,78.20857238769531,1.023645281791687
720,215.07228125825873,1.6863267421722412,37.15592575073242,78.42536926269531,1.023595929145813
721,187.5099549334523,1.8715944290161133,41.91101837158203,78.56607818603516,1.0235567092895508
722,197.89702356679174,2.2246222496032715,32.63742446899414,75.97626495361328,1.0235244035720825
723,200.85864533800833,0.9386788606643677,23.875513076782227,76.114501953125,1.0234488248825073
724,82.61075447967686,-1.8261839151382446,129.1085968017578,87.05542755126953,1.0235685110092163
725,203.9309467050378,2.4016315937042236,16.27276611328125,75.4256591796875,1.0236793756484985
726,195.51719230061596,2.0576534271240234,19.16144371032715,75.29457092285156,1.023777723312378
727,192.56633008678682,0.6598618626594543,23.61796760559082,77.32789611816406,1.0238019227981567
728,206.63601580207884,2.328648805618286,12.871172904968262,74.53160095214844,1.023819088935852
729,203.1258678428765,1.9370200634002686,14.919960021972656,74.74500274658203,1.0238161087036133
730,81.48441661044545,-5.45703125,122.69074249267578,87.50536346435547,1.0237928628921509
731,95.11499976100673,-1.9929968118667603,114.67520904541016,86.72833251953125,1.0238162279129028
732,144.99667770854276,0.48279044032096863,47.86393737792969,84.15032958984375,1.0238710641860962
733,119.58959127531803,-0.4792129695415497,82.06695556640625,85.73936462402344,1.0239700078964233
734,101.8557949807036,-3.506115674972534,101.87358856201172,86.39252471923828,1.0240412950515747
735,134.40167626896488,0.23708000779151917,35.543148040771484,81.71634674072266,1.0241398811340332
736,75.39070559895778,-7.7122273445129395,146.59237670898438,88.31859588623047,1.0241955518722534
737,122.32396880102715,-0.7454448938369751,62.337181091308594,84.4791030883789,1.0242708921432495
738,197.31647298593245,1.6692454814910889,9.71859073638916,65.81475067138672,1.0242832899093628
739,113.4997580160727,-2.6559040546417236,72.29219055175781,83.44474029541016,1.0242704153060913
740,190.13669138782123,1.801087498664856,6.574948310852051,66.272216796875,1.0241620540618896
741,189.38277113309036,1.998337745666504,5.1463541984558105,63.512935638427734,1.0240229368209839
742,190.22382178404436,2.4517874717712402,4.294288635253906,59.91628646850586,1.023889422416687
743,157.68960785131245,0.8839799165725708,8.487687110900879,64.29763793945312,1.0237412452697754
744,187.8592236851926,2.2435128688812256,3.6415915489196777,60.06290817260742,1.0235694646835327
745,185.1161821849263,2.304327964782715,4.287055015563965,61.19767379760742,1.0234112739562988
746,189.65737541009563,2.4210658073425293,4.043671131134033,60.170372009277344,1.023248553276062
747,197.30294580815425,2.6223063468933105,4.868893146514893,63.1023063659668,1.023098349571228
748,195.16388258001766,2.7456037998199463,6.753104209899902,63.16273880004883,1.0229802131652832
749,191.01291306110377,2.3396432399749756,7.492158889770508,63.078983306884766,1.022865891456604
750,189.4035431955666,2.9236786365509033,8.502307891845703,63.557884216308594,1.0228339433670044
751,181.89214489280374,1.8912115097045898,10.759413719177246,64.0749740600586,1.0227960348129272
752,197.1157863277495,2.156177282333374,10.726633071899414,67.10234069824219,1.0227417945861816
753,188.52873591130097,2.5800206661224365,12.823004722595215,67.03195190429688,1.022729516029358
754,179.6751292609538,1.692468523979187,13.70872688293457,67.3704605102539,1.0227082967758179
755,187.3535713536791,2.2131717205047607,15.034974098205566,69.66507720947266,1.0227030515670776
756,180.3323347919669,1.4128594398498535,18.855134963989258,70.07818603515625,1.0226807594299316
757,178.59659601007982,1.9669212102890015,18.979877471923828,70.8234634399414,1.0226811170578003
758,185.8626768483581,2.420044422149658,21.089967727661133,71.77474975585938,1.0227851867675781
759,184.6400969556823,2.1835761070251465,20.667951583862305,72.36741638183594,1.022913932800293
760,185.46597753681658,2.0077381134033203,21.375049591064453,73.40015411376953,1.023038625717163
761,191.21444233192798,0.7051329016685486,23.15532684326172,74.04817199707031,1.023117184638977
762,185.96359646001738,1.875889539718628,23.827869415283203,74.53106689453125,1.023194432258606
763,181.65684620082584,1.2967495918273926,19.64348793029785,73.99227142333984,1.0232445001602173
764,186.091892778833,0.5051975846290588,20.778602600097656,74.62425231933594,1.0232577323913574
765,186.57655856302208,-0.12054528295993805,18.750186920166016,74.59104919433594,1.0232207775115967
766,180.67634351686104,1.8615220785140991,17.993623733520508,74.8709487915039,1.0232053995132446
767,183.23820057293725,1.1376320123672485,13.415098190307617,73.89409637451172,1.0231760740280151
768,182.4646070671557,1.686484932899475,11.90562915802002,74.44509887695312,1.023159146308899
769,180.9870857070914,1.9734032154083252,11.382598876953125,73.10215759277344,1.023169994354248
770,189.67960814453022,1.6528542041778564,6.211225509643555,71.46990966796875,1.0231587886810303
771,179.0193455193953,1.2187658548355103,5.871043682098389,71.54969787597656,1.0231293439865112
772,190.10154933750803,1.6493313312530518,6.025527477264404,72.35041809082031,1.0230809450149536
773,179.91606564378696,0.7292320728302002,4.658532619476318,70.99771118164062,1.022943377494812
774,180.22133516589162,1.6199917793273926,3.056509494781494,71.2884292602539,1.022814154624939
775,188.85447572868165,2.0738463401794434,2.327322244644165,71.35126495361328,1.0227171182632446
776,185.45375993521597,2.0520806312561035,2.0348198413848877,72.05286407470703,1.022645115852356
777,172.1989741131707,1.3267066478729248,9.63440990447998,75.94894409179688,1.0225893259048462
778,124.69414754942449,-0.06761932373046875,70.73381805419922,84.58583068847656,1.0226103067398071
779,109.5422507689905,-0.6168438792228699,86.74431610107422,85.4784164428711,1.022698998451233
780,75.9880755049007,-3.402359962463379,144.31764221191406,89.3643569946289,1.0228303670883179
781,176.74383832177585,1.3213039636611938,5.3077545166015625,72.04280853271484,1.022937297821045
782,61.90218645406599,-7.258761882781982,203.14547729492188,90.36072540283203,1.023033618927002
783,86.51086919563122,-3.4210052490234375,80.29430389404297,86.6015853881836,1.0231389999389648
784,158.61584672450164,0.7630635499954224,7.692692279815674,71.06378936767578,1.0232248306274414
785,173.6434369068642,1.8215824365615845,6.99062967300415,67.3436508178711,1.0233253240585327
786,187.649602091704,2.0986673831939697,11.823694229125977,60.15321731567383,1.0233508348464966
787,81.20057925458653,-3.4163336753845215,90.26453399658203,86.22748565673828,1.0234028100967407
788,181.26964651432255,2.0712530612945557,15.36985969543457,55.25050735473633,1.0234196186065674
789,182.70393405397073,1.8059438467025757,18.129850387573242,52.659881591796875,1.0233651399612427
790,178.4709591371975,2.2044713497161865,11.268877983093262,51.34776306152344,1.023302435874939
791,187.19727607702532,2.9902265071868896,10.139046669006348,54.507572174072266,1.0232731103897095
792,183.31199214424043,3.396040678024292,8.256237983703613,53.14241409301758,1.0233644247055054
793,177.66642499835376,2.1814396381378174,6.458009243011475,51.43674850463867,1.023422360420227
794,184.38094730288668,2.06256365776062,7.497368812561035,52.96403503417969,1.0234099626541138
795,179.40838545224764,2.4078664779663086,4.5066986083984375,52.7198600769043,1.0233875513076782
796,186.90879332370443,2.829049587249756,3.805363655090332,54.022918701171875,1.0233975648880005
797,182.97887739950642,2.773798704147339,3.962616443634033,54.29308319091797,1.0234559774398804
798,184.72393219454682,2.4746177196502686,3.448925733566284,55.17007064819336,1.0235027074813843
799,178.67154377015441,2.2910306453704834,3.868053436279297,53.91941452026367,1.0235320329666138
800,174.4952577504611,2.150066614151001,4.007144451141357,53.436710357666016,1.0235589742660522
801,174.20723067819236,2.4369664192199707,4.178853988647461,54.041725158691406,1.023622989654541
802,178.927803533708,2.433514356613159,3.8760993480682373,56.143306732177734,1.023694396018982
803,179.21489789253965,2.1855127811431885,3.869868278503418,56.54984664916992,1.02374267578125
804,179.3249167690869,2.698246955871582,3.957737922668457,57.80934524536133,1.0238841772079468
805,176.38878947044054,2.071868658065796,3.9757020473480225,59.09101104736328,1.024004340171814
806,182.84052718481885,2.5082576274871826,4.045585632324219,61.38290023803711,1.024142861366272
807,181.81133241630073,2.2436633110046387,5.2502593994140625,60.62147903442383,1.0242666006088257
808,173.5008779512099,1.5767403841018677,7.1893181800842285,61.654571533203125,1.0243476629257202
809,173.72381133203126,1.3046292066574097,6.0668745040893555,62.2310676574707,1.0243953466415405
810,171.52624643777693,1.6381325721740723,8.545050621032715,63.33041000366211,1.0244269371032715
811,71.31936648759391,-5.965496063232422,72.58941650390625,81.09952545166016,1.024440050125122
812,170.7218950914609,2.4680798053741455,13.22144889831543,63.15028762817383,1.0244933366775513
813,178.935063706275,1.874089241027832,15.415699005126953,63.07575607299805,1.0245221853256226
814,173.262343219117,2.412271738052368,13.270569801330566,62.28324508666992,1.0246162414550781
815,173.03189239227356,1.8778773546218872,12.52648639678955,61.828041076660156,1.0246888399124146
816,170.12267432830566,2.0897088050842285,17.172677993774414,61.436134338378906,1.024777889251709
817,181.40972992191791,2.892191171646118,13.48023509979248,61.17787551879883,1.0248794555664062
818,169.4362432432091,2.5411574840545654,10.070528984069824,59.88849639892578,1.0250355005264282
819,170.04673568878923,2.469585657119751,12.486222267150879,59.77750015258789,1.02520751953125
820,167.9184812493095,2.301894187927246,10.000129699707031,58.83823776245117,1.0253762006759644
821,167.49687325006892,2.323669195175171,10.376035690307617,57.6895637512207,1.025553822517395
822,163.23021938776256,2.025690793991089,9.853351593017578,56.85755920410156,1.0257080793380737
823,163.47301935147863,3.0545639991760254,12.825241088867188,54.993751525878906,1.0258841514587402
824,162.80096560649397,1.2260565757751465,11.171789169311523,54.245845794677734,1.0259884595870972
825,166.24357360645942,1.8238110542297363,11.726658821105957,54.837684631347656,1.0260517597198486
826,166.33317050286465,2.2432861328125,9.479801177978516,54.41474151611328,1.026106357574463
827,161.6207733425118,2.5476527214050293,11.683663368225098,54.32795333862305,1.0261825323104858
828,165.18327652130085,2.0516164302825928,10.903103828430176,55.76250076293945,1.0262469053268433
829,75.4442575833776,-1.701850175857544,68.38799285888672,70.10359191894531,1.0263519287109375
830,167.87880033459032,1.6544793844223022,8.333693504333496,57.79581069946289,1.0264172554016113
831,165.87718185983283,1.963704228401184,12.996970176696777,57.14185333251953,1.0264699459075928
832,170.58141123551715,2.319430112838745,7.490373611450195,58.84816360473633,1.0265148878097534
833,168.97892097474062,1.969272255897522,10.328524589538574,57.644805908203125,1.0265525579452515
834,168.94064963748676,2.0411829948425293,7.0027313232421875,58.80272674560547,1.0265895128250122
835,166.97544151880214,1.8729389905929565,8.724715232849121,58.45724868774414,1.026621699333191
836,165.55740487292724,1.6550971269607544,9.178995132446289,58.20641326904297,1.0266393423080444
837,169.51714840413035,1.2918927669525146,4.822381496429443,59.851776123046875,1.0265876054763794
838,163.90772796841105,2.182507038116455,7.982447624206543,58.20331954956055,1.0266004800796509
839,166.22971798145065,1.9971692562103271,6.545748710632324,60.46430969238281,1.0266427993774414
840,165.83740959952814,1.8465590476989746,4.3860859870910645,59.7847785949707,1.0266958475112915
841,167.68427629778023,1.709824562072754,4.912117004394531,61.108001708984375,1.0267562866210938
842,165.72909911789685,1.8994309902191162,5.698051929473877,60.76984786987305,1.0268369913101196
843,167.86120384697918,1.0659908056259155,5.2176642417907715,61.69230270385742,1.0268787145614624
844,165.71254097594718,1.5724906921386719,7.111420154571533,62.094825744628906,1.026949167251587
845,168.47120059320577,1.4387445449829102,4.561502933502197,63.37370300292969,1.0270178318023682
846,166.53969844608773,1.35469651222229,7.220666408538818,63.67023468017578,1.0271066427230835
847,166.35459507726654,0.9912988543510437,5.752346992492676,63.67332077026367,1.027177095413208
848,166.2396732984749,1.1746561527252197,8.724767684936523,63.77875900268555,1.0272502899169922
849,168.68809537566597,1.0530858039855957,5.565313339233398,65.06346130371094,1.0272897481918335
850,170.33780562943525,1.2603336572647095,3.7595396041870117,65.43866729736328,1.0273172855377197
851,167.95019104236454,0.7965087890625,7.067641258239746,67.18260192871094,1.0273240804672241
852,168.77425522811757,1.3441574573516846,5.06982421875,66.42681121826172,1.0273457765579224
853,166.88897124183367,0.8112232089042664,6.6895012855529785,66.3699951171875,1.0273545980453491
854,99.240458188111,-6.347630500793457,76.69564056396484,79.88215637207031,1.0273065567016602
855,53.54694698219622,-6.130923271179199,216.7002716064453,83.57455444335938,1.027302622795105
856,169.96727403152306,0.9581261277198792,4.319943904876709,69.3462905883789,1.0272858142852783
857,171.35410677278077,1.4246748685836792,5.193789005279541,69.05004119873047,1.0273104906082153
858,60.7330361152579,-6.196319580078125,186.95236206054688,83.39324951171875,1.0273531675338745
859,173.01855608507668,0.6749868392944336,3.81950044631958,68.25578308105469,1.0273245573043823
860,98.0834469301471,-1.639361023902893,81.80204010009766,81.01531219482422,1.027353286743164
861,174.4467904340694,1.6083253622055054,2.8577144145965576,68.033447265625,1.027402400970459
862,171.42971673397938,0.7929841876029968,5.809364318847656,65.467041015625,1.0274052619934082
863,180.508759393145,1.9738467931747437,2.3702967166900635,67.6783676147461,1.0274361371994019
864,175.44812841973516,1.6139994859695435,2.14066743850708,66.48383331298828,1.0274651050567627
865,72.98323827031606,-4.534948348999023,151.67445373535156,84.43497467041016,1.0275089740753174
866,173.21798447369292,1.5066287517547607,4.761669635772705,63.571502685546875,1.027552604675293
867,176.6563850396584,1.8020466566085815,2.457404375076294,64.11886596679688,1.0275959968566895
868,178.71970714022763,1.8789981603622437,2.685455799102783,63.967491149902344,1.0276432037353516
869,178.57315339729243,1.7994734048843384,3.25787091255188,65.58271026611328,1.027693510055542
870,173.8585969066417,1.415055274963379,2.459263801574707,62.9599723815918,1.0277187824249268
871,185.97332961692388,1.858312964439392,2.6885573863983154,64.46961975097656,1.0277091264724731
872,186.3316062235387,2.2395875453948975,2.4870681762695312,63.74168014526367,1.0277212858200073
873,178.06300747937507,1.9773057699203491,2.637089490890503,62.864723205566406,1.0277446508407593
874,187.7859226312585,2.045679807662964,2.633028030395508,63.32185363769531,1.0277312994003296
875,186.41717113627064,1.5564749240875244,5.941493988037109,61.756187438964844,1.0276761054992676
876,192.94666466789363,2.3692307472229004,2.86342716217041,61.83913040161133,1.0276232957839966
877,178.1098701656447,2.094542980194092,3.2220358848571777,59.778297424316406,1.027591586112976
878,188.0870234231587,2.4171981811523438,2.9359586238861084,59.48306655883789,1.0275675058364868
879,192.85024776723395,2.322471857070923,3.056290864944458,58.045921325683594,1.0274986028671265
880,183.88860943998037,2.8331105709075928,3.196742534637451,59.15520477294922,1.0275928974151611
881,188.72252005156977,2.6234917640686035,3.286130666732788,59.83390808105469,1.027719497680664
882,181.33909925069761,2.4191770553588867,3.9281840324401855,56.305259704589844,1.027860164642334
883,200.6937941394245,2.746018648147583,3.703077793121338,56.941856384277344,1.0279713869094849
884,194.3564633307333,2.8219852447509766,4.193405628204346,55.292755126953125,1.0280826091766357
885,192.5953386068417,3.1098151206970215,5.148791790008545,53.687557220458984,1.0282231569290161
886,198.96975093566556,3.523777961730957,4.593851566314697,54.78857421875,1.02845299243927
887,199.80686432819363,2.9567933082580566,4.991674423217773,52.912174224853516,1.0286527872085571
888,198.72432883196885,3.099801778793335,5.679058074951172,51.11452865600586,1.0288339853286743
889,203.63965495726868,3.1472017765045166,5.258787155151367,51.96931838989258,1.0289926528930664
890,201.88330643487012,3.1026864051818848,5.142312526702881,52.26605224609375,1.0291320085525513
891,202.96268022217205,2.7424604892730713,5.499889850616455,50.15169143676758,1.0292290449142456
892,171.53429191196813,2.236903429031372,5.873247146606445,53.380279541015625,1.029335618019104
893,204.1065013780612,2.8888468742370605,6.357226371765137,47.98417282104492,1.0293911695480347
894,198.45778544530577,3.766679286956787,6.9253740310668945,47.44303894042969,1.029492974281311
895,204.5670726596173,3.613180637359619,7.497498035430908,47.50278854370117,1.029595971107483
896,203.73313238398455,3.941558599472046,8.721521377563477,46.31196975708008,1.0297374725341797
897,203.12975597963074,3.670830249786377,7.889986038208008,47.51251983642578,1.0298835039138794
898,202.39929992438098,3.140018939971924,7.94859504699707,46.126373291015625,1.0299949645996094
899,194.10153405891228,3.2586543560028076,9.635985374450684,45.91199493408203,1.0300968885421753
900,182.66495206153357,2.899024248123169,8.428131103515625,48.765689849853516,1.0301982164382935
901,201.26082642651616,3.093714714050293,9.512604713439941,45.39491653442383,1.0302289724349976
902,203.44617014107408,4.069234848022461,9.048808097839355,43.14418029785156,1.030281662940979
903,205.21311808452586,4.51771879196167,9.778876304626465,42.310482025146484,1.030393123626709
904,193.7474272326985,3.8046562671661377,10.070335388183594,41.740535736083984,1.0305109024047852
905,197.56071881018016,3.2695488929748535,9.020544052124023,39.90193176269531,1.0305652618408203
906,200.26314887220838,4.10721492767334,8.230962753295898,39.8519287109375,1.0306304693222046
907,201.52161580795078,4.112367630004883,8.59408187866211,38.28390884399414,1.0306974649429321
908,198.20937984805695,3.7321512699127197,8.29333209991455,38.808780670166016,1.0307265520095825
909,191.19691539804518,3.7186474800109863,8.497234344482422,38.00301742553711,1.0307220220565796
910,203.16987522979753,5.152783393859863,8.962811470031738,37.89627456665039,1.0307749509811401
911,195.18883120800038,3.8912360668182373,8.496711730957031,37.84429168701172,1.0307937860488892
912,193.75780043722867,4.692811489105225,9.434865951538086,38.9327507019043,1.0308499336242676
913,200.05480862861614,4.015192985534668,8.541775703430176,38.80226135253906,1.0308676958084106
914,190.63555186228038,4.428201198577881,9.645516395568848,38.60916519165039,1.0309041738510132
915,195.0692190734681,4.895207405090332,9.029623031616211,39.23683166503906,1.0309773683547974
916,202.22962823292085,5.313998222351074,9.245560646057129,40.167606353759766,1.031139850616455
917,190.6582981877315,4.491271495819092,9.69607162475586,39.68952560424805,1.031295657157898
918,193.10105763398218,3.887460708618164,9.695362091064453,41.28446960449219,1.031410574913025
919,191.47654118090188,4.401671886444092,10.36635684967041,41.453895568847656,1.0315083265304565
920,193.8468418819134,5.063065528869629,10.322583198547363,41.863861083984375,1.0316474437713623
921,195.3492060991772,4.559311866760254,10.397835731506348,42.60224533081055,1.0317729711532593
922,187.4130106422763,4.979502201080322,11.432644844055176,43.37763214111328,1.031930923461914
923,198.4254794005077,4.458923816680908,11.387643814086914,44.001094818115234,1.0320615768432617
924,194.28699279805141,3.9244866371154785,12.999902725219727,45.07678985595703,1.0321489572525024
925,198.95495542483036,4.662162780761719,12.936880111694336,45.94819641113281,1.0322333574295044
926,187.03606666221378,4.357524871826172,13.63819694519043,46.67914581298828,1.0323127508163452
927,198.31415882749877,4.787655353546143,13.589661598205566,47.39214324951172,1.032409429550171
928,187.28308078871166,4.665576934814453,15.033981323242188,47.966094970703125,1.0325374603271484
929,200.56845242895835,3.7720589637756348,14.835382461547852,49.7588996887207,1.032612681388855
930,200.1468323349473,4.594633102416992,14.793417930603027,50.22324752807617,1.0326910018920898
931,194.9332414069234,3.900832414627075,16.81587028503418,50.934669494628906,1.0327476263046265
932,196.53271912110154,4.414974689483643,16.052438735961914,51.25375747680664,1.0328036546707153
933,192.07214525819572,4.21948766708374,17.077228546142578,52.217308044433594,1.0328563451766968
934,191.17847750184066,3.5219264030456543,16.85309600830078,52.8525505065918,1.032884955406189
935,191.45351001829448,4.557826995849609,17.733524322509766,53.477439880371094,1.0329909324645996
936,195.949227729777,3.843611240386963,15.689249992370605,54.151859283447266,1.033068060874939
937,197.73184814075867,3.9578704833984375,17.654512405395508,55.14825439453125,1.0331329107284546
938,188.9590624312315,3.6364212036132812,18.341938018798828,55.35450744628906,1.0331816673278809
939,183.94118061274335,4.541975975036621,18.773113250732422,56.23260498046875,1.0333150625228882
940,186.4279604868838,3.3977015018463135,19.08864974975586,56.73403549194336,1.0334149599075317
941,187.3865897280605,3.882378101348877,20.652341842651367,57.714149475097656,1.0335179567337036
942,159.09328077819865,2.876920223236084,37.704837799072266,59.14755630493164,1.033612608909607
943,184.29267272383194,4.2381744384765625,28.26633644104004,58.68573760986328,1.0337306261062622
944,132.10612252481047,2.7526302337646484,46.6625862121582,60.154144287109375,1.0338901281356812
945,121.24093207436809,1.7444934844970703,49.67827606201172,60.22509002685547,1.0340476036071777
946,138.8817235513517,2.4813857078552246,45.44221496582031,60.50177001953125,1.0342141389846802
947,141.09218368975672,1.607007622718811,45.0811767578125,60.66603088378906,1.0343526601791382
948,123.80115924726678,1.240480899810791,50.44481658935547,61.074527740478516,1.0344746112823486
949,91.44178287648764,-0.774966835975647,66.43985748291016,61.44197463989258,1.0345745086669922
950,117.12741832554737,2.0040180683135986,53.336910247802734,61.32696533203125,1.034703254699707
951,109.87551101588949,1.253174066543579,56.63277816772461,61.54182815551758,1.0348453521728516
952,126.59379249585285,1.2420244216918945,50.22636795043945,61.531341552734375,1.0349684953689575
953,101.50181396623458,-4.038712024688721,61.542198181152344,61.79688262939453,1.0350110530853271
954,120.99229417649906,0.4741854667663574,52.01292037963867,61.716468811035156,1.0350369215011597
955,118.372317378524,1.1539371013641357,53.60067367553711,61.886409759521484,1.0350638628005981
956,104.40531500564288,0.8768470883369446,58.98909378051758,62.098289489746094,1.035111904144287
957,112.10042061232176,-3.5709643363952637,54.9503288269043,62.11634826660156,1.0351015329360962
958,87.8435282205791,0.4409232437610626,65.35298919677734,62.36450958251953,1.0351758003234863
959,107.28134474881153,1.330372929573059,55.2622184753418,62.16263198852539,1.0352824926376343
960,95.06310392013701,0.640324056148529,58.82427215576172,62.09992980957031,1.035420536994934
961,92.72598455693036,-1.5311529636383057,61.15501022338867,62.57337951660156,1.0355275869369507
962,104.1336224135525,1.3585481643676758,55.31447982788086,62.22062683105469,1.0356844663619995
963,84.2106146674523,-0.8211840987205505,65.92958068847656,62.77601623535156,1.0358341932296753
964,89.47223221587453,-0.19524149596691132,57.781471252441406,62.25476837158203,1.0359877347946167
965,89.74799112725877,-1.062578797340393,60.08686065673828,62.49413299560547,1.0361164808273315
966,101.15954436329254,1.6275008916854858,52.901390075683594,62.22998809814453,1.0362893342971802
967,90.47750838683999,-0.2268526703119278,56.713775634765625,62.23387145996094,1.036462426185608
968,83.61683825020148,-0.09999889135360718,60.3783073425293,62.439579010009766,1.0366520881652832
969,103.44480629960205,1.1636950969696045,51.10176086425781,61.91851043701172,1.0369164943695068
970,59.786578711980134,-4.655892848968506,86.32352447509766,63.913612365722656,1.0371356010437012
971,81.03524526384739,-0.7137030959129333,63.83759689331055,62.737060546875,1.0373492240905762
972,83.46197136773262,-4.788872718811035,62.2720947265625,62.805335998535156,1.0374778509140015
973,90.26402640174489,0.3300798237323761,54.67286682128906,62.012847900390625,1.0376638174057007
974,98.37268217656556,-0.11358097940683365,51.52753829956055,61.977779388427734,1.0378328561782837
975,107.05358260169837,-2.899181604385376,42.96206283569336,61.512813568115234,1.0379369258880615
976,133.0116784977182,2.2128283977508545,32.53139877319336,60.237369537353516,1.0380600690841675
977,114.75717908759786,1.247882604598999,38.75088882446289,60.885101318359375,1.0381957292556763
978,125.89880628151468,1.5833120346069336,32.606082916259766,60.659358978271484,1.038332223892212
979,159.16858523900868,2.994586706161499,17.156198501586914,58.741249084472656,1.0384849309921265
980,129.8178683251917,1.5516830682754517,26.680330276489258,59.73099136352539,1.0386252403259277
981,153.57510331095202,2.4176151752471924,18.55574607849121,57.379737854003906,1.0387482643127441
982,177.27473376915682,3.0122199058532715,16.267148971557617,56.23329162597656,1.038846492767334
983,176.16646174294212,3.290801525115967,15.963188171386719,56.15842056274414,1.038936734199524
984,187.64770458420355,3.3579370975494385,15.278851509094238,55.75654602050781,1.0390056371688843
985,179.25003829520563,3.4509005546569824,14.447746276855469,55.23714065551758,1.0390688180923462
986,177.89546746360656,4.06310510635376,15.530658721923828,56.41252517700195,1.0391582250595093
987,177.05737026207746,2.6433005332946777,16.31840705871582,57.44108963012695,1.0392028093338013
988,182.13790535611633,3.2963602542877197,14.320472717285156,56.458465576171875,1.0392309427261353
989,191.57154939105092,3.9320011138916016,15.456808090209961,58.52397537231445,1.039281964302063
990,183.34791058938106,3.2009716033935547,15.084733963012695,58.70570755004883,1.0393236875534058
991,179.89173145051976,3.3416454792022705,15.680495262145996,58.542076110839844,1.0393708944320679
992,190.55661043453205,2.7365622520446777,16.412574768066406,60.3010139465332,1.0393834114074707
993,183.74065866428705,3.7336738109588623,15.059144973754883,60.36378860473633,1.0394130945205688
994,192.89958243051777,3.4050791263580322,18.102802276611328,61.6295280456543,1.039435863494873
995,141.43271434854222,2.221580982208252,39.7628288269043,64.55474090576172,1.039526104927063
996,186.84413250342857,2.63071870803833,15.218573570251465,61.30588150024414,1.0395838022232056
997,121.24789344382778,-2.396937370300293,50.16512680053711,66.42422485351562,1.0395857095718384
998,144.07683594507367,2.59972882270813,40.67647933959961,65.64067840576172,1.0396398305892944
999,100.09805408038815,0.2132551372051239,63.34364318847656,67.89879608154297,1.039746880531311
1000,86.86072513166731,-5.283461093902588,80.54006958007812,69.39655303955078,1.039785385131836
1001,97.5327167931686,0.21446140110492706,66.95246887207031,68.8599853515625,1.0398826599121094
1002,119.70216005778178,0.3297719955444336,50.26398849487305,67.57120513916016,1.039974570274353
1003,84.31225542312428,-1.1058613061904907,78.58493041992188,70.20243835449219,1.0401002168655396
1004,112.06096935996774,0.06879487633705139,55.62236404418945,68.83587646484375,1.0402249097824097
1005,113.51071633378676,0.9117547273635864,52.01775360107422,68.65325927734375,1.0404183864593506
1006,97.60145468405251,-0.7295170426368713,64.28465270996094,70.43301391601562,1.0406177043914795
1007,83.53236275466818,-8.141735076904297,81.42430114746094,72.23321533203125,1.040723204612732
1008,86.25307796287832,-0.5856816172599792,78.87588500976562,72.70808410644531,1.040925145149231
1009,78.73648658597465,-5.917727470397949,92.47042846679688,74.06008911132812,1.041068434715271
1010,86.6345702879145,-0.8110032081604004,76.72354125976562,73.53424072265625,1.0412973165512085
1011,73.62032606008187,-2.2614493370056152,106.16912078857422,75.63356018066406,1.0415592193603516
1012,77.73516712094957,-1.7870827913284302,94.21914672851562,75.29569244384766,1.0418568849563599
1013,83.41512363682455,-3.522427797317505,83.2396240234375,74.63045501708984,1.0421099662780762
1014,81.48332815422457,-1.8981624841690063,82.0641860961914,75.00003051757812,1.0423702001571655
1015,112.83908456765965,0.2596413791179657,45.38734436035156,69.74573516845703,1.0426907539367676
1016,80.91256230964848,-2.1259868144989014,85.33824920654297,75.30091094970703,1.0430022478103638
1017,77.76877640106831,-2.719208240509033,79.76639556884766,75.17276000976562,1.043306827545166
1018,96.04717425616916,-0.9939226508140564,56.7330322265625,71.82738494873047,1.0436182022094727
1019,77.94868655485581,-6.432851314544678,78.75253295898438,75.1148452758789,1.0438462495803833
1020,78.60857734364494,-2.3030624389648438,75.61862182617188,74.89938354492188,1.0440951585769653
1021,94.48723072280735,-0.7878395915031433,57.094261169433594,71.74933624267578,1.0443793535232544
1022,90.21348509173652,-1.4976286888122559,61.4080810546875,71.94566345214844,1.0446699857711792
1023,100.67548248007608,-0.6547091603279114,50.827392578125,70.40022277832031,1.044974684715271
1024,146.61788865136683,1.369762659072876,25.775238037109375,64.51651763916016,1.0452746152877808
1025,96.34885936781806,-4.47097110748291,53.64088821411133,70.37338256835938,1.0455015897750854
1026,101.76458954843804,-1.3848732709884644,48.056549072265625,69.77030944824219,1.045711636543274
1027,172.68883882800094,2.189777135848999,12.757987976074219,59.801551818847656,1.0459046363830566
1028,155.78300676067036,-0.33670952916145325,15.654581069946289,61.570960998535156,1.0460084676742554
1029,121.19365357330533,-0.4356362223625183,26.29683494567871,65.2160873413086,1.046098232269287
1030,120.96361880658996,0.6761862635612488,25.218507766723633,65.81437683105469,1.046308994293213
1031,103.8456144207842,-1.021744728088379,42.57743453979492,67.94396209716797,1.0465203523635864
1032,110.65478854065648,0.01334349438548088,31.189422607421875,66.42568969726562,1.046792984008789
1033,149.20499606005967,1.4827266931533813,14.258307456970215,61.61872482299805,1.0470770597457886
1034,152.49202198196298,2.0470845699310303,13.745328903198242,59.66799545288086,1.0474103689193726
1035,165.47088902111798,2.189776659011841,11.799052238464355,58.00810623168945,1.0477300882339478
1036,106.51740557980492,-0.8165755867958069,34.976173400878906,67.31450653076172,1.0480575561523438
1037,134.85617138482627,0.7298713326454163,18.6453914642334,64.76876831054688,1.0483715534210205
1038,175.03240669704272,2.627671480178833,11.65898609161377,56.05110549926758,1.0487037897109985
1039,108.09760565909804,-0.9664991497993469,25.98581314086914,65.86809539794922,1.0490185022354126
1040,110.33553429890655,-1.4843307733535767,26.048160552978516,65.5910415649414,1.049282431602478
1041,164.84949844565148,1.3848696947097778,11.76679515838623,57.53802490234375,1.049497127532959
1042,116.55759864061933,-0.39582574367523193,16.585302352905273,63.83001708984375,1.0497139692306519
1043,110.27343061064724,-0.8188172578811646,18.873600006103516,65.24606323242188,1.0499382019042969
1044,94.48541916308156,-1.9271925687789917,41.94091796875,69.4649658203125,1.050160527229309
1045,136.7400547731547,0.7405519485473633,13.21922492980957,60.40283966064453,1.0503889322280884
1046,144.93476711560177,0.8850215077400208,12.108651161193848,58.422481536865234,1.0505975484848022
1047,172.80641450527924,2.3934199810028076,10.050353050231934,54.82474136352539,1.0508099794387817
1048,92.78494679943087,-2.9540252685546875,41.45528793334961,69.31195831298828,1.0509933233261108
1049,70.27189345058429,-4.179928779602051,79.57695770263672,75.46663665771484,1.0511974096298218
1050,95.90200649757934,-3.126279830932617,36.21463394165039,69.12723541259766,1.0513535737991333
1051,106.38741974564232,-1.9428776502609253,16.113576889038086,64.4155044555664,1.0514761209487915
1052,159.87640455648562,1.4335616827011108,10.511129379272461,55.346160888671875,1.0515838861465454
1053,58.649834354377504,-5.209720134735107,133.54812622070312,78.12622833251953,1.051791787147522
1054,120.99518999710013,-0.24947142601013184,11.989428520202637,59.51538848876953,1.0519933700561523
1055,72.56981768689057,-3.244955062866211,73.61567687988281,74.23490905761719,1.0523138046264648
1056,131.7764780630264,0.588760256767273,12.460702896118164,58.89191818237305,1.0526357889175415
1057,69.48165487691377,-3.603407621383667,84.546142578125,74.68515014648438,1.0530040264129639
1058,61.476082290924055,-6.694917678833008,115.55687713623047,76.45648956298828,1.053338885307312
1059,77.38224702497631,-4.860665798187256,61.75596237182617,72.0270767211914,1.0536264181137085
1060,57.28746180723873,-6.787998199462891,133.01087951660156,76.84709167480469,1.0539045333862305
1061,56.95420089679426,-5.652634620666504,136.18295288085938,77.32488250732422,1.054209589958191
1062,52.61546742549914,-8.389575004577637,153.10789489746094,77.36811065673828,1.0544884204864502
1063,69.88081422645384,-3.773894786834717,69.6198959350586,73.32747650146484,1.0547847747802734
1064,73.49571411756821,-2.7904162406921387,66.25466918945312,72.19691467285156,1.0551782846450806
1065,73.05306906677527,-3.891162157058716,68.35700225830078,71.7475814819336,1.055558443069458
1066,86.81788036622892,-2.441850423812866,32.19296646118164,67.30504608154297,1.0559234619140625
1067,52.192360115229334,-9.85245418548584,132.6978302001953,76.15050506591797,1.056227684020996
1068,73.58800387086967,-8.024703979492188,58.54271697998047,69.98131561279297,1.056440830230713
1069,56.432719844216415,-6.932306289672852,102.84169006347656,74.47637939453125,1.0566377639770508
1070,52.991857862433015,-5.262143611907959,119.29900360107422,75.7323989868164,1.0568952560424805
1071,77.11915599372051,-2.556999683380127,41.711334228515625,67.70799255371094,1.0571818351745605
1072,102.10962240398712,-2.0062294006347656,13.538294792175293,59.3184700012207,1.0574191808700562
1073,76.35569322811496,-3.687732219696045,32.087074279785156,66.84376525878906,1.0576261281967163
1074,62.73101445398319,-6.174927711486816,75.65896606445312,70.83475494384766,1.057793378829956
1075,71.89328480288717,-4.951431751251221,48.1797981262207,68.09777069091797,1.0579148530960083
1076,54.030579353196025,-6.135867595672607,93.58159637451172,71.6548843383789,1.0580508708953857
1077,177.3912135401972,3.213317632675171,9.371521949768066,46.315773010253906,1.0582102537155151
1078,62.23991568533561,-3.6454455852508545,59.87332534790039,69.43206024169922,1.0584259033203125
1079,87.57403709741176,-1.8258702754974365,15.641460418701172,58.082618713378906,1.0586141347885132
1080,71.37042121030844,-3.3796308040618896,27.75713348388672,64.01068115234375,1.0587965250015259
1081,120.66378205245374,0.9798539280891418,11.531318664550781,49.06513214111328,1.0590014457702637
1082,90.27776101888912,-2.4812660217285156,15.335403442382812,54.03601837158203,1.059125304222107
1083,177.14012185900904,3.152156114578247,10.540775299072266,41.07332992553711,1.0592478513717651
1084,185.47642019181785,3.7489497661590576,9.059846878051758,41.46007537841797,1.059393286705017
1085,173.35784493161134,2.8673343658447266,9.695735931396484,40.81802749633789,1.05951726436615
1086,69.7431351157374,-3.0101025104522705,26.07332420349121,59.42725372314453,1.0596437454223633
1087,180.61209016868884,3.632002830505371,9.707976341247559,40.89336013793945,1.0597907304763794
1088,180.2926763173112,3.202305555343628,10.221064567565918,40.63888931274414,1.0599132776260376
1089,187.508677407907,3.679835081100464,10.011486053466797,39.73237609863281,1.0600460767745972
1090,181.09946296425133,2.9619200229644775,10.350171089172363,39.91049575805664,1.0601221323013306
1091,186.12314275960185,3.2587623596191406,10.206747055053711,39.71940612792969,1.0601698160171509
1092,178.43309098034183,2.104112386703491,10.875823020935059,40.187225341796875,1.0601764917373657
1093,171.10864988128012,2.844240665435791,10.606520652770996,40.7609748840332,1.0601587295532227
1094,175.9312798239225,3.3996572494506836,11.87037467956543,40.45341110229492,1.0601495504379272
1095,182.0320956383339,3.2580742835998535,11.216864585876465,40.324668884277344,1.0601282119750977
1096,184.6934085125929,3.3962645530700684,10.613683700561523,40.23787307739258,1.0600789785385132
1097,179.95128770011337,3.7413811683654785,10.989261627197266,40.64646911621094,1.0600451231002808
1098,176.32059743688504,2.4346163272857666,10.105050086975098,39.54655838012695,1.0599716901779175
1099,177.88168692499548,4.093499183654785,11.611181259155273,41.26640701293945,1.0599474906921387
1100,185.44723995692823,4.243840217590332,11.328338623046875,41.20663833618164,1.059948444366455
1101,179.54659438266876,3.273508071899414,10.280781745910645,40.35905075073242,1.0599331855773926
1102,175.79067900432293,3.5961759090423584,9.938394546508789,40.232303619384766,1.059959888458252
1103,177.23769666300353,3.454838275909424,9.79538631439209,40.113746643066406,1.0599983930587769
1104,170.01409170328571,3.5511059761047363,10.780186653137207,40.80569839477539,1.0600553750991821
1105,175.32731178401085,3.6815080642700195,12.133386611938477,40.99653244018555,1.060125708580017
1106,169.6335036487492,3.1910743713378906,11.536091804504395,40.49856185913086,1.0601882934570312
1107,178.86304963341678,3.4328367710113525,11.446520805358887,40.035396575927734,1.0602494478225708
1108,79.38258673488036,-3.0179922580718994,23.843334197998047,49.31843566894531,1.0602630376815796
1109,182.02515501540864,3.5928139686584473,11.89588451385498,40.3619270324707,1.0602887868881226
1110,176.228661435136,2.6214230060577393,12.616451263427734,40.83514404296875,1.060274600982666
1111,173.77008805588446,4.036608695983887,13.235694885253906,41.32830047607422,1.0603021383285522
1112,169.47830159731257,3.422013282775879,12.787141799926758,40.68596649169922,1.060353398323059
1113,180.62668469585728,2.8844785690307617,12.2034273147583,40.64088821411133,1.060360074043274
1114,173.00725593462985,3.5394365787506104,12.709507942199707,41.16791534423828,1.0604017972946167
1115,186.32059429735958,3.797139883041382,11.858389854431152,40.8659553527832,1.0604788064956665
1116,170.03827902753423,3.4854896068573,12.877673149108887,41.414710998535156,1.0605827569961548
1117,182.46964380831685,3.2767140865325928,12.568761825561523,42.036224365234375,1.0606576204299927
1118,169.2244046050356,2.7384374141693115,13.37898063659668,42.82121276855469,1.060695767402649
1119,184.34064573440597,4.217482566833496,12.33952522277832,42.574527740478516,1.0608381032943726
1120,186.78595458231817,3.3379952907562256,12.047508239746094,42.62771987915039,1.0609543323516846
1121,185.47723715566613,3.097018003463745,11.97407341003418,43.27480697631836,1.0610307455062866
1122,178.72470196564373,3.47662353515625,13.800322532653809,44.04796600341797,1.0610697269439697
1123,186.9610672455977,3.8985869884490967,12.63431453704834,44.43751907348633,1.0611547231674194
1124,185.91754125049647,3.769017219543457,12.375313758850098,44.64430618286133,1.0612921714782715
1125,183.14646145648803,3.9487428665161133,13.725698471069336,45.56858444213867,1.061437964439392
1126,178.55275843648226,3.221853256225586,13.368547439575195,45.978302001953125,1.0615631341934204
1127,178.1721403886292,3.6239206790924072,13.948182106018066,46.605472564697266,1.0617159605026245
1128,188.50519048441905,3.7617499828338623,14.272610664367676,46.50873947143555,1.0618826150894165
1129,179.61602880872564,3.5335276126861572,16.34939956665039,47.601295471191406,1.062048077583313
1130,177.80980405244455,2.913093328475952,16.8859920501709,48.277976989746094,1.0621830224990845
1131,186.5123145742653,2.481651782989502,15.824254989624023,48.038429260253906,1.062272548675537
1132,178.78584199599246,2.5540735721588135,17.042861938476562,48.720802307128906,1.0623270273208618
1133,189.7629327846148,3.4091756343841553,17.60579490661621,49.11946105957031,1.0623434782028198
1134,189.17128046090573,2.832465171813965,16.14351463317871,49.126495361328125,1.0623313188552856
1135,184.45595014243085,3.3271405696868896,17.235353469848633,49.50150680541992,1.0623207092285156
1136,188.34385870813935,3.083303213119507,16.517330169677734,49.83437728881836,1.0622951984405518
1137,173.54554785493812,3.1603636741638184,17.982433319091797,50.823238372802734,1.0622841119766235
1138,174.4377308416251,3.2694289684295654,18.343294143676758,50.84751510620117,1.0622926950454712
1139,188.60718318586723,3.187669515609741,16.394136428833008,51.38973617553711,1.0623093843460083
1140,181.8155476595165,3.2093656063079834,18.090778350830078,51.7866325378418,1.0623301267623901
1141,171.98175149914925,2.512478828430176,18.820470809936523,52.0736198425293,1.0623277425765991
1142,174.07393263632548,3.438451051712036,19.140676498413086,52.936344146728516,1.0623830556869507
1143,191.61047884040642,3.200735569000244,17.93138885498047,53.713016510009766,1.0624516010284424
1144,181.98458693329644,3.1727678775787354,19.632617950439453,54.03862762451172,1.0625286102294922
1145,177.52923487866957,2.9732766151428223,19.841901779174805,53.65203857421875,1.0626074075698853
1146,179.0855039586913,2.1497395038604736,20.67630958557129,54.237876892089844,1.0626559257507324
1147,180.87346041793185,3.0366153717041016,20.27589225769043,55.42323684692383,1.0627546310424805
1148,181.8162085124645,3.101997137069702,20.61274528503418,55.81999206542969,1.0628923177719116
1149,198.2091238772266,2.463850736618042,18.977998733520508,56.96018600463867,1.0630048513412476
1150,173.6865183360103,0.0826302021741867,23.67943000793457,56.65145492553711,1.0630158185958862
1151,189.05250860740273,3.1071393489837646,22.277551651000977,58.249332427978516,1.0630550384521484
1152,189.40957867006995,3.3406832218170166,21.719900131225586,58.26374053955078,1.0631383657455444
1153,183.40472638865177,2.8971853256225586,22.670738220214844,60.28093719482422,1.0632789134979248
1154,193.53037035130146,0.6974927186965942,21.57405662536621,60.580997467041016,1.0633481740951538
1155,184.98954046795086,2.5066235065460205,24.954370498657227,60.789093017578125,1.0634212493896484
1156,181.39941165997456,2.602377414703369,25.87749481201172,60.86472702026367,1.063511610031128
1157,188.60564717768125,2.5846242904663086,23.141035079956055,61.4182243347168,1.0636171102523804
1158,155.8633904760311,0.9126793146133423,32.03679275512695,63.01912307739258,1.063689112663269
1159,178.84816808969362,1.9390140771865845,25.31770133972168,62.46040725708008,1.0637404918670654
1160,179.07007965959582,2.2590878009796143,30.252670288085938,63.9474983215332,1.0638186931610107
1161,150.91810847433737,0.6116816997528076,37.244606018066406,64.7707748413086,1.0638666152954102
1162,179.63075086560286,2.1948115825653076,28.535120010375977,63.7584342956543,1.0639179944992065
1163,164.58160685852064,1.2584283351898193,34.03325653076172,65.06083679199219,1.0639557838439941
1164,173.93774694828446,-1.0428770780563354,31.010583877563477,65.0005111694336,1.0639221668243408
1165,167.70640747978086,1.1781667470932007,30.849943161010742,65.46224212646484,1.063882827758789
1166,174.49044325135822,1.8404133319854736,26.63604164123535,65.05703735351562,1.063852310180664
1167,185.29232612574046,1.9749462604522705,25.04998207092285,64.57820129394531,1.0638279914855957
1168,176.90251455262606,1.9789767265319824,29.024616241455078,65.6468276977539,1.0638370513916016
1169,163.17814917873278,1.9538989067077637,26.267627716064453,66.02987670898438,1.0639313459396362
1170,164.0713469817137,1.5913633108139038,25.68539810180664,65.48499298095703,1.0640400648117065
1171,146.96554784224602,1.0460211038589478,28.73546028137207,65.96050262451172,1.064154028892517
1172,154.30502176426984,1.4070758819580078,26.060014724731445,66.5314712524414,1.0643798112869263
1173,163.36480324946947,1.0968438386917114,23.96937370300293,66.12188720703125,1.0645825862884521
1174,146.58745940134165,0.8882336616516113,25.172157287597656,65.21918487548828,1.0647757053375244
1175,154.46804018247684,0.9186581373214722,24.829530715942383,66.83625030517578,1.0649715662002563
1176,124.91651652747282,-0.5422348976135254,27.7352294921875,66.17911529541016,1.0651437044143677
1177,133.07221624495142,0.15984897315502167,26.818017959594727,66.76819610595703,1.0653153657913208
1178,133.68619084178604,0.2328134924173355,26.527542114257812,66.33110809326172,1.065489411354065
1179,136.83005301184812,0.08704295009374619,25.286821365356445,66.90332794189453,1.065656304359436
1180,146.29874527853033,0.6271541118621826,25.744579315185547,66.63793182373047,1.0658349990844727
1181,101.94038011103348,-2.247361183166504,26.3596134185791,68.78662109375,1.0659836530685425
1182,129.73537737748146,-0.4378654658794403,23.813310623168945,68.21656036376953,1.0661319494247437
1183,140.77048232541898,-0.32487520575523376,20.383487701416016,67.42479705810547,1.0662552118301392
1184,129.7864247857524,-0.6242815256118774,25.425861358642578,67.7263412475586,1.0663609504699707
1185,103.25388475725339,-2.372286319732666,8.44667911529541,67.30293273925781,1.066430926322937
1186,105.21629759821825,-1.8440098762512207,24.186243057250977,67.44548034667969,1.0664939880371094
1187,91.36752818905171,-2.4441792964935303,25.27042007446289,69.13944244384766,1.0665702819824219
1188,104.37538829050581,-2.4763309955596924,36.389156341552734,64.4852294921875,1.0666240453720093
1189,101.02588033657544,-2.620452404022217,31.54297637939453,62.81208419799805,1.0666592121124268
1190,97.95746845805735,-3.470881462097168,35.35400390625,58.209503173828125,1.066667914390564
1191,101.35360398465912,-3.681339979171753,33.137638092041016,63.89617919921875,1.0666422843933105
1192,129.6929565664586,0.009685754776000977,16.738943099975586,63.41805648803711,1.0666426420211792
1193,95.0113141633367,-2.755476474761963,18.174165725708008,67.1795883178711,1.0666383504867554
1194,100.99359789045836,-1.862044334411621,25.291213989257812,66.4693374633789,1.0666464567184448
1195,87.07800379910013,-3.0230977535247803,23.71975326538086,72.22933197021484,1.0666743516921997
1196,111.84573740843497,-0.9083608984947205,30.496265411376953,64.95504760742188,1.0667201280593872
1197,108.12191401050353,-7.972858905792236,31.48657989501953,65.39091491699219,1.066675066947937
1198,116.41009361938863,-2.096261501312256,19.065690994262695,62.55741500854492,1.066590428352356
1199,139.36762935369939,-0.4190051853656769,11.037408828735352,58.52443313598633,1.0664887428283691
1200,128.22420425090786,-0.4893803000450134,12.41051959991455,61.15656661987305,1.0663948059082031
1201,146.56754949275026,-0.759005606174469,12.718923568725586,58.3160514831543,1.066259741783142
1202,189.39757299388307,2.242522954940796,15.739435195922852,56.109989166259766,1.066163420677185
1203,171.12683302292194,1.6838066577911377,13.669881820678711,54.36981201171875,1.0660828351974487
1204,175.709494808049,0.7348292469978333,16.071605682373047,56.09478759765625,1.0659795999526978
1205,180.68325987085768,2.368159055709839,15.430866241455078,55.936614990234375,1.0659147500991821
1206,154.76146200282483,1.169895887374878,9.818041801452637,57.218475341796875,1.0658764839172363
1207,186.1640110019576,2.185706615447998,12.83927059173584,54.24612808227539,1.0658615827560425
1208,175.49721652023075,1.4281584024429321,9.65451717376709,56.5664176940918,1.065831184387207
1209,186.79547727968446,2.1841657161712646,13.56027603149414,57.41689682006836,1.0658172369003296
1210,169.75050001054743,1.66961669921875,15.39786434173584,57.6427116394043,1.0658138990402222
1211,174.0494870583992,1.7095619440078735,10.68377685546875,58.25464630126953,1.0658084154129028
1212,169.5314989908069,1.4317203760147095,13.17317008972168,58.89196014404297,1.0657981634140015
1213,172.28013617755357,1.3860723972320557,14.942030906677246,60.11511993408203,1.0657715797424316
1214,180.89337926978988,1.6897740364074707,12.843901634216309,58.50334167480469,1.0657408237457275
1215,170.59165916544995,1.7944598197937012,13.24711799621582,60.6546630859375,1.0657384395599365
1216,173.727662412747,1.3792095184326172,13.853998184204102,62.24949264526367,1.0657243728637695
1217,167.22447076019364,1.1342494487762451,11.915878295898438,59.708580017089844,1.0656987428665161
1218,171.48243508618174,1.9333065748214722,11.872164726257324,62.170204162597656,1.0657089948654175
1219,172.92424901515835,1.716681957244873,10.702533721923828,61.97757339477539,1.065731406211853
1220,175.3446003489557,2.254836082458496,11.021445274353027,62.54336166381836,1.0657936334609985
1221,170.5112374907726,1.1919589042663574,12.841769218444824,62.866973876953125,1.065836787223816
1222,173.01775431854895,1.2927883863449097,12.33482837677002,62.905792236328125,1.065861701965332
1223,174.0741784267988,1.5390913486480713,13.006531715393066,64.33472442626953,1.0658742189407349
1224,170.9972700146752,1.727021336555481,11.577995300292969,63.82603073120117,1.0659022331237793
1225,169.75751905888046,1.5291422605514526,10.882222175598145,63.13116455078125,1.0659462213516235
1226,173.5135724436195,2.1126224994659424,10.733365058898926,63.89643096923828,1.0660066604614258
1227,172.87967495214164,2.0943782329559326,9.93496036529541,63.690242767333984,1.0661405324935913
1228,170.58549806242144,1.8591406345367432,10.127820014953613,64.60515594482422,1.0662935972213745
1229,172.2103270967056,1.5502690076828003,8.636252403259277,63.951419830322266,1.0664607286453247
1230,166.95653516972385,1.2425625324249268,7.669294357299805,63.23363494873047,1.0666145086288452
1231,176.24189363226287,1.4989923238754272,5.341039657592773,63.90194320678711,1.0667309761047363
1232,169.82189177287736,1.3242416381835938,5.56203556060791,63.9853515625,1.0668319463729858
1233,169.75018546559636,1.8049259185791016,7.352895736694336,64.69674682617188,1.067039132118225
1234,171.0907835506085,1.9122296571731567,6.037293434143066,65.21529388427734,1.067275047302246
1235,175.15146945394977,1.6338040828704834,3.834855556488037,65.74617767333984,1.067496418952942
1236,171.5991213500205,1.1166924238204956,4.778526306152344,64.09407043457031,1.0676721334457397
1237,177.28932422991593,1.396196722984314,3.1010334491729736,64.75447082519531,1.0678051710128784
1238,168.04313109737078,1.2184107303619385,5.4770636558532715,65.09429168701172,1.0679352283477783
1239,172.9395399330117,1.0002639293670654,3.424976110458374,65.84307861328125,1.0680294036865234
1240,172.56041343882106,1.3755544424057007,3.3283982276916504,66.02915954589844,1.0681209564208984
1241,171.18522530654667,0.8257813453674316,2.9444971084594727,64.69125366210938,1.0681402683258057
1242,175.0122761830792,0.9989493489265442,2.924178123474121,66.38960266113281,1.0681055784225464
1243,171.26360710642328,1.2860177755355835,2.5400612354278564,65.13920593261719,1.0680757761001587
1244,171.76664574575545,1.3377329111099243,2.456578016281128,65.49212646484375,1.0680562257766724
1245,173.92315063024645,1.3560415506362915,2.290032386779785,66.32860565185547,1.0680404901504517
1246,170.84312884628292,1.0994523763656616,4.691778182983398,66.26374816894531,1.068017601966858
1247,173.232669735654,1.3506962060928345,2.8817529678344727,67.13551330566406,1.0680211782455444
1248,171.18490811123223,1.1985352039337158,3.185791015625,66.96932220458984,1.0680336952209473
1249,174.6958582951283,0.9237173199653625,1.8646929264068604,67.35757446289062,1.0679800510406494
1250,169.93470593282186,1.0215801000595093,2.7544665336608887,65.91073608398438,1.0679136514663696
1251,167.7178220761832,0.836480975151062,8.194791793823242,64.6338119506836,1.0678242444992065
1252,172.27162702322664,1.515749216079712,2.933678150177002,66.83906555175781,1.0678623914718628
1253,171.80562841105606,1.5950472354888916,4.241818904876709,63.13032913208008,1.0679410696029663
1254,172.177281752852,1.5856363773345947,1.8921446800231934,68.13429260253906,1.0680756568908691
1255,171.97441433415142,1.1894785165786743,5.825900554656982,63.886871337890625,1.0681999921798706
1256,175.31867913955892,1.7369688749313354,3.5572359561920166,65.66708374023438,1.068366527557373
1257,171.73351193157134,1.2054744958877563,7.010868549346924,62.98105239868164,1.0685193538665771
1258,173.78377697698014,1.6330657005310059,2.5486063957214355,65.10789489746094,1.0687159299850464
1259,173.83806313442898,1.3734999895095825,4.769491672515869,65.1448745727539,1.068920612335205
1260,173.02214055267046,1.4514248371124268,2.8857648372650146,65.92866516113281,1.0691601037979126
1261,172.38432363114939,0.9404503703117371,4.095706462860107,65.47364807128906,1.069330096244812
1262,171.96745365012725,1.1233062744140625,3.676908254623413,65.915771484375,1.0694886445999146
1263,176.08031957942057,1.2848179340362549,2.263915777206421,67.2042007446289,1.0696624517440796
1264,152.49837611377527,0.5628818869590759,12.640240669250488,72.81352996826172,1.0698519945144653
1265,177.75013140685843,1.2807847261428833,1.434035062789917,66.12296295166016,1.070010781288147
1266,177.8787873653893,1.1532493829727173,2.0976951122283936,68.07791900634766,1.0701349973678589
1267,178.29003480797337,0.8033781051635742,1.3493831157684326,67.50550079345703,1.0701613426208496
1268,141.91046878468688,-1.3442436456680298,25.03780746459961,75.83194732666016,1.0701640844345093
1269,100.01559248368473,-5.706180095672607,61.84733963012695,84.33721923828125,1.0701265335083008
1270,101.16936465055191,-2.658663272857666,58.692630767822266,83.94172668457031,1.070123314857483
1271,179.74383291382227,1.594129204750061,1.5830152034759521,66.26724243164062,1.0701991319656372
1272,166.36975627425116,0.7437742948532104,2.197847843170166,72.04761505126953,1.07029390335083
1273,185.40786685802837,0.9820505976676941,2.4312262535095215,65.9581069946289,1.070341944694519
1274,173.39215851236622,1.0996590852737427,1.9419692754745483,63.22007369995117,1.0703827142715454
1275,180.13449605948807,1.3538929224014282,2.2834370136260986,64.36487579345703,1.0704478025436401
1276,174.44058497792864,0.899530291557312,1.6521296501159668,64.50716400146484,1.0704480409622192
1277,169.70156376761963,0.9962602853775024,1.2557591199874878,63.24626541137695,1.0704666376113892
1278,172.38663627152872,1.0828040838241577,1.3665047883987427,62.75324630737305,1.0704872608184814
1279,97.49413314041306,-2.6494343280792236,60.92012023925781,84.54637908935547,1.0705833435058594
1280,174.6665297662457,1.1007237434387207,0.9912363290786743,63.04437255859375,1.0706490278244019
1281,173.56290767763133,1.1138352155685425,1.1741933822631836,63.613372802734375,1.0707206726074219
1282,86.53556211461306,-6.619653224945068,85.3143081665039,86.8918685913086,1.0707517862319946
1283,174.32271016783616,1.0508524179458618,1.4565865993499756,62.64175033569336,1.070747971534729
1284,160.23237769007918,0.4064752459526062,1.5872925519943237,67.9964828491211,1.0707415342330933
1285,162.59019936251843,0.5550751090049744,1.895795464515686,64.3031005859375,1.0707216262817383
1286,142.5601292303295,-0.37285587191581726,6.771083354949951,70.176513671875,1.0707135200500488
1287,79.22591182344132,-4.322500228881836,111.59086608886719,88.13758850097656,1.0707522630691528
1288,145.81034422692818,-0.38584595918655396,4.9832329750061035,70.26895904541016,1.0707793235778809
1289,157.3804616489486,0.36295291781425476,2.9507555961608887,64.30290985107422,1.0707954168319702
1290,93.05159559790152,-3.116377592086792,62.838077545166016,83.63341522216797,1.070870041847229
1291,104.21792556510562,-2.7446482181549072,40.538448333740234,79.71575927734375,1.0709470510482788
1292,172.69791862953025,1.4767465591430664,1.288583517074585,59.84680938720703,1.0710746049880981
1293,145.41908052592382,-0.331967294216156,5.0409393310546875,67.49463653564453,1.0711679458618164
1294,170.2805407225199,1.1143330335617065,1.6748124361038208,58.38154220581055,1.0712425708770752
1295,170.2152367684251,1.213025450706482,1.7335913181304932,58.52659225463867,1.0713263750076294
1296,147.20910953810994,-0.22415080666542053,4.467670917510986,64.94161987304688,1.071346402168274
1297,173.66849971787565,1.208012580871582,1.686006784439087,58.356353759765625,1.0713289976119995
1298,159.23744366714251,0.551531195640564,3.0694336891174316,60.95315933227539,1.0712913274765015
1299,170.61039632455078,1.4073868989944458,2.0386486053466797,56.67097854614258,1.0712674856185913
1300,115.48503560179259,-1.565731167793274,12.727823257446289,72.51010131835938,1.0712777376174927
1301,160.100921975137,0.9778267741203308,3.7496862411499023,63.75117874145508,1.0713213682174683
1302,176.13947819346063,1.5069713592529297,2.8556270599365234,58.891014099121094,1.0713610649108887
1303,170.60159983791678,1.6594232320785522,3.0365524291992188,57.93352508544922,1.0714759826660156
1304,74.72891954523364,-3.7444775104522705,102.83145141601562,84.83628845214844,1.0717304944992065
1305,111.03454977642356,-3.5102598667144775,18.46088409423828,72.42449188232422,1.0719107389450073
1306,103.86303498987492,-2.502673387527466,24.881521224975586,74.67606353759766,1.072077751159668
1307,99.39541725749187,-2.885530710220337,30.64458465576172,77.05886840820312,1.0722309350967407
1308,148.0918260693575,-0.17528116703033447,10.413814544677734,64.1916732788086,1.0723463296890259
1309,137.58209635715883,-0.056168608367443085,13.773301124572754,63.53696060180664,1.0724544525146484
1310,79.98389921720992,-4.011166095733643,75.21652221679688,82.84967041015625,1.0725889205932617
1311,178.35995234308254,1.8203383684158325,5.605355739593506,57.66752624511719,1.0727049112319946
1312,84.6916875521699,-3.5044078826904297,51.081844329833984,80.25054168701172,1.0728529691696167
1313,87.5563858436912,-2.694826364517212,41.16566848754883,78.4631118774414,1.073053240776062
1314,179.24298512052644,1.4267990589141846,4.6385908126831055,56.544010162353516,1.0731844902038574
1315,120.52040949491916,-0.8519538044929504,13.231568336486816,65.59532928466797,1.0733119249343872
1316,152.10579342413442,0.416013240814209,11.491979598999023,59.36035919189453,1.0734041929244995
1317,153.6277020609194,1.1828064918518066,9.326849937438965,60.19622039794922,1.073503851890564
1318,103.73452590552807,-2.272646188735962,20.26871681213379,69.37689971923828,1.0735865831375122
1319,150.05818632661212,0.14957374334335327,10.884991645812988,58.34153747558594,1.0736234188079834
1320,147.21121770249061,0.7758294939994812,11.816160202026367,58.07422637939453,1.0736693143844604
1321,68.0531104714713,-5.070950508117676,87.2505111694336,80.89276123046875,1.0737394094467163
1322,104.86638057669363,-2.7731189727783203,19.2772159576416,66.12252807617188,1.073772668838501
1323,88.87793064386605,-3.8633947372436523,28.890390396118164,71.44670104980469,1.07378351688385
1324,71.4140782612787,-4.285218715667725,55.756080627441406,76.89933776855469,1.0738588571548462
1325,83.80040828619846,-3.233147144317627,30.75231170654297,70.52130889892578,1.0739465951919556
1326,84.13677317693593,-3.7719316482543945,30.625608444213867,69.00118255615234,1.074020266532898
1327,62.27734959688819,-8.914057731628418,74.84671020507812,77.03216552734375,1.074048638343811
1328,190.06847179468622,1.8173508644104004,3.8594815731048584,47.847877502441406,1.0739846229553223
1329,80.2309714200268,-5.480928421020508,32.041988372802734,68.90831756591797,1.073887825012207
1330,182.10603647512175,2.8197855949401855,4.820648670196533,46.322166442871094,1.0738357305526733
1331,113.77630534018199,-0.6261646747589111,11.052408218383789,56.57978439331055,1.0737961530685425
1332,176.86870706241376,2.426976442337036,4.454330921173096,44.35081481933594,1.0737558603286743
1333,183.58243353543077,2.459773540496826,3.8925833702087402,45.58188247680664,1.073684573173523
1334,88.15979936499221,-1.9446165561676025,25.381118774414062,60.944854736328125,1.0736653804779053
1335,109.52400336811318,-1.0216503143310547,13.862432479858398,53.9804573059082,1.0736241340637207
1336,182.75065518688416,2.9362363815307617,4.939162254333496,44.219417572021484,1.0736271142959595
1337,71.12746934248844,-3.0723700523376465,36.78679656982422,65.11927795410156,1.0737324953079224
1338,186.08074412505567,2.7712862491607666,4.1717987060546875,44.33175277709961,1.0738052129745483
1339,96.43617839680113,-1.3365956544876099,19.846708297729492,55.11040496826172,1.0738741159439087
1340,184.88149777542714,2.9442145824432373,4.347377300262451,43.250972747802734,1.0739421844482422
1341,187.2546415794728,3.2226815223693848,4.194356918334961,42.51976776123047,1.0740517377853394
1342,84.36193003888687,-3.014801025390625,28.49938201904297,58.798675537109375,1.0741242170333862
1343,88.5413032508688,-0.6311463117599487,25.728605270385742,54.67545700073242,1.074339509010315
1344,178.21150508364698,3.224059820175171,6.413947105407715,42.17351531982422,1.0745710134506226
1345,96.8508727545761,-0.2649180591106415,22.71514129638672,52.23752975463867,1.0748310089111328
1346,184.0935930307513,3.4609925746917725,7.128232955932617,42.20842742919922,1.075093150138855
1347,185.71052240449646,3.0483217239379883,6.697393894195557,42.137882232666016,1.0753268003463745
1348,182.03053844508239,3.0854568481445312,8.166901588439941,42.343955993652344,1.0755387544631958
1349,190.99680746763318,3.5269134044647217,6.9965386390686035,41.458274841308594,1.0757651329040527
1350,175.54238577282052,2.623506546020508,9.33491325378418,42.380191802978516,1.0759509801864624
1351,184.59463482975923,2.934075355529785,8.28978443145752,42.065303802490234,1.0761011838912964
1352,175.8802992700288,2.5093038082122803,8.691204071044922,42.80719757080078,1.076206088066101
1353,177.37047480578622,3.1635124683380127,7.90344762802124,42.77522277832031,1.0763119459152222
1354,177.05688089707846,3.019056797027588,8.601417541503906,42.77362060546875,1.076402187347412
1355,180.20465398837177,2.9200243949890137,7.588017463684082,42.681644439697266,1.0764588117599487
1356,185.18655069842578,1.4319911003112793,7.820259094238281,42.1480827331543,1.0764436721801758
1357,177.11487794899134,2.6848347187042236,6.611730098724365,42.299339294433594,1.0763894319534302
1358,179.74073679678352,2.8291640281677246,5.948831081390381,41.46676254272461,1.076298713684082
1359,180.7899031093863,3.4071691036224365,6.248028755187988,41.49465560913086,1.0762286186218262
1360,177.71724340193433,2.7799935340881348,5.564211845397949,41.771514892578125,1.0761202573776245
1361,177.6903116633325,3.1565163135528564,5.376175403594971,40.96643829345703,1.0760055780410767
1362,175.54355903399608,3.3420584201812744,5.026741981506348,41.18781661987305,1.0758994817733765
1363,171.1130142934968,2.1966891288757324,5.332394123077393,41.172725677490234,1.0757359266281128
1364,172.59139897706996,3.6111245155334473,4.320286273956299,40.70573425292969,1.0756312608718872
1365,175.13525124959074,3.1308937072753906,4.4049530029296875,40.92364501953125,1.0755177736282349
1366,174.80448444529435,3.582564353942871,4.158235549926758,41.19612503051758,1.075439453125
1367,176.55085545478235,3.636730432510376,4.340737819671631,41.30784225463867,1.0753706693649292
1368,177.38095358959077,3.5196869373321533,5.009881019592285,41.73966979980469,1.0753065347671509
1369,169.63662281545317,3.755819082260132,3.022554636001587,40.44192123413086,1.0753041505813599
1370,179.86759194111738,3.9024667739868164,3.909708023071289,41.896263122558594,1.0753134489059448
1371,177.7395779159684,3.499014139175415,3.3649117946624756,41.81352233886719,1.0752546787261963
1372,169.11849430028846,3.4725868701934814,4.567561149597168,42.134098052978516,1.0751980543136597
1373,174.17318415161228,3.65795636177063,5.24099063873291,42.28889846801758,1.0751575231552124
1374,173.86275704534935,3.9603431224823,4.423246383666992,43.113525390625,1.0751301050186157
1375,171.54148886558747,3.846846342086792,4.6720757484436035,42.977291107177734,1.075173020362854
1376,178.3394692979335,3.235323190689087,3.7589190006256104,43.05974197387695,1.0751376152038574
1377,171.46006900062403,3.774212121963501,2.5590317249298096,42.632835388183594,1.0750997066497803
1378,176.6365710873145,3.9151413440704346,2.9402358531951904,43.116214752197266,1.0750612020492554
1379,172.1768443470559,3.9621164798736572,4.573619365692139,44.09158706665039,1.0750622749328613
1380,172.0034153663981,4.125128746032715,3.4085910320281982,44.054237365722656,1.0751051902770996
1381,166.2885820437725,3.3390889167785645,3.252718210220337,43.73927307128906,1.0751256942749023
1382,170.54310338504203,3.4871551990509033,4.8754048347473145,44.993896484375,1.0751193761825562
1383,171.35503588726831,3.6986093521118164,5.0972795486450195,45.69837188720703,1.0751093626022339
1384,177.98664424026336,3.8968966007232666,3.877974271774292,45.76539611816406,1.0750980377197266
1385,86.02052812504932,0.6975364685058594,45.60298538208008,50.923095703125,1.0751066207885742
1386,172.1311855795472,3.4962165355682373,4.2945876121521,46.43783950805664,1.0750991106033325
1387,177.5410047006767,3.5481741428375244,3.861924886703491,46.70878601074219,1.075048565864563
1388,172.3148940359693,3.6484439373016357,3.531937837600708,46.29669952392578,1.075003981590271
1389,170.3098703274939,3.9801135063171387,2.3715498447418213,45.49072265625,1.074987530708313
1390,172.2381090499916,3.877270221710205,2.8471457958221436,46.213809967041016,1.0749845504760742
1391,171.21778745311963,3.591644525527954,2.600947856903076,45.980411529541016,1.0749610662460327
1392,168.96046883487344,3.919564723968506,3.4252734184265137,47.29609298706055,1.0750092267990112
1393,175.87314191525033,4.291881561279297,2.4146456718444824,46.77548599243164,1.0751190185546875
1394,169.04428777871345,3.2759382724761963,3.9459211826324463,47.79499053955078,1.0751835107803345
1395,171.52866302502335,3.779789924621582,2.980935573577881,47.55280685424805,1.0752652883529663
1396,173.07919149742682,3.7667555809020996,2.0167880058288574,47.711360931396484,1.0753117799758911
1397,166.09860071343527,3.4766945838928223,2.3381338119506836,46.927978515625,1.0753549337387085
1398,170.78210974737988,3.3750417232513428,2.0579674243927,46.64573669433594,1.075366497039795
1399,172.73407759255224,4.075448036193848,1.6177316904067993,47.66719055175781,1.0754367113113403
1400,163.02953673530413,3.404391050338745,2.2536301612854004,48.13404083251953,1.0755118131637573
1401,170.10777168241083,3.5480756759643555,2.139676570892334,48.96906661987305,1.0755707025527954
1402,170.12233491110192,3.2730138301849365,1.9037461280822754,48.613731384277344,1.0755642652511597
1403,171.7440579683576,3.6361594200134277,1.8895909786224365,48.7700080871582,1.0755610466003418
1404,166.47589273205926,3.5070626735687256,2.0950582027435303,49.115440368652344,1.0755881071090698
1405,173.87044491640674,3.366990804672241,2.240989923477173,50.38189697265625,1.0755891799926758
1406,171.85550756951272,3.4335365295410156,1.5541247129440308,48.806339263916016,1.0755558013916016
1407,172.6203755398317,3.5876920223236084,1.6496976613998413,49.493141174316406,1.0755449533462524
1408,173.53764617309108,4.213026523590088,1.6795133352279663,49.44884490966797,1.0756217241287231
1409,172.26293348842685,3.633756160736084,1.4571526050567627,48.09454345703125,1.0757001638412476
1410,169.36688385824866,3.438831090927124,1.8082621097564697,48.26998519897461,1.0757828950881958
1411,162.91963003411286,3.1124422550201416,2.500347137451172,47.396812438964844,1.075846552848816
1412,173.58322828095157,3.592353582382202,1.320631504058838,48.511959075927734,1.075928807258606
1413,170.0211177744694,3.2472856044769287,1.4731075763702393,48.847381591796875,1.0759910345077515
1414,170.06905924478363,3.182569742202759,1.5342603921890259,48.807334899902344,1.0760177373886108
1415,166.75049313988595,3.4647035598754883,1.4624903202056885,48.20186996459961,1.0761022567749023
1416,168.9380844190627,3.181464195251465,1.5184932947158813,49.744285583496094,1.076170563697815
1417,170.96696429918794,2.95194411277771,1.4480534791946411,49.52785873413086,1.076175332069397
1418,174.62520309626245,3.495732307434082,1.3951970338821411,50.8248405456543,1.0761630535125732
1419,174.0242640395005,3.3303961753845215,1.4786336421966553,50.20164489746094,1.0761739015579224
1420,169.26660935739307,3.335785150527954,1.445756435394287,49.646934509277344,1.0762176513671875
1421,171.75792793983226,3.300778388977051,1.5782114267349243,51.826351165771484,1.0762897729873657
1422,167.4174590408808,3.0889577865600586,1.3931803703308105,50.132286071777344,1.076353907585144
1423,171.98003371257795,3.3885254859924316,1.484041452407837,50.42203903198242,1.0764294862747192
1424,170.6874496921875,3.45529842376709,1.5441819429397583,50.523101806640625,1.076537013053894
1425,172.26152716610807,3.2631850242614746,1.6115825176239014,50.389286041259766,1.076625943183899
1426,166.10312221828528,3.067303419113159,1.943892002105713,49.576683044433594,1.076716661453247
1427,166.36724795360158,3.2124624252319336,2.19630765914917,49.957801818847656,1.0768646001815796
1428,168.39525306384385,3.0321669578552246,2.229440450668335,50.79568099975586,1.0770130157470703
1429,165.6617711577258,2.879486322402954,2.5713655948638916,49.40458679199219,1.0771301984786987
1430,173.73653592618234,3.480846643447876,2.2218732833862305,50.22379684448242,1.0772627592086792
1431,166.46135843636836,2.9056174755096436,2.4692649841308594,49.265560150146484,1.077346920967102
1432,165.01084425147042,2.8370304107666016,2.5639986991882324,47.45159912109375,1.0774074792861938
1433,172.10008352327023,3.1808178424835205,2.9886021614074707,49.947731018066406,1.077446460723877
1434,166.46050434084938,3.120884418487549,2.4132320880889893,47.340118408203125,1.077519416809082
1435,171.43832422457476,2.772326707839966,3.276482582092285,49.358154296875,1.0775389671325684
1436,171.3326628174504,3.406885862350464,2.8402888774871826,49.091670989990234,1.0775994062423706
1437,166.40619105935315,2.7165119647979736,2.512730836868286,46.26287078857422,1.0776137113571167
1438,169.26335416120529,2.9165892601013184,2.6796724796295166,46.08381271362305,1.077589750289917
1439,170.9530731471673,3.2794642448425293,2.5209152698516846,45.859230041503906,1.0775753259658813
1440,171.2102772258858,3.619039297103882,3.070403814315796,45.61290740966797,1.0776159763336182
1441,165.81103378117615,2.841689109802246,2.561876058578491,44.28083038330078,1.077604055404663
1442,173.69939560811497,3.3904643058776855,3.302565813064575,46.53571319580078,1.0775920152664185
1443,166.2824292347365,3.0014472007751465,2.7262775897979736,44.44631576538086,1.077562928199768
1444,167.2255920180533,2.8394951820373535,3.246561050415039,43.58089065551758,1.077497124671936
1445,172.51952052890516,3.583442211151123,3.4937920570373535,45.09204864501953,1.0774569511413574
1446,169.72841220320055,3.0406718254089355,3.841636896133423,44.308433532714844,1.0773977041244507
1447,168.22821670214685,3.3910465240478516,3.1526999473571777,42.1530647277832,1.0773533582687378
1448,171.3773502828969,3.550856828689575,4.361671447753906,43.10163497924805,1.0773487091064453
1449,171.48175575969736,3.3024425506591797,3.755920648574829,44.410499572753906,1.0773497819900513
1450,164.73527914605594,2.977778196334839,3.5000996589660645,41.46263885498047,1.0773357152938843
1451,158.95737410976653,2.9853527545928955,4.322716236114502,41.734649658203125,1.077326774597168
1452,176.2548569228442,3.387504816055298,3.6201999187469482,42.41127014160156,1.0773173570632935
1453,175.9403999910803,3.255545139312744,3.5276050567626953,42.22318649291992,1.0773030519485474
1454,165.5476643059366,3.0103390216827393,4.751114368438721,42.74061584472656,1.077284812927246
1455,176.12895165103131,2.7752203941345215,4.20635461807251,42.61553955078125,1.0771970748901367
1456,180.79474993396948,3.587310552597046,4.098404884338379,42.72035598754883,1.0771344900131226
1457,177.76959142407205,3.3532276153564453,4.815056800842285,42.09572219848633,1.0770745277404785
1458,181.30381639218086,2.500429391860962,4.9061665534973145,41.20122528076172,1.0769391059875488
1459,184.75249179509828,3.4665210247039795,4.557933330535889,42.0632438659668,1.076823353767395
1460,181.9032155877589,3.364518880844116,4.940497875213623,41.783180236816406,1.07672119140625
1461,174.24644153894207,3.226270914077759,4.835185527801514,42.69542694091797,1.0766324996948242
1462,186.58373983757718,3.1011905670166016,4.604952335357666,41.94739532470703,1.0765067338943481
1463,182.54306093409357,3.4293854236602783,4.629993438720703,41.19875717163086,1.0764011144638062
1464,177.31728118417777,3.4971141815185547,4.164488315582275,41.38447189331055,1.0763458013534546
1465,182.61435411069212,3.2929539680480957,4.462467670440674,41.708831787109375,1.0762900114059448
1466,174.3083919845094,3.1066958904266357,4.530837535858154,41.2223014831543,1.076224446296692
1467,177.83376957614573,2.6384596824645996,4.28682279586792,41.5960693359375,1.0761276483535767
1468,177.9856082253408,3.198737144470215,4.111200332641602,41.989036560058594,1.0760340690612793
1469,185.50135008328874,3.7877628803253174,3.8260161876678467,41.9503288269043,1.07608163356781
1470,175.36116595001448,3.3057169914245605,4.190310955047607,42.09326171875,1.076151728630066
1471,179.0020621112984,3.282318353652954,3.9205403327941895,41.947750091552734,1.076229214668274
1472,181.153196224532,3.324986219406128,4.113155364990234,42.922183990478516,1.076345443725586
1473,187.96615562365454,3.3237061500549316,3.761861801147461,43.70835876464844,1.07646644115448
1474,193.80801859278583,3.6274969577789307,4.215519905090332,43.98762130737305,1.0766292810440063
1475,174.82154363118678,2.3361976146698,4.833472728729248,44.03731918334961,1.076714038848877
1476,180.90925141095562,3.2537853717803955,4.967295169830322,44.546695709228516,1.0768178701400757
1477,185.05116122923596,2.953990936279297,4.859525680541992,44.32403564453125,1.0768986940383911
1478,197.60481557290007,3.087769031524658,4.994839668273926,45.61027145385742,1.076960563659668
1479,176.9975893457365,3.310049533843994,5.41132926940918,45.75591278076172,1.0770882368087769
1480,191.09699175515385,3.3598132133483887,6.346464157104492,46.84878921508789,1.0772438049316406
1481,179.8337196194322,2.0605483055114746,4.972358703613281,47.69943618774414,1.0773338079452515
1482,181.7164842253968,2.9797489643096924,5.858487129211426,47.45226287841797,1.0774232149124146
1483,187.92685993357358,2.9560458660125732,5.561461925506592,48.398067474365234,1.0774998664855957
1484,176.2756307531854,3.0250518321990967,7.123178005218506,48.47446060180664,1.0776305198669434
1485,175.13515799344822,3.0737016201019287,6.691450595855713,50.62506866455078,1.077823281288147
1486,181.751554485755,2.86021089553833,6.265625,49.445709228515625,1.0780013799667358
1487,170.0424786775674,2.612447738647461,7.988081455230713,51.085609436035156,1.078184962272644
1488,176.2883189681187,3.0360147953033447,8.349971771240234,51.49131774902344,1.0784419775009155
1489,187.14838850867932,3.0341804027557373,7.668295860290527,51.71172332763672,1.0787091255187988
1490,184.1866128783462,2.805525302886963,7.4187116622924805,52.249664306640625,1.0789724588394165
1491,185.58685746914315,2.8596341609954834,8.235739707946777,52.2889404296875,1.0792280435562134
1492,190.22647386439039,2.109464168548584,7.893150806427002,53.472537994384766,1.079398512840271
1493,183.43073555142635,2.5847909450531006,8.59188461303711,53.58270263671875,1.0795533657073975
1494,185.22984650913313,2.818040370941162,7.902365684509277,54.155757904052734,1.0797382593154907
1495,176.13936388372122,2.6659350395202637,7.2146711349487305,53.99160385131836,1.0799802541732788
1496,190.04004541396014,2.777280569076538,7.196768760681152,54.07549285888672,1.0802167654037476
1497,177.57445295613246,2.6396868228912354,7.376461029052734,55.23312759399414,1.0804837942123413
1498,69.21054220402132,-3.2932372093200684,94.92301177978516,73.29888916015625,1.0807437896728516
1499,190.17181699640668,2.5920016765594482,6.672133445739746,54.7086067199707,1.0809659957885742
1500,81.70374058065208,-2.5567433834075928,54.90291213989258,70.65755462646484,1.0811752080917358
1501,187.8572815154407,2.9454801082611084,5.573850154876709,54.54887771606445,1.0814684629440308
1502,190.6905038635292,2.954134464263916,6.586610317230225,55.817230224609375,1.08179771900177
1503,184.12122573479496,2.3198373317718506,5.696213245391846,56.65842056274414,1.082076072692871
1504,192.2925480176813,2.2718517780303955,6.9058122634887695,57.4692268371582,1.0822960138320923
1505,194.73723434672652,2.7669243812561035,6.158340930938721,58.057865142822266,1.0825008153915405
1506,192.0706970246174,2.436335563659668,5.144755840301514,57.05585861206055,1.082671046257019
1507,159.60406430116117,-1.9366579055786133,22.383155822753906,60.76348114013672,1.0827215909957886
1508,185.65609029539274,1.8032280206680298,5.133667945861816,57.16179275512695,1.0827165842056274
1509,185.43328438010116,2.3121893405914307,4.4647603034973145,57.17181396484375,1.082703948020935
1510,180.66638115232388,2.547724723815918,5.500064373016357,57.87704849243164,1.082746982574463
1511,90.61123893992041,-1.8020844459533691,50.10013198852539,70.15049743652344,1.0828036069869995
1512,177.1802068284283,2.1065618991851807,4.877832412719727,58.23400115966797,1.0828412771224976
1513,181.36604840607168,2.2124717235565186,4.889969825744629,58.571250915527344,1.082876205444336
1514,64.1529011317921,-4.714442253112793,107.1705322265625,75.74047088623047,1.0829204320907593
1515,69.14139627151236,-3.175748109817505,86.38633728027344,74.97077178955078,1.083016276359558
1516,182.6980615074995,2.371537446975708,4.311808109283447,58.086387634277344,1.0831156969070435
1517,183.81965145770616,2.4275429248809814,4.037197589874268,58.53764724731445,1.0832568407058716
1518,188.64559335101066,2.5245821475982666,3.840338945388794,58.63831329345703,1.0834221839904785
1519,185.41144039252723,2.193927526473999,4.044723987579346,59.42436218261719,1.0835775136947632
1520,199.25760843432752,2.4211630821228027,3.910991907119751,59.56317138671875,1.083722710609436
1521,88.08063749207886,-2.4205222129821777,55.175804138183594,72.12883758544922,1.0838624238967896
1522,87.18254886108092,-1.656732201576233,56.1833610534668,71.71178436279297,1.0840320587158203
1523,175.23505328961045,2.0548267364501953,8.862086296081543,62.462398529052734,1.0842905044555664
1524,59.083068493085875,-5.463731288909912,131.0848388671875,78.1397933959961,1.084546685218811
1525,81.90701583277846,-3.1799139976501465,61.0490837097168,72.53885650634766,1.0847798585891724
1526,203.45317098561588,2.0711801052093506,3.877100706100464,60.41838073730469,1.0849494934082031
1527,71.30973832385762,-4.553161144256592,80.43577575683594,75.64693450927734,1.0851038694381714
1528,193.1566582994893,2.275890827178955,3.9226269721984863,60.07666015625,1.0852551460266113
1529,73.22753691592575,-9.438852310180664,71.65936279296875,73.66749572753906,1.0853393077850342
1530,98.76047665949739,-1.955423355102539,47.43857192993164,69.46649932861328,1.0854121446609497
1531,93.30127233359299,-2.0678505897521973,50.27046203613281,69.03557586669922,1.0854836702346802
1532,91.47767348524259,-3.3785669803619385,52.219810485839844,69.3384780883789,1.0855234861373901
1533,116.32558951891654,-5.782828330993652,34.33420181274414,63.927001953125,1.0854603052139282
1534,65.34285650155283,-9.005407333374023,81.34727478027344,74.40484619140625,1.0853654146194458
1535,77.42887284592624,-2.9477806091308594,63.568511962890625,72.7674331665039,1.0853145122528076
1536,89.42657807839672,-1.3584976196289062,52.966583251953125,69.2941665649414,1.0853357315063477
1537,176.33872307893876,1.9037768840789795,8.194536209106445,55.55497360229492,1.085330605506897
1538,181.51535912798687,2.088123083114624,5.3345441818237305,54.962642669677734,1.0853142738342285
1539,180.66896125959,1.9671324491500854,6.5213446617126465,55.0189323425293,1.085245132446289
1540,91.78943273607445,-1.083116888999939,50.28837203979492,68.65204620361328,1.0852911472320557
1541,82.8742923673721,-5.333593845367432,55.82587814331055,69.80081939697266,1.0852864980697632
1542,186.35450585227068,2.340951919555664,4.902316570281982,55.59129333496094,1.085288643836975
1543,178.35226760190332,2.7269692420959473,5.689775466918945,53.3077507019043,1.0853580236434937
1544,190.86460661545837,2.4192748069763184,4.084211826324463,55.7268180847168,1.0854334831237793
1545,70.41673512277771,-6.975019931793213,71.10326385498047,72.43682861328125,1.085461139678955
1546,95.06292740366621,-1.3564807176589966,47.650394439697266,67.35760498046875,1.0855226516723633
1547,72.83023055905373,-3.540358781814575,64.02171325683594,70.6479721069336,1.0856046676635742
1548,185.05430361820902,2.0996878147125244,5.005457401275635,55.05073547363281,1.085659384727478
1549,176.16391391688032,2.4597017765045166,5.749247074127197,53.86716079711914,1.0857453346252441
1550,192.69119061266323,2.5470449924468994,4.214101791381836,55.50368118286133,1.0858354568481445
1551,85.82247010928639,-2.9913926124572754,52.762916564941406,68.54788208007812,1.085913062095642
1552,191.58563001583616,2.3075509071350098,3.8543617725372314,55.266178131103516,1.0859719514846802
1553,79.00939111034958,-5.894063472747803,58.98194885253906,69.0120849609375,1.0859791040420532
1554,88.67117760733932,-5.519298553466797,51.55339050292969,67.55192565917969,1.085925579071045
1555,90.22442006386035,-2.192884683609009,51.45341873168945,66.86064910888672,1.0858875513076782
1556,186.32637744333988,2.2249627113342285,3.9204986095428467,55.15758514404297,1.0858451128005981
1557,78.26961826526637,-3.3038439750671387,59.77613830566406,70.06038665771484,1.0858172178268433
1558,180.11531923728222,2.1740307807922363,5.035668849945068,55.54847717285156,1.0857958793640137
1559,69.75481627809573,-3.9902923107147217,71.73277282714844,71.97725677490234,1.0858129262924194
1560,81.66564575252777,-4.265143394470215,55.99714279174805,69.06346893310547,1.0858074426651
1561,188.6270783841418,2.4392402172088623,3.9981331825256348,55.97744369506836,1.085825800895691
1562,74.67666465457427,-3.633476972579956,63.910499572753906,70.12024688720703,1.0858656167984009
1563,177.411765777155,1.795719027519226,3.685102701187134,55.93718338012695,1.0858813524246216
1564,198.31378025843787,2.3417487144470215,3.2839343547821045,56.18058395385742,1.085894227027893
1565,74.31411530718526,-2.820359945297241,63.7068977355957,69.94659423828125,1.0859689712524414
1566,197.19920284850872,2.3922293186187744,3.375319719314575,56.09856033325195,1.0860432386398315
1567,181.50717385122962,2.078934669494629,3.648117780685425,55.54803466796875,1.08611261844635
1568,167.89371983099468,1.6097403764724731,4.368016242980957,53.243167877197266,1.0861573219299316
1569,186.2928226213043,2.4238295555114746,3.352388620376587,55.77275085449219,1.0862869024276733
1570,170.75226453322597,1.8648970127105713,3.7603368759155273,54.90581512451172,1.086417555809021
1571,181.16093711312826,1.7558468580245972,3.7156472206115723,55.1059455871582,1.0864989757537842
1572,177.15964014690087,1.8116053342819214,3.7722971439361572,55.615787506103516,1.086559772491455
1573,175.28832489239244,1.7980091571807861,3.3188440799713135,56.35333251953125,1.0866131782531738
1574,173.43278642455365,1.4815024137496948,3.7576310634613037,55.934566497802734,1.0866210460662842
1575,178.83875898319934,1.9279286861419678,3.3862249851226807,56.97607421875,1.086645483970642
1576,186.39283065483602,1.8812599182128906,3.4021308422088623,57.03017807006836,1.0866519212722778
1577,187.59800030302145,2.153437376022339,3.5406768321990967,57.8181266784668,1.0866947174072266
1578,190.77322255612455,1.7501922845840454,3.35532283782959,56.77265167236328,1.0866738557815552
1579,190.8498066409828,1.9992321729660034,3.2777371406555176,56.51123046875,1.0866302251815796
1580,186.3011618180268,1.8475128412246704,3.4227190017700195,57.33784866333008,1.0865625143051147
1581,73.27312889324689,-3.5568301677703857,85.91485595703125,71.94879150390625,1.0865434408187866
1582,74.1639214631982,-6.2108588218688965,79.59384155273438,71.48836517333984,1.0864921808242798
1583,179.75462913118912,1.8216042518615723,3.3931381702423096,57.18467712402344,1.086434006690979
1584,73.06127419905498,-3.2900593280792236,87.49383544921875,72.48970794677734,1.0864397287368774
1585,187.5386064967229,2.046095371246338,3.347400665283203,57.608089447021484,1.0864415168762207
1586,166.32646229284174,1.931390404701233,4.910639762878418,54.68614196777344,1.086459755897522
1587,83.08091786272233,-2.2059450149536133,62.48337173461914,71.07243347167969,1.0865614414215088
1588,180.91946088748344,1.9664117097854614,2.880614995956421,55.931556701660156,1.0866385698318481
1589,171.40439165163474,2.0049753189086914,3.797353744506836,55.5281867980957,1.08673095703125
1590,186.96650030115285,2.323885440826416,2.4763243198394775,55.97932052612305,1.0867844820022583
1591,161.38236702141592,1.7052950859069824,18.038814544677734,62.68803405761719,1.0868841409683228
1592,185.66356063662107,2.4178268909454346,2.8001413345336914,55.62446594238281,1.0870130062103271
1593,153.42421783829286,0.681163489818573,25.77410316467285,63.544044494628906,1.0871152877807617
1594,178.00159019374834,2.2432937622070312,3.2364606857299805,54.704105377197266,1.0872231721878052
1595,176.64709891274958,1.8639118671417236,3.797339916229248,54.83427810668945,1.0872732400894165
1596,174.11272879776874,1.934992790222168,3.214759588241577,54.515602111816406,1.0872856378555298
1597,179.11892367780962,2.1441550254821777,3.3009767532348633,55.62981033325195,1.0872931480407715
1598,62.64446774651587,-7.2921929359436035,122.90721130371094,75.58489990234375,1.0872806310653687
1599,175.50509068688655,2.072333812713623,3.5380334854125977,56.38984298706055,1.087255835533142
1600,93.45134839671083,-1.8384267091751099,53.11433410644531,69.923583984375,1.0872443914413452
1601,166.11340671133806,1.3772989511489868,3.7897870540618896,56.08074951171875,1.0871944427490234
1602,176.69674111532947,2.3029255867004395,3.224167823791504,56.40791320800781,1.0871845483779907
1603,167.50965897778119,1.5317590236663818,3.323744297027588,56.71893310546875,1.0871421098709106
1604,165.420109946154,1.8780698776245117,3.6922969818115234,57.16691207885742,1.0871089696884155
1605,173.32593761576953,2.078787088394165,2.595994472503662,57.66801071166992,1.0871025323867798
1606,171.62872227053816,2.2951667308807373,3.1840710639953613,58.00161361694336,1.0871483087539673
1607,171.949272754921,1.6666722297668457,2.771691083908081,57.15602111816406,1.0871562957763672
1608,171.09188177067188,1.8059042692184448,2.564274549484253,58.062347412109375,1.0871381759643555
1609,177.86764274416993,2.375840187072754,2.437711238861084,58.57952117919922,1.0871481895446777
1610,171.46417743838842,1.90590500831604,2.4520037174224854,59.051212310791016,1.0871447324752808
1611,172.71657581915727,2.043861150741577,2.9115490913391113,59.91657638549805,1.0871810913085938
1612,182.3482789558086,1.934307336807251,2.4195480346679688,58.333824157714844,1.0871835947036743
1613,168.4087672918762,1.8486878871917725,2.5700767040252686,57.15111541748047,1.0871798992156982
1614,184.3948555543014,2.196136474609375,2.217754602432251,59.13584518432617,1.087180733680725
1615,181.49019736650072,2.350776433944702,2.2151172161102295,59.32285690307617,1.0871925354003906
1616,177.82200196166696,1.8552823066711426,1.7899373769760132,58.993412017822266,1.0871742963790894
1617,177.8048991573103,2.166821002960205,1.9205238819122314,59.81993865966797,1.0871795415878296
1618,176.29673094018636,1.7543824911117554,1.5730606317520142,59.376991271972656,1.0871301889419556
1619,180.00717908683058,1.964110016822815,1.619605302810669,58.512447357177734,1.0870672464370728
1620,175.4242053522049,1.8625067472457886,1.4736131429672241,59.654232025146484,1.0869957208633423
1621,187.5248705913639,2.1839661598205566,2.013542652130127,60.707122802734375,1.0869473218917847
1622,97.37431183914622,-2.74955415725708,54.77561569213867,73.90371704101562,1.086888313293457
1623,169.8404606518626,1.9375308752059937,1.5805997848510742,60.862510681152344,1.0868726968765259
1624,175.71103221561913,1.8908542394638062,1.672065258026123,60.360939025878906,1.086862564086914
1625,63.67261417030534,-14.747028350830078,152.2032012939453,81.50456237792969,1.0867767333984375
1626,179.3824967026107,1.9390429258346558,1.3418042659759521,59.715309143066406,1.0867022275924683
1627,179.67789162126775,1.8364384174346924,1.3699053525924683,60.28786087036133,1.086620569229126
1628,177.43154101552557,1.8778877258300781,1.37856125831604,61.500240325927734,1.086577296257019
1629,180.73280365836757,1.7345489263534546,1.3146860599517822,62.82463836669922,1.0865187644958496
1630,164.0220422379166,1.630249261856079,1.3268345594406128,60.43622970581055,1.0864933729171753
1631,181.0113957742218,1.1816078424453735,1.7394847869873047,63.60947799682617,1.0863806009292603
1632,174.98919888064788,1.6701117753982544,1.0877134799957275,60.97538375854492,1.086264729499817
1633,186.82928936921314,1.7830244302749634,0.761608898639679,61.07598114013672,1.0861326456069946
1634,177.08304871012902,1.6594833135604858,0.8655815720558167,62.13816833496094,1.0860090255737305
1635,193.2417602874959,2.071446418762207,0.74310302734375,60.291534423828125,1.0859001874923706
1636,179.41976732606554,1.7488206624984741,0.852656364440918,59.8017578125,1.085787057876587
1637,182.2230808082456,1.8771408796310425,0.7076747417449951,60.28472900390625,1.085684895515442
1638,183.73576753425496,1.8082709312438965,0.6628885269165039,61.437591552734375,1.0855988264083862
1639,167.19280349875794,1.3796870708465576,6.530853748321533,67.98110961914062,1.0855708122253418
1640,174.26153115245526,1.5904182195663452,1.2085682153701782,62.2128791809082,1.0855826139450073
1641,188.05942054887637,1.9658024311065674,0.9691584706306458,62.6516227722168,1.0856695175170898
1642,185.45985815163704,1.6955325603485107,1.391823172569275,64.20169067382812,1.0857828855514526
1643,179.70047133787438,1.7493047714233398,1.229249358177185,63.36561584472656,1.0859283208847046
1644,177.5347636440891,1.6520668268203735,1.3857132196426392,64.06012725830078,1.0861291885375977
1645,107.85292638008319,-1.5013906955718994,58.8145866394043,78.02727508544922,1.0863357782363892
1646,184.70676456880432,1.619279384613037,0.9897546172142029,61.50914764404297,1.0865083932876587
1647,173.39403046349523,1.3912345170974731,1.8865963220596313,65.18231201171875,1.0867109298706055
1648,160.5876598055448,0.7625191807746887,6.358654022216797,69.6794204711914,1.0869107246398926
1649,125.62282665273658,-0.31238195300102234,50.26856994628906,77.02120208740234,1.0871652364730835
1650,194.9404883019712,1.785542368888855,0.8508578538894653,61.65641784667969,1.0873788595199585
1651,77.35028451594972,-4.004067420959473,103.96705627441406,84.17083740234375,1.0876069068908691
1652,167.63145853320214,0.8345943689346313,3.6492066383361816,66.9053726196289,1.0878047943115234
1653,154.2529451544773,0.5664522051811218,4.696696758270264,68.33773803710938,1.0879992246627808
1654,74.56891793936624,-6.066648483276367,110.71173095703125,84.98435974121094,1.088166356086731
1655,193.71160334765818,1.9979236125946045,1.5520141124725342,58.407711029052734,1.088334321975708
1656,196.04940003675364,1.8813270330429077,1.171628475189209,59.19550704956055,1.0884722471237183
1657,138.58590069329185,-0.8665682077407837,6.5493669509887695,68.31793212890625,1.088492512702942
1658,107.74541719832581,-1.2704581022262573,48.37102127075195,77.5733642578125,1.088588833808899
1659,89.90511137082942,-2.6117022037506104,78.72930145263672,81.2139663696289,1.0887200832366943
1660,97.00174123068811,-1.7815237045288086,66.5133056640625,79.98699951171875,1.088938593864441
1661,122.19608673116949,-1.3038743734359741,25.493154525756836,74.21343231201172,1.0891385078430176
1662,94.62895239163556,-2.848583698272705,60.13508605957031,78.74122619628906,1.0893396139144897
1663,78.1481138311778,-4.884204864501953,93.83226776123047,83.37358856201172,1.0895284414291382
1664,184.96383539265028,1.8534564971923828,2.0084595680236816,53.61935043334961,1.0896834135055542
1665,87.53940582773889,-5.084317207336426,66.2660140991211,79.75930786132812,1.0897952318191528
1666,73.8110101237573,-6.552308082580566,83.66942596435547,82.53840637207031,1.0898796319961548
1667,101.37948753503878,-3.173305034637451,37.799686431884766,74.35870361328125,1.089942455291748
1668,96.44462808070205,-2.4736220836639404,40.0853271484375,73.92769622802734,1.0900293588638306
1669,68.70082861546953,-4.6892218589782715,87.09892272949219,82.81151580810547,1.0901755094528198
1670,76.47708163460221,-6.805826187133789,70.83879852294922,78.31047058105469,1.0902737379074097
1671,67.87627721573821,-5.291475296020508,82.68247985839844,80.72480010986328,1.0904045104980469
1672,100.51348573744262,-2.244570016860962,24.782657623291016,70.6733627319336,1.0905346870422363
1673,91.9224657731961,-4.643957138061523,30.17041015625,71.14401245117188,1.0906087160110474
1674,68.30280309482096,-4.830722808837891,76.9258804321289,77.5475845336914,1.0907260179519653
1675,74.30973537632644,-6.622714996337891,62.747047424316406,75.24893188476562,1.090808391571045
1676,98.87770625537219,-1.5615795850753784,13.416885375976562,65.05120086669922,1.0909452438354492
1677,76.88436191472675,-6.351047039031982,47.31559753417969,71.9289321899414,1.0910319089889526
1678,185.14167089380848,2.5610551834106445,3.3687713146209717,40.15472412109375,1.0910956859588623
1679,161.97893038954118,1.8050059080123901,3.1186773777008057,43.4099006652832,1.0911518335342407
1680,182.74107450452743,2.8606529235839844,3.8563997745513916,39.0214729309082,1.0912238359451294
1681,148.38772912881805,1.5732471942901611,3.558939218521118,42.6622314453125,1.0913023948669434
1682,82.01429764883211,-4.7161431312561035,21.835243225097656,65.0212631225586,1.0913395881652832
1683,184.6102060836625,2.8831100463867188,3.912961959838867,36.147884368896484,1.0913804769515991
1684,74.8976774241752,-5.148777008056641,33.91767501831055,66.1598892211914,1.091394066810608
1685,75.25416408425617,-4.630860805511475,34.35128402709961,65.39997863769531,1.0914007425308228
1686,185.77132279261176,2.789052963256836,3.20684552192688,35.60860061645508,1.091363549232483
1687,188.6838873072472,2.829812526702881,3.1782450675964355,35.74942398071289,1.0913084745407104
1688,78.26336266166253,-5.025056838989258,21.465158462524414,60.61042785644531,1.0912169218063354
1689,182.87268377379317,2.696838140487671,3.2457737922668457,35.048030853271484,1.0911107063293457
1690,164.48868734113134,2.088003396987915,2.8967819213867188,38.87213897705078,1.0909912586212158
1691,187.1986156612499,3.2199437618255615,3.0608930587768555,36.22499465942383,1.0908931493759155
1692,179.98176419597368,2.9936981201171875,2.5963246822357178,34.47458267211914,1.0908130407333374
1693,167.5894653650057,2.7413747310638428,2.3174595832824707,34.03593444824219,1.0907434225082397
1694,186.96325458395503,3.2852160930633545,2.482691526412964,34.237545013427734,1.090694785118103
1695,197.17551709697136,2.979902505874634,2.295653820037842,34.17386245727539,1.0905747413635254
1696,180.68501174141284,2.5104923248291016,2.312879800796509,35.50153732299805,1.090398907661438
1697,191.65338446639186,3.170419692993164,2.3753485679626465,35.22957229614258,1.0902022123336792
1698,174.38262612265424,3.1354448795318604,2.1889753341674805,35.952640533447266,1.0900503396987915
1699,186.98451698960915,3.1255125999450684,2.6670682430267334,36.40863037109375,1.0899080038070679
1700,160.01472125544106,2.0898847579956055,3.7088961601257324,38.28992462158203,1.0897444486618042
1701,75.57070774577056,-2.774127721786499,20.74616241455078,54.790809631347656,1.0896153450012207
1702,177.1312503252576,3.5069496631622314,3.3307197093963623,37.72697448730469,1.0895500183105469
1703,186.27433059979845,3.1892876625061035,3.93286395072937,38.101566314697266,1.0894811153411865
1704,178.80878867631898,3.2597382068634033,4.289847373962402,37.968666076660156,1.0894242525100708
1705,174.37401956233853,2.7858245372772217,4.310376167297363,38.379512786865234,1.0893312692642212
1706,192.49303687198773,3.2359869480133057,4.937099933624268,38.854000091552734,1.0892277956008911
1707,176.82266496988004,2.954592227935791,4.5599589347839355,39.24186325073242,1.0891119241714478
1708,184.35404392421074,3.488780975341797,4.911060333251953,39.35636520385742,1.0890485048294067
1709,181.01870713147804,3.4884607791900635,5.492891311645508,40.04536437988281,1.0890307426452637
1710,178.91268951273935,3.216916084289551,5.7228312492370605,39.761680603027344,1.0890098810195923
1711,173.82534380370393,3.4721462726593018,5.875414848327637,40.81606674194336,1.089035987854004
1712,178.701771802705,3.255594253540039,5.9435133934021,40.699737548828125,1.08906090259552
1713,177.8534660470684,3.31773042678833,5.971703052520752,41.608699798583984,1.0891045331954956
1714,174.06286021358352,3.254587173461914,6.261564254760742,42.25509262084961,1.0891542434692383
1715,176.01163500065468,3.0084636211395264,6.079352378845215,43.28104019165039,1.0891872644424438
1716,75.45417708123999,-3.9855761528015137,51.06084060668945,58.13679122924805,1.0891798734664917
1717,69.01676301814808,-2.3688435554504395,58.09613037109375,58.92280960083008,1.0891876220703125
1718,175.7547321396659,3.054095983505249,7.475948810577393,44.73584747314453,1.0891855955123901
1719,177.58243742455522,3.7297005653381348,7.369330883026123,46.29781723022461,1.0892243385314941
1720,170.40584773442336,2.9819278717041016,6.361787796020508,45.032649993896484,1.0892486572265625
1721,70.14440528612732,-1.4240907430648804,57.151611328125,59.14441680908203,1.0893486738204956
1722,165.9400475555367,2.3212814331054688,7.810360431671143,45.263153076171875,1.0894052982330322
1723,170.43681423453037,2.5474846363067627,8.202664375305176,47.05978775024414,1.0894314050674438
1724,59.56190831244293,-3.7167766094207764,69.83422088623047,61.8529052734375,1.089477777481079
1725,171.2834893946376,3.2361958026885986,8.863826751708984,47.523216247558594,1.0895315408706665
1726,169.32995541216096,3.203655958175659,6.788979530334473,46.881778717041016,1.0896064043045044
1727,166.54495301497542,2.907700300216675,7.297024726867676,46.91807556152344,1.089684009552002
1728,168.77333149590189,3.355372667312622,9.114317893981934,47.893104553222656,1.0898183584213257
1729,92.98556116974537,0.5370070338249207,42.77459716796875,58.42090606689453,1.0900131464004517
1730,165.5619396489286,3.0058326721191406,8.856834411621094,47.5677375793457,1.0902256965637207
1731,154.27025804348077,2.8537425994873047,7.997331619262695,47.32171630859375,1.0904730558395386
1732,166.22154409896126,2.755671739578247,7.334868431091309,48.0833740234375,1.0907055139541626
1733,165.95006032652515,2.8558151721954346,6.695756912231445,48.316043853759766,1.090938687324524
1734,169.19993351064164,3.012824773788452,6.260193347930908,48.30215072631836,1.091171145439148
1735,163.19454132308078,1.9787315130233765,6.576024055480957,48.63302230834961,1.091351866722107
1736,165.1649736938289,2.1917755603790283,6.490086078643799,49.05496597290039,1.0914839506149292
1737,167.91189061116845,2.692934989929199,5.150635242462158,49.269832611083984,1.0916112661361694
1738,164.41861621584738,2.7303173542022705,5.1720685958862305,49.0380744934082,1.0917670726776123
1739,164.28067141636276,2.774512767791748,4.204113006591797,49.227108001708984,1.0919485092163086
1740,161.28808641647004,2.0839340686798096,4.378218173980713,49.54472732543945,1.0920889377593994
1741,160.4468187457017,2.157135248184204,4.236691951751709,49.538272857666016,1.0922080278396606
1742,136.28958994702398,1.3125425577163696,8.308119773864746,53.843650817871094,1.0923484563827515
1743,161.6131326887995,2.3122732639312744,4.022442817687988,50.62167739868164,1.0924938917160034
1744,162.51129661868987,2.8181092739105225,4.302649974822998,51.083900451660156,1.0927013158798218
1745,156.3386550049973,2.0152599811553955,4.103908061981201,51.607730865478516,1.0929049253463745
1746,141.29878830270601,0.6901862025260925,7.680619239807129,55.3317985534668,1.0930604934692383
1747,164.5198965114472,1.8907512426376343,4.078516483306885,53.854976654052734,1.0931857824325562
1748,159.89862460116947,2.231290340423584,4.204187393188477,53.94342803955078,1.0933419466018677
1749,162.22834614444224,0.9400604367256165,4.385417938232422,54.03852844238281,1.0934250354766846
1750,148.18311316625855,1.1967010498046875,4.768548965454102,55.58019256591797,1.093485951423645
1751,157.06963640579707,1.7094130516052246,4.571283340454102,55.319541931152344,1.0935465097427368
1752,160.47674000286182,1.5765478610992432,4.341402053833008,55.814456939697266,1.0935877561569214
1753,162.74029914555481,1.8384509086608887,4.49074125289917,56.963470458984375,1.093636155128479
1754,158.1264018701192,1.6971453428268433,4.993783950805664,57.27640914916992,1.093711018562317
1755,164.505752022505,0.7335437536239624,4.6233062744140625,58.98766326904297,1.0937272310256958
1756,158.4102121842771,1.4286704063415527,4.425219535827637,58.001216888427734,1.0937312841415405
1757,164.01677001389413,1.4659769535064697,6.13679313659668,59.46663284301758,1.0937203168869019
1758,166.10057743528404,1.5329368114471436,4.750741481781006,60.371490478515625,1.0937010049819946
1759,161.70161799007613,1.570466160774231,4.892153739929199,60.214900970458984,1.0937038660049438
1760,166.22627807002246,1.5298117399215698,4.380892276763916,61.495697021484375,1.0936962366104126
1761,163.4933532797384,1.6871494054794312,5.036922931671143,61.0446662902832,1.0937131643295288
1762,160.57122706087927,1.1367796659469604,4.36250638961792,60.57980728149414,1.0937098264694214
1763,160.58933850284944,1.0150227546691895,3.4551095962524414,60.33537673950195,1.0936890840530396
1764,157.2327091119714,1.1109180450439453,3.7601583003997803,61.002655029296875,1.0936633348464966
1765,163.03051631906933,1.5614691972732544,3.5501673221588135,60.588565826416016,1.0936797857284546
1766,164.00788158464806,1.3904659748077393,4.206333160400391,61.342777252197266,1.0936919450759888
1767,161.20298186000176,1.3472423553466797,2.664499521255493,60.921260833740234,1.0937086343765259
1768,165.60926871078482,1.3065372705459595,2.5233383178710938,61.20685958862305,1.0936927795410156
1769,168.872357825904,1.4838365316390991,2.861668825149536,62.33536911010742,1.0936723947525024
1770,167.78870444181393,1.4450676441192627,2.2134430408477783,61.785945892333984,1.0936387777328491
1771,167.95997759667193,1.4076509475708008,2.1990702152252197,61.19960021972656,1.0935938358306885
1772,165.8795325115937,1.1707619428634644,2.5582923889160156,62.43663787841797,1.0935205221176147
1773,170.10512423558353,1.583396553993225,2.308943748474121,63.210086822509766,1.093464970588684
1774,166.66100979573253,1.4182242155075073,1.9726192951202393,61.94900894165039,1.0934339761734009
1775,171.16772267823666,1.2334400415420532,2.051561117172241,63.808841705322266,1.093345284461975
1776,167.75756063944067,1.3522599935531616,2.3928136825561523,63.45790481567383,1.0932716131210327
1777,164.48653646482938,1.098186731338501,2.1597583293914795,62.03798294067383,1.0931873321533203
1778,166.52778897643879,1.0502490997314453,1.973252534866333,62.942867279052734,1.0930981636047363
1779,164.16159083704005,1.0668033361434937,1.9199535846710205,62.63684844970703,1.0930160284042358
1780,168.95970979968004,1.3395285606384277,1.8601549863815308,64.3624038696289,1.0929844379425049
1781,165.05555548500593,1.149804711341858,2.041980028152466,63.47175216674805,1.0929886102676392
1782,165.0627712159854,1.143541693687439,1.799692153930664,64.11876678466797,1.0930410623550415
1783,168.28357909944103,0.5759263634681702,1.738924264907837,64.24137115478516,1.0930160284042358
1784,168.28324955486974,1.026282787322998,1.6605504751205444,64.0316162109375,1.092995524406433
1785,168.16519867751435,1.0812546014785767,1.9785401821136475,64.67675018310547,1.0930320024490356
1786,169.15445268307485,0.9469075798988342,1.9025014638900757,65.5893783569336,1.0930653810501099
1787,165.03055584882148,0.7516452670097351,1.9618500471115112,64.0772705078125,1.093093991279602
1788,167.37342252657592,0.7738540768623352,2.0750162601470947,64.90461730957031,1.0931144952774048
1789,163.59714870775198,0.3750312328338623,2.233588218688965,63.760868072509766,1.0930941104888916
1790,169.637134612564,1.065659761428833,2.0093748569488525,65.83769226074219,1.093141794204712
1791,169.48099555363714,0.7644562721252441,1.9615728855133057,65.49417114257812,1.093174934387207
1792,169.98377437183925,0.8577646017074585,2.0319161415100098,65.2528076171875,1.0932058095932007
1793,161.38101142568883,0.06177421286702156,2.3513576984405518,64.58798217773438,1.0932022333145142
1794,167.82932180469348,0.7641247510910034,1.9019713401794434,65.10223388671875,1.0931988954544067
1795,167.72043892053003,0.8150349855422974,1.8668115139007568,64.5420913696289,1.0932108163833618
1796,167.17681144992235,0.6349180340766907,1.878535509109497,63.798004150390625,1.0931884050369263
1797,168.01340993367435,0.9973581433296204,2.2429897785186768,64.61991119384766,1.0932561159133911
1798,161.4874550652957,0.6198832392692566,1.781574010848999,63.398895263671875,1.0933252573013306
1799,166.2156505735106,0.8049759864807129,2.1084651947021484,64.09579467773438,1.0933928489685059
1800,168.3934152575254,1.398189663887024,2.0040125846862793,63.15364456176758,1.0935219526290894
1801,170.8441020936459,1.0881487131118774,2.0092215538024902,63.64773178100586,1.0936471223831177
1802,164.65253598911033,0.6998526453971863,1.8925515413284302,62.56633758544922,1.0937217473983765
1803,171.65127553144134,1.024056077003479,2.3090291023254395,64.63439178466797,1.09378182888031
1804,171.70280039109832,1.1144510507583618,2.5796751976013184,63.969444274902344,1.0938342809677124
1805,170.2752943604039,1.0561680793762207,2.0216686725616455,62.66770935058594,1.0938630104064941
1806,167.75043870158765,1.033883810043335,2.048273801803589,61.06536865234375,1.0938712358474731
1807,68.78359317141596,-9.146439552307129,109.36234283447266,84.5753173828125,1.09384286403656
1808,83.42917508782135,-4.112221717834473,74.50581359863281,80.3127670288086,1.0938290357589722
1809,171.45355364993569,1.2396385669708252,2.3059051036834717,61.4090690612793,1.0938012599945068
1810,168.50153388656628,1.319372534751892,2.256774663925171,60.909610748291016,1.093772292137146
1811,173.76554522712084,1.4047654867172241,2.7000536918640137,60.784908294677734,1.0937203168869019
1812,72.62001112776159,-5.478682518005371,98.31498718261719,81.1539306640625,1.0936747789382935
1813,59.718348565664925,-8.360280990600586,130.51698303222656,83.71607208251953,1.0936208963394165
1814,69.4118905645232,-3.4407103061676025,104.72828674316406,81.06784057617188,1.0937849283218384
1815,172.51494721973765,1.3631941080093384,2.875793695449829,59.388092041015625,1.093894362449646
1816,174.62398357524765,2.5755112171173096,3.175123929977417,58.3101921081543,1.0940696001052856
1817,60.07405504838897,-6.5850090980529785,128.18341064453125,82.18592071533203,1.09423828125
1818,171.6882914334654,1.9077250957489014,3.492332935333252,57.61253356933594,1.094380259513855
1819,92.53637837019835,-2.6586759090423584,53.30126953125,73.75077056884766,1.094512701034546
1820,168.34597212012784,2.131344795227051,3.853907585144043,59.79898452758789,1.0946553945541382
1821,81.38468450655849,-3.074263572692871,68.21783447265625,75.27021789550781,1.0948195457458496
1822,82.95927100039196,-4.0013227462768555,67.1546401977539,75.46455383300781,1.0949592590332031
1823,167.38170787062384,1.5053191184997559,4.219511985778809,57.79255676269531,1.095052719116211
1824,99.916258475635,-0.9977843165397644,46.61207962036133,71.19956970214844,1.0951956510543823
1825,82.51053416416538,-4.1238908767700195,62.52073287963867,74.64614868164062,1.0953140258789062
1826,70.4694218021002,-6.283018589019775,82.84184265136719,77.1733627319336,1.0954049825668335
1827,61.77364965379756,-5.060420989990234,105.15323638916016,79.22730255126953,1.0955488681793213
1828,56.92278933550311,-10.941076278686523,125.03841400146484,80.40585327148438,1.0956432819366455
1829,79.23108980276436,-3.471101999282837,63.32353591918945,73.9358901977539,1.0957560539245605
1830,78.75553964720626,-6.369911193847656,61.79669189453125,73.72866821289062,1.0958247184753418
1831,60.89137264535641,-10.229634284973145,96.34388732910156,77.60889434814453,1.0958439111709595
1832,62.18701975909623,-8.430822372436523,95.08513641357422,77.27200317382812,1.0958409309387207
1833,57.807699098153634,-7.927603244781494,104.33106231689453,78.52477264404297,1.0958398580551147
1834,64.32787171300778,-5.2057905197143555,85.67147064208984,76.81597900390625,1.0958729982376099
1835,83.14749092825419,-4.731963157653809,53.87892532348633,69.51016235351562,1.095878005027771
1836,91.03893921174085,-1.8009670972824097,49.46785354614258,68.47892761230469,1.0959315299987793
1837,71.26810374098805,-5.006928443908691,65.11695861816406,70.63516998291016,1.0959911346435547
1838,71.66850232549332,-5.536109924316406,60.59510040283203,71.97280883789062,1.0960451364517212
1839,78.58564068654513,-3.858245849609375,56.34158706665039,69.97300720214844,1.096118688583374
1840,75.34791431477642,-4.193470478057861,59.06415939331055,70.36603546142578,1.0962110757827759
1841,92.62476640350437,-3.079930067062378,46.98321533203125,66.49064636230469,1.0962927341461182
1842,76.41244247844446,-3.9621355533599854,54.77785873413086,68.95082092285156,1.0963932275772095
1843,98.03154747339774,-1.6599732637405396,40.930320739746094,64.49241638183594,1.0965262651443481
1844,185.4797539734587,2.0369040966033936,4.414340496063232,45.60173797607422,1.096623420715332
1845,72.18271559288424,-4.33663272857666,59.816078186035156,67.4751968383789,1.096750259399414
1846,71.36962587970598,-4.900660514831543,57.80893325805664,68.26245880126953,1.0968884229660034
1847,68.75100327320942,-4.581528663635254,60.639549255371094,68.46243286132812,1.0970927476882935
1848,133.77954694370078,-0.008465806022286415,7.727229595184326,52.80509948730469,1.0972486734390259
1849,72.27100045667841,-5.134544372558594,56.40736389160156,66.22478485107422,1.0973881483078003
1850,81.7966533877657,-3.6229705810546875,50.6921501159668,62.656578063964844,1.097517490386963
1851,99.97880092657583,-4.865236282348633,31.781888961791992,60.20146560668945,1.0975853204727173
1852,108.77576971273479,-1.8229883909225464,17.60921859741211,56.09244918823242,1.097611904144287
1853,139.5810825029999,0.9472652077674866,6.9384989738464355,47.8582878112793,1.097631812095642
1854,107.66551510207132,-1.124976396560669,18.930561065673828,56.94050598144531,1.0976465940475464
1855,133.37495053866024,0.596389889717102,6.65242862701416,47.21274185180664,1.0976282358169556
1856,172.42594289092514,2.5197224617004395,5.382665157318115,40.836708068847656,1.0976041555404663
1857,194.52912265748523,3.6881396770477295,4.692331790924072,39.20278549194336,1.097662091255188
1858,174.5046277688706,3.3711180686950684,3.664865732192993,35.525054931640625,1.097770094871521
1859,191.01744147204883,3.356285333633423,3.810502290725708,36.952545166015625,1.0978658199310303
1860,100.8053067536891,-1.9475078582763672,16.660873413085938,53.80333709716797,1.0978986024856567
1861,191.5121001789945,3.1770153045654297,3.372816801071167,37.569793701171875,1.0978785753250122
1862,186.7854144591074,3.158827543258667,3.515467643737793,37.08954620361328,1.0978261232376099
1863,193.98308040976892,3.2937240600585938,3.8520395755767822,37.79095458984375,1.0977495908737183
1864,147.1687348952501,2.3656232357025146,3.768681764602661,42.173851013183594,1.0976966619491577
1865,173.9375131288902,3.0555996894836426,3.481001377105713,37.55500411987305,1.0976165533065796
1866,175.8554006535693,2.981288194656372,3.4438796043395996,37.96397399902344,1.0975028276443481
1867,191.96207877729393,3.426030397415161,3.6137492656707764,37.25324630737305,1.0973604917526245
1868,173.79339207587327,3.225520610809326,3.4569897651672363,38.40312957763672,1.0972275733947754
1869,189.44135715568055,3.5045554637908936,3.2590904235839844,37.723907470703125,1.0970960855484009
1870,125.19671226137282,0.7211076021194458,6.2221198081970215,47.65040969848633,1.0969444513320923
1871,192.75136061275342,3.3822925090789795,3.4075613021850586,39.15266799926758,1.0967801809310913
1872,206.22272454431317,3.5371286869049072,3.5983030796051025,40.03921127319336,1.0966055393218994
1873,184.67091888228782,3.7632198333740234,3.3955185413360596,39.70920944213867,1.0964983701705933
1874,101.53156062492539,-0.33082109689712524,18.15534019470215,54.293670654296875,1.0963983535766602
1875,185.9243904898318,3.1092541217803955,3.458737850189209,41.01259994506836,1.0962729454040527
1876,197.62705696843074,3.700551748275757,3.440218210220337,41.44997024536133,1.0961753129959106
1877,184.0872260090568,3.321995735168457,3.4840774536132812,39.965667724609375,1.0960562229156494
1878,191.1345274496379,3.506194829940796,3.412808895111084,41.00572967529297,1.0959552526474
1879,185.4227349977267,3.4981844425201416,3.583528757095337,41.98511505126953,1.0958811044692993
1880,187.32536273423014,3.381406307220459,3.643038272857666,43.13591003417969,1.095816731452942
1881,187.64585898770605,3.8358609676361084,3.740837812423706,42.49873352050781,1.0957924127578735
1882,187.590534185027,3.6271543502807617,3.7041008472442627,43.073875427246094,1.0958001613616943
1883,183.77895534172566,3.2641754150390625,3.7204372882843018,44.0740852355957,1.0958064794540405
1884,188.65589631289433,3.137003183364868,4.027566432952881,45.47849655151367,1.0957785844802856
1885,135.0412241703248,1.6593109369277954,10.405056953430176,51.994773864746094,1.0957697629928589
1886,180.44711798622194,3.441965341567993,4.636590003967285,46.47462463378906,1.095786213874817
1887,187.30629789091014,2.724238634109497,4.442193508148193,47.39828872680664,1.0957473516464233
1888,178.88552477746958,3.5228519439697266,5.022825241088867,46.4776611328125,1.0957595109939575
1889,192.57883701805417,2.9039127826690674,4.964059352874756,48.944183349609375,1.0957475900650024
1890,197.138382869079,3.5182642936706543,5.154263973236084,49.462059020996094,1.095793604850769
1891,183.7184373638157,2.987955331802368,5.172730922698975,50.413795471191406,1.0958493947982788
1892,173.80859898744407,2.8706517219543457,5.890114784240723,50.77732849121094,1.0959171056747437
1893,190.45102915079622,2.839463472366333,5.514006614685059,52.47278594970703,1.095996618270874
1894,194.97525841204978,2.8832509517669678,5.482356548309326,52.451171875,1.0960580110549927
1895,186.556207983173,2.835204839706421,5.954644680023193,51.954689025878906,1.0961027145385742
1896,192.01244335347585,2.78975248336792,7.286569118499756,54.51187515258789,1.0961414575576782
1897,184.6133022303644,2.7147815227508545,7.648971080780029,54.80827713012695,1.0961769819259644
1898,170.6046395419969,1.554908037185669,8.2667818069458,55.01249313354492,1.0961612462997437
1899,170.1206045233541,2.472496747970581,9.2551851272583,55.28851318359375,1.0961540937423706
1900,185.92715760228725,2.936251163482666,7.391611576080322,55.54486083984375,1.0962156057357788
1901,190.6042308346998,2.8211002349853516,7.889554023742676,56.562252044677734,1.0963002443313599
1902,185.13596206348984,2.71427583694458,7.453886032104492,56.85368347167969,1.0963983535766602
1903,194.78425455297565,2.9014604091644287,7.031223773956299,57.389137268066406,1.0965145826339722
1904,182.66584723063028,1.673121690750122,10.087691307067871,58.32463455200195,1.0965840816497803
1905,192.5857499720617,3.0328052043914795,6.338464260101318,57.26546096801758,1.0967323780059814
1906,179.74113938484024,1.91798734664917,10.666793823242188,59.859130859375,1.0968462228775024
1907,185.07003606739346,2.1227989196777344,7.16244649887085,58.5722541809082,1.0969147682189941
1908,181.37547740605623,2.1766624450683594,7.397763729095459,59.07294845581055,1.0969606637954712
1909,185.06840781721831,2.3866658210754395,6.508998394012451,57.90434646606445,1.0969887971878052
1910,181.33648180178227,2.293731451034546,7.094449520111084,58.90238571166992,1.096998929977417
1911,201.3414640425803,2.3350627422332764,5.689627647399902,58.29108810424805,1.096971869468689
1912,169.43921041000453,2.1965010166168213,7.213737964630127,59.421142578125,1.0969582796096802
1913,180.84951494456567,2.3545918464660645,6.362104415893555,59.83235168457031,1.0969560146331787
1914,170.33448962606028,2.2345283031463623,7.240109443664551,59.947147369384766,1.0969691276550293
1915,181.03946756749917,2.266847848892212,5.820705890655518,58.219356536865234,1.0969748497009277
1916,179.77611964982194,2.3857016563415527,6.008612632751465,59.5732536315918,1.0970005989074707
1917,188.37750406700678,2.1084954738616943,5.9925971031188965,59.118194580078125,1.0969759225845337
1918,193.7358399316713,2.1778924465179443,5.8964362144470215,60.3505859375,1.0969418287277222
1919,194.7614098891605,2.814286231994629,5.955296039581299,59.79041290283203,1.0969773530960083
1920,179.60649716409122,1.9911174774169922,6.416587829589844,62.57292175292969,1.0970039367675781
1921,183.48390584836284,2.49261474609375,6.136702060699463,62.032470703125,1.0970841646194458
1922,175.2894342299066,2.121288299560547,6.082074165344238,61.663997650146484,1.0971812009811401
1923,179.6966483823517,1.7676420211791992,6.0419602394104,63.83589553833008,1.097265601158142
1924,179.4024314711022,2.0505130290985107,5.81810188293457,62.8070068359375,1.0973652601242065
1925,169.07964774124179,1.4139962196350098,5.893759727478027,63.158424377441406,1.0974335670471191
1926,188.44449902774,1.7894799709320068,5.221185684204102,62.72223663330078,1.0974684953689575
1927,175.2073252189898,1.3394461870193481,5.58762788772583,63.62126541137695,1.0974431037902832
1928,166.96920301578984,1.2388780117034912,6.097971439361572,64.25408935546875,1.097408413887024
1929,175.41990896025146,1.9998399019241333,4.95319128036499,63.1932258605957,1.0974596738815308
1930,172.8884437266125,1.841973066329956,5.131600856781006,63.969757080078125,1.0975403785705566
1931,178.73057568806655,1.7884289026260376,4.948328018188477,64.81330108642578,1.0976247787475586
1932,185.17096041818596,1.8878229856491089,4.408992767333984,63.17887878417969,1.0977025032043457
1933,178.80684876641075,1.9717153310775757,4.336475372314453,62.63257598876953,1.0978059768676758
1934,158.25868311303654,0.9285967946052551,5.663610458374023,62.98115921020508,1.0978747606277466
1935,185.7479789686206,2.089365243911743,3.9815337657928467,62.68674850463867,1.0979610681533813
1936,161.59169925780975,1.656029462814331,5.722712993621826,61.70436096191406,1.0980747938156128
1937,183.21191405671837,1.9685672521591187,4.210484504699707,62.52912902832031,1.0981966257095337
1938,181.8017148932522,1.7488058805465698,4.2076005935668945,60.92844772338867,1.0982853174209595
1939,178.7887450059687,1.7114598751068115,4.258505821228027,62.84239959716797,1.0983563661575317
1940,171.72073280605235,1.4268155097961426,4.531289100646973,61.565216064453125,1.0983918905258179
1941,178.1435169948644,1.9133857488632202,4.722142219543457,62.67258834838867,1.098459005355835
1942,176.32218092550107,1.882973074913025,5.121581554412842,63.15676498413086,1.0985631942749023
1943,185.54418487933643,2.0291237831115723,4.853593826293945,60.492862701416016,1.0986555814743042
1944,184.03152611749448,1.9941465854644775,4.511463642120361,61.384063720703125,1.0987648963928223
1945,165.32363061943923,1.7734004259109497,6.3200297355651855,61.408790588378906,1.0989021062850952
1946,172.65289908444282,1.8809778690338135,5.34314489364624,62.91077423095703,1.0990614891052246
1947,170.42053246743316,1.910063624382019,5.5957441329956055,61.90933609008789,1.0992265939712524
1948,175.16283008265842,1.60134756565094,5.29420280456543,63.93776321411133,1.0993801355361938
1949,179.76508307626338,1.733701229095459,4.792009353637695,62.825382232666016,1.0995224714279175
1950,180.3765725922141,1.856162428855896,4.897432804107666,64.12570190429688,1.099684715270996
1951,192.8668570948927,2.328646421432495,4.915310859680176,64.44261169433594,1.099890947341919
1952,172.34451783543383,1.0426477193832397,5.098714351654053,64.98323059082031,1.100040316581726
1953,182.6681166391683,1.8871649503707886,5.177047252655029,61.65171813964844,1.1001826524734497
1954,190.28710450790206,1.6677589416503906,4.60376501083374,63.82304000854492,1.10028076171875
1955,176.7877061146573,1.8961979150772095,5.557801723480225,62.76398468017578,1.1003905534744263
1956,181.91213766499803,1.7078906297683716,4.870697498321533,64.59080505371094,1.1005102396011353
1957,187.55323576266247,1.8648053407669067,5.10762357711792,63.7298698425293,1.100608468055725
1958,183.3776671754959,2.06726336479187,5.122875213623047,62.841365814208984,1.1007418632507324
1959,184.54158869478596,1.8150688409805298,4.926084995269775,63.905033111572266,1.100868582725525
1960,194.77775626033304,1.7326182126998901,4.941006660461426,63.70258331298828,1.1009677648544312
1961,185.24409055321337,1.6312952041625977,6.172476768493652,67.03449249267578,1.1010791063308716
1962,179.79054855174763,1.6532440185546875,5.636977195739746,63.57086944580078,1.1011816263198853
1963,177.06156446233436,1.1246628761291504,6.379514694213867,66.28512573242188,1.1012412309646606
1964,187.2078308567088,0.9755607843399048,5.134090423583984,66.07089233398438,1.101231336593628
1965,184.7962492142121,1.5330071449279785,5.690114974975586,66.5603256225586,1.1012071371078491
1966,173.5036700981537,1.0015226602554321,5.94249963760376,66.1422119140625,1.1011501550674438
1967,191.41827814103826,1.672288179397583,4.191877841949463,64.58106231689453,1.1010874509811401
1968,194.03304031328577,1.3836753368377686,3.107511043548584,66.82991027832031,1.1009939908981323
1969,174.31649459895846,1.3938376903533936,4.772998809814453,65.43587493896484,1.1009215116500854
1970,188.10472775701373,2.0531110763549805,3.149074077606201,64.99763488769531,1.1009182929992676
1971,173.18642096472612,0.8573696613311768,4.043442726135254,64.38794708251953,1.100866436958313
1972,190.4479949094046,1.6039352416992188,3.323162794113159,64.87287902832031,1.1008027791976929
1973,192.07680871594533,1.868578314781189,2.9173920154571533,68.23440551757812,1.1007903814315796
1974,197.63430722098695,1.3537397384643555,5.818676948547363,64.89908599853516,1.1007351875305176
1975,177.77346049571443,1.691611409187317,3.2313392162323,67.56835174560547,1.100763201713562
1976,196.29152497775414,1.7737364768981934,3.426442861557007,66.20327758789062,1.100803017616272
1977,177.21913761347935,1.2160906791687012,1.8478081226348877,65.54071044921875,1.1008039712905884
1978,175.17670155136796,1.2154488563537598,2.457965135574341,67.78172302246094,1.1008095741271973
1979,189.8749620640464,1.3338992595672607,2.150324821472168,68.6132583618164,1.1008161306381226
1980,167.8775430928749,0.6807309985160828,1.9282435178756714,66.88847351074219,1.1007823944091797
1981,185.1326752596149,1.5591516494750977,1.2604503631591797,67.25113677978516,1.1008116006851196
1982,187.12563260215776,1.1656222343444824,1.1149173974990845,68.16443634033203,1.1008142232894897
1983,195.59110896868827,1.2422025203704834,1.6018147468566895,72.24935150146484,1.1008204221725464
1984,176.0383501478427,1.1247869729995728,1.307959794998169,69.94505310058594,1.100858211517334
1985,186.30794475788522,0.9967610239982605,1.8920562267303467,70.91397094726562,1.1008800268173218
1986,186.95086361969777,1.169528603553772,1.5996739864349365,68.70012664794922,1.1009057760238647
1987,181.94863283415327,1.3071229457855225,1.3607521057128906,68.41350555419922,1.1009634733200073
1988,182.26896495499423,1.0331518650054932,1.7654213905334473,67.65151977539062,1.1010056734085083
1989,184.50944926509814,0.8257965445518494,1.7354363203048706,68.48744201660156,1.101000428199768
1990,180.81266435587722,1.2491849660873413,1.5868854522705078,66.43284606933594,1.1010231971740723
1991,186.4160367986118,0.9803990721702576,1.654302716255188,67.4235610961914,1.1010013818740845
1992,178.8751562179217,1.1281845569610596,1.3181008100509644,66.59603881835938,1.1010011434555054
1993,197.5818988443462,1.0587040185928345,1.577283501625061,68.61139678955078,1.1009808778762817
1994,188.89161466013346,0.08394495397806168,2.0297083854675293,71.66197204589844,1.1008833646774292
1995,187.3704927811934,1.3949609994888306,1.6752804517745972,64.26695251464844,1.1008127927780151
1996,186.09096049346263,1.0468719005584717,2.5283286571502686,67.01042938232422,1.100734829902649
1997,204.74727441861492,1.1368063688278198,1.168477177619934,68.901611328125,1.1006550788879395
1998,191.84340722325857,1.3912655115127563,1.7632594108581543,68.57815551757812,1.1006121635437012
1999,183.8182607226259,0.7872822284698486,1.4018559455871582,71.27935028076172,1.1005808115005493
2000,190.7472345665377,0.8975061178207397,1.2720427513122559,68.76215362548828,1.1005163192749023
2001,204.29222709586307,1.6676431894302368,1.0898643732070923,67.81309509277344,1.1005154848098755
2002,200.02670269693843,1.6336816549301147,1.2389743328094482,68.05575561523438,1.1004923582077026
2003,197.84067715024744,1.5349375009536743,1.11972177028656,68.4676742553711,1.1005526781082153
2004,200.34654459751306,1.1961212158203125,1.098436713218689,65.68155670166016,1.1005182266235352
2005,214.06062584298348,1.6335742473602295,0.9390510320663452,69.71237182617188,1.1005300283432007
2006,188.58502451216296,1.1902436017990112,1.1460202932357788,69.2651596069336,1.1005876064300537
2007,195.05849892144212,1.205240249633789,1.1048952341079712,68.06259155273438,1.1006369590759277
2008,192.33026756546616,0.9082769751548767,1.5938059091567993,72.6928482055664,1.1006799936294556
2009,186.39410967475555,0.8521913290023804,2.074092388153076,70.58712005615234,1.1007105112075806
2010,203.41551264851773,0.8472596406936646,2.2322099208831787,69.72442626953125,1.1006684303283691
2011,205.1607821075583,1.0292123556137085,1.7469953298568726,69.77996063232422,1.1005877256393433
2012,208.457019493644,1.602865219116211,2.415419340133667,71.06798553466797,1.1005538702011108
2013,211.09004166044846,1.1692837476730347,3.139439105987549,69.5938720703125,1.100488305091858
2014,209.17225595250483,1.1266802549362183,3.226821184158325,74.79719543457031,1.1004384756088257
2015,197.40984620612812,1.130543828010559,1.903470516204834,71.69815826416016,1.1003974676132202
2016,193.67706458815275,1.0791977643966675,1.7056280374526978,71.08918762207031,1.100374698638916
2017,202.2352959347613,1.077457308769226,1.4272204637527466,70.7785415649414,1.1003350019454956
2018,217.77882824397457,1.160904049873352,1.8371999263763428,74.92469787597656,1.1002999544143677
2019,201.77330143782342,1.1938425302505493,3.7399983406066895,77.11785125732422,1.100341796875
2020,206.47282853340468,0.9051445126533508,5.411190986633301,79.4908218383789,1.1004115343093872
2021,203.86906634603852,0.5534354448318481,4.380641460418701,76.89144134521484,1.1004503965377808
2022,210.74325011817797,0.9206299781799316,3.81398606300354,78.47521209716797,1.1004903316497803
2023,192.60187159684946,0.014314161613583565,5.406314373016357,80.12599182128906,1.1005126237869263
2024,199.2451171900656,0.2888889014720917,4.744786739349365,79.23440551757812,1.1005321741104126
2025,198.82054286607166,0.7600446939468384,2.6136248111724854,76.5275650024414,1.1005743741989136
2026,180.70941787802371,-0.5709123611450195,5.299473762512207,78.91126251220703,1.1005676984786987
2027,209.95176920077205,-0.05155980587005615,4.820574760437012,83.49848175048828,1.1005439758300781
2028,179.90106919680323,-0.24467043578624725,5.5005717277526855,81.33743286132812,1.100541114807129
2029,195.53604612983906,0.2513803541660309,2.0848941802978516,77.58750915527344,1.1005244255065918
2030,104.63605887778452,-4.949510097503662,131.27622985839844,97.54753112792969,1.100495457649231
2031,41.38901042842028,-9.185524940490723,309.60931396484375,102.04865264892578,1.1006442308425903
2032,47.43383188915617,-16.993215560913086,255.25558471679688,101.27188110351562,1.1007490158081055
2033,35.94309844223844,-14.809647560119629,351.66265869140625,102.08750915527344,1.1008468866348267
2034,27.252531860968993,-28.185884475708008,430.7021484375,101.88943481445312,1.100901484489441
2035,22.767338871655227,-18.67510986328125,491.711669921875,101.61787414550781,1.1009867191314697
2036,19.317441666150927,-44.62837219238281,519.2130737304688,101.28654479980469,1.1010164022445679
2037,27.21587258009925,-17.577043533325195,420.4315185546875,100.7773208618164,1.1010569334030151
2038,16.056120618930038,-44.329532623291016,602.3192749023438,101.30844116210938,1.1010478734970093
2039,22.391859547709025,-17.187076568603516,424.32562255859375,99.44264221191406,1.1010960340499878
2040,17.597664035986476,-20.030763626098633,417.3700866699219,99.64016723632812,1.1013439893722534
2041,41.14704456266933,-12.168177604675293,261.7117919921875,96.21428680419922,1.1015739440917969
2042,23.655612010666772,-19.370197296142578,337.8704528808594,97.51597595214844,1.1017906665802002
2043,19.31441948130132,-20.872928619384766,265.7115173339844,96.65332794189453,1.1020126342773438
2044,30.536531484240307,-19.298171997070312,256.9004211425781,91.0346908569336,1.102189064025879
2045,156.95958011529981,-0.07225311547517776,30.810047149658203,58.598114013671875,1.1023415327072144
2046,34.26662435862473,-17.63158416748047,270.6676940917969,84.11722564697266,1.1024478673934937
2047,28.71327775662171,-16.40610694885254,219.7042999267578,85.2498550415039,1.1025477647781372
2048,45.66883002730372,-13.56453800201416,172.3273468017578,75.68682861328125,1.1025925874710083
2049,46.17198127355075,-11.86935043334961,264.5727844238281,78.19998168945312,1.102624773979187
2050,185.383573302637,0.755673348903656,74.07002258300781,51.053489685058594,1.1026464700698853
2051,190.20955802998824,1.0390723943710327,68.44033813476562,48.73146438598633,1.1026602983474731
2052,188.47788997491315,2.62320876121521,70.8185806274414,45.15168380737305,1.1026865243911743
2053,182.63389386517403,1.3547215461730957,74.65850830078125,47.33091354370117,1.1027048826217651
2054,196.07915072994993,1.2578699588775635,56.70547866821289,47.9254264831543,1.1027135848999023
2055,202.88223077500683,2.2065601348876953,49.8053092956543,48.82554244995117,1.1027294397354126
2056,203.98004589221412,1.3746328353881836,37.35371017456055,48.92473220825195,1.1027318239212036
2057,202.72013886595087,1.5651390552520752,35.29024887084961,50.80713653564453,1.1027259826660156
2058,212.00248432368286,2.4372427463531494,41.796966552734375,58.282371520996094,1.1027352809906006
2059,202.3938762683897,2.8941538333892822,27.529144287109375,55.071353912353516,1.1027780771255493
2060,201.98022344566544,1.4478304386138916,27.36710548400879,57.89910888671875,1.1027977466583252
2061,207.3079949140258,1.723484754562378,24.13445281982422,61.61884689331055,1.1028095483779907
2062,201.3811657139929,1.9821758270263672,19.457441329956055,58.11677169799805,1.1028207540512085
2063,202.2393899506497,1.7760083675384521,14.029153823852539,60.10573196411133,1.102824091911316
2064,208.46732701915607,1.779832363128662,11.338265419006348,62.819091796875,1.1028016805648804
2065,175.7693611509597,1.5015125274658203,24.227073669433594,72.02754974365234,1.1028112173080444
2066,95.14656314932469,-7.005548000335693,129.6782989501953,81.68675994873047,1.1027752161026
2067,194.18513554460372,1.733383297920227,9.72793197631836,64.90767669677734,1.102744221687317
2068,186.55558995507403,1.5496643781661987,12.208846092224121,69.61248016357422,1.1027436256408691
2069,188.32733365297673,1.9543101787567139,12.041083335876465,69.16529083251953,1.1028183698654175
2070,184.08981322274124,0.9830328822135925,10.696523666381836,67.90033721923828,1.1028462648391724
2071,188.87305473989895,1.1802425384521484,10.65310287475586,67.70281982421875,1.1028188467025757
2072,70.85099203090711,-7.2332963943481445,178.42184448242188,83.73503875732422,1.102779746055603
2073,114.0362399770155,-0.8237123489379883,98.48619842529297,82.51268005371094,1.1028019189834595
2074,74.491015515372,-4.120253562927246,163.26101684570312,82.32352447509766,1.1028724908828735
2075,120.01581702306906,-3.02877140045166,69.1875228881836,81.8002700805664,1.1029047966003418
2076,72.06089020500208,-9.189234733581543,161.59666442871094,83.20987701416016,1.1029046773910522
2077,82.77909867235479,-3.993276596069336,137.9181671142578,84.29844665527344,1.1029192209243774
2078,82.21575128420385,-4.129852771759033,137.2513427734375,84.06375885009766,1.1029444932937622
2079,82.68750664380104,-4.343130111694336,134.5652618408203,84.75872039794922,1.1029711961746216
2080,66.1128278344735,-5.2775678634643555,181.31385803222656,85.61436462402344,1.1030348539352417
2081,87.9243885352794,-5.749904155731201,120.79351806640625,84.92680358886719,1.1030570268630981
2082,104.65933668284896,-4.214836120605469,78.3853988647461,82.7881851196289,1.1030381917953491
2083,77.86183942934568,-5.146951675415039,138.46070861816406,85.44799041748047,1.1030226945877075
2084,84.93513658865635,-2.3277015686035156,117.78958129882812,85.5062484741211,1.1030833721160889
2085,145.3756565756128,0.6990549564361572,9.509657859802246,72.13441467285156,1.1032263040542603
2086,79.54011787739354,-2.5740864276885986,124.65644836425781,85.65113067626953,1.1035159826278687
2087,70.79355392218261,-4.711728096008301,157.36289978027344,86.9688491821289,1.1038273572921753
2088,75.21103754356376,-4.6730475425720215,129.19281005859375,85.90652465820312,1.1041284799575806
2089,78.84426935584231,-3.363161325454712,126.71039581298828,86.15482330322266,1.1044623851776123
2090,172.98614605744447,1.5005091428756714,7.88578462600708,59.16066360473633,1.1047290563583374
2091,84.01811871736761,-2.767289161682129,108.65889739990234,85.45053100585938,1.1050658226013184
2092,88.68795747555045,-7.928493499755859,96.03707885742188,84.19357299804688,1.1053153276443481
2093,69.98421038430601,-4.66823673248291,136.25473022460938,86.61721801757812,1.1055985689163208
2094,71.4046579224715,-6.5201287269592285,127.5567855834961,86.2362289428711,1.1058435440063477
2095,182.05009091783455,1.52938711643219,15.334723472595215,58.4745979309082,1.1060422658920288
2096,91.78268979580358,-2.5976815223693848,77.80036163330078,82.12043762207031,1.1062606573104858
2097,77.63236801296442,-7.363304138183594,110.0229263305664,84.23894500732422,1.1064229011535645
2098,175.8842291413438,1.8748719692230225,7.047740459442139,55.01484680175781,1.1065648794174194
2099,168.5930005707567,1.0860415697097778,24.752805709838867,58.47822189331055,1.1066774129867554
2100,170.6154658373995,1.4607279300689697,7.487648963928223,55.85272979736328,1.1067484617233276
2101,122.72811140935,-1.2629040479660034,7.314228534698486,69.36498260498047,1.1067869663238525
2102,114.27303634452282,-1.1875004768371582,11.477709770202637,72.43934631347656,1.1068650484085083
2103,68.86095638899778,-6.774983882904053,121.73299407958984,84.6963882446289,1.106923222541809
2104,98.09510399000332,-2.217841625213623,46.454864501953125,77.5858154296875,1.106999158859253
2105,91.44755721323375,-3.270291328430176,59.36322021484375,78.91630554199219,1.1070700883865356
2106,91.48425207507378,-7.107276916503906,53.879756927490234,78.17108917236328,1.1070891618728638
2107,110.94274978548735,-1.4379374980926514,3.9280035495758057,67.11942291259766,1.107103705406189
2108,177.00381085754515,2.070736885070801,3.4624180793762207,46.835636138916016,1.1070759296417236
2109,162.78767682616686,1.9877043962478638,2.6341497898101807,48.0760383605957,1.1070574522018433
2110,67.0565750286918,-5.17905330657959,99.8846206665039,82.45610809326172,1.1070621013641357
2111,74.13264316597682,-4.725103855133057,61.02478790283203,78.06576538085938,1.107077717781067
2112,97.99147474155961,-1.9590719938278198,5.6077165603637695,65.32510375976562,1.1071127653121948
2113,84.31299573149884,-3.6872923374176025,22.806434631347656,72.16805267333984,1.1071428060531616
2114,73.99619738634485,-3.4144179821014404,48.70709991455078,76.41365051269531,1.1072797775268555
2115,101.30255308537579,-1.8515855073928833,4.58204984664917,61.29497146606445,1.1073936223983765
2116,91.74049290706768,-2.2863636016845703,6.694569110870361,62.85002899169922,1.1075160503387451
2117,81.79278085954171,-4.10655403137207,23.331378936767578,69.09860229492188,1.107610821723938
2118,73.74094945220062,-4.450774192810059,31.209379196166992,71.39276123046875,1.1077122688293457
2119,98.35524772653977,-1.8120498657226562,4.528763294219971,57.96379470825195,1.1077982187271118
2120,109.62981754776906,-0.7421040534973145,3.134701728820801,50.74642562866211,1.1078709363937378
2121,175.9119616205497,2.6282286643981934,4.625854969024658,34.664222717285156,1.1078981161117554
2122,92.56863964382498,-2.1457948684692383,4.560678005218506,54.56153869628906,1.1079145669937134
2123,86.57872426632008,-2.0248043537139893,7.031268119812012,55.41583251953125,1.1079617738723755
2124,93.60499592667234,-2.2223525047302246,4.823479652404785,54.27893829345703,1.1079797744750977
2125,72.11657415579894,-3.873283624649048,24.871498107910156,62.53728103637695,1.108031153678894
2126,93.6939775424746,-1.7370107173919678,3.7663564682006836,49.041473388671875,1.1080623865127563
2127,104.978894555143,-0.32985198497772217,2.1126773357391357,45.065120697021484,1.10812509059906
2128,88.09912665746941,-2.4383127689361572,6.165914535522461,50.650428771972656,1.1081615686416626
2129,87.58061922514517,-1.8344806432724,2.6935269832611084,47.99739074707031,1.108201026916504
2130,74.88999147892173,-3.7454850673675537,13.770273208618164,52.84199142456055,1.1082234382629395
2131,74.32930023628869,-4.14025354385376,13.730889320373535,51.940467834472656,1.108209490776062
2132,144.16306775718397,2.24341082572937,3.109637975692749,28.99593162536621,1.1081918478012085
2133,88.2597981763296,-2.4938337802886963,5.452751636505127,44.49915313720703,1.1081013679504395
2134,78.81149495179375,-2.1444942951202393,6.425979137420654,46.666019439697266,1.1080509424209595
2135,73.23350876952382,-5.136972427368164,7.566999912261963,48.252296447753906,1.1079260110855103
2136,120.59358362109838,1.515853762626648,2.2774107456207275,31.87818145751953,1.1078547239303589
2137,113.14223931426635,0.991092324256897,2.2309985160827637,31.67218589782715,1.107789397239685
2138,100.42215637284076,0.16117648780345917,2.0889580249786377,33.3906135559082,1.1077079772949219
2139,174.82800535105102,4.511925220489502,4.413607597351074,20.300086975097656,1.107629418373108
2140,121.61672133385551,2.085639476776123,2.743252754211426,27.343111038208008,1.1075711250305176
2141,138.44967590380227,2.8556385040283203,3.4932217597961426,26.360620498657227,1.1075085401535034
2142,154.14530393816352,3.7831928730010986,3.723188877105713,23.677391052246094,1.1074353456497192
2143,82.53526053449859,-0.3903449773788452,3.5848615169525146,37.119632720947266,1.1073764562606812
2144,69.60421221805166,-1.8730117082595825,6.313182353973389,40.20994567871094,1.1072896718978882
2145,182.5914370342428,5.02658748626709,3.6900994777679443,18.974994659423828,1.1072343587875366
2146,126.32768035597137,2.9885342121124268,2.475255250930786,25.41166877746582,1.1071807146072388
2147,187.21627400431893,5.6236491203308105,4.325640678405762,19.60445213317871,1.1071481704711914
2148,193.9290092078172,5.95495080947876,4.206483840942383,20.69928741455078,1.1071407794952393
2149,188.0615248338711,5.87525749206543,4.4740519523620605,20.42441177368164,1.1071414947509766
2150,117.57566055015575,2.3568334579467773,1.8924912214279175,26.71821403503418,1.107055425643921
2151,164.26911424467644,5.025568008422852,3.511991500854492,23.263206481933594,1.1069860458374023
2152,196.79715067685532,5.770458698272705,3.8626108169555664,20.09040641784668,1.10692298412323
2153,191.2633147866349,5.3908305168151855,4.29074764251709,20.45076560974121,1.1068041324615479
2154,192.8722370977652,6.326775074005127,4.12415075302124,21.913537979125977,1.106726050376892
2155,191.26384582098817,6.702092170715332,4.191586494445801,21.936813354492188,1.1067169904708862
2156,195.98638174645782,6.517978668212891,4.7587432861328125,22.332483291625977,1.1067399978637695
2157,175.65078262088304,5.8924150466918945,4.211267471313477,23.70557403564453,1.10679292678833
2158,195.60529951585457,5.490604877471924,4.2475504875183105,24.655799865722656,1.1067912578582764
2159,197.56429005610522,5.837691783905029,4.214006423950195,23.37783432006836,1.1067848205566406
2160,196.780306420039,5.825445175170898,4.158769130706787,23.611108779907227,1.1067297458648682
2161,206.4698923554062,6.3343281745910645,4.003338813781738,24.49144744873047,1.106685996055603
2162,137.73833299184173,3.340482473373413,3.293790340423584,28.8120174407959,1.1065869331359863
2163,193.0612250454702,5.675004959106445,3.52237606048584,24.447595596313477,1.1064977645874023
2164,196.49504285264595,6.469447612762451,3.7154862880706787,26.095470428466797,1.1064859628677368
2165,192.46228014963629,5.63701868057251,3.9117228984832764,27.04969596862793,1.106440544128418
2166,195.1104566940501,5.46035623550415,3.5061423778533936,26.826658248901367,1.1063708066940308
2167,168.40695383868058,4.625186443328857,2.824937343597412,27.99365997314453,1.1062871217727661
2168,182.9364979367082,5.018513202667236,3.4624156951904297,27.35711669921875,1.1061996221542358
2169,190.00105129727285,5.014230251312256,3.908142328262329,28.3895263671875,1.1060267686843872
2170,89.27817633910148,1.5633362531661987,7.7582268714904785,41.655635833740234,1.1059328317642212
2171,183.1290847855862,5.532805442810059,3.9270670413970947,29.77311134338379,1.1058919429779053
2172,99.02459792107653,1.9263997077941895,7.384975433349609,41.828365325927734,1.105912446975708
2173,180.33929384566508,4.4805426597595215,3.233016014099121,32.02632522583008,1.1059170961380005
2174,194.77441910808923,5.129951477050781,3.249356269836426,30.086517333984375,1.1059318780899048
2175,123.20645165732856,2.918013095855713,3.91107177734375,38.04698944091797,1.1059597730636597
2176,83.94524336991367,1.2564257383346558,13.873661994934082,46.92233657836914,1.1060467958450317
2177,109.99878582783414,1.192521095275879,7.123332500457764,40.304161071777344,1.1060770750045776
2178,199.53324028408906,4.331556797027588,3.6410791873931885,32.53874206542969,1.1060340404510498
2179,171.21101507235252,4.233364105224609,3.2651243209838867,32.9417610168457,1.1059743165969849
2180,181.87299354026865,4.556971549987793,3.1207873821258545,32.68981170654297,1.10592782497406
2181,198.26123243800043,4.840941905975342,3.0285122394561768,33.633209228515625,1.1059211492538452
2182,179.60764487039395,4.295158863067627,3.3806259632110596,34.626976013183594,1.105898380279541
2183,190.6300682673604,5.054767608642578,3.7238383293151855,35.65365219116211,1.105887532234192
2184,144.1139104057684,3.4209611415863037,7.29060697555542,40.48140335083008,1.1059460639953613
2185,192.5204482905538,4.516703128814697,3.394256353378296,35.77672576904297,1.106005311012268
2186,78.75293367325767,-0.16347180306911469,39.5991096496582,50.68886947631836,1.1060749292373657
2187,194.36391533824622,4.410690784454346,3.8482859134674072,37.077247619628906,1.1061333417892456
2188,201.73249864823208,4.542330741882324,3.798884153366089,37.77595138549805,1.1061800718307495
2189,181.2789774157619,4.249791145324707,3.828629493713379,39.366085052490234,1.106196403503418
2190,185.02973806063986,3.723257064819336,4.719554424285889,39.28818893432617,1.1061850786209106
2191,186.93660786749578,4.1301751136779785,4.6633734703063965,39.900123596191406,1.106165885925293
2192,184.5003698137832,4.614516735076904,6.299159049987793,41.44204330444336,1.106214165687561
2193,170.48260612179962,3.9282896518707275,5.195615768432617,40.48133850097656,1.1062895059585571
2194,172.76138528673505,3.756608247756958,5.195033550262451,40.494876861572266,1.10635244846344
2195,158.9872415064174,2.028874397277832,9.970075607299805,45.29439926147461,1.1063380241394043
2196,114.4387803185589,2.0967276096343994,16.656005859375,48.784645080566406,1.1063963174819946
2197,190.7642309358413,4.559109210968018,7.388711452484131,44.0354118347168,1.106490969657898
2198,178.84084867200653,3.3964128494262695,7.401919841766357,43.6507453918457,1.1065236330032349
2199,189.35499241343535,4.399574279785156,8.201756477355957,45.03610610961914,1.106627345085144
2200,180.11124754091276,3.5616464614868164,8.637174606323242,45.32799530029297,1.10671865940094
2201,195.74386243239914,3.9747731685638428,8.377196311950684,45.8602180480957,1.106821060180664
2202,185.15320999465555,2.6766247749328613,8.733406066894531,45.635353088378906,1.1068509817123413
2203,188.22448467366306,4.0633440017700195,8.241742134094238,46.741615295410156,1.1068984270095825
2204,181.85922145304238,3.7753963470458984,8.226259231567383,47.314395904541016,1.1070226430892944
2205,182.8361041643938,3.718295097351074,8.275444984436035,47.31905746459961,1.1071504354476929
2206,191.14012043301702,4.160619735717773,8.456487655639648,48.190757751464844,1.1073050498962402
2207,180.73216905747006,3.496495246887207,7.871861934661865,48.5374641418457,1.1074728965759277
2208,170.88212621598956,2.8588955402374268,8.394070625305176,48.81103515625,1.1075752973556519
2209,183.92792863968722,3.0662474632263184,9.428564071655273,50.43782043457031,1.1076315641403198
2210,169.27168176796016,3.3481383323669434,10.147406578063965,50.82225036621094,1.1077128648757935
2211,182.56064319387352,3.280014991760254,9.46053695678711,51.2657585144043,1.1077882051467896
2212,180.36257514869166,3.3171606063842773,10.052387237548828,51.94596481323242,1.107871174812317
2213,180.28985801526807,3.066382646560669,9.047747611999512,52.396484375,1.1079447269439697
2214,180.12461085073832,2.9984381198883057,9.72792911529541,52.11832046508789,1.1080082654953003
2215,161.35450517579025,3.0741665363311768,8.741203308105469,52.09389114379883,1.1081076860427856
2216,166.97181311041027,3.0503861904144287,7.781736373901367,51.996788024902344,1.1082124710083008
2217,184.2389632892139,3.372652053833008,8.886667251586914,52.84075164794922,1.1083317995071411
2218,173.25814903675695,1.6909328699111938,7.753730297088623,52.41561508178711,1.1083372831344604
2219,173.32608242915552,2.776184320449829,7.383941173553467,52.8877067565918,1.10831880569458
2220,174.65331093964417,3.113112449645996,7.990258693695068,53.503944396972656,1.1083422899246216
2221,177.03093305851905,2.7150070667266846,7.817424297332764,53.87606430053711,1.1083413362503052
2222,169.4055138444885,3.171858072280884,6.878283500671387,52.40193176269531,1.108439326286316
2223,171.77280535338025,3.310093879699707,7.353687763214111,53.14195251464844,1.1085928678512573
2224,166.88904882346355,2.8040547370910645,7.2832489013671875,53.54462432861328,1.1087439060211182
2225,167.26911742401398,2.701766014099121,7.692193984985352,54.28203582763672,1.1088794469833374
2226,170.8709447426037,3.186328172683716,7.326909065246582,53.40623474121094,1.1090282201766968
2227,170.29293694849645,2.68953537940979,7.069340229034424,53.92467498779297,1.1091488599777222
2228,168.76149742214605,3.2613213062286377,7.649435520172119,55.07365417480469,1.1093482971191406
2229,179.77053636571247,3.1545495986938477,7.024271488189697,54.353336334228516,1.1095212697982788
2230,179.60119918708148,2.1571192741394043,7.717329025268555,55.43617630004883,1.1096224784851074
2231,173.61744265898267,3.113947629928589,7.0960307121276855,54.54447555541992,1.10971200466156
2232,167.52132483275898,2.9053866863250732,7.016730785369873,53.81553268432617,1.109805941581726
2233,173.7351934290309,3.3503949642181396,6.866883754730225,54.676883697509766,1.1099227666854858
2234,185.60292107128873,2.475170135498047,6.607556343078613,55.085384368896484,1.1099867820739746
2235,168.61260845794587,2.6714768409729004,7.060873508453369,55.35512924194336,1.1100373268127441
2236,172.0030281851148,3.1753408908843994,6.962978363037109,55.708805084228516,1.1101034879684448
2237,177.53856767845065,2.153172016143799,7.460585117340088,56.57072067260742,1.1101109981536865
2238,178.75907566379206,3.7460927963256836,7.17625093460083,56.49702453613281,1.1101493835449219
2239,174.24663908687486,2.0647690296173096,7.091307163238525,56.3929443359375,1.1101402044296265
2240,169.2082281077434,2.7118725776672363,7.2970685958862305,56.04450225830078,1.1101397275924683
2241,172.4081621325827,2.4081265926361084,7.020092010498047,55.9565544128418,1.1101056337356567
2242,171.34251682652013,2.5456974506378174,6.872875690460205,56.64534378051758,1.1100449562072754
2243,178.19957789674112,3.1580395698547363,6.915701389312744,57.500118255615234,1.109998345375061
2244,165.19474866755115,2.9703927040100098,7.232526779174805,57.06337356567383,1.1100218296051025
2245,169.97930860337638,2.6382625102996826,5.952079772949219,55.82161331176758,1.1100378036499023
2246,162.8237720897746,2.1197621822357178,6.267535209655762,56.65510559082031,1.11003839969635
2247,167.50735456434592,2.5081746578216553,5.880948543548584,55.717567443847656,1.110028624534607
2248,175.8119318320051,3.369356632232666,5.759027004241943,57.30939865112305,1.110103964805603
2249,168.88107467268574,2.433875560760498,6.000049591064453,56.65673828125,1.1101527214050293
2250,169.7392261935016,2.5135936737060547,6.020177841186523,56.766605377197266,1.1101927757263184
2251,172.48930956353976,2.8695685863494873,5.856334686279297,57.53077697753906,1.1102633476257324
2252,169.1065232321924,2.5535500049591064,5.71789026260376,57.59104919433594,1.1103318929672241
2253,163.7401201958735,2.3106601238250732,5.944314002990723,55.846797943115234,1.110402226448059
2254,169.61521665898857,2.5596561431884766,5.96283483505249,57.781795501708984,1.110474944114685
2255,175.4247713234976,3.0518457889556885,5.742569923400879,58.341217041015625,1.1105738878250122
2256,176.25578188070006,2.3332855701446533,5.626420021057129,59.28388214111328,1.1106425523757935
2257,177.34966306069072,2.9611971378326416,5.433358669281006,58.765995025634766,1.110735297203064
2258,172.12180047182875,2.592886209487915,5.25934362411499,58.35049819946289,1.110826849937439
2259,167.91837864383766,2.1745009422302246,4.685916900634766,57.7068977355957,1.110899806022644
2260,169.32559075394985,2.4794251918792725,4.977272033691406,58.99898910522461,1.1109975576400757
2261,168.29820680739712,2.3758583068847656,4.302921772003174,58.932857513427734,1.1111092567443848
2262,170.29521594283062,2.3562309741973877,4.095049858093262,59.40492248535156,1.1112202405929565
2263,170.30768352454882,1.829383373260498,4.182675361633301,59.574668884277344,1.1112713813781738
2264,171.2745931280824,1.9845913648605347,4.133482933044434,59.27008819580078,1.1112768650054932
2265,175.20890773918862,1.5988340377807617,4.30831241607666,59.45984649658203,1.1112409830093384
2266,170.49837802714674,2.3408424854278564,4.529965877532959,59.553504943847656,1.1112298965454102
2267,164.62553252904559,2.199618101119995,4.513914108276367,59.32670593261719,1.111264705657959
2268,171.56296957211566,2.417473077774048,4.274230480194092,59.70877456665039,1.111334204673767
2269,177.19506440904973,2.897616147994995,4.378188133239746,59.43088912963867,1.1114234924316406
2270,168.9771238922746,2.3198554515838623,4.388358116149902,59.719512939453125,1.1115177869796753
2271,173.5994073003256,1.5621635913848877,4.33991813659668,60.17451477050781,1.1115533113479614
2272,166.5408142379395,1.7872880697250366,4.552361488342285,59.6907958984375,1.1115564107894897
2273,167.2942506443349,2.105333089828491,4.553958892822266,60.80845642089844,1.1115696430206299
2274,172.0554429449878,2.5628552436828613,4.787136077880859,59.9013557434082,1.1116241216659546
2275,172.6776587912866,2.626981019973755,4.575756549835205,60.17757797241211,1.111739158630371
2276,169.73415039109773,2.1175529956817627,4.713707447052002,59.138919830322266,1.1118468046188354
2277,170.81142284246758,2.1539008617401123,4.979372501373291,59.507720947265625,1.1119295358657837
2278,173.52334060300865,2.715780258178711,5.045984268188477,59.64397430419922,1.1120461225509644
2279,168.7647379137388,1.9335976839065552,5.19775390625,59.66265869140625,1.1121422052383423
2280,171.59799864628047,1.988338828086853,5.119618892669678,59.41815185546875,1.1121859550476074
2281,176.2395367347711,2.527416706085205,4.94773006439209,60.18920135498047,1.1122373342514038
2282,167.104379186615,2.2731270790100098,5.096541881561279,59.08208084106445,1.1123756170272827
2283,172.73935717139847,2.525045156478882,5.087614059448242,59.90309524536133,1.1125315427780151
2284,173.45681820492393,2.407994508743286,5.126475811004639,60.13795471191406,1.1126856803894043
2285,173.0109034894231,2.5852208137512207,5.257450580596924,60.03445053100586,1.1128873825073242
2286,176.37213922415998,2.104989528656006,5.118938446044922,60.826148986816406,1.1130481958389282
2287,171.62137840240558,2.4605913162231445,4.971932411193848,59.12873840332031,1.113223671913147
2288,176.5133038402022,2.07613468170166,5.752642631530762,60.439369201660156,1.1133676767349243
2289,173.49564225301486,2.1018319129943848,5.351114273071289,60.49876403808594,1.1134967803955078
2290,171.14768314920263,1.9200674295425415,5.326239109039307,59.89659881591797,1.1135932207107544
2291,173.7234036533581,2.1338350772857666,6.475733280181885,61.90997314453125,1.1136831045150757
2292,179.1542620890543,2.6770293712615967,5.740433692932129,62.38145446777344,1.1138204336166382
2293,174.94089561693755,2.3921003341674805,6.144277572631836,62.39073944091797,1.113965630531311
2294,169.66983852972794,2.0154576301574707,7.829235553741455,60.08382034301758,1.1141144037246704
2295,174.35428854185065,1.811170220375061,6.494658946990967,62.42068099975586,1.114230751991272
2296,174.5730460740155,1.9957243204116821,5.03550910949707,61.917118072509766,1.1143264770507812
2297,174.59703344950023,2.703376531600952,4.777225017547607,60.886234283447266,1.114548921585083
2298,167.15120686321447,1.7487655878067017,6.048866271972656,62.03477096557617,1.114773154258728
2299,175.17419613960203,1.7173274755477905,4.954671859741211,61.60685348510742,1.114932894706726
2300,178.22341042977723,2.391857147216797,4.925543308258057,62.73982620239258,1.1151269674301147
2301,168.24230471543606,1.7765724658966064,5.018840789794922,61.3604736328125,1.1152976751327515
2302,174.32744133540734,1.1640576124191284,4.947511196136475,62.177268981933594,1.1154016256332397
2303,171.45768945636982,2.0925655364990234,5.378809452056885,62.72349548339844,1.1155295372009277
2304,173.42019940101085,1.571273684501648,4.765803337097168,62.86631774902344,1.1156243085861206
2305,168.066536342731,1.4848819971084595,6.35774040222168,62.28938674926758,1.1156880855560303
2306,174.35920903464597,1.993116855621338,4.548377990722656,62.86062240600586,1.1157459020614624
2307,172.77891260066133,2.0063085556030273,4.712935447692871,63.436161041259766,1.115829586982727
2308,176.4975072849292,1.910959005355835,5.847978115081787,63.885494232177734,1.1159192323684692
2309,172.9316651996889,1.2718656063079834,6.1060590744018555,64.19269561767578,1.115957260131836
2310,174.26448859554787,2.176938772201538,4.4708991050720215,63.525264739990234,1.1160436868667603
2311,176.80869454788058,1.7204254865646362,4.881295204162598,65.10784912109375,1.1161351203918457
2312,172.89082535974708,2.082442045211792,4.625538349151611,63.942970275878906,1.116241693496704
2313,168.6394873508392,1.8135545253753662,4.611501693725586,63.76993942260742,1.1163572072982788
2314,172.45775530039927,1.8390138149261475,4.506205081939697,65.25040435791016,1.1164804697036743
2315,176.93407832235758,1.3859845399856567,4.636080265045166,64.90887451171875,1.1165671348571777
2316,177.57659061376782,1.6724940538406372,4.962461471557617,66.74873352050781,1.1166447401046753
2317,167.7873634150704,1.4398046731948853,5.031099319458008,65.77442932128906,1.1167254447937012
2318,169.91681691217076,1.179006576538086,4.796724319458008,64.36639404296875,1.1167621612548828
2319,169.78709879248336,0.816900372505188,4.76030969619751,64.92355346679688,1.11675226688385
2320,176.3888950269928,1.2878310680389404,4.7615556716918945,67.96648406982422,1.1167116165161133
2321,175.45229543376206,1.6394256353378296,5.592205047607422,68.40953063964844,1.116702675819397
2322,171.85830155066307,1.4355578422546387,5.407893180847168,67.92385864257812,1.116703987121582
2323,170.973318964098,1.907416820526123,5.12092924118042,66.17536163330078,1.116775393486023
2324,169.45622446428834,1.5858943462371826,5.014468193054199,64.84626770019531,1.1168556213378906
2325,168.9047652542654,1.6593186855316162,4.963013648986816,65.71806335449219,1.1169718503952026
2326,169.37361871764892,1.5558668375015259,4.768407344818115,65.88639831542969,1.117127776145935
2327,173.79469696815502,1.0783882141113281,5.072272300720215,68.4397201538086,1.1172469854354858
2328,177.53141675106727,2.2552459239959717,4.7952470779418945,67.91912078857422,1.1174269914627075
2329,174.1502846823178,1.4000685214996338,5.126584529876709,69.18834686279297,1.117570400238037
2330,172.22244369150846,0.8731415271759033,5.23198127746582,66.80982208251953,1.1176563501358032
2331,170.09506146149553,1.425655722618103,5.293402194976807,66.21617126464844,1.117739200592041
2332,169.4904335383239,1.4370582103729248,4.680391311645508,67.40711212158203,1.1178404092788696
2333,177.37298047273273,1.5464258193969727,4.663557052612305,68.16230010986328,1.1179198026657104
2334,170.1549331280951,1.4801946878433228,4.687995433807373,67.04734802246094,1.1179896593093872
2335,171.69583810484184,1.478476643562317,4.713344573974609,67.3741226196289,1.118058204650879
2336,181.50316830171852,1.8041858673095703,5.456468105316162,71.29036712646484,1.1181398630142212
2337,167.1915576602774,1.1462308168411255,5.906994819641113,67.5458755493164,1.118216633796692
2338,178.50810843075075,2.2895872592926025,4.895262718200684,70.1898193359375,1.1183737516403198
2339,173.7907613007867,1.7890621423721313,4.865347385406494,69.08282470703125,1.1185405254364014
2340,176.3759502235017,1.0364242792129517,5.171082973480225,69.60848236083984,1.118658423423767
2341,176.1832166335692,1.9093295335769653,5.171427249908447,70.23152160644531,1.1188231706619263
2342,169.4551236165231,0.8640321493148804,5.588138103485107,70.12794494628906,1.118943214416504
2343,172.5433743996683,1.068123459815979,5.055340766906738,69.27301788330078,1.1190303564071655
2344,176.8332142331624,1.6545504331588745,5.136255264282227,70.36675262451172,1.119120478630066
2345,169.43636617349452,1.2722913026809692,5.491674900054932,68.29104614257812,1.1192396879196167
2346,178.3690413997206,0.8457096219062805,5.382756233215332,70.7517318725586,1.1192978620529175
2347,176.4497024799689,0.9266994595527649,4.822605133056641,70.50569152832031,1.1193041801452637
2348,181.6332245393257,1.6600661277770996,5.239859104156494,72.68400573730469,1.1193045377731323
2349,179.75098739516957,1.9852160215377808,5.410588264465332,72.78804779052734,1.1193782091140747
2350,173.4822297887795,1.4676743745803833,4.932455539703369,71.14042663574219,1.1194640398025513
2351,175.4683488702654,1.6543840169906616,5.211577415466309,70.75801086425781,1.119550108909607
2352,172.30359464447164,1.4139665365219116,5.428936958312988,71.765380859375,1.11965811252594
2353,171.6512025723265,1.4110113382339478,5.38276481628418,69.89631652832031,1.1197980642318726
2354,191.0647091458001,2.227389097213745,5.5394487380981445,72.66189575195312,1.119966983795166
2355,174.6477633650751,1.7246301174163818,4.982116222381592,71.97201538085938,1.1202058792114258
2356,181.55201285391612,1.7369318008422852,5.346337795257568,71.9222640991211,1.1204270124435425
2357,177.48820787886774,1.2577730417251587,5.133846282958984,71.73051452636719,1.1206079721450806
2358,173.754915158805,1.4831146001815796,5.812676906585693,69.02613830566406,1.1208033561706543
2359,177.3907585174289,1.0346574783325195,5.671252250671387,72.60780334472656,1.1209505796432495
2360,183.5772280579078,1.4201955795288086,5.527030944824219,73.67088317871094,1.121060848236084
2361,172.67960360724976,1.3692079782485962,5.783041954040527,72.39556121826172,1.1211992502212524
2362,182.30452220406994,1.2349618673324585,5.663290500640869,74.53038024902344,1.1212633848190308
2363,178.53551383174016,1.1114643812179565,5.562777042388916,75.39636993408203,1.1212977170944214
2364,178.74883962151705,1.1314786672592163,5.573894023895264,75.14298248291016,1.1213079690933228
2365,173.270378387329,1.2178549766540527,5.721185207366943,72.63642883300781,1.1213302612304688
2366,174.27391982385407,1.0867294073104858,6.131349086761475,73.82880401611328,1.1213423013687134
2367,172.78487402837922,1.3094031810760498,6.048946380615234,72.19737243652344,1.1213921308517456
2368,176.0769852943795,1.4304695129394531,5.762843132019043,73.19493103027344,1.1214635372161865
2369,178.23415688487506,1.5142626762390137,5.339347839355469,74.06432342529297,1.1215834617614746
2370,178.75631463221285,2.0063741207122803,5.853152751922607,73.39929962158203,1.1217492818832397
2371,101.41375770708007,-3.8748931884765625,127.37762451171875,90.80620574951172,1.121890902519226
2372,172.8381422857504,1.4458914995193481,6.215242385864258,72.01677703857422,1.1220499277114868
2373,184.83678479860222,2.117072105407715,5.920542240142822,73.13359069824219,1.1222548484802246
2374,172.22078845207892,0.9191499352455139,6.518454551696777,71.81123352050781,1.1224241256713867
2375,183.0998191969912,1.7909804582595825,5.54175329208374,72.45848083496094,1.1226158142089844
2376,178.08754682449228,1.3672634363174438,6.524467945098877,71.85440826416016,1.122792363166809
2377,176.79494138888032,1.5482608079910278,6.212698936462402,73.57546997070312,1.1229642629623413
2378,185.66994059695384,1.750290870666504,5.453901290893555,72.94790649414062,1.1231281757354736
2379,189.0779061261999,1.8701655864715576,6.191242218017578,73.74801635742188,1.1232835054397583
2380,178.47728370881165,2.0150306224823,6.222095966339111,70.64214324951172,1.1235097646713257
2381,175.76689766107242,1.0349400043487549,6.587513446807861,72.81462097167969,1.1236977577209473
2382,180.15159884141516,1.3944909572601318,6.4002909660339355,71.52037048339844,1.123846173286438
2383,178.97740970603002,1.9202895164489746,6.080098628997803,70.02173614501953,1.1240071058273315
2384,177.80634162243146,1.2304006814956665,6.259556293487549,69.35296630859375,1.1241397857666016
2385,172.97498743927653,1.5279306173324585,7.10800838470459,68.83274841308594,1.1242871284484863
2386,180.59869080698954,1.6082791090011597,6.2373738288879395,69.8505859375,1.124420166015625
2387,176.64407727541342,1.603475570678711,6.206851482391357,69.80722045898438,1.1245936155319214
2388,173.6583551219261,1.083781123161316,6.1158623695373535,67.32634735107422,1.1247276067733765
2389,174.74836319588974,1.0680828094482422,6.766363143920898,66.21477508544922,1.124784231185913
2390,172.34282492207996,0.2781115472316742,6.8531928062438965,68.673583984375,1.1247822046279907
2391,174.75475873492948,0.7234749794006348,5.92731237411499,66.53215789794922,1.1246446371078491
2392,172.86182568667607,1.4828674793243408,6.77080774307251,67.6417007446289,1.1245595216751099
2393,181.22125281002934,1.9264023303985596,6.317285060882568,67.91255950927734,1.1245619058609009
2394,171.97658489249727,1.0843961238861084,6.702051162719727,67.16749572753906,1.1245447397232056
2395,174.80250793008997,1.1522223949432373,6.228475093841553,67.1001205444336,1.1245149374008179
2396,183.9022762711581,1.356000542640686,6.401370525360107,67.04669189453125,1.1244553327560425
2397,175.70775810532308,0.6335018873214722,6.742520809173584,66.9286880493164,1.1243499517440796
2398,177.76459067651442,1.7726212739944458,6.189560413360596,66.45237731933594,1.1243175268173218
2399,173.94303269431444,1.2236263751983643,5.931072235107422,64.33642578125,1.1242622137069702
2400,182.50308881354422,1.855082392692566,5.424194812774658,64.70051574707031,1.124247670173645
2401,179.24720199114395,1.7213637828826904,4.229940414428711,64.44548797607422,1.1242550611495972
2402,177.3627407122603,1.0800875425338745,4.611520767211914,63.53181076049805,1.1242390871047974
2403,182.5572253868442,1.798403263092041,2.5981600284576416,61.98530197143555,1.1242256164550781
2404,184.02607556584013,1.7879829406738281,3.1588613986968994,62.2607421875,1.124188780784607
2405,173.01414500226082,1.757301688194275,4.116048812866211,58.50802230834961,1.124184489250183
2406,180.82971650930776,1.6869263648986816,4.0064778327941895,60.340023040771484,1.124167799949646
2407,178.02161246478263,2.2888689041137695,4.112197399139404,59.991580963134766,1.1242033243179321
2408,169.3100513292114,1.5214908123016357,4.951344013214111,58.19617462158203,1.124239206314087
2409,182.21845500636314,2.0801820755004883,2.6062192916870117,60.29214859008789,1.1243033409118652
2410,183.2806504006771,1.9540549516677856,2.9273862838745117,60.297584533691406,1.12436044216156
2411,183.32740039854352,1.9728949069976807,3.4428200721740723,59.38519287109375,1.1243902444839478
2412,180.40631149799268,1.9843831062316895,4.218387603759766,59.359588623046875,1.1244183778762817
2413,180.01692474122694,1.9017966985702515,4.662993907928467,59.37928009033203,1.1244797706604004
2414,188.96029116863943,2.2216570377349854,4.1475090980529785,59.907310485839844,1.124550223350525
2415,184.17603778641475,1.9114795923233032,4.474789142608643,59.25674819946289,1.1246229410171509
2416,182.39065889242573,1.9810315370559692,2.8416085243225098,58.347923278808594,1.1246685981750488
2417,181.46351541219167,1.8857221603393555,3.0089447498321533,57.694488525390625,1.124706745147705
2418,181.54262871032284,1.971657633781433,1.9721404314041138,58.44525146484375,1.1247128248214722
2419,192.10457813238125,2.378614902496338,2.713573694229126,57.154449462890625,1.1247097253799438
2420,181.15620481405625,1.74192476272583,2.602731466293335,56.90958023071289,1.1246567964553833
2421,188.96572429386904,2.0357260704040527,2.119168996810913,56.80461883544922,1.1245774030685425
2422,188.34699301320987,2.063600778579712,1.9679158926010132,56.62174606323242,1.124467372894287
2423,191.69635780063288,2.1223206520080566,3.3885912895202637,56.912845611572266,1.1243395805358887
2424,177.61959324985818,1.784436583518982,3.193671703338623,54.04019546508789,1.1241679191589355
2425,180.51277997315532,2.4009037017822266,1.7175275087356567,53.713680267333984,1.1240062713623047
2426,186.5899504165731,2.084165334701538,2.893157958984375,52.69855880737305,1.123839259147644
2427,179.94528061484428,2.376004219055176,3.0147218704223633,53.25840377807617,1.123691439628601
2428,180.0757280575258,2.451601505279541,2.0701639652252197,52.540565490722656,1.1235703229904175
2429,190.1375263758138,3.202878713607788,1.8563319444656372,53.15975570678711,1.1234949827194214
2430,175.5424248840645,2.560944080352783,2.0310916900634766,52.9356803894043,1.123437523841858
2431,180.0897325276289,2.727052927017212,2.1507632732391357,52.65348815917969,1.1234045028686523
2432,180.3438521989907,2.80124568939209,2.00994610786438,54.814762115478516,1.1233891248703003
2433,182.98810252166078,2.669780731201172,1.7963234186172485,55.76139831542969,1.1234036684036255
2434,184.1276284317265,2.9441845417022705,2.1931278705596924,54.50271224975586,1.1234241724014282
2435,185.00766981987076,2.98306941986084,2.432936906814575,55.359596252441406,1.1234631538391113
2436,185.71823523650164,3.2733938694000244,2.7310032844543457,54.279335021972656,1.1235684156417847
2437,181.50458668493604,3.1638412475585938,2.9408257007598877,55.77909469604492,1.1237238645553589
2438,183.02529293327945,2.543130874633789,3.999453067779541,56.58041000366211,1.123876690864563
2439,173.05853464643238,2.928986072540283,3.9392740726470947,54.892852783203125,1.124084234237671
2440,173.32147578388017,2.30198073387146,5.384189128875732,55.09627151489258,1.1242567300796509
2441,179.00907867199442,2.4416251182556152,4.321263790130615,57.393653869628906,1.1243928670883179
2442,183.92987199092548,3.1035284996032715,4.787960052490234,58.543800354003906,1.1245516538619995
2443,175.69364633263672,2.6258134841918945,5.644333839416504,58.69648361206055,1.1247090101242065
2444,181.92522701270576,2.2284083366394043,6.2980570793151855,60.5146369934082,1.1248232126235962
2445,171.36707352777984,1.4169646501541138,6.620764255523682,59.092613220214844,1.1248856782913208
2446,179.47314864423674,2.7838618755340576,6.889408588409424,60.66392135620117,1.1249629259109497
2447,187.91729645192322,2.269871234893799,8.602420806884766,61.75090408325195,1.1249971389770508
2448,187.84589634115835,2.263868808746338,7.500921249389648,61.38399887084961,1.124979019165039
2449,184.6196861455377,1.8718597888946533,7.428007125854492,62.67290496826172,1.124868392944336
2450,189.34303443430667,2.7112479209899902,7.012683868408203,62.590667724609375,1.1247572898864746
2451,182.28089962876177,3.0331614017486572,6.749516010284424,63.02397155761719,1.1247011423110962
2452,179.56166943696286,2.596045970916748,4.274022579193115,62.6860237121582,1.1246742010116577
2453,185.56397631517413,1.4621002674102783,4.190995693206787,63.31330490112305,1.1245986223220825
2454,190.247278702475,2.6398534774780273,3.68831729888916,63.568748474121094,1.1245020627975464
2455,186.11253114525243,1.4872010946273804,3.349248170852661,62.91008377075195,1.1243252754211426
2456,184.98194503870837,2.258397340774536,3.0065805912017822,63.77885437011719,1.1240655183792114
2457,178.93670995339852,2.7154223918914795,2.7435073852539062,63.33071517944336,1.1239259243011475
2458,174.59364642419888,2.326876640319824,3.1454341411590576,64.27696228027344,1.1238088607788086
2459,179.83798890641563,2.6252918243408203,2.4331510066986084,63.56973648071289,1.1237257719039917
2460,172.9707449934252,1.899840235710144,2.7556238174438477,62.508392333984375,1.1236180067062378
2461,160.60409059812167,1.0165343284606934,9.306135177612305,67.54399871826172,1.123500943183899
2462,183.73131139331264,2.288936138153076,2.4342739582061768,65.2140121459961,1.1233724355697632
2463,177.56612693678738,2.417318105697632,2.309563636779785,64.00464630126953,1.1232606172561646
2464,189.95447233673656,2.7829785346984863,2.4013512134552,65.23269653320312,1.1231640577316284
2465,179.09523797553135,2.6152727603912354,2.420635461807251,64.8646011352539,1.1231327056884766
2466,194.99678315439456,2.982872724533081,2.538767099380493,65.73064422607422,1.1231319904327393
2467,94.47832213946883,-2.828141689300537,83.38874053955078,76.71636199951172,1.1231237649917603
2468,180.86112606433863,2.4053049087524414,2.7237355709075928,65.36249542236328,1.123113989830017
2469,183.01177045894227,2.3130853176116943,2.5567708015441895,64.6621322631836,1.1230792999267578
2470,141.23673714276666,1.206550121307373,30.707048416137695,73.5406494140625,1.1231590509414673
2471,94.19308163498307,-2.862314462661743,84.99114227294922,77.77236938476562,1.123224139213562
2472,184.41924347098018,2.790700912475586,2.8183908462524414,66.0206298828125,1.1233080625534058
2473,176.5144933895564,2.3804028034210205,2.9354798793792725,65.21129608154297,1.1234203577041626
2474,181.54736522650586,2.6419296264648438,3.240877866744995,65.66227722167969,1.1235637664794922
2475,191.7176910724988,2.678959369659424,2.9875645637512207,64.53472900390625,1.1236859560012817
2476,187.13066451658366,2.3205530643463135,3.0343706607818604,64.203125,1.1237382888793945
2477,102.3393941339602,-2.8773317337036133,78.1644515991211,77.96134948730469,1.1237651109695435
2478,150.5252826511018,0.6640661954879761,5.689850807189941,69.75598907470703,1.1237504482269287
2479,102.22630518194218,-0.8665841221809387,69.21739959716797,77.50625610351562,1.1238850355148315
2480,109.92247856307156,-3.2121829986572266,61.098087310791016,76.84494018554688,1.1239655017852783
2481,175.13183446212696,2.2643258571624756,2.5544939041137695,60.68836975097656,1.124015212059021
2482,183.88936883246305,2.8598835468292236,2.7292516231536865,62.72556686401367,1.1241108179092407
2483,180.8682949582399,2.3251864910125732,2.4195308685302734,59.973445892333984,1.1241599321365356
2484,179.65034813549678,2.6676151752471924,2.4959466457366943,59.770042419433594,1.124216079711914
2485,191.67873732658157,2.9213013648986816,2.8456616401672363,63.93173599243164,1.1242904663085938
2486,188.6445638405935,2.8061628341674805,2.5556089878082275,61.028690338134766,1.1243566274642944
2487,176.42994659951265,2.7796032428741455,2.4845850467681885,56.75289535522461,1.1244548559188843
2488,184.66331936797687,2.75323486328125,2.6943626403808594,58.66476821899414,1.1245373487472534
2489,194.40292357689205,2.8510234355926514,3.099086046218872,60.1628303527832,1.1245735883712769
2490,187.84006501923116,2.814847946166992,3.7374303340911865,59.97040939331055,1.1245927810668945
2491,141.08641096397764,1.2243906259536743,6.614111423492432,61.78888702392578,1.1246529817581177
2492,191.0649238307324,2.5713346004486084,3.859448194503784,59.5201416015625,1.124661922454834
2493,186.93063418047214,2.5529353618621826,4.261848449707031,58.14237594604492,1.1246408224105835
2494,187.89847794701012,2.8251559734344482,4.2094340324401855,58.805816650390625,1.1246155500411987
2495,189.47358363310175,2.981167793273926,4.759276866912842,58.63998794555664,1.1245970726013184
2496,189.7545335459216,2.8555829524993896,4.50571870803833,58.60960388183594,1.1245698928833008
2497,189.8350662552217,2.929887533187866,5.026079177856445,58.768821716308594,1.1245421171188354
2498,181.47426990961242,2.7020678520202637,5.252931118011475,58.133323669433594,1.1245208978652954
2499,191.7209561022065,3.297558307647705,5.358316898345947,58.35904312133789,1.1245392560958862
2500,194.5935768618528,2.6823534965515137,5.25962495803833,59.38602066040039,1.124491810798645
2501,194.60266306302174,3.410367727279663,5.270807266235352,59.0157356262207,1.1245065927505493
2502,177.1425984901514,2.0737197399139404,5.325432300567627,55.77288818359375,1.1244678497314453
2503,188.7878727627488,2.835448741912842,5.049744129180908,56.79609298706055,1.1244133710861206
2504,195.92247933790784,3.2145540714263916,4.807908058166504,58.63936996459961,1.12436842918396
2505,183.84653457759163,2.916194438934326,4.862009525299072,56.703582763671875,1.124353289604187
2506,179.7523529034698,2.850825786590576,4.445796966552734,57.35124969482422,1.124367594718933
2507,187.17789194109397,2.744813919067383,4.58087682723999,57.215946197509766,1.124353051185608
2508,194.19972300731388,2.7090344429016113,4.6063032150268555,58.251461029052734,1.1243165731430054
2509,175.17674487900015,2.6073648929595947,4.325041770935059,55.755680084228516,1.12429940700531
2510,184.33336184488397,2.6473264694213867,4.271368980407715,57.46760177612305,1.1242784261703491
2511,199.66161612917287,3.3692777156829834,4.123706340789795,60.141666412353516,1.1242852210998535
2512,190.685859971746,2.955667018890381,3.992724657058716,58.094642639160156,1.1242985725402832
2513,182.0366162953625,2.6573424339294434,4.42589807510376,57.752906799316406,1.1243113279342651
2514,198.078874140789,3.485581636428833,3.994807481765747,59.539363861083984,1.124361276626587
2515,187.4665190085626,3.236027956008911,4.616519451141357,57.88431167602539,1.1244601011276245
2516,193.95282545303675,2.737168550491333,4.381380558013916,59.831016540527344,1.1245278120040894
2517,184.9202915079076,2.6473228931427,4.2336955070495605,57.99089050292969,1.1245734691619873
2518,178.55922396432837,2.2174932956695557,3.486079216003418,57.7344970703125,1.1245732307434082
2519,194.27089640660574,2.8786003589630127,4.449333667755127,61.07850646972656,1.1245708465576172
2520,83.65121027718206,-3.1931774616241455,52.47693634033203,78.76638793945312,1.124592661857605
2521,196.18985643454664,3.001046895980835,3.931674003601074,61.165771484375,1.1246153116226196
2522,178.88420981262144,2.686591386795044,3.408865213394165,59.416175842285156,1.1246880292892456
2523,176.19325160920204,2.0137670040130615,3.3231472969055176,60.19306564331055,1.1247196197509766
2524,185.45498147020464,3.2140092849731445,3.5188848972320557,59.80215835571289,1.1249010562896729
2525,181.38696080856565,2.588437557220459,2.9215309619903564,60.15254592895508,1.1250876188278198
2526,174.65600345367713,2.2072486877441406,2.9541261196136475,59.297908782958984,1.125266671180725
2527,173.7923067439123,2.2935779094696045,2.9543371200561523,60.306671142578125,1.1254628896713257
2528,173.7698256079549,2.342252016067505,2.8743131160736084,60.61245346069336,1.12567937374115
2529,179.4107181952069,2.2079954147338867,3.2330117225646973,60.8477668762207,1.1258422136306763
2530,109.27318990051994,-1.835710883140564,27.738357543945312,70.52234649658203,1.1259764432907104
2531,180.19201166332857,1.8869320154190063,2.0604443550109863,60.45172882080078,1.126033902168274
2532,177.59395615123208,2.6483101844787598,1.933825969696045,59.92001724243164,1.1261450052261353
2533,170.75326422999157,2.008664846420288,2.269624710083008,58.855377197265625,1.1262658834457397
2534,83.3618466846006,-2.9158217906951904,56.30476760864258,77.62419891357422,1.1264275312423706
2535,177.1333190720768,2.0866565704345703,2.072221517562866,61.20856857299805,1.1265476942062378
2536,186.63927269624585,2.3838939666748047,2.21417498588562,61.32710266113281,1.1266177892684937
2537,184.77559228580262,1.9902875423431396,1.9996143579483032,61.39197540283203,1.1266061067581177
2538,175.15125159188617,2.389056921005249,1.65035879611969,60.0823974609375,1.1266487836837769
2539,174.52949903800388,1.9587609767913818,1.8926819562911987,61.37129211425781,1.126678228378296
2540,171.9731911983753,1.9063104391098022,1.7796186208724976,60.36909484863281,1.1266988515853882
2541,181.12789748332847,2.481809616088867,1.8062245845794678,61.22655487060547,1.1267461776733398
2542,174.36657981872096,2.175651788711548,1.593858242034912,61.217308044433594,1.1268411874771118
2543,168.95466969923882,1.9311612844467163,2.25392484664917,60.36061096191406,1.126966118812561
2544,183.47649839607973,2.2577409744262695,1.5025514364242554,62.14732360839844,1.1270564794540405
2545,178.55020612794894,2.176176071166992,1.4633722305297852,62.673580169677734,1.1271378993988037
2546,167.23379872834798,1.5126101970672607,2.3183045387268066,60.681697845458984,1.1272214651107788
2547,177.48604492943525,2.508256435394287,1.2708019018173218,62.78678512573242,1.127353549003601
2548,173.78752424447597,1.5285871028900146,1.5835609436035156,62.955345153808594,1.1274060010910034
2549,172.03828757280462,1.6361310482025146,1.491072416305542,62.6993293762207,1.127426028251648
2550,175.60055832881616,1.9061273336410522,1.398059368133545,62.65571975708008,1.1274142265319824
2551,185.83914250366223,2.3092494010925293,1.441025972366333,62.69439697265625,1.1273880004882812
2552,179.6709630594696,2.2121200561523438,1.5626696348190308,62.633026123046875,1.1273621320724487
2553,185.24073574858468,2.2813379764556885,1.5803736448287964,63.763275146484375,1.1273351907730103
2554,181.46474030346076,2.534691333770752,1.4819203615188599,62.35588073730469,1.127365231513977
2555,180.20129622843018,1.8526884317398071,1.4824731349945068,63.193206787109375,1.1272947788238525
2556,180.75424656146623,1.8611013889312744,1.4873288869857788,62.01354217529297,1.1271743774414062
2557,185.33308424913733,2.5576674938201904,1.6017374992370605,61.677940368652344,1.127089023590088
2558,178.842247629126,2.3113651275634766,1.3999420404434204,61.73189163208008,1.127044677734375
2559,178.763652900512,1.967829942703247,1.3459333181381226,62.39488983154297,1.1269909143447876
2560,184.0820967559325,2.5949275493621826,1.3792552947998047,61.404563903808594,1.126969337463379
2561,87.74775972984135,-2.9699220657348633,71.42628479003906,77.55408477783203,1.1269793510437012
2562,173.56181921943676,1.8635506629943848,1.158402681350708,60.91029739379883,1.1269464492797852
2563,94.8930539123995,-1.2235918045043945,61.49003982543945,76.78927612304688,1.1271098852157593
2564,181.14519388173267,2.2928295135498047,1.3123215436935425,61.9615592956543,1.1272603273391724
2565,89.19744879830462,-2.89264178276062,68.32752990722656,78.10090637207031,1.1274217367172241
2566,88.04318598859076,-2.430048704147339,71.3823013305664,78.02034759521484,1.127628207206726
2567,63.46304823096163,-6.005699157714844,121.89055633544922,82.59132385253906,1.1278382539749146
2568,121.02269659543627,-0.30163684487342834,22.421905517578125,71.51526641845703,1.1280702352523804
2569,87.45761203885004,-2.511549472808838,68.56657409667969,76.92036437988281,1.1283371448516846
2570,97.04309139911638,-5.0516533851623535,51.755313873291016,74.64558410644531,1.1285275220870972
2571,89.26724317945781,-3.8400585651397705,68.429931640625,76.56844329833984,1.1286894083023071
2572,86.9388174865474,-4.660732746124268,66.34956359863281,76.76472473144531,1.1288107633590698
2573,102.72630755408338,-2.1022069454193115,37.02583694458008,73.30152893066406,1.1289280652999878
2574,74.83161200840432,-3.3655898571014404,84.52167510986328,78.9461898803711,1.1291356086730957
2575,77.4336056890355,-3.382498264312744,81.11858367919922,78.22418975830078,1.1293703317642212
2576,170.1481627278496,1.6765832901000977,1.8182681798934937,62.13853073120117,1.1295636892318726
2577,84.4395861002093,-3.220417022705078,67.68751525878906,77.4211654663086,1.129759669303894
2578,92.28158618090836,-1.6021747589111328,56.238407135009766,75.50806427001953,1.1301112174987793
2579,91.86236296518715,-2.5510811805725098,42.019264221191406,73.20497131347656,1.1304601430892944
2580,77.92668502463995,-3.3938419818878174,72.75125122070312,77.69496154785156,1.1308273077011108
2581,70.43826168361919,-4.776490211486816,85.55038452148438,78.2508544921875,1.1311906576156616
2582,117.68280305116727,-0.5127023458480835,22.45201301574707,68.584716796875,1.1315478086471558
2583,68.5804516574091,-5.646927833557129,83.79139709472656,78.1412582397461,1.1318730115890503
2584,66.86779338099873,-5.247171878814697,88.04695892333984,78.99824523925781,1.1321858167648315
2585,77.28899382067424,-3.2253873348236084,57.986976623535156,73.96131896972656,1.1325243711471558
2586,75.9587053146797,-4.928988456726074,61.318424224853516,75.1199722290039,1.1328215599060059
2587,156.49691259763736,2.074916124343872,2.053152561187744,52.26988983154297,1.1331135034561157
2588,133.2107806412121,0.44268500804901123,1.8735055923461914,58.434661865234375,1.133348822593689
2589,55.40493615850979,-6.514225959777832,119.47389221191406,80.07433319091797,1.133597493171692
2590,69.31055472662999,-6.8153886795043945,70.94390869140625,76.03715515136719,1.1337895393371582
2591,80.3767069094564,-3.286067247390747,43.10905838012695,70.80740356445312,1.1339765787124634
2592,85.83060999926958,-1.9975425004959106,35.452606201171875,69.33856201171875,1.1342039108276367
2593,108.6475298716597,-0.6009432077407837,15.128055572509766,62.5972900390625,1.1344342231750488
2594,68.3521020814117,-8.961236000061035,59.09181594848633,73.20293426513672,1.1345558166503906
2595,104.71522003906242,-1.2000960111618042,12.630513191223145,61.06572341918945,1.1346579790115356
2596,85.84724130815535,-4.648289680480957,33.99024963378906,67.88703918457031,1.1347047090530396
2597,84.50039477589323,-2.59928822517395,31.72002410888672,67.47608184814453,1.134756088256836
2598,81.94494287609086,-2.384251117706299,30.707366943359375,66.76532745361328,1.1348270177841187
2599,71.17453574350205,-3.467886209487915,48.34580993652344,71.1700668334961,1.1349329948425293
2600,84.45207029016082,-2.7464330196380615,22.869483947753906,65.03234100341797,1.1350215673446655
2601,77.87341738992791,-3.2941815853118896,32.36996078491211,66.74553680419922,1.1351039409637451
2602,98.84678609584425,-0.9850209355354309,11.476938247680664,59.21854782104492,1.1352136135101318
2603,73.30900225665695,-2.9547932147979736,34.160301208496094,67.20938110351562,1.1353579759597778
2604,179.27508552906644,3.372921943664551,3.5921757221221924,41.79157638549805,1.1354542970657349
2605,83.36944801473737,-2.7646050453186035,19.687238693237305,61.96628189086914,1.1355246305465698
2606,81.65850713157727,-2.7585878372192383,20.7634220123291,62.847198486328125,1.1355873346328735
2607,75.52174506361968,-4.075472354888916,25.830612182617188,65.27871704101562,1.135621190071106
2608,80.61529008267267,-2.1767282485961914,18.83201026916504,61.83538055419922,1.13573157787323
2609,90.9451991368743,-2.287377119064331,12.239582061767578,57.39311981201172,1.1357961893081665
2610,67.43598052852974,-3.334620714187622,28.91807746887207,65.9595947265625,1.1359505653381348
2611,70.95210775632601,-3.572462797164917,25.435726165771484,65.15596771240234,1.1361130475997925
2612,73.33692340780148,-2.7399463653564453,20.001901626586914,60.845638275146484,1.1363602876663208
2613,102.64196495378117,-0.2585478723049164,2.8416330814361572,47.623565673828125,1.1366066932678223
2614,96.04171206367295,-1.1530588865280151,4.11188268661499,50.244144439697266,1.1368192434310913
2615,83.50255012870383,-2.6548991203308105,12.059061050415039,55.0694465637207,1.136993646621704
2616,125.41961229735567,0.8430435061454773,2.7373619079589844,39.01944351196289,1.1370854377746582
2617,64.22371702706684,-4.273624897003174,26.66901206970215,62.85209655761719,1.137215256690979
2618,71.32460246670483,-3.993391513824463,19.623687744140625,59.124412536621094,1.1373285055160522
2619,70.87658841940417,-3.4935455322265625,19.31423568725586,56.89813232421875,1.137452244758606
2620,115.33902736844978,0.5238265991210938,2.611967086791992,38.679996490478516,1.1375480890274048
2621,182.6807176614877,3.776625394821167,3.6085474491119385,33.0875244140625,1.1376148462295532
2622,69.09997120029301,-5.151540756225586,19.74011993408203,55.815391540527344,1.1376339197158813
2623,176.23567220799484,3.604022741317749,3.6110987663269043,31.199729919433594,1.1376186609268188
2624,67.77800823724347,-3.6263978481292725,20.113054275512695,55.674354553222656,1.1376327276229858
2625,179.4927902320563,4.272422790527344,3.5631768703460693,30.8798770904541,1.1376715898513794
2626,64.83323882983326,-5.722480773925781,20.111923217773438,54.70844650268555,1.137667179107666
2627,82.93253227612016,-1.3380666971206665,7.288945198059082,46.36973571777344,1.1377261877059937
2628,88.4728037089784,-1.2538275718688965,5.770355701446533,44.30604553222656,1.1377761363983154
2629,82.93711815283041,-1.270006537437439,6.971673011779785,44.495758056640625,1.1378589868545532
2630,85.701276184686,-2.333811044692993,6.298985958099365,43.38334655761719,1.1378860473632812
2631,92.58793585645506,-0.562723696231842,3.9900381565093994,41.39284133911133,1.1379164457321167
2632,173.31242914389725,3.855597972869873,3.4531257152557373,26.367000579833984,1.1378657817840576
2633,84.47990089686223,-0.5348947644233704,7.375285625457764,43.79805374145508,1.1379064321517944
2634,171.65938050191102,3.8207995891571045,3.7095212936401367,26.112533569335938,1.137877106666565
2635,180.96597191271385,5.027736663818359,3.54667592048645,27.213272094726562,1.1378875970840454
2636,185.9573074145046,4.970653057098389,4.14103364944458,27.108232498168945,1.1378883123397827
2637,184.52349114109734,4.955105781555176,3.879146099090576,27.458576202392578,1.13788640499115
2638,183.73254492412494,5.607256889343262,3.745028257369995,27.58639907836914,1.1379929780960083
2639,186.8257444129358,5.00199556350708,3.859393358230591,27.242942810058594,1.1380672454833984
2640,181.05764113782058,4.71616792678833,3.8210885524749756,27.574050903320312,1.1380729675292969
2641,178.60942037987172,4.93593692779541,3.7403604984283447,27.334266662597656,1.1380691528320312
2642,187.1011557353159,5.097060680389404,3.8017308712005615,28.18683624267578,1.138047218322754
2643,195.94893324802075,5.339390754699707,4.2152180671691895,27.806777954101562,1.1380033493041992
2644,190.00681498613028,5.649311065673828,3.7243213653564453,28.211772918701172,1.1379865407943726
2645,186.34995803858774,5.8475847244262695,3.912614583969116,27.25286102294922,1.1380574703216553
2646,196.54443259339976,5.559971332550049,4.040947437286377,28.33633041381836,1.1381207704544067
2647,182.38174362125054,4.808864593505859,3.706369638442993,27.379854202270508,1.1380976438522339
2648,187.94895220881952,5.2624592781066895,3.8221704959869385,27.8914737701416,1.1380480527877808
2649,191.83589546705818,5.293315887451172,3.858715772628784,28.21366310119629,1.1379365921020508
2650,198.16051602618018,5.168490886688232,4.107970237731934,29.09107208251953,1.1377476453781128
2651,198.35192071901383,5.4748640060424805,4.0321784019470215,29.323862075805664,1.137539267539978
2652,202.03324240242023,5.5352373123168945,4.194777965545654,29.679983139038086,1.1373270750045776
2653,194.46508439438705,5.493913650512695,4.212920665740967,29.36182975769043,1.1371036767959595
2654,186.5541217547549,5.453921318054199,3.939519166946411,29.745346069335938,1.1368976831436157
2655,198.94610272358446,5.747146129608154,4.162861347198486,30.76418685913086,1.1367264986038208
2656,195.5097399097383,5.266101360321045,4.267223834991455,30.748516082763672,1.1365151405334473
2657,205.21620569152532,5.39703893661499,4.5451226234436035,31.81490707397461,1.1362605094909668
2658,200.4273768196318,5.643847465515137,4.5772881507873535,31.67344093322754,1.13601815700531
2659,197.41012502690944,5.152937412261963,4.907646179199219,32.1441764831543,1.1357178688049316
2660,203.19203172941027,6.003561973571777,5.011125087738037,32.059783935546875,1.1354681253433228
2661,200.4234738107143,5.624147415161133,5.381608963012695,32.83771514892578,1.1352382898330688
2662,208.61742207001762,6.1967878341674805,5.080318927764893,33.44267272949219,1.1350758075714111
2663,197.20436127638996,5.301462173461914,5.127066135406494,33.05161666870117,1.1349034309387207
2664,203.80469897442478,5.916155815124512,5.282135486602783,33.721622467041016,1.1347719430923462
2665,205.3185224132711,6.01286506652832,5.242757320404053,34.395599365234375,1.1346817016601562
2666,204.63188838454624,5.587305545806885,5.305884838104248,34.46721649169922,1.1345832347869873
2667,213.53318879106143,5.589372634887695,5.414752960205078,35.1721305847168,1.134459376335144
2668,197.00382412139083,5.268671989440918,5.418970108032227,35.252044677734375,1.1343255043029785
2669,209.95899434118118,5.512543678283691,5.2780985832214355,36.46224594116211,1.1341699361801147
2670,219.15026610608408,5.893723487854004,5.971226215362549,37.21282958984375,1.13404381275177
2671,216.56163481204283,6.376449108123779,5.734226703643799,37.206363677978516,1.1339932680130005
2672,214.01216324202306,5.551929950714111,5.656795024871826,37.664608001708984,1.1339325904846191
2673,206.0143246416049,5.713278293609619,5.90947961807251,37.88175964355469,1.1339033842086792
2674,213.11836634851582,5.59032678604126,6.599394798278809,38.31694030761719,1.1338772773742676
2675,209.92564157428245,5.781510353088379,6.6709885597229,39.09148406982422,1.1338882446289062
2676,217.45572046972975,6.021060943603516,7.0364556312561035,39.44406509399414,1.1339720487594604
2677,216.3768334308037,4.766191482543945,7.614343166351318,40.10627365112305,1.1339842081069946
2678,207.67868282532137,5.492478847503662,7.672720432281494,40.32992172241211,1.1340147256851196
2679,208.32516066461903,4.983020305633545,8.082613945007324,40.3127326965332,1.1340140104293823
2680,17.59317891713336,-15.024826049804688,169.42483520507812,56.49482345581055,1.134013295173645
2681,17.115147672374167,-15.959989547729492,169.55787658691406,56.821929931640625,1.1340060234069824
2682,215.11341183520804,5.0763325691223145,8.594172477722168,42.09669876098633,1.1339741945266724
2683,204.48101135864047,5.288471698760986,9.001888275146484,41.68614196777344,1.1339436769485474
2684,217.64294484668142,5.4673380851745605,9.434774398803711,43.01603698730469,1.1339242458343506
2685,16.191193030449583,-19.41581153869629,173.0989990234375,57.072845458984375,1.1338857412338257
2686,207.73950509388865,5.42556095123291,9.838484764099121,43.136898040771484,1.1338714361190796
2687,217.46379306317772,5.324956893920898,10.325278282165527,43.7923583984375,1.1338566541671753
2688,208.24727684147058,5.3227925300598145,10.616950988769531,43.46188735961914,1.1338602304458618
2689,13.332878684202063,-15.602395057678223,198.3417510986328,58.26279067993164,1.133880615234375
2690,17.130356560628,-19.98834228515625,170.78799438476562,57.16017532348633,1.1338634490966797
2691,19.275495114011168,-11.33108139038086,170.57843017578125,57.04253387451172,1.133886456489563
2692,15.93727082561577,-20.245798110961914,172.29193115234375,57.22505569458008,1.1338902711868286
2693,14.876960900993254,-20.592885971069336,174.5519561767578,57.028900146484375,1.1338770389556885
2694,11.769190521737368,-19.33512306213379,223.68618774414062,57.30259323120117,1.1338657140731812
2695,16.408567699898718,-16.37169075012207,158.66070556640625,55.722225189208984,1.1338497400283813
2696,20.560644015517592,-13.055614471435547,156.56324768066406,55.1320686340332,1.133829951286316
2697,213.44599680629338,5.069053649902344,13.948224067687988,45.18538284301758,1.1337958574295044
2698,14.702542594978157,-16.319875717163086,178.02674865722656,55.02935028076172,1.133768916130066
2699,211.92890369072302,5.098194122314453,13.9882173538208,45.17707824707031,1.1337305307388306
2700,212.69969797129636,5.51093053817749,12.920882225036621,45.55445861816406,1.13371741771698
2701,13.864887439271603,-14.344538688659668,149.25100708007812,53.66495132446289,1.1337312459945679
2702,210.27114764448368,6.2174835205078125,14.765600204467773,45.56993103027344,1.1338071823120117
2703,20.580581173820107,-8.5932035446167,136.68215942382812,52.65522003173828,1.1339588165283203
2704,16.168617983154572,-15.208118438720703,137.68539428710938,52.42560958862305,1.1340941190719604
2705,16.16115533967712,-12.964715957641602,134.059814453125,52.155792236328125,1.134240984916687
2706,16.010791540306922,-15.463889122009277,125.36613464355469,51.67487335205078,1.1343683004379272
2707,15.712989339618627,-11.937335968017578,112.70850372314453,51.02875518798828,1.1345241069793701
2708,211.71802062632418,5.610214710235596,15.425140380859375,46.65412902832031,1.1346997022628784
2709,15.892864575883937,-13.515848159790039,114.5166244506836,50.494651794433594,1.1348721981048584
2710,215.02120224300313,5.549029350280762,15.976090431213379,46.19182586669922,1.1350387334823608
2711,22.317001823356655,-7.875776767730713,129.52662658691406,49.657127380371094,1.1352511644363403
2712,17.68415587327941,-16.052001953125,107.71678161621094,49.038352966308594,1.1354197263717651
2713,13.412207213256075,-12.764236450195312,123.52490997314453,49.16415786743164,1.1356161832809448
2714,19.583290915095585,-9.735320091247559,101.64535522460938,48.07102966308594,1.135826587677002
2715,18.820802730845696,-14.09721851348877,100.11139678955078,47.77500915527344,1.13599693775177
2716,216.67199199567943,6.215137481689453,15.877163887023926,46.311920166015625,1.1362465620040894
2717,18.749407520568393,-9.652103424072266,82.33145141601562,47.04836654663086,1.1365224123001099
2718,17.45802650158942,-12.57706069946289,92.45987701416016,45.90229797363281,1.1367741823196411
2719,13.851195919036007,-18.31385612487793,101.32579040527344,43.55552673339844,1.1369832754135132
2720,17.487257398981978,-12.223743438720703,87.03897094726562,44.47257614135742,1.1371766328811646
2721,19.816754363969437,-12.003326416015625,99.39576721191406,44.67515182495117,1.1373456716537476
2722,20.834774474424613,-11.759580612182617,95.45768737792969,43.93741226196289,1.137486219406128
2723,15.775287549771186,-12.091384887695312,91.95429992675781,43.27751541137695,1.1376415491104126
2724,19.389495995007977,-14.717880249023438,79.89090728759766,42.844451904296875,1.1377530097961426
2725,214.20494210305324,5.8280720710754395,14.900328636169434,44.279884338378906,1.137868046760559
2726,206.31366799159633,5.968705654144287,16.499475479125977,44.421817779541016,1.1380077600479126
2727,183.4465445265894,5.58990478515625,22.369922637939453,45.23044204711914,1.1382124423980713
2728,214.73888785011428,5.452090740203857,15.44677734375,44.393714904785156,1.1383880376815796
2729,15.485079586092183,-16.637414932250977,87.67063903808594,40.21116638183594,1.1385153532028198
2730,212.5966270674805,5.309649467468262,15.612079620361328,44.388519287109375,1.138610601425171
2731,205.42128399681954,6.057702541351318,13.86386775970459,44.41720199584961,1.1387428045272827
2732,200.43803602294065,6.01847505569458,14.247064590454102,44.39873123168945,1.1389055252075195
2733,201.0071817731771,4.844081878662109,14.76119327545166,44.30789566040039,1.1390016078948975
2734,203.58404442068542,5.7321553230285645,13.948450088500977,44.183013916015625,1.1391040086746216
2735,201.55544365743623,5.51462459564209,13.532012939453125,44.69942092895508,1.1392196416854858
2736,199.54421068045224,5.055076599121094,13.979778289794922,44.823768615722656,1.1393057107925415
2737,199.74296251128726,4.855434417724609,13.62282943725586,45.050045013427734,1.1393556594848633
2738,208.26091214649782,5.381211280822754,13.298361778259277,45.6526985168457,1.1394007205963135
2739,199.73955125498014,5.359418869018555,14.594548225402832,45.78927230834961,1.139451503753662
2740,204.27627351525857,5.885501861572266,13.532054901123047,46.06186294555664,1.1395535469055176
2741,202.40960475802208,5.396422863006592,13.212257385253906,46.098182678222656,1.139655590057373
2742,180.41839819185986,4.565398216247559,14.925309181213379,46.498600006103516,1.1397366523742676
2743,186.61712914468248,4.517168998718262,13.582886695861816,46.69883728027344,1.1397827863693237
2744,181.88351760407835,2.536716938018799,13.809039115905762,47.04897689819336,1.1397333145141602
2745,192.03724285365098,5.374043941497803,13.94324016571045,47.32412338256836,1.139722228050232
2746,192.52792942523214,4.920262813568115,13.638593673706055,47.77273941040039,1.13971745967865
2747,178.59235368269245,3.916551113128662,13.634777069091797,47.55890655517578,1.1396766901016235
2748,191.88703493380476,4.681727886199951,13.484713554382324,48.023311614990234,1.1396297216415405
2749,189.01396280995695,3.9162373542785645,13.987144470214844,48.077693939208984,1.1395398378372192
2750,187.29190610960669,4.768797397613525,13.955527305603027,48.77997589111328,1.139472484588623
2751,181.44730947931785,5.052695274353027,14.156652450561523,48.917945861816406,1.1394623517990112
2752,196.97527990730498,4.44997501373291,13.153121948242188,48.98595428466797,1.1394367218017578
2753,192.17996334959597,5.184266090393066,13.73791217803955,49.50149154663086,1.139543890953064
2754,192.72067179803716,4.4015984535217285,13.59650707244873,49.57115173339844,1.139602541923523
2755,175.53354163029738,4.600656986236572,14.883894920349121,49.95351791381836,1.139717698097229
2756,196.80246932513893,4.248984336853027,13.602034568786621,50.1813850402832,1.1397805213928223
2757,197.990384965186,5.00570011138916,13.86298656463623,50.64516067504883,1.1398524045944214
2758,187.8799130151042,4.292324066162109,14.832457542419434,50.75450134277344,1.1399058103561401
2759,192.2509534586359,4.582047939300537,14.733031272888184,51.136314392089844,1.139955997467041
2760,194.2858852338318,4.912442207336426,15.064366340637207,51.34369659423828,1.1400285959243774
2761,182.3284245783202,3.691831588745117,15.298379898071289,51.23891830444336,1.1400504112243652
2762,190.2639052014864,4.6382575035095215,14.874185562133789,51.41290283203125,1.1400922536849976
2763,197.91564591821992,3.774271249771118,15.203575134277344,51.88248825073242,1.1400941610336304
2764,182.53677612386795,5.038617134094238,15.072900772094727,52.1348762512207,1.1401790380477905
2765,197.57374438041768,3.714556932449341,14.987091064453125,52.62055587768555,1.140206217765808
2766,189.05497267226593,5.337149143218994,15.357418060302734,52.69651412963867,1.1403130292892456
2767,185.87624887070996,3.0791428089141846,15.667975425720215,52.60899353027344,1.140358805656433
2768,182.54749658650985,3.723705768585205,15.692045211791992,52.579612731933594,1.1403758525848389
2769,186.50545028522012,3.8948755264282227,15.512985229492188,53.083702087402344,1.1403727531433105
2770,190.02252560548015,5.118838310241699,15.680773735046387,53.37689208984375,1.1404294967651367
2771,190.7800099481192,4.241069793701172,15.251049995422363,53.202980041503906,1.1404762268066406
2772,175.35495924542542,3.0249760150909424,19.681777954101562,53.72658157348633,1.140489935874939
2773,189.7037037320496,4.20713996887207,16.072383880615234,53.75618362426758,1.1404895782470703
2774,191.0796981484458,5.131128787994385,15.269262313842773,53.572410583496094,1.1405748128890991
2775,180.66907951756602,2.9360568523406982,15.950108528137207,54.182682037353516,1.1405993700027466
2776,199.97203382035391,4.167114734649658,15.780599594116211,54.67554473876953,1.14060640335083
2777,184.1520527141565,3.768211841583252,15.910775184631348,54.6395263671875,1.1405929327011108
2778,193.8090294536275,4.828062057495117,15.761331558227539,54.70942687988281,1.140611171722412
2779,183.4391770598148,4.049544334411621,15.909897804260254,54.72460174560547,1.1406316757202148
2780,186.3808782585822,4.512301445007324,15.918392181396484,54.88253402709961,1.1406694650650024
2781,189.17353521124204,3.517808198928833,15.534036636352539,54.988189697265625,1.1406625509262085
2782,189.2379915070287,4.394196033477783,15.943951606750488,55.67768859863281,1.1406774520874023
2783,177.0515627589196,2.5346415042877197,16.10038948059082,55.568115234375,1.1406325101852417
2784,203.1415696984203,5.009757041931152,15.218430519104004,55.65452194213867,1.140656590461731
2785,191.55427852672358,4.075333118438721,15.760308265686035,56.364253997802734,1.1406769752502441
2786,191.81683102695237,4.812591075897217,15.916226387023926,56.3641242980957,1.1407395601272583
2787,172.8983364663542,3.9601869583129883,15.874838829040527,56.15903854370117,1.1408323049545288
2788,76.32566448188031,-2.915905237197876,72.65978240966797,61.891380310058594,1.140893816947937
2789,182.67811714357148,3.264143705368042,16.044954299926758,57.207176208496094,1.14092218875885
2790,203.31448807280506,4.328437328338623,15.911479949951172,57.95182800292969,1.140946626663208
2791,196.33510637356656,4.224544048309326,16.50687026977539,58.244232177734375,1.1409755945205688
2792,195.66536557326864,3.4721975326538086,16.260009765625,58.47857666015625,1.140977382659912
2793,69.49779648792789,-4.147060394287109,84.05004119873047,63.66535568237305,1.1409491300582886
2794,184.02671243972517,3.4399819374084473,21.35344886779785,60.46273422241211,1.1409164667129517
2795,179.74728716172785,2.529932975769043,18.6951904296875,59.903568267822266,1.140848994255066
2796,186.95227123163056,3.576007604598999,16.501483917236328,59.26404571533203,1.140781283378601
2797,147.43922779387972,-0.5598365068435669,42.28468704223633,61.31757736206055,1.14067804813385
2798,179.46560911346728,4.0806074142456055,16.37204360961914,59.37483596801758,1.1406313180923462
2799,186.89761874213414,3.5930845737457275,16.181760787963867,59.2324104309082,1.140584945678711
2800,95.70016689517212,0.3330807089805603,60.95021057128906,63.73936462402344,1.1405919790267944
2801,78.21737585924977,-3.862671136856079,75.84194946289062,65.55635070800781,1.1405636072158813
2802,186.92555348468716,2.75972056388855,16.474388122558594,60.718238830566406,1.1405071020126343
2803,188.5595500942128,2.7408576011657715,16.352380752563477,60.27907180786133,1.1404305696487427
2804,175.3443186301902,2.3014633655548096,16.780920028686523,60.6522216796875,1.140326976776123
2805,191.43881485907906,3.909463405609131,16.364660263061523,60.55459213256836,1.1402558088302612
2806,185.2597341802482,3.480567455291748,17.196680068969727,61.048824310302734,1.1402033567428589
2807,184.10771854002581,3.9350650310516357,19.17601776123047,61.67935562133789,1.1401938199996948
2808,178.7394393919655,2.518712043762207,16.753122329711914,61.31144714355469,1.1401658058166504
2809,184.20998723995203,3.341752767562866,16.688323974609375,61.5303840637207,1.140147089958191
2810,175.44927441228106,2.6163148880004883,16.928682327270508,61.84048080444336,1.1401138305664062
2811,179.44165607732444,2.8487389087677,16.953298568725586,62.342742919921875,1.140078067779541
2812,191.72708400144978,2.840254068374634,16.45030975341797,62.9415283203125,1.1400104761123657
2813,197.35280793129826,3.550658941268921,16.851011276245117,63.387733459472656,1.1399565935134888
2814,174.4542626440589,2.8490500450134277,17.031234741210938,63.2293586730957,1.1399216651916504
2815,87.98233399657438,-4.53009557723999,72.68307495117188,70.00613403320312,1.1398435831069946
2816,80.39917411944113,-1.3563051223754883,82.28288269042969,70.42569732666016,1.1398197412490845
2817,183.48976826159267,2.852289915084839,17.02931785583496,63.89287567138672,1.1397920846939087
2818,176.18294690969358,3.3052432537078857,16.942995071411133,63.86748504638672,1.1398361921310425
2819,184.62823835025245,2.940267562866211,17.124265670776367,64.70877075195312,1.1398805379867554
2820,180.97716306552016,1.6632453203201294,17.30055809020996,64.74237823486328,1.139882206916809
2821,62.908225766666476,-3.6068246364593506,132.5050811767578,73.34374237060547,1.13993239402771
2822,72.23126045860745,-1.7274625301361084,111.90665435791016,73.52611541748047,1.1400738954544067
2823,179.3301828698457,3.0452964305877686,17.405454635620117,65.35032653808594,1.1402381658554077
2824,185.79534258029028,3.5221762657165527,17.17949676513672,65.56594848632812,1.1404556035995483
2825,180.8594258458592,2.7329657077789307,17.04135513305664,65.92371368408203,1.1406617164611816
2826,182.42081331861965,2.343967914581299,17.163795471191406,66.2765884399414,1.1408307552337646
2827,177.7922153158294,2.632871627807617,17.242660522460938,66.77654266357422,1.140994906425476
2828,180.34277289219494,2.786757707595825,17.375732421875,67.64959716796875,1.1411770582199097
2829,103.8584299983106,-1.3923165798187256,61.488162994384766,72.58422088623047,1.1413440704345703
2830,178.05979467984292,2.3744471073150635,19.508790969848633,69.687255859375,1.141499638557434
2831,159.3394188942375,1.5386391878128052,36.47055435180664,71.15494537353516,1.1416420936584473
2832,178.69551026898094,2.586103916168213,19.62837028503418,70.8183822631836,1.141811490058899
2833,180.84367447672886,1.77101731300354,17.816638946533203,70.31812286376953,1.1419425010681152
2834,186.6366153825362,1.3755896091461182,16.6019287109375,68.31941223144531,1.1420193910598755
2835,179.05957700469295,2.746957778930664,16.99533462524414,68.5541763305664,1.1421209573745728
2836,178.02186407595735,1.962174415588379,16.990934371948242,68.98856353759766,1.142202377319336
2837,177.45131141470213,2.0062220096588135,16.980554580688477,69.35505676269531,1.1422715187072754
2838,170.7026737851328,1.3395384550094604,16.94778060913086,69.32482147216797,1.1423157453536987
2839,179.18895182305585,2.002462148666382,17.091196060180664,69.9468994140625,1.1423484086990356
2840,182.3860913721945,2.525481700897217,16.872684478759766,70.4568099975586,1.1424349546432495
2841,84.81865280349535,-5.326651096343994,98.741455078125,80.50952911376953,1.1424795389175415
2842,140.49733477167783,0.5164379477500916,51.74995422363281,77.5724105834961,1.142554759979248
2843,92.84170107756637,-1.4290287494659424,86.15324401855469,80.1273193359375,1.142748236656189
2844,172.62619623616112,1.9825092554092407,16.905757904052734,71.55580139160156,1.1429518461227417
2845,189.3396295026148,2.766491174697876,16.642948150634766,71.84150695800781,1.1432148218154907
2846,174.6919417701821,1.8144254684448242,17.17622184753418,71.54508972167969,1.143468976020813
2847,170.05649137862116,1.6950480937957764,17.224098205566406,71.6967544555664,1.143716812133789
2848,171.51955631759049,1.7426259517669678,17.215499877929688,71.46890258789062,1.1439627408981323
2849,181.32641396059046,1.6261210441589355,16.963279724121094,73.0811767578125,1.1441664695739746
2850,83.24185515902687,-5.345325946807861,104.05218505859375,83.3624038696289,1.144326090812683
2851,181.6050856215951,2.0524163246154785,16.967315673828125,73.55290985107422,1.1444932222366333
2852,179.4808274804027,2.043205738067627,17.17276954650879,73.67880249023438,1.1447057723999023
2853,181.2401511762653,2.1969332695007324,17.228300094604492,73.76614379882812,1.1449527740478516
2854,180.0920097257755,1.9451876878738403,17.225051879882812,74.45133209228516,1.1451972723007202
2855,178.4364740573915,2.3238987922668457,17.284849166870117,74.21562194824219,1.1455270051956177
2856,187.9350275271801,1.6270123720169067,16.8989315032959,75.02470397949219,1.1458073854446411
2857,180.86080894011664,1.4550895690917969,17.29490089416504,75.31822204589844,1.146053671836853
2858,185.50775603452462,1.8529462814331055,17.025787353515625,75.09021759033203,1.1462831497192383
2859,177.33490261120573,1.199333667755127,17.586711883544922,75.68511962890625,1.1464778184890747
2860,183.87621420805223,0.9866384267807007,17.005172729492188,74.81975555419922,1.1466271877288818
2861,194.00126851347127,1.5140422582626343,16.764963150024414,75.0460205078125,1.1467276811599731
2862,187.5818291020247,1.8037053346633911,17.145387649536133,74.94007873535156,1.146817922592163
2863,179.47958076837364,0.9893471002578735,17.591293334960938,75.55108642578125,1.1468716859817505
2864,178.40117760834065,1.4011735916137695,17.56382179260254,75.03189849853516,1.1469157934188843
2865,168.80541727624563,1.345785140991211,18.188156127929688,74.45074462890625,1.1469762325286865
2866,179.26172608858826,2.0695550441741943,17.77171516418457,74.50446319580078,1.1471023559570312
2867,173.31775253553548,1.2327059507369995,17.78076171875,75.4053955078125,1.1472177505493164
2868,176.9678054315545,1.6248579025268555,17.597902297973633,75.0149917602539,1.1473579406738281
2869,186.74004794416578,2.2211177349090576,17.60919189453125,74.566162109375,1.1475340127944946
2870,169.19137035453068,1.364708423614502,18.14965057373047,73.2877426147461,1.1477094888687134
2871,182.36142253684062,2.1432487964630127,17.50580596923828,74.74219512939453,1.1479133367538452
2872,173.60694091497305,1.6379324197769165,17.778766632080078,73.8736343383789,1.1481834650039673
2873,177.16009127416612,0.7701882719993591,17.828277587890625,74.25401306152344,1.1483912467956543
2874,184.67507824207757,1.8077021837234497,17.593408584594727,74.78350830078125,1.1485904455184937
2875,172.52554132058668,1.6629092693328857,17.960805892944336,73.3714828491211,1.1488641500473022
2876,182.0881903794745,1.3422634601593018,16.995014190673828,74.58456420898438,1.149103045463562
2877,175.7670155445081,1.872676134109497,16.725343704223633,73.50726318359375,1.1494168043136597
2878,179.55390642955166,1.6779721975326538,16.442827224731445,74.67816925048828,1.1497162580490112
2879,176.6266494891927,1.5693615674972534,16.21318244934082,74.57161712646484,1.150015115737915
2880,186.0170198715985,1.8198754787445068,14.852336883544922,74.25308227539062,1.150295376777649
2881,183.78380443210347,2.047543525695801,14.355480194091797,74.41584014892578,1.1506288051605225
2882,170.54947096062082,1.5040699243545532,14.118890762329102,72.91417694091797,1.1509734392166138
2883,175.36392218950016,1.6950597763061523,13.946869850158691,73.89546966552734,1.1513360738754272
2884,182.5316675016954,1.5608879327774048,13.359406471252441,74.07035064697266,1.15166437625885
2885,171.99799545962534,1.3115476369857788,13.704489707946777,72.3802490234375,1.151970386505127
2886,171.24070749125698,1.1641303300857544,13.849959373474121,72.7649917602539,1.1522490978240967
2887,173.34122121925137,1.7538542747497559,14.16248607635498,73.53176879882812,1.1525322198867798
2888,177.31825953607319,1.6457432508468628,13.767766952514648,73.22804260253906,1.1528176069259644
2889,175.07382526500174,1.7216088771820068,13.99493408203125,73.82437896728516,1.153139591217041
2890,182.63573119607113,1.3600693941116333,13.405721664428711,74.43144989013672,1.1534199714660645
2891,171.89304963148942,1.2285501956939697,13.960901260375977,73.18547821044922,1.1536842584609985
2892,174.6531975467902,0.4914369583129883,13.944209098815918,73.7342529296875,1.153892159461975
2893,180.47309310956618,2.2080626487731934,13.576285362243652,74.79388427734375,1.1542410850524902
2894,187.49898506483532,1.8801853656768799,14.303832054138184,76.5085678100586,1.1545809507369995
2895,186.78270259075535,0.4595016837120056,13.47773551940918,76.10623931884766,1.1548230648040771
2896,177.80601950626297,1.035791039466858,14.461524963378906,76.40425109863281,1.1550276279449463
2897,184.59417070073394,1.6591795682907104,14.05343246459961,76.73931884765625,1.155232548713684
2898,188.09231843806066,1.6298763751983643,14.044487953186035,77.21007537841797,1.155422568321228
2899,178.55752340425792,1.7032426595687866,14.140965461730957,77.13003540039062,1.1556462049484253
2900,186.18127987607565,-0.919761598110199,14.212401390075684,77.15580749511719,1.1557685136795044
2901,90.78889693554166,-2.5212442874908447,105.78711700439453,87.4498291015625,1.1559923887252808
2902,188.18099633067308,1.3810479640960693,13.952794075012207,77.8734130859375,1.1561862230300903
2903,180.8706633568931,1.6708710193634033,14.399715423583984,78.24353790283203,1.156410813331604
2904,186.95662003118056,1.6102508306503296,13.521347999572754,78.53035736083984,1.1566309928894043
2905,79.94750554399654,-4.1608567237854,116.1467514038086,89.1843032836914,1.1568818092346191
2906,102.9609391156829,-1.5921204090118408,81.24082946777344,86.1121826171875,1.1572561264038086
2907,191.28420819253384,1.2328168153762817,13.521218299865723,78.33209991455078,1.1575782299041748
2908,173.95636051525418,0.9372472167015076,14.087865829467773,77.78081512451172,1.1578725576400757
2909,110.1493870304367,-1.7207072973251343,59.17784118652344,84.55097961425781,1.1582144498825073
2910,123.77236919760405,-1.5284268856048584,81.6094970703125,86.28410339355469,1.158534049987793
2911,191.0434351917902,1.6209361553192139,12.95206069946289,78.31987762451172,1.1588449478149414
2912,184.86919065976826,1.4849587678909302,13.102542877197266,78.29293823242188,1.1591482162475586
2913,128.51158462532655,-0.7865694761276245,69.0290298461914,85.87152099609375,1.1594692468643188
2914,98.49790878428398,-3.4927802085876465,96.9299545288086,88.2606201171875,1.1597665548324585
2915,74.17221090182932,-7.756016731262207,133.00343322753906,91.1992416381836,1.1600136756896973
2916,103.33195054727965,-3.539797067642212,93.6639404296875,87.42509460449219,1.1602336168289185
2917,127.65889721798794,-1.3299741744995117,80.17373657226562,86.7364273071289,1.1604522466659546
2918,97.16002490207944,-3.398798704147339,96.78839111328125,88.30803680419922,1.1606630086898804
2919,185.4568968707577,1.6317360401153564,12.62827205657959,77.71154022216797,1.1608895063400269
2920,182.75282021713267,1.3053456544876099,12.726912498474121,77.20659637451172,1.1610993146896362
2921,173.45262026807694,0.9451677203178406,13.263683319091797,78.74217224121094,1.161303997039795
2922,140.9246822381231,-0.27623727917671204,45.717830657958984,83.39839935302734,1.1615262031555176
2923,188.62268566647265,1.355180263519287,12.432608604431152,77.9112319946289,1.1617249250411987
2924,187.9777361088048,1.2173950672149658,12.356316566467285,77.5408706665039,1.1618932485580444
2925,88.57251389233863,-4.297397613525391,108.22611236572266,89.17144775390625,1.162057876586914
2926,172.82733789978633,1.1726653575897217,13.005417823791504,76.07837677001953,1.162245273590088
2927,163.94574487778914,0.781399667263031,17.152145385742188,80.43514251708984,1.1624611616134644
2928,144.89855455423339,-1.7436189651489258,42.99432373046875,83.28582763671875,1.1626182794570923
2929,179.4769968290836,0.21112506091594696,12.670026779174805,77.12747192382812,1.1627224683761597
2930,186.51188204606015,1.5240858793258667,12.367940902709961,78.4949722290039,1.1628497838974
2931,134.3747295902764,-0.8956466317176819,47.93687057495117,81.5011215209961,1.16298246383667
2932,82.45061520405383,-4.118082523345947,115.73077392578125,90.048583984375,1.1631613969802856
2933,164.9771895912782,1.0316327810287476,14.550614356994629,80.05655670166016,1.1634386777877808
2934,190.27569272489154,1.7050877809524536,12.127313613891602,77.54989624023438,1.163731336593628
2935,69.8455072270968,-11.415796279907227,151.09555053710938,93.8757095336914,1.1639410257339478
2936,191.61801382278787,0.6007411479949951,11.988056182861328,77.49398803710938,1.1640849113464355
2937,179.39984645644483,0.8709287047386169,12.512151718139648,78.42899322509766,1.1642054319381714
2938,178.87266582823813,0.7867748737335205,12.396989822387695,77.1280517578125,1.1643015146255493
2939,188.59115190484334,1.6701709032058716,12.147501945495605,77.5802001953125,1.1644396781921387
2940,106.29397098835395,-3.3195607662200928,54.34858322143555,85.47645568847656,1.1645607948303223
2941,177.31434751173748,0.7432011961936951,12.467665672302246,77.72234344482422,1.1646589040756226
2942,158.44410961449006,-0.1717568337917328,15.675379753112793,80.35875701904297,1.1647289991378784
2943,181.8730356634157,1.7238662242889404,12.543352127075195,76.77163696289062,1.1648637056350708
2944,192.68867570161743,1.2432458400726318,12.14530086517334,77.15130615234375,1.1649724245071411
2945,175.47474531785974,0.24710622429847717,12.52635383605957,77.79315948486328,1.1650471687316895
2946,186.6584661244038,1.0404859781265259,12.456844329833984,77.25047302246094,1.1650956869125366
2947,181.57029383801608,0.41634318232536316,12.68238353729248,77.22154998779297,1.1650909185409546
2948,182.59316980141526,1.6377731561660767,12.601405143737793,76.60090637207031,1.165276288986206
2949,182.61458815010417,1.5012513399124146,12.95962905883789,76.3985366821289,1.1654635667800903
2950,183.7059556789388,1.1432055234909058,13.204278945922852,76.91288757324219,1.1656241416931152
2951,186.89954091530424,2.046104907989502,13.114152908325195,76.41857147216797,1.165842890739441
2952,184.91893141582,1.698403239250183,13.259132385253906,76.05864715576172,1.1660960912704468
2953,194.21988461403515,1.5707811117172241,13.179376602172852,76.4696273803711,1.1663230657577515
2954,180.36672991949223,1.2969588041305542,13.357197761535645,75.43012237548828,1.166542649269104
2955,178.37722867685994,1.3209706544876099,13.604911804199219,75.33495330810547,1.1667585372924805
2956,187.49111558291958,1.4580926895141602,13.769959449768066,75.26738739013672,1.1669529676437378
2957,191.67090614813958,1.600854516029358,13.658698081970215,74.66342163085938,1.1671172380447388
2958,187.0235987244278,1.7921874523162842,13.909435272216797,75.40898132324219,1.1672924757003784
2959,190.45159293354305,1.5105723142623901,13.971264839172363,75.5740966796875,1.1674447059631348
2960,177.06061517650042,0.9144580364227295,15.065191268920898,72.45259857177734,1.1675591468811035
2961,168.18657606525318,1.2431949377059937,14.851457595825195,69.37533569335938,1.1677438020706177
2962,187.04679311155445,1.5464800596237183,14.48954963684082,73.11737060546875,1.167910099029541
2963,178.313203633462,1.3908909559249878,14.800856590270996,71.88333892822266,1.1680631637573242
2964,184.5220209597376,1.5787477493286133,14.608333587646484,72.6634521484375,1.1682032346725464
2965,196.2434307283027,2.0823891162872314,14.0318021774292,73.66191864013672,1.168355107307434
2966,193.8515415086158,1.5531619787216187,14.245532989501953,73.03005981445312,1.1684651374816895
2967,199.53683548005435,2.5249147415161133,13.913410186767578,73.28545379638672,1.168641209602356
2968,179.41613894488125,1.7471948862075806,15.114961624145508,69.51058197021484,1.1688193082809448
2969,192.7168725376944,1.4320470094680786,14.374709129333496,71.26384735107422,1.1689523458480835
2970,183.74159795559171,1.9292103052139282,15.116949081420898,69.63790893554688,1.1691077947616577
2971,195.25889179710688,2.3909850120544434,14.764331817626953,70.973876953125,1.1693028211593628
2972,194.53942514480323,2.027923822402954,14.736435890197754,71.71507263183594,1.1694804430007935
2973,208.21016317872824,2.637392997741699,13.599653244018555,72.97986602783203,1.1696776151657104
2974,196.83820137119892,2.3237404823303223,14.466710090637207,70.97110748291016,1.16993248462677
2975,174.356162131249,1.4618586301803589,15.112892150878906,68.26820373535156,1.1701780557632446
2976,180.71297738418622,1.4649609327316284,15.340686798095703,67.06681060791016,1.170386791229248
2977,192.20259174788976,2.363123893737793,14.8120698928833,68.26925659179688,1.170649528503418
2978,198.2962366833708,2.3318517208099365,14.512155532836914,70.0324935913086,1.1708987951278687
2979,194.81558760950847,2.106278896331787,15.120108604431152,71.16320037841797,1.1711326837539673
2980,174.7835506279199,2.0145950317382812,15.544708251953125,67.09813690185547,1.171398639678955
2981,206.85457909647775,2.601494312286377,14.089590072631836,70.84143829345703,1.1716495752334595
2982,199.57728303116042,2.805676221847534,14.48017692565918,69.77783966064453,1.1720043420791626
2983,206.4621753832553,1.8612124919891357,14.616646766662598,70.87749481201172,1.1722909212112427
2984,205.20178731814784,2.9599170684814453,14.31001091003418,70.27782440185547,1.1727112531661987
2985,194.00730518905343,1.7740060091018677,15.274791717529297,68.12857055664062,1.1730784177780151
2986,201.31863126350817,3.0602707862854004,15.16866397857666,69.19441986083984,1.173522710800171
2987,205.38159354392354,2.8060998916625977,16.606725692749023,70.46540832519531,1.1739422082901
2988,201.1783351565396,2.1635990142822266,16.765241622924805,69.58043670654297,1.174314022064209
2989,185.67360870857001,2.207340717315674,16.668439865112305,67.30790710449219,1.1746801137924194
2990,110.46674828202258,-2.214991807937622,39.7059211730957,81.07633972167969,1.1750357151031494
2991,211.8544090535183,2.849238395690918,15.133321762084961,71.13257598876953,1.1754069328308105
2992,141.35141975671058,0.06781064718961716,26.500324249267578,75.88174438476562,1.1758018732070923
2993,214.67148440392472,2.529508113861084,14.568573951721191,71.5743179321289,1.1761590242385864
2994,129.18723053554086,-0.604029655456543,32.23841094970703,81.2174072265625,1.1765397787094116
2995,128.64004967501037,-0.7038112878799438,30.146421432495117,76.5711669921875,1.1769598722457886
2996,126.17027734801736,-1.180177927017212,33.19557571411133,81.81771850585938,1.1773639917373657
2997,87.45105319864649,-4.964931964874268,46.028133392333984,85.95345306396484,1.1777276992797852
2998,208.35741163406774,2.473870277404785,14.938752174377441,71.01444244384766,1.178078532218933
2999,179.34671563797178,0.6434465050697327,19.95892906188965,73.23538970947266,1.1783673763275146
3000,212.30884198860096,2.4529776573181152,14.55669116973877,71.72848510742188,1.1786293983459473
3001,189.89025473157096,1.9507237672805786,17.307098388671875,72.16586303710938,1.1788970232009888
3002,186.28912824508672,1.9140621423721313,17.539379119873047,72.91609191894531,1.1792086362838745
3003,214.4591813713037,2.529162645339966,14.362051963806152,71.49307250976562,1.1794922351837158
3004,163.61970664874207,0.8420058488845825,25.686418533325195,78.28382873535156,1.1798510551452637
3005,161.70383135556543,-0.07880502194166183,26.66721534729004,78.52788543701172,1.1801646947860718
3006,146.95208442573988,-1.135578989982605,29.176189422607422,78.73814392089844,1.1804192066192627
3007,111.62508998129982,-1.8960940837860107,40.72455978393555,81.22307586669922,1.1806899309158325
3008,117.60142813544651,-3.0676796436309814,41.16986846923828,85.95790100097656,1.180920958518982
3009,90.51801022058821,-4.490527153015137,104.71183776855469,89.86378479003906,1.1811389923095703
3010,143.649436137899,-1.7750886678695679,29.141937255859375,82.1924057006836,1.1812981367111206
3011,104.66389522883861,-2.594745397567749,44.39789962768555,83.93814849853516,1.181510329246521
3012,140.7368060755034,-1.6787101030349731,30.203231811523438,82.17373657226562,1.1816810369491577
3013,174.5899950443682,0.2654644548892975,19.244707107543945,74.28103637695312,1.181814193725586
3014,139.20631335914322,-0.3204841613769531,30.52418327331543,79.83149719238281,1.1820147037506104
3015,199.92998307110852,1.7386548519134521,14.77860164642334,75.8177719116211,1.1821990013122559
3016,73.24295882991555,-8.615859985351562,93.08477020263672,93.10234832763672,1.182334065437317
3017,128.5007331374585,-0.4008103311061859,34.588260650634766,82.41751861572266,1.1826764345169067
3018,215.49774762535122,1.9754600524902344,13.772709846496582,71.29946899414062,1.1829546689987183
3019,211.73323183335594,2.6418957710266113,14.228322982788086,72.15323638916016,1.1832375526428223
3020,88.80298540477087,-4.515753269195557,51.623374938964844,85.92543029785156,1.1835254430770874
3021,188.41858907674325,1.6449823379516602,15.676591873168945,74.48098754882812,1.1838206052780151
3022,202.83857763469527,0.798563539981842,14.524404525756836,68.70872497558594,1.1840397119522095
3023,220.62724201949945,2.8174028396606445,13.465216636657715,71.96941375732422,1.1842588186264038
3024,224.61166933745992,2.299980878829956,13.251891136169434,72.60417175292969,1.1844455003738403
3025,149.05190464823767,-0.6584134697914124,28.947383880615234,80.43730163574219,1.1846131086349487
3026,224.49242079543498,2.972398042678833,13.249323844909668,72.83363342285156,1.1848303079605103
3027,216.09187286345792,1.6993193626403809,13.33819580078125,73.17391204833984,1.18497896194458
3028,163.1752222212764,0.4420599639415741,26.466299057006836,77.3837890625,1.1851307153701782
3029,221.66820892966987,2.9308278560638428,12.96274471282959,72.85719299316406,1.1853622198104858
3030,211.71661077048924,2.4360642433166504,13.098163604736328,70.92178344726562,1.1855846643447876
3031,222.85332609159926,2.4909138679504395,12.314603805541992,73.15393829345703,1.1857860088348389
3032,221.09722596017596,2.5537033081054688,12.551730155944824,73.2637710571289,1.1859785318374634
3033,222.85065299918898,2.6627891063690186,12.370780944824219,73.0058364868164,1.186184048652649
3034,187.67484955498887,2.0867302417755127,20.60797882080078,73.9163818359375,1.1864150762557983
3035,222.52997473474113,2.820305824279785,12.159639358520508,73.60014343261719,1.1866694688796997
3036,216.12144506411627,2.257451057434082,13.214420318603516,72.21680450439453,1.1868963241577148
3037,17.299678150726116,-20.59705924987793,539.2350463867188,102.95885467529297,1.1872576475143433
3038,213.60146207165275,2.118518590927124,13.765203475952148,71.73428344726562,1.1875771284103394
3039,219.2082798118987,2.5976598262786865,13.80580997467041,73.97959899902344,1.1878925561904907
3040,19.043454520494535,-22.185890197753906,470.6867980957031,101.4426040649414,1.1882309913635254
3041,218.23530775506617,2.6333906650543213,14.045682907104492,73.11111450195312,1.1885727643966675
3042,216.95432860823587,2.609895944595337,13.680553436279297,73.62161254882812,1.188910722732544
3043,217.1333365361624,2.472444772720337,14.503196716308594,73.64092254638672,1.1892387866973877
3044,220.47026630805357,2.695392608642578,13.421821594238281,73.3083724975586,1.1895726919174194
3045,224.37604030984414,2.545764684677124,14.668313980102539,73.95388793945312,1.1898924112319946
3046,213.74325123626943,2.0345709323883057,14.22482681274414,72.34561157226562,1.1901684999465942
3047,216.2393533739323,2.90718150138855,13.433220863342285,73.23047637939453,1.1904983520507812
3048,215.511179545421,2.305791139602661,13.416712760925293,72.45147705078125,1.1908077001571655
3049,209.4981193091527,1.6725298166275024,14.029938697814941,71.91634368896484,1.1910637617111206
3050,218.57132439822882,1.706632375717163,12.841695785522461,73.76683807373047,1.1912522315979004
3051,216.60683926324492,2.8009138107299805,12.45174789428711,73.42022705078125,1.1915168762207031
3052,210.80084184383557,1.8716726303100586,12.673489570617676,72.16541290283203,1.1917449235916138
3053,215.12737666946862,2.517003297805786,10.894536018371582,73.80490112304688,1.1920138597488403
3054,201.7792429009399,1.9039186239242554,10.31928539276123,71.08907318115234,1.1922658681869507
3055,208.72266166837886,2.035083055496216,9.773764610290527,71.79439544677734,1.1925023794174194
3056,200.72642258997965,1.6553493738174438,9.554722785949707,70.64732360839844,1.192703127861023
3057,210.43540351489025,1.4131187200546265,9.283501625061035,73.3799819946289,1.1928430795669556
3058,207.4300590209812,1.5034005641937256,10.153230667114258,73.13468170166016,1.1929430961608887
3059,209.08973292771307,2.438744068145752,10.846543312072754,73.55606079101562,1.1930875778198242
3060,205.23425200914016,2.3763699531555176,10.779642105102539,73.61506652832031,1.1933146715164185
3061,204.5343959128931,2.3070766925811768,10.177619934082031,73.66311645507812,1.1935763359069824
3062,197.09915162790364,-0.6892036199569702,10.760387420654297,73.76570129394531,1.1937559843063354
3063,199.46089839360056,1.622814655303955,9.757589340209961,74.00874328613281,1.1939362287521362
3064,199.70429982423192,1.2667410373687744,9.689423561096191,74.04701232910156,1.1940674781799316
3065,206.263263313595,1.737410068511963,8.630587577819824,75.01802825927734,1.194191813468933
3066,201.31027718738787,0.972868025302887,8.518657684326172,74.330810546875,1.1942694187164307
3067,198.2140536259344,1.7441275119781494,8.652037620544434,73.77051544189453,1.1943979263305664
3068,178.92028580194253,0.45568546652793884,9.62353515625,73.99372100830078,1.1944986581802368
3069,186.53021830902466,1.0887914896011353,9.198884010314941,75.44468688964844,1.194604754447937
3070,198.7411289977237,1.4670132398605347,8.379196166992188,74.17634582519531,1.1947013139724731
3071,189.11645139902254,1.3437979221343994,8.235182762145996,74.87953186035156,1.1948193311691284
3072,99.32749137747439,-4.498266696929932,60.468502044677734,85.51505279541016,1.1949282884597778
3073,198.54310498029437,1.6728278398513794,7.612980365753174,75.22650909423828,1.1950621604919434
3074,201.3847176250511,1.767437219619751,7.0067667961120605,74.92403411865234,1.1952120065689087
3075,191.18103421516082,1.0902031660079956,6.582688808441162,75.78899383544922,1.1953481435775757
3076,88.67889194643894,-5.324713230133057,88.19373321533203,88.49742126464844,1.1954861879348755
3077,92.17859778120534,-4.252974510192871,83.97918701171875,88.29476928710938,1.195671558380127
3078,176.16040165398164,0.829635500907898,6.616473197937012,72.52600860595703,1.195855736732483
3079,193.61666071482853,1.4082095623016357,6.211633205413818,72.61544036865234,1.1960219144821167
3080,190.24712819338976,1.21828031539917,5.944786548614502,73.97551727294922,1.1961721181869507
3081,98.96688638667602,-5.7833380699157715,75.92399597167969,85.87728118896484,1.196282982826233
3082,176.80020773715742,0.7915405035018921,6.161672115325928,71.4651870727539,1.196384072303772
3083,200.25981451403982,2.155505418777466,6.130889415740967,72.77804565429688,1.1965556144714355
3084,194.7080545640006,1.0903751850128174,5.9994096755981445,72.58663177490234,1.1966758966445923
3085,193.45923931355793,1.6184792518615723,5.814883232116699,73.41549682617188,1.1968046426773071
3086,192.35488398119645,1.72230064868927,4.8697896003723145,71.78424835205078,1.196939468383789
3087,183.40057853735854,1.0738927125930786,4.663686275482178,71.58536529541016,1.1970359086990356
3088,191.718417060545,1.265683650970459,3.826763868331909,70.7923355102539,1.1970657110214233
3089,72.35943494025175,-6.1878342628479,112.91605377197266,90.35604095458984,1.1971056461334229
3090,76.60418509910726,-4.75941276550293,111.2337646484375,86.9937973022461,1.197204351425171
3091,195.91725886178583,2.5485222339630127,3.699038505554199,69.30614471435547,1.1973870992660522
3092,180.8981467183119,2.0768356323242188,4.736083984375,68.68053436279297,1.1976104974746704
3093,77.06345724551758,-7.340980529785156,103.75861358642578,87.8620834350586,1.197790503501892
3094,193.38966183724628,2.2411530017852783,3.501939535140991,68.09760284423828,1.1979721784591675
3095,82.79982228279022,-4.598560333251953,94.8035888671875,84.78170776367188,1.1981492042541504
3096,197.0501994739589,2.052419424057007,3.8338565826416016,66.73479461669922,1.1982778310775757
3097,193.21546585772245,2.1152093410491943,3.88315486907959,66.30901336669922,1.1983643770217896
3098,174.1741464731694,1.7029577493667603,5.354419708251953,63.081573486328125,1.1984496116638184
3099,180.5046256624351,2.0669662952423096,4.378350734710693,64.8492660522461,1.198551058769226
3100,184.18407864448233,1.9803311824798584,4.7668328285217285,66.12075805664062,1.1986312866210938
3101,78.50797717508054,-4.105313301086426,101.81090545654297,85.82752227783203,1.1987391710281372
3102,188.97652365745833,2.400548219680786,5.285618782043457,66.68050384521484,1.1988605260849
3103,175.05691648233568,1.6650553941726685,5.933387279510498,64.62763214111328,1.1989635229110718
3104,69.24245497085978,-8.056995391845703,130.4104766845703,84.53678131103516,1.1990326642990112
3105,187.9305575185042,2.086681365966797,6.019144058227539,66.77945709228516,1.1990910768508911
3106,180.77690846327164,1.9209668636322021,6.847028732299805,65.91043090820312,1.1991462707519531
3107,180.22390465308968,2.1812214851379395,6.678554058074951,65.37679290771484,1.1992242336273193
3108,183.845760298881,2.3469061851501465,7.225460529327393,66.8734359741211,1.199324607849121
3109,194.12921474403717,2.685584545135498,7.027637958526611,67.75440216064453,1.1994725465774536
3110,185.1206419677847,1.9719492197036743,6.414974689483643,66.98373413085938,1.1996004581451416
3111,180.5043081800152,2.0932257175445557,6.883671283721924,67.41836547851562,1.1997450590133667
3112,183.36335851059104,1.7086461782455444,7.176431655883789,66.75374603271484,1.1998366117477417
3113,186.61472084278577,2.2615954875946045,6.617924690246582,68.19110870361328,1.1999475955963135
3114,187.36546308977697,1.2011489868164062,6.542359828948975,68.78807830810547,1.200003743171692
3115,186.31979505415606,2.121192693710327,6.356072902679443,67.83643341064453,1.2000669240951538
3116,180.08395009658057,1.4886119365692139,6.126492977142334,68.42948913574219,1.2001129388809204
3117,180.5149632131909,1.226386547088623,5.74787712097168,68.9048843383789,1.2001185417175293
3118,176.17138516220317,1.581192970275879,6.498018741607666,69.11490631103516,1.2001310586929321
3119,182.94484468560822,1.689084768295288,5.809104919433594,70.37677764892578,1.200148582458496
3120,179.74666397356924,1.5902228355407715,5.063432693481445,70.19625854492188,1.200186014175415
3121,173.43173356969248,1.0843262672424316,5.098132610321045,69.21747589111328,1.2002109289169312
3122,178.29857085372228,1.4470106363296509,3.970335006713867,71.06681060791016,1.2002660036087036
3123,182.25346199520254,1.5327558517456055,3.2376630306243896,70.75409698486328,1.2003332376480103
3124,187.67342952384,1.459285020828247,3.9469172954559326,70.55936431884766,1.2003830671310425
3125,80.85024324216525,-6.428575038909912,113.38549041748047,85.21443939208984,1.200421929359436
3126,184.45359593985845,1.5233237743377686,2.269357442855835,70.50060272216797,1.2004680633544922
3127,180.96651123153194,1.2015790939331055,2.141974687576294,71.0759048461914,1.2005009651184082
3128,183.0365289983646,1.4450722932815552,2.298830032348633,70.2969741821289,1.2005342245101929
3129,186.9005620418026,1.4015432596206665,3.076059341430664,71.05622863769531,1.2005375623703003
3130,180.09051329242706,1.5362058877944946,1.9337422847747803,68.58160400390625,1.2005707025527954
3131,191.84756718286394,1.3794403076171875,2.6926627159118652,69.28070068359375,1.2005685567855835
3132,176.79228402265144,1.2388392686843872,1.777112364768982,67.80232238769531,1.2005659341812134
3133,180.52773102890896,1.5738837718963623,1.805024266242981,67.79902648925781,1.2005963325500488
3134,87.90402311903121,-3.633713960647583,108.81253051757812,82.73345184326172,1.2006773948669434
3135,198.89966030329535,2.0428645610809326,2.8115017414093018,68.10977935791016,1.2007468938827515
3136,178.48346804277776,1.245846152305603,2.115719795227051,67.60710144042969,1.2007683515548706
3137,188.80402910870558,1.9693810939788818,2.773733377456665,66.75099182128906,1.2007960081100464
3138,181.90582763082438,1.4833654165267944,2.537796974182129,67.31280517578125,1.2007787227630615
3139,175.49756801016028,1.4066815376281738,2.568371534347534,66.0665054321289,1.2007545232772827
3140,192.88763060710625,1.791400671005249,2.263498306274414,66.42916870117188,1.2006852626800537
3141,183.5709641447797,1.8440738916397095,2.457510471343994,66.45571899414062,1.2006033658981323
3142,185.71365967102082,2.1982507705688477,2.4130542278289795,66.53755187988281,1.2005689144134521
3143,190.61491515423288,2.4597997665405273,2.491332769393921,67.04345703125,1.2006416320800781
3144,175.75997934971906,1.0772488117218018,2.845094680786133,66.4693603515625,1.2006431818008423
3145,185.45845927210013,2.380148410797119,2.6294476985931396,67.2911605834961,1.2006860971450806
3146,172.45495585067135,1.7245181798934937,3.0434646606445312,65.9674072265625,1.200737476348877
3147,182.27884108352674,1.7871129512786865,2.8647472858428955,67.0804214477539,1.2007105350494385
3148,179.6367326603413,1.9637389183044434,2.7776081562042236,67.60560607910156,1.2006899118423462
3149,171.9434861167187,1.27499520778656,2.9497737884521484,65.63459777832031,1.2006235122680664
3150,179.9618915254553,1.9983514547348022,2.6346778869628906,67.4482192993164,1.2005637884140015
3151,179.82398330595177,2.0417404174804688,2.7604498863220215,68.78050231933594,1.2005367279052734
3152,164.54715916127037,1.66862952709198,2.674990177154541,63.945884704589844,1.200588583946228
3153,180.38258521420724,2.133692502975464,2.1761059761047363,67.02592468261719,1.2006430625915527
3154,167.84721984889543,1.2834925651550293,2.210332155227661,65.44193267822266,1.2006566524505615
3155,78.26636255221426,-2.921973943710327,126.22743225097656,84.4245376586914,1.2008012533187866
3156,177.2999647094426,1.7759402990341187,2.3198940753936768,66.11512756347656,1.200912594795227
3157,177.09396385234973,1.900838017463684,2.0026111602783203,65.8695068359375,1.2010048627853394
3158,178.40577377653884,1.9731078147888184,2.108535051345825,65.11492156982422,1.2010701894760132
3159,185.7879868516965,2.0759520530700684,2.111469268798828,66.9244384765625,1.2010918855667114
3160,182.61420345687787,2.0650975704193115,2.3021652698516846,65.18407440185547,1.201067566871643
3161,184.9508874983975,1.8328540325164795,2.130462408065796,66.31977081298828,1.2010036706924438
3162,71.58564362431673,-4.338942527770996,126.1661376953125,84.65109252929688,1.2009998559951782
3163,178.49822930813292,2.269597053527832,2.0922374725341797,65.0580825805664,1.20103919506073
3164,66.12035284445912,-8.531064987182617,152.46722412109375,85.05596923828125,1.2010504007339478
3165,88.84880051348196,-4.028334140777588,74.88663482666016,81.52606201171875,1.2010563611984253
3166,178.66069938981101,2.0442163944244385,1.637503981590271,64.57148742675781,1.201069951057434
3167,73.80592123234139,-6.343811988830566,101.32078552246094,83.56517028808594,1.201074481010437
3168,185.03761155368605,2.1097984313964844,1.9633991718292236,64.57461547851562,1.2010289430618286
3169,179.00971866114546,1.6610932350158691,1.947972059249878,64.33084869384766,1.2009247541427612
3170,186.71464689101552,2.288839101791382,2.207843065261841,64.7491683959961,1.2008293867111206
3171,182.85914543955732,1.9962718486785889,2.139408588409424,65.14309692382812,1.200721263885498
3172,182.56815600829754,2.104832649230957,1.8738481998443604,66.53947448730469,1.2006274461746216
3173,175.26532871026603,1.9571422338485718,1.936639666557312,63.896549224853516,1.200553059577942
3174,82.14424581787627,-4.083462238311768,82.65689086914062,80.62921905517578,1.2005019187927246
3175,77.80820210761898,-5.78515625,89.62895202636719,81.8290786743164,1.200445532798767
3176,171.39272160161514,1.5549118518829346,2.4054040908813477,62.87803268432617,1.2003684043884277
3177,187.48600683240346,2.70024037361145,2.771519184112549,65.42212677001953,1.2003566026687622
3178,73.67754550453557,-11.706074714660645,93.5632553100586,83.27774047851562,1.2003148794174194
3179,66.33246413008307,-6.147701740264893,110.40771484375,83.54668426513672,1.2002965211868286
3180,67.04023419123597,-8.45197582244873,108.85781860351562,82.83824157714844,1.2002466917037964
3181,178.2015777490736,2.014291763305664,2.535001754760742,64.74246978759766,1.2002145051956177
3182,172.58297060908774,1.7982834577560425,2.1280417442321777,64.1633071899414,1.2002078294754028
3183,182.99187274745123,2.1178090572357178,2.408104658126831,64.31160736083984,1.2001904249191284
3184,75.2517250964076,-7.130884170532227,93.39395904541016,80.22357940673828,1.2001457214355469
3185,175.4208594488584,1.2470098733901978,2.5513715744018555,62.93464660644531,1.1999859809875488
3186,182.74410872733287,2.085620164871216,2.8670527935028076,62.79060745239258,1.1998299360275269
3187,176.65100761742116,1.7225359678268433,2.4354493618011475,62.0423698425293,1.1996327638626099
3188,75.92215817823737,-4.052921772003174,90.19943237304688,81.53390502929688,1.199515461921692
3189,173.23703022357307,1.8304364681243896,2.6543831825256348,60.499839782714844,1.1994067430496216
3190,78.97112438386898,-7.024234294891357,87.54686737060547,78.60004425048828,1.199273943901062
3191,76.46258032908243,-5.915391445159912,88.31863403320312,80.92058563232422,1.1991453170776367
3192,83.0184515886548,-3.463169813156128,81.37588500976562,78.56645965576172,1.1990612745285034
3193,85.83256760247707,-2.5456814765930176,77.13500213623047,77.75765991210938,1.1991015672683716
3194,181.28806655566223,2.542600393295288,2.7240614891052246,60.433170318603516,1.1992149353027344
3195,182.90898760855546,2.336024522781372,3.5411875247955322,61.068302154541016,1.199324607849121
3196,179.89747104486074,2.5564215183258057,2.906503677368164,60.044456481933594,1.1994714736938477
3197,65.74364182382895,-10.79460620880127,104.46268463134766,82.39996337890625,1.1995638608932495
3198,85.92831188363019,-4.303707599639893,77.05634307861328,76.72113800048828,1.1996408700942993
3199,176.73839341292182,2.5098302364349365,3.889991521835327,58.61350631713867,1.1997476816177368
3200,65.59100969354428,-5.613492965698242,103.06902313232422,80.22625732421875,1.1998876333236694
3201,182.0604847936934,2.5045433044433594,4.200319766998291,59.50078201293945,1.2000340223312378
3202,100.39306350767504,-2.731612205505371,46.839988708496094,74.9686508178711,1.2001653909683228
3203,73.72034947116519,-3.6198718547821045,88.29944610595703,78.59822845458984,1.200372576713562
3204,75.73330504175375,-4.002137660980225,85.84423065185547,77.24774932861328,1.200605034828186
3205,169.42888275094916,1.895811915397644,4.6666035652160645,55.13263702392578,1.2007904052734375
3206,178.05986856795266,2.0468075275421143,4.388345241546631,56.93921661376953,1.2009077072143555
3207,185.94840562383686,2.9553146362304688,4.4973225593566895,57.20622253417969,1.2010704278945923
3208,181.98687522594008,2.549365758895874,4.060752868652344,57.3031005859375,1.2012149095535278
3209,99.76880989939033,-1.0108567476272583,38.840389251708984,71.77922058105469,1.201470971107483
3210,181.21264548373023,2.7540104389190674,3.9659295082092285,55.931888580322266,1.2017197608947754
3211,176.94134497583985,2.2560627460479736,4.268804550170898,57.185298919677734,1.2019344568252563
3212,182.71466476105854,2.354133129119873,4.160038471221924,56.5150260925293,1.2020827531814575
3213,186.10244388023386,2.8164193630218506,4.271489143371582,57.3254280090332,1.2022172212600708
3214,175.49131046137128,2.355010986328125,5.0358567237854,56.40087127685547,1.2023341655731201
3215,185.84463518887614,1.7240004539489746,4.579081058502197,56.96839904785156,1.2023617029190063
3216,126.24287548312465,-0.12709859013557434,23.177494049072266,68.4035873413086,1.2024036645889282
3217,178.53863914735183,2.296215295791626,5.285460472106934,56.0350227355957,1.2024060487747192
3218,184.74897028654163,2.786081075668335,4.869836807250977,57.82602310180664,1.202412724494934
3219,180.82754116436044,2.5126149654388428,5.119776248931885,57.478389739990234,1.2024074792861938
3220,179.011251096143,2.049177885055542,5.020241737365723,57.37593460083008,1.2023597955703735
3221,179.79431934986366,2.955571174621582,4.738552093505859,57.29100799560547,1.2023868560791016
3222,173.73791488000964,2.5012948513031006,4.7307658195495605,58.6303825378418,1.2024554014205933
3223,66.02489400379577,-6.021437644958496,104.34637451171875,75.3813705444336,1.2025166749954224
3224,173.35000675882318,2.4306681156158447,4.395151615142822,56.14742660522461,1.202609896659851
3225,87.80107069357636,-2.844858407974243,60.589111328125,71.69141387939453,1.202705979347229
3226,180.2617526251769,2.68587064743042,4.2966628074646,58.36841583251953,1.202796459197998
3227,96.02616987851619,-1.5208983421325684,49.86610412597656,71.01255798339844,1.2029460668563843
3228,97.89934675240055,-1.5165612697601318,53.59555435180664,70.76036834716797,1.2031073570251465
3229,177.39746492412274,2.581080913543701,4.197856903076172,58.23958206176758,1.2032825946807861
3230,182.28846079617722,2.2997219562530518,3.8369710445404053,58.10145568847656,1.2034329175949097
3231,98.44125616673495,-2.7351391315460205,47.51040267944336,70.39444732666016,1.2035547494888306
3232,181.17933819210864,2.4618003368377686,3.724731922149658,58.2128791809082,1.203592300415039
3233,110.0242450024242,-1.468100905418396,39.858463287353516,69.58362579345703,1.203627109527588
3234,178.9996301615554,2.6906025409698486,3.450148105621338,58.513858795166016,1.2036962509155273
3235,176.7766946001093,1.9236482381820679,3.861452102661133,58.35115432739258,1.203738808631897
3236,182.18856927054938,2.8204503059387207,3.1690192222595215,58.839664459228516,1.2038114070892334
3237,175.93437152737502,2.156038522720337,3.203622341156006,58.4973258972168,1.2038296461105347
3238,185.55229747501872,2.4436540603637695,3.886958360671997,59.11177444458008,1.2038604021072388
3239,119.96775194177268,-0.6074615120887756,23.007822036743164,68.2147216796875,1.2038979530334473
3240,175.39369715556478,2.5487139225006104,3.198232650756836,58.84033203125,1.203959584236145
3241,184.8810557130095,3.1269595623016357,3.717707395553589,59.88459396362305,1.2040845155715942
3242,170.2866137033515,2.1154367923736572,4.239617347717285,58.73099136352539,1.2042182683944702
3243,173.35072749822967,2.0401511192321777,3.429705858230591,60.26837921142578,1.2043229341506958
3244,174.47101189441503,2.645237445831299,4.367924213409424,59.81404113769531,1.2045049667358398
3245,182.5649528105265,2.3044686317443848,5.531919002532959,61.886505126953125,1.204655408859253
3246,184.3542231980631,2.331516981124878,4.796019554138184,61.190242767333984,1.2048407793045044
3247,181.3597964026902,2.4862406253814697,3.4412131309509277,61.335208892822266,1.2049970626831055
3248,176.608745864833,2.0197255611419678,2.761486768722534,61.378482818603516,1.2051187753677368
3249,178.85635413384944,1.290693759918213,3.2537100315093994,61.94462585449219,1.2051385641098022
3250,171.94492128678885,2.0302188396453857,3.8439559936523438,61.49189376831055,1.2051992416381836
3251,173.6711886250196,2.3805384635925293,3.902631998062134,62.51820373535156,1.2053159475326538
3252,171.71441339941472,2.1521048545837402,3.2527403831481934,62.4119987487793,1.2054556608200073
3253,171.87173424923307,2.1964125633239746,3.363459348678589,63.33541488647461,1.2056254148483276
3254,181.0220566400607,1.5406967401504517,3.609827995300293,64.20777893066406,1.205739140510559
3255,191.6415712205819,2.106830596923828,3.0597989559173584,65.26741027832031,1.2058275938034058
3256,192.28881493192924,2.3211801052093506,2.924454689025879,65.8514404296875,1.2058898210525513
3257,172.46152018818407,2.0165255069732666,2.587096691131592,64.84500885009766,1.2059557437896729
3258,180.0483060847351,1.5035089254379272,3.671675443649292,66.3897933959961,1.205999732017517
3259,179.0725396457236,1.1686515808105469,3.204662561416626,65.18370819091797,1.205941915512085
3260,173.26527036565054,1.7225792407989502,2.9627606868743896,64.09955596923828,1.2058664560317993
3261,176.81258755917682,1.7881354093551636,3.038403272628784,65.32653045654297,1.205790638923645
3262,188.37582012465646,1.9937702417373657,3.670090913772583,66.3583755493164,1.205744743347168
3263,187.60536275924403,2.4506659507751465,4.162188529968262,65.56462097167969,1.205733299255371
3264,184.74745791746193,1.972294569015503,3.780836582183838,65.52635192871094,1.2056866884231567
3265,179.65809839978098,2.4245054721832275,3.943044662475586,63.70615005493164,1.2057815790176392
3266,189.09587698361761,1.5457780361175537,3.529888391494751,65.45791625976562,1.2057968378067017
3267,185.96054000447512,1.7405409812927246,3.38411283493042,63.2588005065918,1.2057862281799316
3268,177.99927958225967,1.5980709791183472,3.4623491764068604,63.64608383178711,1.2057348489761353
3269,178.63549452649548,2.029799699783325,3.041118860244751,63.16618728637695,1.2056652307510376
3270,176.32130100626634,2.5153985023498535,3.4753518104553223,64.26298522949219,1.2056833505630493
3271,178.0421015127571,2.80198335647583,3.015913963317871,62.64750289916992,1.2057639360427856
3272,174.0846883814162,2.097623109817505,3.305598258972168,60.678077697753906,1.2058089971542358
3273,177.51802241405198,2.6207640171051025,3.217902898788452,61.73158645629883,1.2058990001678467
3274,179.93290171252846,2.4792115688323975,2.8449032306671143,61.64958572387695,1.2059632539749146
3275,176.78522219493695,2.017491102218628,3.3054490089416504,59.8468132019043,1.2059898376464844
3276,187.8323858239714,2.4311134815216064,3.495347499847412,62.637935638427734,1.2060080766677856
3277,180.90823814377976,2.6364521980285645,3.4832870960235596,59.48448181152344,1.206062912940979
3278,175.7251004783493,2.996074914932251,3.9047093391418457,60.690799713134766,1.2061985731124878
3279,176.8750996809656,2.6877431869506836,3.70241117477417,60.22183609008789,1.2063809633255005
3280,170.615468455605,1.407923698425293,4.652823448181152,58.7957763671875,1.2065097093582153
3281,187.01922535106937,2.654853343963623,4.973557472229004,57.62844467163086,1.206658959388733
3282,190.37136055813252,2.1391148567199707,3.6324682235717773,60.270782470703125,1.2067770957946777
3283,178.29550810183804,2.454573154449463,4.148692607879639,57.714378356933594,1.206896424293518
3284,191.82406767873275,2.052816152572632,3.4034922122955322,60.7222900390625,1.2069896459579468
3285,185.9265014875084,1.9593982696533203,5.071746349334717,57.79441452026367,1.2070233821868896
3286,187.25712230793917,2.6809206008911133,6.0038228034973145,59.264278411865234,1.2071142196655273
3287,186.58898056164037,2.56413197517395,4.349767684936523,58.06619644165039,1.2072111368179321
3288,178.37024043888567,2.275484085083008,5.253667831420898,57.8818359375,1.2072763442993164
3289,180.19110484318657,2.3489813804626465,3.1633613109588623,57.77473831176758,1.2073453664779663
3290,182.79443175428545,2.2202248573303223,4.035974979400635,57.18339920043945,1.2074311971664429
3291,179.7179558033976,2.130521774291992,3.5579895973205566,55.33674621582031,1.2075034379959106
3292,191.0604689103758,2.2033450603485107,4.14683723449707,59.40984344482422,1.2075694799423218
3293,191.83125666611406,2.7133302688598633,4.226935386657715,58.89710235595703,1.2076472043991089
3294,179.2800533175827,2.3280606269836426,4.385498523712158,56.84210205078125,1.2077338695526123
3295,186.17811582497907,1.9938236474990845,5.25443696975708,56.04754638671875,1.207786202430725
3296,199.23094661375006,2.0318195819854736,5.3722429275512695,62.83274459838867,1.2078293561935425
3297,186.31333643296261,2.407109260559082,3.9549777507781982,57.6715202331543,1.207884669303894
3298,182.2995399089741,2.2059919834136963,4.2148118019104,58.39392852783203,1.2079252004623413
3299,203.3043866361495,2.099381923675537,4.081276893615723,59.864017486572266,1.2079354524612427
3300,185.6223550067778,2.2731308937072754,5.460663318634033,57.29310989379883,1.2079734802246094
3301,192.53207254705396,2.1458141803741455,4.60499906539917,60.975799560546875,1.2080401182174683
3302,201.38027949982092,2.198282241821289,5.318867206573486,62.578033447265625,1.2081071138381958
3303,181.4701378629855,1.6622947454452515,5.923490524291992,63.98902893066406,1.2081769704818726
3304,190.26618451920015,2.3857944011688232,4.6555352210998535,60.040775299072266,1.2083309888839722
3305,180.6060225665323,0.8209248185157776,6.046720504760742,65.58867645263672,1.2084118127822876
3306,196.72711990451737,2.2465226650238037,5.785633563995361,63.4117546081543,1.2085083723068237
3307,195.92241405500067,1.7252033948898315,5.04279088973999,63.29613494873047,1.208579421043396
3308,190.4890195376244,2.1503865718841553,6.075664520263672,63.38932800292969,1.2087087631225586
3309,189.75269150745524,1.9167729616165161,5.6112060546875,64.78116607666016,1.2088512182235718
3310,196.70579334312552,1.811898112297058,5.910820484161377,65.95204162597656,1.209001064300537
3311,197.97882716007183,0.6638405323028564,6.029269218444824,71.92379760742188,1.209092617034912
3312,198.54764402374957,1.1790063381195068,5.569215774536133,70.61949920654297,1.2091354131698608
3313,199.11826036192608,1.387516975402832,5.467321395874023,68.70417022705078,1.2091468572616577
3314,193.70975937906775,1.37174391746521,6.00298547744751,68.97113037109375,1.2091494798660278
3315,194.51590766057572,1.6699093580245972,5.835626602172852,68.94669342041016,1.2091636657714844
3316,190.87975799122376,1.1351447105407715,5.279902935028076,71.16561889648438,1.209169864654541
3317,176.22041094676536,1.1329036951065063,4.863316059112549,68.71598815917969,1.2091933488845825
3318,187.64051176234466,1.0041476488113403,6.8478617668151855,74.30323028564453,1.209246277809143
3319,192.00030748326543,0.25288552045822144,6.696126937866211,76.13672637939453,1.2092288732528687
3320,207.48397170862518,0.9420170187950134,5.4075775146484375,74.2170181274414,1.2091851234436035
3321,205.0025031349113,1.1062036752700806,6.797989845275879,75.92877960205078,1.209153413772583
3322,193.32581508978154,1.0063716173171997,6.073023796081543,74.4834976196289,1.2091526985168457
3323,185.64527099726303,0.591213583946228,7.204555988311768,75.795166015625,1.209134578704834
3324,197.08112983199516,0.9214293956756592,5.701061725616455,75.92179870605469,1.20911705493927
3325,190.6117900859272,0.9744179844856262,8.134359359741211,77.1438217163086,1.2091301679611206
3326,192.05638169297887,0.7572769522666931,6.003612995147705,74.4998550415039,1.209120273590088
3327,189.28021060720937,0.9479175209999084,7.579682350158691,77.29283905029297,1.2091633081436157
3328,196.77917321345726,1.012883186340332,5.528741836547852,73.05475616455078,1.2091803550720215
3329,214.7830953453577,1.2463001012802124,5.156566143035889,77.38758850097656,1.2092119455337524
3330,179.89305562394367,-0.15163752436637878,9.503260612487793,77.33895111083984,1.2091922760009766
3331,196.33412654981603,1.070870041847229,6.401671409606934,74.64572143554688,1.2092089653015137
3332,186.36271977640735,0.526292085647583,7.417784214019775,74.19747924804688,1.20919930934906
3333,203.98895493961984,0.6902133226394653,6.488741874694824,76.55430603027344,1.209169864654541
3334,185.53176206902754,0.7662748694419861,8.741545677185059,76.01100158691406,1.2091587781906128
3335,182.05006717730978,0.8244875073432922,10.858891487121582,70.51577758789062,1.2091490030288696
3336,205.15099777793134,0.9737095236778259,9.858628273010254,75.18169403076172,1.2091267108917236
3337,192.68922021668047,1.188610553741455,7.67271089553833,69.65852355957031,1.209096908569336
3338,201.77259546447897,1.3709605932235718,7.190727233886719,68.93035125732422,1.2090638875961304
3339,182.8484887122952,1.3999698162078857,5.853295803070068,64.95612335205078,1.2090588808059692
3340,194.39410287125236,1.8487064838409424,8.186232566833496,69.67015838623047,1.2091336250305176
3341,199.42690487715433,1.4030770063400269,6.917424201965332,69.7593765258789,1.2092000246047974
3342,206.87058162292533,1.8069018125534058,6.431404113769531,69.8913345336914,1.2093149423599243
3343,193.25879131368944,1.6693350076675415,4.552350044250488,65.93096160888672,1.2094193696975708
3344,201.37278427796056,0.8774643540382385,9.558808326721191,68.50635528564453,1.2094521522521973
3345,203.92575513135677,1.2404383420944214,9.521980285644531,68.79242706298828,1.2094521522521973
3346,194.71908745471788,1.5093560218811035,5.489101409912109,64.16807556152344,1.2094498872756958
3347,193.73466402462566,1.5887395143508911,6.5373311042785645,66.20338439941406,1.2094535827636719
3348,199.18507775660913,1.113985538482666,7.453998565673828,67.5902099609375,1.209415078163147
3349,183.98567642401082,1.363832950592041,4.596007823944092,66.49890899658203,1.2093582153320312
3350,183.54273885865666,1.7510262727737427,3.7890584468841553,65.96764373779297,1.2093437910079956
3351,181.49975502189213,1.2513905763626099,3.964003801345825,64.08743286132812,1.2093249559402466
3352,199.3002452751738,1.3500888347625732,8.190742492675781,63.5863037109375,1.2092782258987427
3353,185.24054984955083,1.507097840309143,5.048394203186035,63.380550384521484,1.2092469930648804
3354,181.6593404167116,1.2793124914169312,3.404039144515991,63.621665954589844,1.2092112302780151
3355,179.89818897422805,1.4811757802963257,3.649819850921631,67.78953552246094,1.2091747522354126
3356,184.63157499964746,1.396031379699707,4.237666606903076,61.86954116821289,1.2091293334960938
3357,180.83134265022903,1.496157169342041,4.070359706878662,62.9961051940918,1.2091256380081177
3358,108.94751057890619,-2.9072649478912354,25.199548721313477,80.38337707519531,1.2091245651245117
3359,174.29383903523902,1.3815052509307861,5.533181190490723,65.37396240234375,1.2091302871704102
3360,177.4962057709326,1.4252159595489502,3.7348077297210693,62.654701232910156,1.2091397047042847
3361,176.65990811672282,1.3586571216583252,4.227396011352539,65.518798828125,1.20914626121521
3362,158.0651678224615,0.8022274374961853,7.278770923614502,70.13302612304688,1.209205985069275
3363,178.2022955208946,1.5184329748153687,3.9781746864318848,63.2890625,1.2092695236206055
3364,105.17576889946189,-4.513813495635986,36.469642639160156,79.60086822509766,1.2092708349227905
3365,170.25963977006208,1.8156654834747314,5.42531681060791,61.01708984375,1.2093316316604614
3366,174.1705501740628,1.3430496454238892,4.297091007232666,62.37019729614258,1.2093666791915894
3367,170.64845267960223,0.6351334452629089,6.400317192077637,60.788185119628906,1.2093623876571655
3368,65.89656087456626,-11.878745079040527,79.57168579101562,83.87886047363281,1.2093058824539185
3369,99.97640722064105,-3.5025744438171387,41.933189392089844,74.83283233642578,1.2092496156692505
3370,70.29177860884198,-5.139405250549316,85.9518814086914,83.384521484375,1.2093931436538696
3371,88.46136601680237,-6.415887355804443,52.735313415527344,78.08433532714844,1.20949125289917
3372,173.6940548391074,1.9347292184829712,5.035851955413818,60.23746871948242,1.209617257118225
3373,185.35219673572718,1.606341004371643,4.367256164550781,60.84773635864258,1.2096918821334839
3374,101.38739664072826,-2.9792182445526123,39.12051010131836,72.47777557373047,1.209763526916504
3375,89.39405033177613,-5.192642688751221,53.985652923583984,76.04785919189453,1.2098065614700317
3376,176.12217170941233,1.4632654190063477,5.088741302490234,59.6589241027832,1.2098088264465332
3377,171.89023150218878,1.7276270389556885,5.37075662612915,56.80562973022461,1.2098197937011719
3378,172.41332631082827,2.0773677825927734,6.707640647888184,58.25155258178711,1.2098619937896729
3379,168.46845902946774,1.8101978302001953,5.580751895904541,56.52065658569336,1.2099212408065796
3380,58.02365629376259,-10.412111282348633,94.76561737060547,80.9027328491211,1.2099508047103882
3381,172.57216055424593,1.527281403541565,4.479613304138184,57.104026794433594,1.209958553314209
3382,173.11943932584362,1.3461025953292847,4.518383979797363,57.04732131958008,1.2099412679672241
3383,172.08274719246631,2.1725471019744873,4.687327861785889,57.004695892333984,1.2099732160568237
3384,173.11786141961704,2.2122888565063477,4.250096321105957,56.90302658081055,1.2100459337234497
3385,172.7074508866184,2.356062650680542,4.425027370452881,55.92770004272461,1.2101432085037231
3386,167.87776802489162,1.456113338470459,4.928033351898193,54.062557220458984,1.2101941108703613
3387,173.06214094811085,2.1164016723632812,4.268470287322998,56.984840393066406,1.210252285003662
3388,167.97913675974237,1.5825401544570923,4.991196155548096,54.40895080566406,1.2102640867233276
3389,170.99022190583807,2.1030380725860596,3.8719582557678223,56.078857421875,1.2102651596069336
3390,165.45315587883258,1.962528944015503,4.432333469390869,55.436580657958984,1.2102761268615723
3391,169.93057933758547,2.462477684020996,3.3710732460021973,55.16136932373047,1.2103091478347778
3392,177.07289707699857,2.8939666748046875,3.214144468307495,55.89020538330078,1.2103842496871948
3393,163.07940854985605,2.2103641033172607,3.9222018718719482,53.599796295166016,1.2104922533035278
3394,166.44692747983052,1.881654977798462,3.2605128288269043,55.18257522583008,1.2105780839920044
3395,163.7419738963848,2.1004703044891357,3.006915330886841,54.5228271484375,1.2106844186782837
3396,162.33093295773645,1.7090438604354858,3.1940743923187256,53.71413803100586,1.2107629776000977
3397,164.78760717764493,1.6825008392333984,3.081698179244995,54.84943771362305,1.2107733488082886
3398,159.77267040507724,1.860420823097229,3.4204444885253906,56.07364273071289,1.2107844352722168
3399,154.03176338975763,1.799454689025879,5.253898620605469,56.47279357910156,1.2108287811279297
3400,133.70288758213326,0.7726644277572632,12.77823543548584,58.67774200439453,1.210884690284729
3401,122.30183574573758,0.20494860410690308,19.42424774169922,61.38260269165039,1.2109837532043457
3402,143.07355555414185,1.5779924392700195,9.633920669555664,59.92279052734375,1.211179494857788
3403,117.85585727061586,0.0868622213602066,20.42134666442871,62.940853118896484,1.2114248275756836
3404,107.75132923746797,-0.696587085723877,18.33249282836914,62.46226501464844,1.2116725444793701
3405,123.10874679343875,-0.3471223711967468,12.891050338745117,60.457401275634766,1.2118676900863647
3406,111.40450973865917,-0.3600911796092987,11.313643455505371,60.92570114135742,1.2120946645736694
3407,109.81491278800492,-0.040763139724731445,16.99793243408203,62.70533752441406,1.2124261856079102
3408,105.15947663757053,-0.6694849133491516,13.816475868225098,61.976707458496094,1.2127540111541748
3409,112.3394024771343,-0.43204230070114136,11.294554710388184,61.03696060180664,1.213059425354004
3410,111.41995261971317,-0.8619098663330078,7.256209373474121,58.598106384277344,1.213302731513977
3411,106.69172060979768,-0.2923862040042877,8.07693099975586,59.63538360595703,1.2136625051498413
3412,104.97636656054573,-0.7265399694442749,11.197796821594238,60.95323944091797,1.2140045166015625
3413,101.13640472457647,-2.169271230697632,9.599116325378418,60.32538604736328,1.2142504453659058
3414,113.3315410682238,0.03390711173415184,6.078385353088379,56.322120666503906,1.2144914865493774
3415,117.1014954524593,0.18519416451454163,6.1827006340026855,56.248817443847656,1.2147225141525269
3416,105.44580714865445,-0.4490083158016205,6.853623390197754,57.43699645996094,1.2149677276611328
3417,117.0821134416089,0.10702425986528397,4.29263162612915,53.48487854003906,1.2151859998703003
3418,120.26075937481039,0.6189525723457336,4.636168479919434,54.07045364379883,1.2154005765914917
3419,116.50294726944227,-0.13113272190093994,4.431926727294922,53.15742874145508,1.2155650854110718
3420,147.5569456240417,2.6000149250030518,4.692557334899902,49.2435302734375,1.2157511711120605
3421,122.9862948153302,-0.09786227345466614,5.073742389678955,51.48171615600586,1.2158688306808472
3422,158.57039500768275,2.0272676944732666,5.433152198791504,43.72804641723633,1.2159295082092285
3423,164.35550124430478,2.7480580806732178,4.898666858673096,45.487300872802734,1.2159756422042847
3424,162.18811573549314,2.132478952407837,5.855847358703613,43.75990295410156,1.2159556150436401
3425,160.54092683770756,2.4063496589660645,4.766658306121826,42.62916946411133,1.2158817052841187
3426,167.3885721364403,2.6867611408233643,5.640404224395752,46.11991882324219,1.2157917022705078
3427,160.13005348530947,2.870288610458374,4.500469207763672,43.79821014404297,1.215722918510437
3428,159.54519899813437,2.5297884941101074,4.765397548675537,43.03600311279297,1.2156462669372559
3429,167.42492504277143,3.2700772285461426,5.046763896942139,46.17522430419922,1.2155840396881104
3430,167.54219870616004,3.087174415588379,4.15133810043335,47.56563186645508,1.2155216932296753
3431,168.64778947258677,3.0094916820526123,5.567557334899902,46.379215240478516,1.2154563665390015
3432,170.78436364583663,3.4976677894592285,3.588299036026001,47.17103576660156,1.2154079675674438
3433,66.49466552748174,-11.150525093078613,85.51227569580078,70.4549560546875,1.215314269065857
3434,172.39220450132842,3.4014995098114014,3.2694199085235596,47.940208435058594,1.2152355909347534
3435,49.259287647236015,-10.145219802856445,153.79248046875,72.79225158691406,1.2151341438293457
3436,55.096999318355515,-7.656772613525391,112.97029876708984,71.81243133544922,1.2150235176086426
3437,61.495411030261636,-3.454540252685547,77.94683837890625,69.10533142089844,1.2150206565856934
3438,67.14672197834639,-3.1181602478027344,72.29920196533203,69.11923217773438,1.2150964736938477
3439,52.462000995535035,-9.87648868560791,123.9765625,71.59901428222656,1.2151316404342651
3440,183.1693890382574,4.016544342041016,2.905108690261841,48.84672546386719,1.21519136428833
3441,172.6807604744933,3.3249006271362305,2.8543083667755127,47.201473236083984,1.2152272462844849
3442,50.38577381247536,-7.539572715759277,106.70232391357422,68.69918060302734,1.2152562141418457
3443,47.85732896037339,-6.298140525817871,117.69857025146484,69.45268249511719,1.215328335762024
3444,54.63356907515628,-5.763313293457031,89.21932220458984,67.61768341064453,1.2154072523117065
3445,51.43411751992298,-6.166285514831543,106.95418548583984,68.28131103515625,1.215502381324768
3446,59.18328460239658,-6.087722301483154,80.83221435546875,66.38920593261719,1.2155719995498657
3447,51.405670425385246,-4.381163597106934,95.50505828857422,67.46453094482422,1.2157429456710815
3448,50.51953051425407,-11.48624038696289,97.3817367553711,67.14056396484375,1.2158408164978027
3449,49.8723960579977,-7.97939920425415,94.86856079101562,66.88395690917969,1.2159146070480347
3450,54.33182736077259,-9.730281829833984,86.92365264892578,65.5522689819336,1.2159255743026733
3451,65.99909677986965,-2.584935188293457,67.93994903564453,63.093204498291016,1.216025948524475
3452,52.133425032059186,-5.8330302238464355,88.99168395996094,65.22953796386719,1.216128945350647
3453,48.73515777063255,-7.012758731842041,95.00386047363281,65.50804138183594,1.2162221670150757
3454,60.06563476741013,-5.529469966888428,74.80500030517578,63.07749557495117,1.2162789106369019
3455,92.63509980551817,0.4685020446777344,25.304622650146484,56.55278778076172,1.2164448499679565
3456,53.76475694970802,-4.143123626708984,84.71590423583984,63.135501861572266,1.2166439294815063
3457,56.42166572523166,-4.54815673828125,79.38848114013672,62.444557189941406,1.216825008392334
3458,63.473500754586134,-3.4112584590911865,71.85440826416016,61.27212142944336,1.216987133026123
3459,52.1682875760986,-6.331566333770752,83.73519897460938,62.10987854003906,1.2171024084091187
3460,58.28726551796808,-4.978712558746338,69.94731903076172,60.36823654174805,1.2171803712844849
3461,50.36992337846979,-6.5781660079956055,85.93073272705078,61.63847351074219,1.2172154188156128
3462,176.88793537899414,4.534785747528076,4.720761299133301,42.018367767333984,1.2172294855117798
3463,90.41912336718636,0.053105972707271576,25.213958740234375,53.170413970947266,1.2172356843948364
3464,184.97868079057727,5.228346824645996,4.437413692474365,41.85621643066406,1.217267394065857
3465,64.98829137076338,-2.4046473503112793,54.46672058105469,56.8297233581543,1.2172893285751343
3466,182.6810941100498,5.803273677825928,4.31238317489624,41.204654693603516,1.2174057960510254
3467,67.88327603519785,-1.3963426351547241,44.7359733581543,55.8426399230957,1.2175278663635254
3468,64.17431892768603,-2.033203363418579,53.672359466552734,56.49634552001953,1.2176508903503418
3469,74.99890903019845,-1.2368755340576172,32.606441497802734,53.961181640625,1.217758059501648
3470,174.4663436785508,5.378444194793701,4.127800464630127,39.68163299560547,1.2179855108261108
3471,179.4962618196669,4.598765850067139,3.655093193054199,40.04290008544922,1.2181674242019653
3472,174.90511219821335,4.566919326782227,3.382619857788086,39.508907318115234,1.2183207273483276
3473,178.49895614033298,4.856257438659668,3.9830586910247803,39.666778564453125,1.2184593677520752
3474,176.33573468960125,4.571274757385254,3.78631854057312,39.529876708984375,1.2185497283935547
3475,171.80817817751057,4.3604254722595215,4.598084926605225,40.72466278076172,1.2186065912246704
3476,57.069406911057165,-4.050983905792236,58.52761459350586,56.781192779541016,1.218651533126831
3477,70.64147952873962,-1.6026520729064941,33.801334381103516,53.80514144897461,1.2187148332595825
3478,85.36141553713198,0.019793139770627022,21.552703857421875,49.96461868286133,1.2188241481781006
3479,69.07035520761124,-1.139812707901001,33.752994537353516,53.78083801269531,1.2190074920654297
3480,59.214626098064585,-6.256946563720703,47.61629867553711,54.98688507080078,1.2191098928451538
3481,173.33162394532027,4.190914154052734,4.16378116607666,38.900569915771484,1.219193935394287
3482,81.90264539703746,-0.228268563747406,22.368629455566406,49.980010986328125,1.2193174362182617
3483,179.7562023341123,4.662863254547119,4.497274875640869,40.064720153808594,1.2194485664367676
3484,53.389319233868726,-7.103303909301758,75.69595336914062,55.78059387207031,1.219521164894104
3485,173.98779251438665,3.6994235515594482,4.604334354400635,39.41560363769531,1.2195433378219604
3486,173.95544506616366,3.627192258834839,4.931644439697266,39.34102249145508,1.2194818258285522
3487,63.583403059677835,-5.199824333190918,45.5242919921875,53.090431213378906,1.21938955783844
3488,175.41217967656547,4.722076416015625,4.047367572784424,39.361995697021484,1.2193485498428345
3489,170.76049261701382,4.1253814697265625,4.570189952850342,38.674983978271484,1.219344973564148
3490,169.45374858477123,3.975611448287964,4.69058895111084,38.79124450683594,1.2193577289581299
3491,173.239650737803,3.868544340133667,4.535366058349609,39.23645782470703,1.219305396080017
3492,177.97759331384108,4.314297676086426,4.470048904418945,39.493621826171875,1.2192422151565552
3493,61.911335613733,-3.869791030883789,49.563499450683594,52.519256591796875,1.2191790342330933
3494,170.2431182280706,4.263743877410889,5.0143961906433105,39.38533401489258,1.2191601991653442
3495,171.36751985995116,4.237867832183838,4.664800643920898,39.53981399536133,1.2191476821899414
3496,176.46164430423568,3.978386163711548,4.905462741851807,40.58232116699219,1.2190942764282227
3497,168.1858114919078,3.835662841796875,4.580561637878418,39.300899505615234,1.2190052270889282
3498,167.33606628368312,4.00786828994751,4.662596225738525,40.22095489501953,1.2189136743545532
3499,168.86600681851374,3.8624160289764404,4.428500175476074,39.99032974243164,1.2188130617141724
3500,173.79110256979203,4.507313251495361,3.776189088821411,40.504676818847656,1.2187310457229614
3501,176.2667920491504,4.577853679656982,3.9091744422912598,41.26524353027344,1.2186332941055298
3502,166.30532562983967,4.449739456176758,4.3214111328125,40.89939880371094,1.2185883522033691
3503,171.54965142560033,4.695523738861084,3.849564790725708,41.49038314819336,1.2185806035995483
3504,173.63374597391083,4.664115905761719,3.5947556495666504,42.40375518798828,1.2185837030410767
3505,167.62285879451116,4.3087687492370605,3.8282289505004883,41.868896484375,1.2185978889465332
3506,170.56980519737607,4.576310157775879,3.130530595779419,42.22719955444336,1.2186260223388672
3507,166.53069270456245,4.221612453460693,3.363381862640381,42.39683151245117,1.2186592817306519
3508,175.80483849098613,5.270610809326172,3.5735466480255127,43.28956604003906,1.2187882661819458
3509,176.4451967779088,4.604518413543701,3.7481441497802734,44.760643005371094,1.2189022302627563
3510,175.97180388475405,4.486173152923584,3.367262601852417,43.872657775878906,1.2189767360687256
3511,170.68628022188696,4.708736419677734,3.531233549118042,44.61906433105469,1.2190852165222168
3512,169.1341567635859,4.03959846496582,3.546312093734741,44.17856216430664,1.2191709280014038
3513,167.8210303519039,4.116222381591797,3.193796396255493,44.80070495605469,1.2192457914352417
3514,169.626245884784,3.9304356575012207,3.353475570678711,45.60459518432617,1.2192527055740356
3515,176.94227056027367,5.018006801605225,3.182830810546875,46.59947967529297,1.2193307876586914
3516,164.9824449337169,3.886082172393799,2.8531596660614014,45.481170654296875,1.2194089889526367
3517,168.158585398494,4.3874030113220215,3.023651361465454,46.4171142578125,1.2195496559143066
3518,166.82322797457493,4.359702110290527,3.2493653297424316,47.37820053100586,1.2196966409683228
3519,165.90260269672405,3.741760730743408,3.2414066791534424,47.58617401123047,1.2197928428649902
3520,180.87525528601074,4.642649173736572,2.932631254196167,48.14632797241211,1.219887375831604
3521,172.2462539741644,3.8970847129821777,3.059316396713257,48.56966018676758,1.2199225425720215
3522,176.92648899983826,4.4158525466918945,3.0710155963897705,49.555049896240234,1.2199726104736328
3523,167.99700748272042,3.8522040843963623,3.0920825004577637,49.246273040771484,1.2200173139572144
3524,169.09915982036506,4.471184253692627,2.763629913330078,49.13858413696289,1.2201496362686157
3525,174.7443791774024,4.719699382781982,3.116511583328247,49.600215911865234,1.2203449010849
3526,186.14765503482005,4.291430473327637,3.122114896774292,50.568641662597656,1.2204660177230835
3527,170.19926564261237,3.8518755435943604,3.2448477745056152,50.91461181640625,1.2205442190170288
3528,169.02372811784298,3.8624744415283203,2.9187746047973633,50.68993377685547,1.22061288356781
3529,171.42543729444856,3.733767509460449,3.23382830619812,51.62614822387695,1.220640778541565
3530,176.37716005274828,4.314359188079834,3.535404920578003,52.49586486816406,1.2206952571868896
3531,172.52573564522118,4.2578125,3.3431084156036377,52.40202713012695,1.2207955121994019
3532,170.20850039464375,4.046917915344238,3.3901093006134033,52.57353210449219,1.2209010124206543
3533,171.19137951796822,4.033786296844482,3.463589668273926,53.173011779785156,1.2210339307785034
3534,176.15741341099695,4.262037754058838,3.4857535362243652,52.9832878112793,1.2211730480194092
3535,165.8195960324739,3.542818307876587,3.713453531265259,53.72941207885742,1.2212733030319214
3536,166.27114049950288,3.638903856277466,3.569068431854248,53.2425537109375,1.2213621139526367
3537,175.6646805455242,4.437565326690674,3.636296272277832,53.77224349975586,1.2215571403503418
3538,166.00904502321794,3.3295342922210693,3.4348278045654297,53.19644546508789,1.2216976881027222
3539,167.26451198620308,3.518334150314331,3.3917670249938965,53.49019241333008,1.221819281578064
3540,173.11873931242081,3.6163737773895264,3.738867998123169,53.20429992675781,1.221875786781311
3541,172.24263647040473,4.017465591430664,3.7020649909973145,53.18814468383789,1.2219551801681519
3542,182.43743417897292,4.588257789611816,3.887075901031494,53.659278869628906,1.2220882177352905
3543,171.9565516749535,3.7213759422302246,3.801800489425659,53.846580505371094,1.2221916913986206
3544,174.40528417637782,3.6689047813415527,4.145144939422607,53.87841796875,1.2222436666488647
3545,171.0989214512505,3.811399459838867,3.8723044395446777,53.14472579956055,1.2223039865493774
3546,163.20584835547473,3.288665771484375,5.886000633239746,51.68997573852539,1.222343921661377
3547,173.1507035086306,4.025916576385498,4.483006477355957,53.648406982421875,1.2224067449569702
3548,165.04640792383918,3.5573272705078125,4.374800682067871,52.358802795410156,1.2224758863449097
3549,174.28356764436526,4.295243740081787,4.843105792999268,52.29710388183594,1.2225760221481323
3550,187.8561898661576,4.24715518951416,6.184683799743652,53.1456298828125,1.222655177116394
3551,176.48912061271778,3.759025812149048,4.794107913970947,52.64072036743164,1.222701907157898
3552,176.71520142371077,3.7402772903442383,6.789313316345215,52.280517578125,1.2227096557617188
3553,173.87451028502133,3.5605971813201904,4.707738876342773,51.44794845581055,1.2226932048797607
3554,167.00593123867804,3.433983564376831,4.821235656738281,50.548763275146484,1.222657322883606
3555,189.8112989489051,4.8182454109191895,5.425999164581299,52.00105667114258,1.222679615020752
3556,179.85535429652822,4.626952171325684,5.395731449127197,51.518917083740234,1.222748041152954
3557,173.68620005614576,4.256213188171387,5.148220062255859,50.38780212402344,1.222832202911377
3558,165.70018577500426,3.3513541221618652,5.758780479431152,47.95719528198242,1.2228984832763672
3559,167.91515809657426,3.421388626098633,6.092548847198486,49.07589340209961,1.2228916883468628
3560,183.8137362424112,4.131527900695801,8.167531967163086,51.41965866088867,1.2228703498840332
3561,173.15883736739752,4.005516052246094,6.083313941955566,49.96590805053711,1.22285795211792
3562,174.8161137885307,3.964977741241455,6.880283832550049,50.65351867675781,1.2228237390518188
3563,174.10907581591968,3.7019009590148926,6.424361228942871,48.374908447265625,1.2227637767791748
3564,172.27099095892638,3.728480100631714,6.33683443069458,47.67168426513672,1.222690224647522
3565,170.63748983972343,4.034221172332764,6.649023056030273,47.80898666381836,1.222663164138794
3566,165.0746256306623,3.6498606204986572,7.143097877502441,45.935489654541016,1.2226598262786865
3567,172.81001621531715,4.589753150939941,6.122381210327148,47.51791000366211,1.2227078676223755
3568,171.87341593055234,3.9802370071411133,6.052351951599121,48.0091552734375,1.2227588891983032
3569,172.42425135654614,3.758263111114502,6.12473726272583,47.02959060668945,1.2227855920791626
3570,176.75906892056287,4.302858829498291,5.389886856079102,48.4508171081543,1.222830891609192
3571,172.88178411611602,3.908851146697998,5.81093692779541,47.049591064453125,1.2228606939315796
3572,176.06369014246152,4.39214563369751,5.32553768157959,47.61030960083008,1.2229493856430054
3573,179.5756254662005,4.3941521644592285,5.415812969207764,48.090091705322266,1.2230325937271118
3574,171.342143866581,3.914520263671875,5.401024341583252,45.96273422241211,1.2231141328811646
3575,172.25059426941394,3.9797275066375732,5.392828941345215,46.20899200439453,1.223178505897522
3576,171.60900329084254,4.02494478225708,5.581733703613281,45.769073486328125,1.223233699798584
3577,183.62068853723102,4.6793365478515625,5.426724910736084,48.585880279541016,1.2233139276504517
3578,169.8263754304773,4.07018518447876,5.428030967712402,45.52709197998047,1.223406195640564
3579,171.297801197227,3.864154815673828,5.363871097564697,44.33953857421875,1.2234830856323242
3580,172.80363773033588,3.975055456161499,5.561466217041016,46.395782470703125,1.2235394716262817
3581,171.20777980514518,4.09684419631958,5.632038593292236,45.27344512939453,1.223601222038269
3582,156.96341307173253,3.297524929046631,5.7328877449035645,49.148155212402344,1.223655343055725
3583,137.7102534168811,2.839311361312866,5.650423049926758,52.89672088623047,1.223756194114685
3584,170.31175383135368,3.7294788360595703,5.744683265686035,44.507530212402344,1.223823070526123
3585,76.51908660883595,-3.5828254222869873,44.60971450805664,63.536460876464844,1.2238250970840454
3586,66.50146576517552,-4.006280899047852,80.88178253173828,65.16584777832031,1.2238091230392456
3587,127.31849992207536,2.3648693561553955,6.071812152862549,50.17206573486328,1.2238398790359497
3588,86.61388591459128,-0.7771959900856018,26.207569122314453,59.393409729003906,1.2238736152648926
3589,89.90915207574713,-0.010528900660574436,25.23317527770996,58.891143798828125,1.2239437103271484
3590,61.93961362146764,-2.5120556354522705,86.23454284667969,65.24542236328125,1.2240554094314575
3591,71.36743733294946,-2.854656219482422,41.26380157470703,62.7326545715332,1.2241439819335938
3592,68.76104044488764,-2.7083001136779785,41.7127685546875,62.40627670288086,1.2242261171340942
3593,172.04252122796305,3.952460765838623,5.624729156494141,42.39065933227539,1.224298119544983
3594,103.01497088135248,0.9297083616256714,12.97669506072998,52.30949020385742,1.224427580833435
3595,70.282616837913,-1.3592506647109985,38.704917907714844,61.37370681762695,1.2246524095535278
3596,95.59593592084809,-0.3320254683494568,16.84697151184082,53.472679138183594,1.2248328924179077
3597,73.7929918844108,-0.7119424939155579,34.53379440307617,60.02581024169922,1.225096344947815
3598,57.63241500683266,-4.423837184906006,79.39837646484375,65.23574829101562,1.2253366708755493
3599,150.614438753684,2.6855642795562744,6.23103141784668,45.652549743652344,1.2255021333694458
3600,63.338107713993914,-2.2010257244110107,40.61906051635742,60.11164855957031,1.2257428169250488
3601,76.42992915950796,-2.928013563156128,29.479597091674805,56.5450553894043,1.225912094116211
3602,79.43252165336736,-2.2260382175445557,28.095117568969727,55.41617965698242,1.2260186672210693
3603,76.23030918060294,-1.3322609663009644,29.66682243347168,55.72652816772461,1.2261453866958618
3604,141.38873083172328,2.132765531539917,6.1388840675354,44.990325927734375,1.2262120246887207
3605,66.52406302655018,-6.707587242126465,34.60647964477539,56.84659957885742,1.2261782884597778
3606,69.64285080158851,-5.053020477294922,31.832622528076172,55.04119873046875,1.2260737419128418
3607,60.37644245199763,-3.6783883571624756,39.37974166870117,57.27035140991211,1.2259798049926758
3608,57.8015134603082,-2.2297909259796143,40.40021896362305,55.98505783081055,1.2260990142822266
3609,83.53834217891578,-1.4239897727966309,21.043203353881836,51.11566925048828,1.2261801958084106
3610,64.2529806152383,-1.6274313926696777,35.40321350097656,53.47803497314453,1.2263916730880737
3611,68.03213051277106,-4.944174766540527,32.67115020751953,53.986289978027344,1.2264972925186157
3612,73.59479520390941,-3.802572011947632,31.782073974609375,51.745094299316406,1.2265433073043823
3613,162.08726458705212,3.563155174255371,6.391256809234619,39.4713134765625,1.226535439491272
3614,66.70749136260157,-3.6437647342681885,33.20759582519531,52.693912506103516,1.226483702659607
3615,56.2762419425599,-3.9708402156829834,41.10932540893555,53.842655181884766,1.2264472246170044
3616,68.19863417510426,-2.15511417388916,32.87568283081055,51.81662368774414,1.2264176607131958
3617,88.33379656674157,0.3462648093700409,15.61619758605957,46.276607513427734,1.2264643907546997
3618,69.74816772147399,-1.024889349937439,29.34410285949707,50.6904182434082,1.2265620231628418
3619,83.58125286625341,0.16292080283164978,18.051210403442383,46.15498352050781,1.2266978025436401
3620,173.0627758151699,4.394746780395508,6.636953830718994,35.76857376098633,1.2267976999282837
3621,64.12485845029269,-7.8363213539123535,30.57050895690918,50.30393981933594,1.2267847061157227
3622,67.93153638018005,-1.5400307178497314,24.823680877685547,48.46436309814453,1.22679603099823
3623,173.50515299943626,4.856364727020264,6.977898120880127,34.89534378051758,1.2268335819244385
3624,177.71348689893142,5.50169038772583,7.180809497833252,35.29897689819336,1.2269397974014282
3625,192.11581263088846,5.346724510192871,7.355326175689697,35.874271392822266,1.227026104927063
3626,56.19236075925632,-3.273061752319336,41.85878372192383,50.90406799316406,1.227113127708435
3627,170.04533220472757,4.857722282409668,7.078089237213135,33.762874603271484,1.2272440195083618
3628,75.55748939758834,-1.5161439180374146,18.546297073364258,44.800201416015625,1.227315902709961
3629,172.5598533877694,4.7436842918396,7.800234317779541,34.09955978393555,1.2273749113082886
3630,173.8018576456521,4.3969502449035645,6.78755521774292,34.743324279785156,1.2273894548416138
3631,83.10954480030217,1.1311193704605103,16.1541690826416,44.24457550048828,1.2275581359863281
3632,173.11586904670332,4.959198951721191,7.562161922454834,35.05078887939453,1.227713704109192
3633,185.30417253012507,5.00502872467041,7.779565334320068,36.36078643798828,1.2278170585632324
3634,172.01261115874598,3.9492106437683105,7.379064559936523,35.79471969604492,1.227794885635376
3635,87.09806728765616,1.2331985235214233,15.892040252685547,43.073299407958984,1.2278990745544434
3636,172.11840017725453,4.974498271942139,8.034130096435547,36.58623123168945,1.2280431985855103
3637,83.42658007312542,0.002871554810553789,17.143939971923828,44.49703598022461,1.2281666994094849
3638,174.9187950648375,4.353810787200928,8.691041946411133,37.48558044433594,1.2282575368881226
3639,176.72837636297564,5.247729301452637,9.946592330932617,38.43959426879883,1.2283626794815063
3640,173.61051663129223,4.418272972106934,9.364349365234375,38.084285736083984,1.2284488677978516
3641,168.87336922913929,4.7276082038879395,9.801412582397461,37.78231430053711,1.2285617589950562
3642,184.8931987806366,5.286867141723633,10.538315773010254,39.725040435791016,1.228697419166565
3643,173.04065888462384,4.658205509185791,10.617942810058594,39.214569091796875,1.2288460731506348
3644,177.95321577101853,4.636332035064697,10.519351959228516,39.998382568359375,1.228993535041809
3645,168.6599322279118,4.693809509277344,10.557852745056152,39.45609664916992,1.229242205619812
3646,172.6900654240126,3.828711986541748,11.05400276184082,40.14307403564453,1.229425311088562
3647,172.51454218052177,3.9552788734436035,10.923881530761719,40.8023567199707,1.229565978050232
3648,166.94629231376368,4.4554033279418945,11.156938552856445,40.385101318359375,1.2297323942184448
3649,171.24575062113738,3.512140989303589,11.07016372680664,40.74100112915039,1.2298353910446167
3650,183.04137205994,4.6894965171813965,11.45172119140625,42.177833557128906,1.229927897453308
3651,162.0798059713963,3.5041842460632324,11.139694213867188,41.01103973388672,1.230000376701355
3652,173.21897010434517,4.947543621063232,11.702817916870117,42.526397705078125,1.2301721572875977
3653,170.22767346926057,3.729255199432373,11.413846969604492,42.36729431152344,1.230307698249817
3654,171.40577545689789,4.372315406799316,11.370016098022461,42.354366302490234,1.2304705381393433
3655,76.40414664913506,-1.2278807163238525,39.238441467285156,51.410743713378906,1.2306221723556519
3656,173.49932207818867,4.321160316467285,11.579451560974121,43.31733703613281,1.2307835817337036
3657,177.26802389270824,5.058903694152832,12.336160659790039,44.0614128112793,1.230993628501892
3658,169.78167657933275,3.8438374996185303,11.89745044708252,43.74448776245117,1.2311807870864868
3659,171.42844553793887,3.5522351264953613,12.254640579223633,44.397254943847656,1.2312941551208496
3660,182.9860667248479,4.630953788757324,12.72346019744873,45.312957763671875,1.2314101457595825
3661,169.99182925102522,3.6621947288513184,13.635599136352539,45.000675201416016,1.2314879894256592
3662,104.85097571281537,1.7039291858673096,26.211673736572266,49.49836730957031,1.2316735982894897
3663,173.99123835391111,4.206325531005859,14.729175567626953,45.801239013671875,1.2318682670593262
3664,173.31666770661613,3.9368808269500732,15.671625137329102,46.029876708984375,1.2320412397384644
3665,174.72539106075297,3.9658279418945312,15.558419227600098,46.098148345947266,1.2321964502334595
3666,179.36917216406172,4.145356178283691,15.973112106323242,46.51919937133789,1.23233163356781
3667,173.17441640091155,4.1440863609313965,16.38216209411621,46.59842300415039,1.232469081878662
3668,167.32083760087127,2.716825008392334,16.352882385253906,46.177406311035156,1.232535719871521
3669,170.27190008442852,3.951612710952759,17.261505126953125,46.93644332885742,1.2326072454452515
3670,183.26412695864056,4.410436153411865,15.86644172668457,47.22272872924805,1.2326818704605103
3671,175.11611706630424,4.440305233001709,16.254854202270508,47.42355728149414,1.2328442335128784
3672,173.84597321732483,3.704138994216919,16.406661987304688,47.39735412597656,1.2329826354980469
3673,171.90618536412777,3.978102922439575,15.725926399230957,47.50745391845703,1.2331222295761108
3674,179.6331365664621,4.805075168609619,15.268035888671875,47.9151496887207,1.2333272695541382
3675,179.1962220202288,4.208388328552246,15.084081649780273,47.956993103027344,1.2335327863693237
3676,175.88969928100084,4.112777233123779,14.911105155944824,48.24309158325195,1.2337274551391602
3677,173.22935242560413,2.895251989364624,14.963897705078125,48.09479522705078,1.2338610887527466
3678,183.09553162260167,5.021327018737793,15.01222038269043,48.62812042236328,1.2340606451034546
3679,174.94472081886215,2.6058855056762695,15.356890678405762,48.63877868652344,1.2341728210449219
3680,171.86573432342095,3.8993773460388184,15.069049835205078,48.910335540771484,1.2343090772628784
3681,177.7814943247559,3.787339448928833,15.374505996704102,49.160980224609375,1.2344094514846802
3682,172.69183096261662,4.138236045837402,15.94710636138916,49.39500045776367,1.2345682382583618
3683,178.07576093787566,3.504265785217285,16.780803680419922,49.80180358886719,1.2346868515014648
3684,171.28632722470545,4.117348670959473,17.431833267211914,50.07265090942383,1.2348207235336304
3685,166.82197873148039,3.861645460128784,18.28378677368164,50.22869110107422,1.2350589036941528
3686,183.3566347922501,4.6276140213012695,17.582149505615234,50.69686508178711,1.2353347539901733
3687,182.22888520746088,4.396031379699707,17.60772705078125,51.18021011352539,1.23562490940094
3688,173.05595999670763,3.390321969985962,17.144817352294922,51.22029495239258,1.2358663082122803
3689,178.50663259859175,4.085012912750244,18.203716278076172,51.552093505859375,1.2360996007919312
3690,171.3760538804102,4.013851165771484,17.302059173583984,51.60029602050781,1.236358642578125
3691,175.22765652142127,4.225304126739502,17.51496696472168,52.0132942199707,1.2366262674331665
3692,179.83458487991268,4.65100622177124,17.69930648803711,52.41740036010742,1.2369747161865234
3693,167.16824680574297,4.001387596130371,18.240278244018555,52.22976303100586,1.2373790740966797
3694,174.71991500431017,4.064359664916992,18.254837036132812,52.49103927612305,1.237767219543457
3695,170.6029004729091,4.0003156661987305,17.482681274414062,52.61472702026367,1.2381535768508911
3696,181.33678772728643,4.381812572479248,17.8948974609375,52.87759017944336,1.238539695739746
3697,166.38414052778742,3.662794351577759,17.650287628173828,52.90835189819336,1.2389215230941772
3698,161.3280822019397,3.56217885017395,18.415489196777344,52.70668029785156,1.2393008470535278
3699,171.38010895903054,3.8191494941711426,18.05361557006836,53.24698257446289,1.2396835088729858
3700,166.9207512537175,3.8640692234039307,17.97686004638672,53.33258056640625,1.2400659322738647
3701,179.45573303865768,4.1915974617004395,16.71980857849121,53.4453125,1.2404444217681885
3702,167.1102882705904,3.8352527618408203,16.73773765563965,53.31653594970703,1.240822672843933
3703,172.73278174935226,4.003235816955566,16.835250854492188,53.68825149536133,1.2411752939224243
3704,165.8009072306225,3.617685079574585,17.1019229888916,53.20376205444336,1.2415456771850586
3705,164.3766142621881,3.705443859100342,17.261032104492188,54.07899856567383,1.2419191598892212
3706,163.2408882368972,2.8981211185455322,16.574567794799805,53.85610580444336,1.2422471046447754
3707,169.5145283465045,3.8821353912353516,16.2270565032959,54.29597473144531,1.2425810098648071
3708,164.44580280073654,3.7802860736846924,16.6099796295166,54.61211395263672,1.2429291009902954
3709,165.69015415618932,2.5068318843841553,17.099220275878906,54.60470962524414,1.2432101964950562
3710,162.23685086614745,2.4091975688934326,17.019567489624023,54.77782440185547,1.2434173822402954
3711,165.11451691875428,3.249691963195801,14.89739990234375,55.01158905029297,1.2436004877090454
3712,149.73566156181406,1.4228954315185547,32.4124755859375,57.30031204223633,1.2437189817428589
3713,160.43778840333698,2.490405559539795,15.01917839050293,55.054386138916016,1.2437876462936401
3714,174.00050966246755,3.9348888397216797,13.637239456176758,55.63222885131836,1.2438663244247437
3715,160.4990813189444,2.9529566764831543,14.12401294708252,55.16243362426758,1.2439427375793457
3716,157.66515535337348,3.738355875015259,15.409406661987305,56.67759323120117,1.2441461086273193
3717,157.542401162911,2.805933952331543,14.53254222869873,55.39781951904297,1.244338870048523
3718,155.59936328932903,3.066305637359619,15.94420337677002,57.201717376708984,1.2445303201675415
3719,162.65551368552994,2.9596664905548096,13.015021324157715,55.50779724121094,1.244716763496399
3720,167.00529618226835,3.8927831649780273,13.290290832519531,56.43788146972656,1.244968056678772
3721,162.66963700520833,3.07315993309021,12.99873161315918,56.1397819519043,1.2452255487442017
3722,148.05065658016312,2.0914053916931152,21.714616775512695,58.60729217529297,1.2454427480697632
3723,160.60947792754212,2.6530234813690186,12.714400291442871,55.44478988647461,1.2456302642822266
3724,163.9640396986189,2.201080560684204,12.714231491088867,55.952430725097656,1.2457491159439087
3725,165.05188677028792,3.130582094192505,12.7484130859375,56.37296676635742,1.245879054069519
3726,161.11522269211721,2.7403156757354736,13.007925987243652,56.22012710571289,1.2459964752197266
3727,154.35783211480518,2.6425888538360596,13.29550552368164,55.869293212890625,1.2461190223693848
3728,161.94206137166367,3.4385228157043457,13.18885326385498,56.68138122558594,1.2463809251785278
3729,167.17484281401718,3.454869031906128,13.481985092163086,57.93241882324219,1.246667504310608
3730,171.0596282856325,3.5736992359161377,13.45675277709961,57.82807159423828,1.2469406127929688
3731,167.27679074646292,3.213348865509033,13.227622032165527,57.88960266113281,1.2472261190414429
3732,166.68504780809582,3.174229621887207,13.48318862915039,58.16725158691406,1.2475100755691528
3733,167.22143005263786,2.2403955459594727,13.374407768249512,58.52998352050781,1.2477343082427979
3734,163.06311320816874,2.4816782474517822,13.633783340454102,58.39404296875,1.247926115989685
3735,164.08528264110686,2.5264456272125244,14.166793823242188,58.93416213989258,1.2480945587158203
3736,167.67466375955166,3.6235554218292236,13.932271003723145,59.56659698486328,1.248499870300293
3737,164.24331456887157,1.9246867895126343,13.842754364013672,59.815757751464844,1.2488232851028442
3738,167.56692806670804,1.9845030307769775,13.764913558959961,60.26198196411133,1.2490736246109009
3739,163.8750011719976,2.7575013637542725,11.701563835144043,59.591796875,1.2493191957473755
3740,165.59760996708496,2.942716121673584,10.332998275756836,59.58546447753906,1.2496017217636108
3741,147.59392399150116,2.147423505783081,8.910602569580078,58.678749084472656,1.2498925924301147
3742,165.86206056212913,2.138622760772705,7.190046787261963,58.9230842590332,1.2501119375228882
3743,166.2358855694138,2.8939287662506104,6.749224662780762,58.18656539916992,1.2503501176834106
3744,159.72543597604562,1.848677635192871,6.992983818054199,58.114097595214844,1.2505074739456177
3745,164.26951015481933,2.6999881267547607,6.837556838989258,57.98930740356445,1.2506667375564575
3746,151.12213093855368,2.5388834476470947,7.389456272125244,57.534385681152344,1.2508835792541504
3747,166.03371178644616,3.375952959060669,6.9924492835998535,59.25389862060547,1.2511796951293945
3748,163.82793526257424,2.509619951248169,6.992602348327637,58.99066925048828,1.2514514923095703
3749,159.67113081127917,2.2596309185028076,7.830441474914551,59.49140930175781,1.2516974210739136
3750,163.5890693338056,2.066483497619629,7.244410991668701,59.142005920410156,1.2518903017044067
3751,164.95274608792778,2.7499639987945557,7.461755275726318,59.881473541259766,1.252111792564392
3752,164.01487725819737,1.7538416385650635,7.586391448974609,59.962074279785156,1.252264142036438
3753,161.33460662977777,1.6864713430404663,7.673815727233887,59.859649658203125,1.2523670196533203
3754,169.71211366797905,3.048494577407837,7.646596431732178,60.97023391723633,1.25251042842865
3755,164.52176115106252,2.4809958934783936,7.418015480041504,60.778831481933594,1.2526451349258423
3756,170.2296084552782,2.935546875,7.496451377868652,61.94087600708008,1.2528208494186401
3757,163.16938167123527,2.4842216968536377,7.2793354988098145,60.17714309692383,1.2529979944229126
3758,163.12965233523224,2.3903610706329346,7.372715950012207,60.587650299072266,1.2531567811965942
3759,169.56810205128005,2.9587910175323486,7.318164825439453,60.654457092285156,1.2533928155899048
3760,166.56220022556025,2.1561806201934814,7.6369242668151855,61.158382415771484,1.2535544633865356
3761,162.88304487193076,2.7658541202545166,7.4006667137146,58.36013412475586,1.2538330554962158
3762,172.0759543749798,2.5716302394866943,7.304989337921143,61.23465347290039,1.2540696859359741
3763,171.2197168183607,2.985335350036621,7.357857704162598,60.34629440307617,1.254328727722168
3764,169.29286691041966,2.6420681476593018,7.699672698974609,60.704219818115234,1.254555344581604
3765,171.25271928531268,2.6770050525665283,7.69659423828125,60.69160461425781,1.2547436952590942
3766,167.80752540363508,2.9010062217712402,7.729814529418945,59.90248107910156,1.2549635171890259
3767,182.89761150993158,3.106705665588379,8.221879005432129,61.5484504699707,1.2551485300064087
3768,176.73823468141595,3.1419711112976074,7.953321933746338,61.23356628417969,1.2553257942199707
3769,174.18751229402756,2.809725761413574,8.113908767700195,61.94761276245117,1.2554839849472046
3770,165.02645210959963,2.6061389446258545,8.300745964050293,58.23688507080078,1.2556394338607788
3771,169.9218053080299,2.736591100692749,8.57250690460205,59.49696350097656,1.2557754516601562
3772,169.41487489714694,2.5142955780029297,8.355616569519043,58.650978088378906,1.2558847665786743
3773,178.38023544103314,1.9196738004684448,7.1333394050598145,60.07719421386719,1.255914568901062
3774,174.96699883788162,3.0673582553863525,6.617119312286377,60.51380157470703,1.255953311920166
3775,176.46531330355785,2.8499538898468018,5.891541004180908,58.432823181152344,1.2559363842010498
3776,167.39963215927565,3.71589994430542,7.342923641204834,56.58768081665039,1.2560958862304688
3777,171.30607193380783,2.432161569595337,9.001544952392578,57.917724609375,1.2561906576156616
3778,167.33014426015308,3.1182620525360107,8.078339576721191,55.785457611083984,1.2563676834106445
3779,172.23412122986738,2.959840774536133,8.37359619140625,57.514747619628906,1.2565258741378784
3780,171.66100079124553,2.405858278274536,9.217327117919922,56.186100006103516,1.2566113471984863
3781,171.32417757533187,3.151149034500122,9.041074752807617,57.760169982910156,1.2567418813705444
3782,167.27217414370136,2.946031093597412,9.096352577209473,55.63036346435547,1.256874680519104
3783,175.39663923531313,2.9504103660583496,8.124208450317383,58.10660934448242,1.2569724321365356
3784,178.22530568206736,3.1692748069763184,7.963170528411865,57.99016571044922,1.2570551633834839
3785,172.57176875224866,2.826397657394409,6.509375095367432,55.22291564941406,1.2571080923080444
3786,172.63615196314828,3.435572624206543,6.707265853881836,55.273895263671875,1.2572168111801147
3787,189.65255367983244,3.6368350982666016,5.966540813446045,58.02379608154297,1.2573152780532837
3788,175.44045982738146,3.3006625175476074,7.775503158569336,56.97346878051758,1.257421851158142
3789,171.50536939611834,2.654850721359253,7.421633243560791,55.388153076171875,1.2574983835220337
3790,178.98563103760702,3.486766815185547,6.2054290771484375,55.595645904541016,1.2575716972351074
3791,180.10492428327402,3.491941452026367,5.765105247497559,57.2038459777832,1.2576671838760376
3792,180.25614093926382,3.437654733657837,4.722990989685059,56.8463249206543,1.2577711343765259
3793,176.90975079715466,3.297508955001831,4.124513626098633,55.291831970214844,1.2578660249710083
3794,171.8995455247339,3.1061553955078125,5.04836368560791,54.40763854980469,1.2579728364944458
3795,115.24899667365725,0.40144574642181396,15.802035331726074,63.650882720947266,1.2581843137741089
3796,179.57155940386406,3.4149813652038574,3.0545146465301514,54.75639343261719,1.2583800554275513
3797,174.41973738276798,3.538269519805908,3.2826857566833496,54.06045150756836,1.2586075067520142
3798,184.10740813890237,3.6877591609954834,5.215839385986328,56.49234390258789,1.258835792541504
3799,174.77435644926763,2.7272872924804688,6.350749492645264,54.46767044067383,1.2589970827102661
3800,173.8769552976579,3.155167579650879,5.52346134185791,54.166622161865234,1.2591453790664673
3801,79.16275929126635,-10.243973731994629,63.864322662353516,73.1556396484375,1.2591842412948608
3802,170.9717579155142,3.1238865852355957,5.727145195007324,54.879215240478516,1.259232997894287
3803,68.06253212418386,-8.370563507080078,109.12370300292969,75.0646743774414,1.2592171430587769
3804,179.57660842208995,3.306689977645874,3.174323558807373,55.299015045166016,1.2592015266418457
3805,133.3957065979681,-0.010828432627022266,17.669458389282227,60.4031982421875,1.2591302394866943
3806,191.00704029084056,3.6018199920654297,3.0027084350585938,55.695220947265625,1.259053349494934
3807,144.45352847236703,1.3962295055389404,14.580757141113281,60.34367752075195,1.2589763402938843
3808,111.77258609533355,0.07586473226547241,20.634078979492188,60.62428665161133,1.2589348554611206
3809,186.03240727155455,3.6038455963134766,2.7420713901519775,54.5885009765625,1.2588940858840942
3810,101.19308494612102,-0.5283101201057434,30.563447952270508,63.072853088378906,1.2589038610458374
3811,165.5957875306151,2.7474937438964844,3.9457740783691406,54.71748733520508,1.2588977813720703
3812,126.58743400440922,0.8754380941390991,20.054107666015625,61.81725311279297,1.2589205503463745
3813,186.15455511661239,3.907616376876831,2.3575265407562256,53.59732437133789,1.258995532989502
3814,91.57602352709178,-1.297015905380249,38.58588409423828,65.78569030761719,1.25910222530365
3815,180.70618545121434,3.4190473556518555,2.5872139930725098,53.37976837158203,1.259208083152771
3816,103.97134926448413,-0.4832928478717804,32.29298782348633,64.32569885253906,1.259346604347229
3817,87.6474766878471,-1.4789743423461914,41.470706939697266,66.53013610839844,1.2595230340957642
3818,150.84238167356992,2.1488137245178223,8.962214469909668,58.72041320800781,1.25969660282135
3819,180.88804669184285,3.403993844985962,2.8129122257232666,53.623809814453125,1.2598272562026978
3820,174.13173711621837,3.2107129096984863,3.088183641433716,53.3043098449707,1.2599650621414185
3821,191.61588900061906,3.9176509380340576,3.2764976024627686,55.32767105102539,1.2601226568222046
3822,175.05809319893015,3.6307873725891113,2.848328113555908,52.560306549072266,1.260328769683838
3823,170.90281384939715,2.8227856159210205,3.1634793281555176,53.10098648071289,1.2604894638061523
3824,151.94301103812668,1.0095348358154297,11.855862617492676,58.08267593383789,1.2605654001235962
3825,170.79500814164277,3.095106601715088,5.004724502563477,56.04361343383789,1.2606605291366577
3826,180.24487318661065,3.36889910697937,2.701857566833496,56.31025695800781,1.2607682943344116
3827,159.93086684429585,2.570772886276245,11.91672420501709,59.097904205322266,1.2608970403671265
3828,85.03315466039047,-2.1593446731567383,46.245948791503906,67.92943572998047,1.261044979095459
3829,98.2691227159748,-1.6442352533340454,36.48393249511719,64.71609497070312,1.261163353919983
3830,134.4076317269526,1.553313970565796,19.07472801208496,58.08542251586914,1.2613502740859985
3831,161.46431280500073,2.505736827850342,8.098761558532715,59.21335220336914,1.2615479230880737
3832,97.78966690287233,-1.3513818979263306,34.52469253540039,64.02855682373047,1.2617295980453491
3833,134.73447608334237,1.2173848152160645,20.692523956298828,63.24825668334961,1.2619565725326538
3834,182.92513012232268,3.460049867630005,1.9698010683059692,53.960426330566406,1.262156367301941
3835,100.79242007964295,-1.1120795011520386,26.549514770507812,65.09383392333984,1.2623448371887207
3836,155.62613576591002,2.304330587387085,3.996321439743042,55.08767318725586,1.2625175714492798
3837,99.82832208247518,-1.3122214078903198,24.154617309570312,62.820281982421875,1.2626672983169556
3838,172.5584362701975,3.225597381591797,1.5278923511505127,50.27019119262695,1.2628360986709595
3839,127.64364915449455,0.8665277361869812,11.621620178222656,57.85712814331055,1.2630046606063843
3840,173.6832813833593,3.1724278926849365,1.926587700843811,47.64199447631836,1.2631678581237793
3841,70.34395686771003,-5.11981725692749,64.75537872314453,72.8826904296875,1.2633014917373657
3842,95.11191667662541,-0.8368883728981018,24.68347930908203,64.20748901367188,1.2635191679000854
3843,72.20559734153905,-4.347919464111328,49.544410705566406,69.4151840209961,1.2637144327163696
3844,88.15035772064543,-1.914064645767212,30.15459632873535,65.39676666259766,1.2639132738113403
3845,85.63945609415944,-3.3462300300598145,29.563640594482422,62.02463912963867,1.2640489339828491
3846,81.89093089368151,-4.619375705718994,37.01589584350586,65.568359375,1.2641083002090454
3847,147.37498852474903,1.9360249042510986,5.157125949859619,51.988136291503906,1.264156460762024
3848,95.22445160180538,-0.8461723923683167,23.921419143676758,59.11246109008789,1.2642425298690796
3849,174.67130778221394,3.5538206100463867,2.229182243347168,45.298255920410156,1.2643353939056396
3850,174.33600208505317,3.670710325241089,2.3793201446533203,45.035457611083984,1.2644699811935425
3851,99.3813688798188,-0.7660241723060608,22.492185592651367,55.00320816040039,1.264595627784729
3852,171.89742233429104,3.555875539779663,3.124478340148926,43.156368255615234,1.2647433280944824
3853,174.6617477722664,3.6767611503601074,3.605384349822998,45.09729766845703,1.2649205923080444
3854,168.85348695134581,2.7124781608581543,4.462852954864502,42.73826217651367,1.2649898529052734
3855,64.16805365179705,-4.3361382484436035,62.07181930541992,65.00702667236328,1.265079379081726
3856,152.998838117095,2.9248998165130615,6.751830101013184,48.697635650634766,1.2652298212051392
3857,180.93268228286175,3.880335569381714,2.8291897773742676,46.010860443115234,1.2653567790985107
3858,174.97986426670101,3.8217673301696777,4.205448627471924,45.54713439941406,1.265515923500061
3859,172.99948757722981,3.3421847820281982,3.7882397174835205,44.74974822998047,1.265633463859558
3860,174.55813682308474,3.816079616546631,4.762233734130859,46.175174713134766,1.2657549381256104
3861,176.71809155182203,3.652566909790039,4.211382865905762,46.971038818359375,1.2658525705337524
3862,182.20300963776785,4.276670932769775,4.844452857971191,47.454933166503906,1.2659668922424316
3863,170.66494682172439,3.5271661281585693,5.153284549713135,46.66701126098633,1.266072392463684
3864,184.43214200214817,3.882030487060547,4.860654354095459,47.87290573120117,1.266137719154358
3865,192.1042082557032,4.476572036743164,6.590424537658691,49.02893829345703,1.2662112712860107
3866,182.554920770636,3.7294857501983643,7.4076409339904785,48.629459381103516,1.2662485837936401
3867,183.51525300304027,3.869083881378174,6.303692817687988,48.575286865234375,1.266238808631897
3868,178.5087150603396,4.040134429931641,7.27088737487793,49.05586624145508,1.2662512063980103
3869,178.94064766281835,4.22432279586792,7.22916841506958,49.5776252746582,1.266302466392517
3870,177.96996842821423,3.5700528621673584,4.820377349853516,49.282989501953125,1.2663192749023438
3871,98.23576630873328,0.1116749495267868,27.412090301513672,56.65277099609375,1.2663956880569458
3872,183.31900641795417,4.644096374511719,4.7224650382995605,49.8780517578125,1.2665491104125977
3873,187.94567221544827,4.302133560180664,4.898545742034912,50.73726272583008,1.2667185068130493
3874,181.53583954383572,3.58404541015625,3.128319501876831,50.13705825805664,1.2668384313583374
3875,172.5791717393238,3.3178868293762207,3.1735589504241943,49.31452941894531,1.2669382095336914
3876,179.7874459684365,3.742753505706787,2.8503148555755615,50.6727409362793,1.2670336961746216
3877,180.94685858593417,3.38924241065979,2.3892033100128174,51.034332275390625,1.2670466899871826
3878,76.81889221587141,-1.6753219366073608,59.27813720703125,63.481040954589844,1.2671481370925903
3879,85.73355466099301,-2.5941267013549805,48.99546432495117,62.07625198364258,1.2672187089920044
3880,187.98795116599553,4.074289798736572,1.837576985359192,51.29573440551758,1.2673065662384033
3881,141.07105325359709,1.1795507669448853,18.953081130981445,56.918067932128906,1.26736581325531
3882,184.80065106445988,3.8308751583099365,1.6331833600997925,52.158485412597656,1.2674528360366821
3883,186.84436642208092,3.822739839553833,1.7419863939285278,52.32276153564453,1.2675360441207886
3884,158.90687000554036,2.0981686115264893,15.256031036376953,58.03793716430664,1.2675868272781372
3885,193.15385774805242,3.7669618129730225,1.7575486898422241,54.218162536621094,1.2675946950912476
3886,182.16521238041494,3.2302536964416504,1.7670800685882568,53.7281494140625,1.2675689458847046
3887,188.21934473628843,2.9977810382843018,1.921506643295288,55.08880615234375,1.2674779891967773
3888,73.19197028398293,-5.9090142250061035,79.83843994140625,67.79442596435547,1.2673507928848267
3889,186.8624610577841,3.392120361328125,1.5323954820632935,54.38452911376953,1.2671927213668823
3890,182.66480491179354,3.324672222137451,1.8125978708267212,56.24715805053711,1.2670542001724243
3891,178.2781557621549,3.1365461349487305,1.5476900339126587,54.80926513671875,1.2669501304626465
3892,159.7315761871461,1.8573694229125977,9.925052642822266,59.69861602783203,1.2668408155441284
3893,170.84939712838977,2.600254774093628,1.6576206684112549,56.321258544921875,1.2667142152786255
3894,146.0155492520889,1.1947957277297974,16.632312774658203,61.106815338134766,1.266588568687439
3895,82.14247477531399,-3.864654779434204,78.26339721679688,71.20579528808594,1.266456961631775
3896,165.79914956465512,2.3424203395843506,3.3309214115142822,55.12489700317383,1.2663604021072388
3897,71.13503444493702,-2.826874256134033,103.6933364868164,72.63507080078125,1.2664717435836792
3898,182.4354541060961,2.8952131271362305,1.6016271114349365,59.804874420166016,1.266530990600586
3899,171.21956849739018,2.3581717014312744,1.76619291305542,57.364830017089844,1.2665437459945679
3900,86.18273460620321,-2.69124436378479,72.76224517822266,71.0170669555664,1.2665654420852661
3901,174.3140152475106,2.685039520263672,1.8189165592193604,59.95082473754883,1.266609787940979
3902,183.23126961203062,2.7483456134796143,1.912567377090454,61.05320358276367,1.26663339138031
3903,176.20287015565154,2.3827121257781982,2.142646074295044,60.95161437988281,1.266623854637146
3904,88.78004561245433,-1.3096843957901,72.64197540283203,71.64784240722656,1.2667218446731567
3905,172.15163315529486,2.403022289276123,3.021368980407715,58.9805793762207,1.2668415307998657
3906,84.96196682755316,-4.052059650421143,76.56415557861328,72.08740997314453,1.2669286727905273
3907,65.71574848942268,-4.2420973777771,125.31561279296875,74.50788879394531,1.267058253288269
3908,176.1855445882255,2.643159866333008,1.559547781944275,61.81770706176758,1.2672067880630493
3909,177.77324929293428,2.7729756832122803,1.5388054847717285,61.45321273803711,1.267378807067871
3910,178.69624671297248,2.67285418510437,1.5454438924789429,62.06095886230469,1.2675403356552124
3911,171.3812454622255,2.1939406394958496,1.3797342777252197,60.853851318359375,1.267673373222351
3912,171.66583315594062,2.3376293182373047,1.432796835899353,61.08866500854492,1.2678213119506836
3913,190.58699375905766,3.2870473861694336,1.289452075958252,62.130462646484375,1.2680214643478394
3914,180.5677110816975,2.8059725761413574,1.27089524269104,63.07948684692383,1.2682820558547974
3915,173.15147180689732,2.2189321517944336,0.9669076800346375,61.22489547729492,1.2685070037841797
3916,178.15239051334996,2.60686993598938,1.3193594217300415,63.056793212890625,1.2687692642211914
3917,173.62919916398843,2.321549415588379,1.0794012546539307,62.19567108154297,1.269013524055481
3918,181.92943871727488,2.6147754192352295,0.9258703589439392,62.5950927734375,1.2692469358444214
3919,187.63821409380128,2.9086334705352783,1.1068626642227173,64.29891967773438,1.2694870233535767
3920,169.8034891187186,2.2436699867248535,1.0849640369415283,60.21263885498047,1.269732117652893
3921,180.62818101398838,2.4942286014556885,1.0886213779449463,64.86922454833984,1.2699638605117798
3922,172.00893356197463,2.012752056121826,0.993927001953125,61.72578811645508,1.2701507806777954
3923,177.01055058428412,2.1984691619873047,1.138340711593628,61.31487274169922,1.2703118324279785
3924,178.85615259444143,1.9430177211761475,0.8800395131111145,64.07976531982422,1.2703677415847778
3925,169.62569052936627,1.7440552711486816,0.8764209747314453,62.72135543823242,1.2703768014907837
3926,175.92224413857207,1.9096089601516724,0.9847665429115295,65.11534881591797,1.2703592777252197
3927,172.21240423186646,1.6892744302749634,0.856884777545929,65.37057495117188,1.270286202430725
3928,177.07671482642255,1.9888746738433838,1.2995277643203735,67.60794067382812,1.2702194452285767
3929,180.88692820557628,2.470444917678833,1.4195435047149658,65.93279266357422,1.2702244520187378
3930,172.02484864616778,2.0142438411712646,1.8583436012268066,65.87604522705078,1.2702604532241821
3931,182.3823984082632,2.2236387729644775,1.592291235923767,70.31138610839844,1.2703323364257812
3932,173.43173475658622,1.9951518774032593,1.5502840280532837,65.11968994140625,1.270422339439392
3933,175.48464874595354,1.733595371246338,1.521826148033142,67.70713806152344,1.2704834938049316
3934,179.35947302982598,1.6830958127975464,2.2418363094329834,68.49156188964844,1.2704895734786987
3935,170.49536955978408,1.7707397937774658,1.8753350973129272,64.3465347290039,1.270503044128418
3936,188.58949401962755,2.3462016582489014,1.9355725049972534,69.02307891845703,1.270530104637146
3937,187.83659947353317,2.3801121711730957,1.7618626356124878,68.8212890625,1.2705706357955933
3938,183.63928784827976,2.370666980743408,1.77582848072052,66.79109954833984,1.270668864250183
3939,181.22759004241627,2.0470290184020996,1.9343719482421875,66.80525970458984,1.2707457542419434
3940,81.25752899203168,-3.956160306930542,136.0455322265625,85.34382629394531,1.2708543539047241
3941,176.6733029522418,1.8819949626922607,1.3586524724960327,66.13168334960938,1.270932674407959
3942,178.24986210145906,1.8571066856384277,1.7071775197982788,64.99015808105469,1.2709800004959106
3943,179.14124834918283,2.029127836227417,1.869784951210022,68.03816986083984,1.2710477113723755
3944,176.39337359855423,1.6224002838134766,1.8309311866760254,66.46991729736328,1.2710844278335571
3945,97.84531797875039,-2.577594518661499,67.10615539550781,82.66185760498047,1.2711390256881714
3946,60.1423898815507,-7.33452844619751,197.5196990966797,86.97064971923828,1.271213173866272
3947,68.16220485955859,-9.23355770111084,160.31300354003906,86.55558013916016,1.2712432146072388
3948,95.34046939988836,-2.203580617904663,67.92800903320312,81.78907775878906,1.2713909149169922
3949,172.44010226658625,1.6077638864517212,4.3411736488342285,70.1135482788086,1.2715357542037964
3950,94.38799244026694,-4.069919586181641,70.7065658569336,81.9722671508789,1.2716586589813232
3951,141.05299685484914,0.017570702359080315,17.46609878540039,71.98005676269531,1.2717840671539307
3952,87.76717966089612,-2.517448663711548,79.03999328613281,82.56566619873047,1.2721376419067383
3953,135.7145531506388,-0.6846110820770264,27.758100509643555,74.17657470703125,1.2724488973617554
3954,79.63278202348914,-5.9988179206848145,85.34431457519531,79.7120132446289,1.272706151008606
3955,140.0935417834631,0.5483823418617249,44.05936050415039,73.83334350585938,1.2730350494384766
3956,119.7600443944859,-0.6078818440437317,48.94158172607422,75.22164916992188,1.2734884023666382
3957,67.19580529057443,-4.844460487365723,107.86505126953125,83.26416015625,1.2740304470062256
3958,125.70698313244489,-3.7327141761779785,36.3619384765625,73.50342559814453,1.274476408958435
3959,181.33775681322442,2.210564136505127,1.5055667161941528,62.22598648071289,1.274865746498108
3960,182.19005178070643,2.1360464096069336,1.415864109992981,60.66438293457031,1.2751803398132324
3961,176.72405818123988,2.094884157180786,1.3204267024993896,60.76389694213867,1.275459885597229
3962,113.76406426959768,-1.7946548461914062,24.789243698120117,70.7174301147461,1.2757054567337036
3963,99.28884849418137,-1.6857777833938599,56.969539642333984,75.75093078613281,1.276032567024231
3964,186.03188017378764,2.3723604679107666,1.5627024173736572,61.19386291503906,1.2763181924819946
3965,122.84714129671649,-1.4069432020187378,29.078290939331055,68.28226470947266,1.276553988456726
3966,78.47616390667258,-4.777760028839111,84.8299789428711,77.98174285888672,1.2767846584320068
3967,151.87750031047506,1.073641061782837,6.950603008270264,64.13251495361328,1.2770427465438843
3968,179.04528987815408,2.165544033050537,1.3898769617080688,59.17323684692383,1.2772748470306396
3969,99.58537138397755,-5.450212478637695,45.66358184814453,74.23473358154297,1.2774467468261719
3970,112.02575772756772,-3.2217297554016113,28.57942771911621,70.41487884521484,1.2775555849075317
3971,186.4374102011508,2.402690887451172,1.933701992034912,60.6202392578125,1.2776445150375366
3972,194.67662918992391,2.6824772357940674,2.0680160522460938,59.66158676147461,1.2777965068817139
3973,189.4465587607329,2.438406229019165,1.948339581489563,60.506675720214844,1.2779152393341064
3974,186.9680630202844,2.6575825214385986,1.4436159133911133,62.19789505004883,1.278091311454773
3975,177.35659125936962,2.075655937194824,2.411247968673706,58.3216552734375,1.2782349586486816
3976,181.41892057047315,2.3656396865844727,1.7486612796783447,60.84291458129883,1.2784069776535034
3977,181.00470892524484,2.047170877456665,1.5136406421661377,60.58835220336914,1.2785252332687378
3978,180.67905595543562,2.210432529449463,1.5451785326004028,62.749332427978516,1.278645634651184
3979,179.72013151986366,1.9986650943756104,1.882472038269043,62.1914176940918,1.2787338495254517
3980,109.42754082313807,-2.449917793273926,48.66001892089844,73.60311889648438,1.2788034677505493
3981,119.31642448605606,-1.655988335609436,47.31444549560547,72.70301818847656,1.278862476348877
3982,196.7805570444255,2.6858670711517334,2.2613255977630615,64.53363037109375,1.2789500951766968
3983,189.44356826408884,2.2829949855804443,2.3977651596069336,63.756404876708984,1.2790173292160034
3984,198.1745460083135,2.554163932800293,2.1700117588043213,64.32955169677734,1.2790628671646118
3985,194.6213190949187,2.1940176486968994,3.2677078247070312,63.939754486083984,1.2791181802749634
3986,192.2689573200916,2.2935824394226074,1.5568562746047974,64.39110565185547,1.2791506052017212
3987,126.91990093997379,-3.3130245208740234,49.98305892944336,74.37187194824219,1.2791184186935425
3988,195.92069771304793,2.366349697113037,1.8733031749725342,66.11544799804688,1.279064655303955
3989,195.02158914492654,2.249258279800415,3.0936527252197266,65.03765869140625,1.2790440320968628
3990,209.29196036441698,2.367938756942749,2.3026626110076904,67.25354766845703,1.2790104150772095
3991,195.7243172303611,2.1591200828552246,1.800148844718933,65.44039154052734,1.2789430618286133
3992,197.94948862473822,2.7725255489349365,2.1563706398010254,65.99950408935547,1.2789170742034912
3993,186.71094381163542,2.0129826068878174,1.24961256980896,64.99736785888672,1.2788143157958984
3994,124.80131103599413,-0.46808966994285583,55.06122589111328,75.79652404785156,1.278778314590454
3995,194.27728452716914,2.339085578918457,1.484848141670227,67.37234497070312,1.2787338495254517
3996,208.1861351218286,2.4361979961395264,2.4830150604248047,68.54273223876953,1.2786754369735718
3997,199.73099943786255,2.575838804244995,3.0039706230163574,67.77323913574219,1.2786396741867065
3998,203.9739050470681,2.6939804553985596,1.6414191722869873,67.48335266113281,1.2786556482315063
3999,204.7746718854984,2.1629724502563477,3.6618428230285645,68.2057876586914,1.2786273956298828
4000,203.82287972430188,2.3547117710113525,1.7354867458343506,68.17147827148438,1.2785595655441284
4001,200.6659515234996,2.2370386123657227,1.834187388420105,69.78111267089844,1.2784827947616577
4002,203.92397512549266,1.9204939603805542,1.7581567764282227,72.4056396484375,1.2783513069152832
4003,195.0794979362741,2.2581701278686523,1.5592149496078491,69.69783782958984,1.2783039808273315
4004,108.73616522518455,-2.1958463191986084,74.83563232421875,83.27018737792969,1.2782931327819824
4005,202.27027827286122,2.1369690895080566,2.311450719833374,74.77127838134766,1.2783886194229126
4006,95.7565398191153,-2.5443098545074463,92.67654418945312,85.80795288085938,1.2787137031555176
4007,99.04533401005399,-2.401007652282715,90.55001831054688,86.3040542602539,1.2790937423706055
4008,183.64251738720046,1.357169508934021,1.3999415636062622,72.86637115478516,1.279393196105957
4009,92.45121668290037,-4.4626641273498535,95.28202056884766,86.48995971679688,1.279667615890503
4010,137.29183837564008,-1.747813105583191,64.71784210205078,84.0362319946289,1.279898762702942
4011,200.49027277966596,2.3078770637512207,1.8555188179016113,71.74370574951172,1.2801625728607178
4012,129.4227732067006,-1.095447301864624,67.53054809570312,82.94448852539062,1.2804399728775024
4013,108.86950413254597,-1.7468149662017822,88.72731018066406,86.06388854980469,1.2808972597122192
4014,109.96868307911082,-7.035611152648926,63.864349365234375,84.19486236572266,1.281212329864502
4015,118.86747795261536,-2.5721914768218994,63.376136779785156,83.36735534667969,1.281494140625
4016,112.94862759286713,-4.285430431365967,64.87097930908203,81.94566345214844,1.2817201614379883
4017,171.43027052415655,0.1614692062139511,11.822785377502441,77.38117218017578,1.2819021940231323
4018,86.78779107750992,-4.310844898223877,101.94847869873047,87.89341735839844,1.282101035118103
4019,192.94661644599742,2.2196900844573975,1.7568875551223755,65.4829330444336,1.2822842597961426
4020,162.20851440731178,-0.24895863234996796,12.619653701782227,78.71314239501953,1.282425880432129
4021,212.59510816898913,2.7283761501312256,2.3595845699310303,70.07130432128906,1.2825998067855835
4022,80.31742272967219,-4.258824348449707,107.99781036376953,88.44398498535156,1.2828651666641235
4023,193.93043337613582,2.4810802936553955,1.5867342948913574,67.26811218261719,1.283218264579773
4024,205.6199560818802,2.211517095565796,1.9442006349563599,67.08915710449219,1.2835115194320679
4025,200.32407107379817,2.321065664291382,1.6342689990997314,66.5035400390625,1.2837830781936646
4026,197.25547680080183,2.8166537284851074,2.50685977935791,65.1258316040039,1.2841253280639648
4027,75.19140996599795,-8.431869506835938,140.08627319335938,89.71292114257812,1.2844058275222778
4028,198.78112864710863,2.463738441467285,1.9933760166168213,67.06814575195312,1.2847012281417847
4029,110.38567261713627,-1.6683343648910522,46.17256164550781,80.35958099365234,1.2851320505142212
4030,80.35661363690207,-9.68071460723877,98.99305725097656,87.58553314208984,1.2854496240615845
4031,176.28591079924692,1.1411689519882202,1.2072679996490479,69.9262466430664,1.2857006788253784
4032,114.70494207091933,-4.2986674308776855,61.159236907958984,80.66282653808594,1.285897135734558
4033,205.23111244387707,1.7777321338653564,1.9382328987121582,63.387935638427734,1.2859612703323364
4034,158.37579778421036,-0.05893171206116676,5.110202789306641,74.57921600341797,1.2859960794448853
4035,159.85904154707075,0.6157815456390381,6.043107986450195,74.08689880371094,1.286084771156311
4036,188.00805278844362,1.3927403688430786,2.277862787246704,66.39390563964844,1.2861356735229492
4037,128.3624836913489,-2.069471836090088,21.941102981567383,77.05685424804688,1.2861555814743042
4038,199.535857907305,2.4941887855529785,2.638127088546753,62.120208740234375,1.2861665487289429
4039,200.48824086570139,2.7062854766845703,2.3502144813537598,60.68702697753906,1.286195158958435
4040,85.2397604017448,-4.749268054962158,81.63382720947266,83.36370849609375,1.2862443923950195
4041,102.17223811346553,-3.8190348148345947,50.541107177734375,80.83625793457031,1.2862778902053833
4042,106.8841775412706,-2.9774630069732666,23.24148178100586,76.81380462646484,1.2863143682479858
4043,86.58827925191683,-8.386493682861328,81.3677978515625,83.51798248291016,1.2862839698791504
4044,108.17546296665451,-3.2029433250427246,14.504632949829102,74.86479949951172,1.2862266302108765
4045,69.89117450006812,-5.702126979827881,109.38236236572266,85.09992980957031,1.2863260507583618
4046,119.95731726509611,-1.2510367631912231,18.842514038085938,72.18770599365234,1.2864534854888916
4047,184.12815136340728,2.154642105102539,2.7422902584075928,58.0718879699707,1.2865877151489258
4048,189.86208076877472,2.7370223999023438,2.816523790359497,52.266014099121094,1.2867401838302612
4049,196.449626665497,3.02888560295105,3.0965535640716553,52.87307357788086,1.286941647529602
4050,82.78816315794938,-5.702033519744873,46.73347473144531,79.39653778076172,1.2871112823486328
4051,136.04859865399746,-0.5948618650436401,2.656883716583252,61.30243682861328,1.2872143983840942
4052,177.94999054704735,2.024120569229126,2.2361438274383545,56.699127197265625,1.2873159646987915
4053,201.7650995820897,2.6990151405334473,2.8330070972442627,53.184574127197266,1.2873400449752808
4054,80.49244691769138,-10.19265079498291,52.138282775878906,79.35323333740234,1.2873014211654663
4055,83.20458891495294,-4.895688533782959,55.73396682739258,79.9218978881836,1.2872824668884277
4056,90.37500005459982,-4.125178813934326,19.73141860961914,73.37477111816406,1.2872599363327026
4057,95.97978494375434,-3.6292812824249268,18.66649055480957,73.28292083740234,1.2872360944747925
4058,130.342556039125,-0.8874642848968506,11.580486297607422,58.68027114868164,1.2871804237365723
4059,187.48360392698837,2.7965705394744873,2.7169415950775146,49.39786148071289,1.287126898765564
4060,104.5034076568709,-1.829158067703247,10.400959968566895,67.06291961669922,1.287188172340393
4061,177.6492777714194,2.6097378730773926,2.8112473487854004,46.83061981201172,1.2872285842895508
4062,88.68744304840573,-4.550596237182617,20.824121475219727,71.3741455078125,1.2872364521026611
4063,197.65628506828443,2.9108476638793945,2.71474289894104,47.2828369140625,1.2871898412704468
4064,194.9709216141756,3.372952938079834,3.1497726440429688,48.22894287109375,1.2871499061584473
4065,130.11681913166737,0.6902585029602051,4.446261405944824,49.75360107421875,1.2871767282485962
4066,196.7223301291316,3.7822439670562744,2.7283430099487305,47.0521240234375,1.287289023399353
4067,137.65709891264865,0.4911387860774994,3.579657554626465,53.24710464477539,1.2873725891113281
4068,106.96925053706593,-0.8128448128700256,6.678938865661621,55.019771575927734,1.2875813245773315
4069,94.48241559722378,-2.5538766384124756,13.641605377197266,63.88138198852539,1.28779137134552
4070,140.613288845438,1.0875223875045776,3.6763980388641357,46.01866912841797,1.2879852056503296
4071,191.3829003815882,3.6834471225738525,2.866586446762085,44.47637176513672,1.2882200479507446
4072,188.2715460648633,3.1611757278442383,3.42100191116333,42.641578674316406,1.2883929014205933
4073,186.29533754699233,3.3222129344940186,3.5452473163604736,42.148555755615234,1.2884950637817383
4074,194.77731747321886,3.935317039489746,3.365609884262085,43.95463562011719,1.288591742515564
4075,184.44242232641557,3.4541826248168945,3.13102388381958,43.92246627807617,1.2886778116226196
4076,98.36333028845402,-2.228410005569458,11.304089546203613,54.73429489135742,1.2887006998062134
4077,121.4853698513678,0.24249184131622314,7.4224653244018555,50.589351654052734,1.288718581199646
4078,109.45879128006936,-0.3202390968799591,8.78927230834961,50.22999572753906,1.2887533903121948
4079,203.38212637992407,4.081109046936035,3.636380910873413,41.94953155517578,1.2887946367263794
4080,89.2800356048983,-3.391508102416992,15.17074966430664,55.47732925415039,1.2887780666351318
4081,98.70175751106034,-1.2231765985488892,13.375334739685059,53.058860778808594,1.2887556552886963
4082,199.7428992689431,4.183932304382324,4.1233906745910645,42.11819839477539,1.2887135744094849
4083,132.76550601463006,-0.12684567272663116,9.240715980529785,46.97236633300781,1.2886098623275757
4084,121.41720037201533,0.4309307932853699,11.770808219909668,47.972198486328125,1.2884918451309204
4085,134.472459205966,1.630601406097412,7.521051406860352,44.82625198364258,1.2883933782577515
4086,175.3454936066825,3.7298340797424316,3.592418670654297,40.196712493896484,1.288301706314087
4087,73.66165525104964,-2.256284713745117,38.753658294677734,58.78074264526367,1.2882599830627441
4088,190.2546855687209,4.396362781524658,4.125125885009766,42.27878952026367,1.2882134914398193
4089,187.80199028350228,3.187258720397949,3.4498422145843506,39.430877685546875,1.2880617380142212
4090,185.7135520865719,3.859771490097046,3.864229202270508,41.18107223510742,1.2879362106323242
4091,119.36083364809548,0.9921275973320007,11.408868789672852,49.80900573730469,1.2878440618515015
4092,184.02907921645982,3.8158111572265625,3.9406752586364746,43.47679901123047,1.2877311706542969
4093,197.55836214969548,4.69199800491333,4.180947780609131,43.45933532714844,1.2876724004745483
4094,195.06369708861268,4.356724262237549,3.688317060470581,43.11345672607422,1.2877209186553955
4095,141.961110343806,2.5018012523651123,8.59249210357666,47.060264587402344,1.2878471612930298
4096,185.03141808493424,3.844500780105591,4.170127868652344,44.476314544677734,1.287932276725769
4097,204.51185708680114,4.168671131134033,3.9070069789886475,43.48227310180664,1.2880525588989258
4098,189.88862162625603,4.176138877868652,4.296252250671387,45.83995056152344,1.2881888151168823
4099,201.0155335160771,3.996830701828003,4.400870323181152,46.6938362121582,1.2882837057113647
4100,192.6051294014647,4.280689716339111,4.720531940460205,46.86095428466797,1.2884029150009155
4101,191.2986473498032,3.9748964309692383,4.543308734893799,45.9561653137207,1.288525938987732
4102,187.79819677416592,4.2743659019470215,5.170987129211426,46.511741638183594,1.2886921167373657
4103,196.48155116810904,4.1765875816345215,4.854482173919678,48.588348388671875,1.288881778717041
4104,199.77181479451107,3.5596814155578613,4.8052520751953125,46.12572479248047,1.2890430688858032
4105,191.56025063470838,4.069340229034424,5.096236228942871,48.65380859375,1.2892111539840698
4106,195.38798477707005,3.756699562072754,5.55795955657959,48.13840866088867,1.2893768548965454
4107,196.69877685843457,3.596116542816162,5.088557720184326,49.448936462402344,1.2895077466964722
4108,187.56820991078132,3.9413318634033203,5.481443405151367,50.60527801513672,1.289636492729187
4109,187.05516556584445,3.780151128768921,5.982011795043945,51.18650817871094,1.2897709608078003
4110,186.497869738903,4.032421588897705,5.53585958480835,50.432228088378906,1.2900123596191406
4111,193.5664908730336,2.615875482559204,6.502366542816162,51.1640739440918,1.290181279182434
4112,195.33197778898423,3.455721378326416,6.068608283996582,53.5404052734375,1.2903084754943848
4113,180.2741319431041,3.1731483936309814,8.614639282226562,52.811012268066406,1.2904233932495117
4114,193.20406833938145,3.668607711791992,5.485515117645264,54.1333122253418,1.2905311584472656
4115,193.95975980210054,3.2136406898498535,5.71400785446167,52.37894821166992,1.2906782627105713
4116,174.0010758015766,2.734114646911621,7.411814212799072,52.98001480102539,1.2908196449279785
4117,196.12633716154377,3.4224624633789062,5.407192707061768,55.05991744995117,1.2909646034240723
4118,189.37540219518596,3.1637532711029053,6.036518573760986,53.97243881225586,1.291137456893921
4119,197.213830053289,3.35187029838562,5.171189785003662,57.35157775878906,1.2912958860397339
4120,175.83751536105856,3.2162671089172363,6.360144138336182,56.747657775878906,1.2916029691696167
4121,193.57730445011995,2.878403425216675,4.793370723724365,56.5871467590332,1.2918956279754639
4122,194.9171238129081,2.9310824871063232,4.320793628692627,58.71588897705078,1.292150616645813
4123,206.15007665160778,2.955247640609741,4.22726583480835,58.56938934326172,1.2923766374588013
4124,188.24152818053938,2.339672327041626,4.463379859924316,59.177886962890625,1.292528510093689
4125,194.3342934905027,2.2244582176208496,4.365926742553711,58.77286148071289,1.2926154136657715
4126,193.62694974935079,2.5460212230682373,5.219883918762207,61.66176223754883,1.2927037477493286
4127,180.69684307221266,2.2125327587127686,4.441610813140869,59.52482986450195,1.2927531003952026
4128,191.897714436721,3.246501922607422,4.424421787261963,61.72726058959961,1.2928318977355957
4129,191.14073688734314,2.239717483520508,4.515091419219971,62.2611083984375,1.292872428894043
4130,189.18761568072833,2.179140090942383,4.463449954986572,62.36384201049805,1.2928935289382935
4131,189.60400168561088,3.067204236984253,4.237466335296631,63.272369384765625,1.2930268049240112
4132,193.9060834907594,2.4228532314300537,4.082159042358398,63.70892333984375,1.293135166168213
4133,184.99996909944736,2.869656801223755,4.375868797302246,63.394588470458984,1.293329119682312
4134,188.6239174838333,2.1606433391571045,4.52224063873291,64.84262084960938,1.293455958366394
4135,195.10875098110202,3.0250425338745117,4.322208404541016,65.24544525146484,1.293749213218689
4136,192.86763789778988,2.798319101333618,4.719595909118652,65.56936645507812,1.2940133810043335
4137,188.54362327629454,2.893982172012329,4.697110176086426,66.51483917236328,1.294264793395996
4138,194.42450736223654,2.2907495498657227,4.715991020202637,66.994384765625,1.2944780588150024
4139,184.00567344035497,1.98223876953125,4.900608062744141,66.45445251464844,1.2946282625198364
4140,194.72795120075483,2.4486629962921143,4.853833198547363,66.71622467041016,1.2947508096694946
4141,193.88060855362122,2.99354887008667,5.2782511711120605,69.537353515625,1.2949323654174805
4142,181.45659022291335,1.9685859680175781,20.738771438598633,72.51834869384766,1.2951127290725708
4143,180.97687236736456,2.3747642040252686,4.878839492797852,66.15377807617188,1.2952862977981567
4144,182.98227380746283,2.7485852241516113,4.955066204071045,67.66443634033203,1.2955061197280884
4145,168.26171848028932,1.753758192062378,39.69744873046875,74.56660461425781,1.295773983001709
4146,178.32767815624064,2.241096258163452,5.257619380950928,69.18526458740234,1.2960338592529297
4147,186.18486312348773,2.615771532058716,5.528731346130371,69.8045425415039,1.2962950468063354
4148,133.94151533197314,-3.350684642791748,71.2973403930664,76.32337951660156,1.2964576482772827
4149,88.21966155183478,-2.3621833324432373,106.7544937133789,76.93016815185547,1.2966340780258179
4150,146.52834187648955,1.1793373823165894,46.28070831298828,75.709228515625,1.29682457447052
4151,79.76095049142141,-2.485495090484619,121.15449523925781,77.41349792480469,1.2970610857009888
4152,84.79011623899866,-2.5965330600738525,113.409423828125,77.30772399902344,1.2973144054412842
4153,68.75992928693792,-2.8109474182128906,136.168212890625,77.62660217285156,1.2977415323257446
4154,63.792268264156824,-6.221512317657471,147.3033905029297,78.07357025146484,1.2981280088424683
4155,131.36986863008315,-3.3868260383605957,68.47504425048828,76.4560546875,1.2984110116958618
4156,183.53268991244119,2.140376567840576,6.161962985992432,67.51941680908203,1.2986078262329102
4157,85.26544501382745,-10.865838050842285,110.67894744873047,77.38823699951172,1.2987109422683716
4158,166.44979422486279,1.7695344686508179,7.752397537231445,65.33655548095703,1.298806071281433
4159,173.30990972628706,2.100235939025879,5.697138786315918,67.47004699707031,1.298880934715271
4160,196.0398228090303,3.1921682357788086,6.892881393432617,67.48462677001953,1.2989720106124878
4161,77.89742371556767,-2.1017465591430664,121.83759307861328,77.63465118408203,1.2991703748703003
4162,175.79885680969673,2.472961664199829,5.49215030670166,64.16204833984375,1.2993701696395874
4163,80.44916571553647,-5.059858798980713,116.46226501464844,77.70008850097656,1.2995285987854004
4164,178.063261231585,2.50982666015625,5.507471561431885,64.33692169189453,1.2996892929077148
4165,167.23356341320581,1.743654489517212,9.267534255981445,60.63846206665039,1.2998229265213013
4166,173.0618361641129,2.4092824459075928,6.606630325317383,61.903724670410156,1.2999632358551025
4167,178.74224411710088,2.427008867263794,5.648727893829346,63.28736877441406,1.300077199935913
4168,174.35653915514706,2.461452007293701,6.943373203277588,61.27276611328125,1.3001843690872192
4169,175.6361386429707,2.260026216506958,5.580670356750488,61.98994064331055,1.3002614974975586
4170,178.17197085828298,1.5754618644714355,6.511314868927002,61.60000228881836,1.3002625703811646
4171,88.12017015059304,-5.583471775054932,106.01680755615234,77.62940216064453,1.3002325296401978
4172,180.92296183796623,2.8240466117858887,5.41165018081665,61.16947937011719,1.3002238273620605
4173,170.34127553085096,2.053241014480591,6.241588592529297,56.16930389404297,1.3001774549484253
4174,170.7533064651135,2.036288022994995,6.197128772735596,57.69620895385742,1.3001030683517456
4175,179.62348055022812,3.115370512008667,5.103542327880859,62.09553527832031,1.3000930547714233
4176,171.54740524542163,2.41882586479187,5.413267135620117,58.85586929321289,1.300096869468689
4177,175.56209356635327,3.047481060028076,5.699463844299316,59.2026481628418,1.3001800775527954
4178,181.70579723479986,2.958885431289673,5.137649059295654,60.64682388305664,1.3002742528915405
4179,173.72369988415997,2.4157161712646484,5.6387128829956055,57.28485870361328,1.300346851348877
4180,166.6926883158561,2.347421407699585,5.910497665405273,54.0858154296875,1.3004244565963745
4181,175.75344184166613,3.1238222122192383,5.439207077026367,57.162078857421875,1.3005603551864624
4182,176.08501302180522,2.6636404991149902,5.508577346801758,56.35006332397461,1.3006821870803833
4183,171.19491431265894,2.582096576690674,5.459214687347412,54.74021530151367,1.300801396369934
4184,171.04616735571835,2.3529160022735596,5.475615978240967,53.071197509765625,1.3008943796157837
4185,71.53824206484485,-2.9793553352355957,123.92020416259766,78.87413024902344,1.3011692762374878
4186,174.79243037585925,2.7029664516448975,5.5443291664123535,54.74803924560547,1.3014086484909058
4187,171.34207908113993,3.110323190689087,5.38023042678833,53.207908630371094,1.3016904592514038
4188,99.61046201648452,-2.118821144104004,14.278450965881348,68.9149398803711,1.301931381225586
4189,109.4191725295987,-1.2145707607269287,11.067604064941406,65.8583755493164,1.3021353483200073
4190,170.6809352795991,2.7673065662384033,5.567632675170898,51.95908737182617,1.3023313283920288
4191,179.39257380929527,3.1574337482452393,5.498689651489258,53.648616790771484,1.3025168180465698
4192,166.59024207654332,2.0440802574157715,5.492071628570557,48.49466323852539,1.302627444267273
4193,148.02648699055928,2.0562326908111572,5.502956390380859,54.179630279541016,1.302842617034912
4194,71.23770549990098,-3.5846049785614014,100.24637603759766,78.23046875,1.3031139373779297
4195,68.4079456838589,-3.813983917236328,101.74381256103516,78.75294494628906,1.303462266921997
4196,93.10708958150958,-1.8250846862792969,15.828157424926758,67.13511657714844,1.3038164377212524
4197,56.38717077044458,-6.28548002243042,165.60105895996094,80.11196899414062,1.3041917085647583
4198,62.530992344915866,-6.424156665802002,113.64261627197266,78.47628021240234,1.3045345544815063
4199,58.64368422979801,-4.473282814025879,144.16014099121094,79.49369812011719,1.3051000833511353
4200,58.13483666362255,-7.590784072875977,131.3556671142578,78.94273376464844,1.3056068420410156
4201,60.491826766107835,-6.191218376159668,108.23432159423828,78.15970611572266,1.3060832023620605
4202,60.23388623374822,-6.541540622711182,93.32757568359375,76.91192626953125,1.3065221309661865
4203,109.13881479918538,-0.721458375453949,10.069543838500977,56.1238899230957,1.3068972826004028
4204,64.7589778280643,-4.489331245422363,60.78245162963867,73.29879760742188,1.3072956800460815
4205,85.09588356804754,-3.2465085983276367,18.44944190979004,65.46415710449219,1.3076239824295044
4206,102.54061700898653,-0.5833736062049866,11.051963806152344,55.98103332519531,1.3079456090927124
4207,159.4983952744674,2.921809673309326,5.221224308013916,44.804378509521484,1.3082636594772339
4208,66.86892721736949,-4.598982334136963,29.657733917236328,67.89986419677734,1.3085819482803345
4209,145.13127091952046,2.2899651527404785,6.773608207702637,46.64935302734375,1.3088871240615845
4210,68.3098206773293,-3.7736988067626953,37.52827072143555,67.29539489746094,1.3092195987701416
4211,178.9070284200079,3.8256938457489014,5.237693786621094,43.819732666015625,1.3095117807388306
4212,77.2645246278769,-3.0984342098236084,20.107561111450195,60.15543746948242,1.3097758293151855
4213,90.20870631743972,-1.4607551097869873,14.961031913757324,55.4996452331543,1.3100171089172363
4214,66.44030816795657,-3.9347591400146484,27.537687301635742,64.55645751953125,1.31029212474823
4215,58.02474805019523,-6.288059711456299,48.01982116699219,67.7318115234375,1.3105394840240479
4216,62.08189233361103,-4.404043197631836,39.53285598754883,66.9186782836914,1.310808539390564
4217,102.88989812906519,0.7759106159210205,12.372775077819824,50.347660064697266,1.3111186027526855
4218,82.61906904641626,-2.301894426345825,19.68033218383789,54.655914306640625,1.3113688230514526
4219,186.00490694485583,5.189006328582764,7.1453375816345215,41.57528305053711,1.3116482496261597
4220,67.09901434289428,-4.608197212219238,26.626380920410156,60.1837043762207,1.311876654624939
4221,180.44185067404854,4.686745643615723,7.549234867095947,41.90011978149414,1.312120795249939
4222,113.16709779434466,0.6437311172485352,12.552409172058105,47.14662170410156,1.3123105764389038
4223,170.49216038971787,3.9999196529388428,8.279050827026367,38.52830505371094,1.312477707862854
4224,90.11270065711606,-0.787083625793457,16.776105880737305,51.774356842041016,1.312618374824524
4225,101.11631424694906,1.29619562625885,14.570480346679688,46.401885986328125,1.3128182888031006
4226,170.24229614447611,4.018312454223633,8.713338851928711,37.0204963684082,1.3129911422729492
4227,135.68225784599,2.7299082279205322,10.446534156799316,42.3216667175293,1.313159465789795
4228,169.92467846049237,4.285651683807373,8.167491912841797,36.82122039794922,1.313338279724121
4229,134.8182258575526,2.679734945297241,10.600250244140625,40.87957763671875,1.3134995698928833
4230,174.53038729529106,4.200569152832031,8.242835998535156,36.60316848754883,1.3136200904846191
4231,92.16809376640394,0.23567739129066467,13.616440773010254,42.53071975708008,1.3137321472167969
4232,171.89220940523546,4.2746686935424805,8.234502792358398,35.023597717285156,1.3138128519058228
4233,178.32188676439947,4.111405849456787,8.672832489013672,36.07049560546875,1.31382155418396
4234,174.4010351378297,4.394497871398926,8.71394157409668,34.777320861816406,1.3138052225112915
4235,176.53272540608094,5.148260593414307,9.08014965057373,34.9748420715332,1.3138412237167358
4236,87.99527509267153,-0.7921568155288696,15.860499382019043,41.35334396362305,1.3138002157211304
4237,184.5009233803564,4.575385093688965,9.77319622039795,35.064693450927734,1.3137221336364746
4238,177.28469132006705,5.019669532775879,10.138727188110352,34.89140701293945,1.3136506080627441
4239,192.1522738102198,4.940094470977783,8.598889350891113,34.1898307800293,1.3136247396469116
4240,176.09508893413778,5.563892841339111,10.233412742614746,34.8851432800293,1.3136354684829712
4241,186.94438535356116,5.223220348358154,10.187204360961914,35.78056335449219,1.3136388063430786
4242,181.43307729502305,5.647229194641113,10.156896591186523,35.96638488769531,1.313677191734314
4243,192.90054770663477,3.966381788253784,10.343239784240723,35.882144927978516,1.313616394996643
4244,183.45526105955216,5.078378200531006,10.088366508483887,36.14228820800781,1.313554286956787
4245,80.74275736198999,0.01936497911810875,21.674671173095703,42.570579528808594,1.3135043382644653
4246,87.9427614022465,0.5494202971458435,19.98245620727539,42.40785598754883,1.313464641571045
4247,178.1449495766152,4.9607014656066895,10.083251953125,36.04868698120117,1.3134077787399292
4248,182.99529723308225,5.153364181518555,10.144049644470215,36.68500900268555,1.3133454322814941
4249,128.93167602853606,2.319209337234497,13.572772979736328,39.17921829223633,1.3132413625717163
4250,185.19302444107043,5.485551834106445,10.486332893371582,36.91119384765625,1.3131548166275024
4251,190.1062832428738,4.63481330871582,9.069368362426758,37.177886962890625,1.3130662441253662
4252,189.62359349327832,5.545534610748291,10.683418273925781,37.920902252197266,1.313003420829773
4253,189.26063975641702,5.66267204284668,11.32577896118164,38.05165100097656,1.3129627704620361
4254,181.31174177284322,5.323205471038818,12.175304412841797,38.16596984863281,1.3129335641860962
4255,193.2562039378629,5.6906352043151855,12.532156944274902,38.36555862426758,1.3129175901412964
4256,179.35497609905346,5.6684064865112305,13.76707649230957,38.43788528442383,1.3129525184631348
4257,199.47576382364957,5.7671918869018555,13.136636734008789,39.095340728759766,1.3130030632019043
4258,195.3030141688313,5.588399410247803,14.16695785522461,39.16958236694336,1.3130425214767456
4259,180.49448374276088,5.47689962387085,14.622978210449219,39.42036437988281,1.3131004571914673
4260,123.94572922222403,-1.3953906297683716,18.071260452270508,40.68363571166992,1.3130491971969604
4261,190.51008981880415,5.61495304107666,14.875258445739746,39.84370040893555,1.313015103340149
4262,187.0430875513864,5.359600067138672,15.130635261535645,39.676429748535156,1.3129807710647583
4263,186.34193687906193,5.052907466888428,15.473562240600586,39.74687194824219,1.312901258468628
4264,188.07056801423877,5.559728622436523,15.119011878967285,39.996307373046875,1.3128591775894165
4265,206.8101832740301,6.072181701660156,14.670853614807129,40.58281326293945,1.3128358125686646
4266,194.73663039140706,5.7279486656188965,15.61664867401123,39.89601516723633,1.3128223419189453
4267,185.06496333919154,5.5782270431518555,16.43379020690918,40.31145095825195,1.3128241300582886
4268,195.67112502790044,5.542520999908447,15.717326164245605,40.608360290527344,1.312829613685608
4269,196.78026211938968,5.279876232147217,15.875530242919922,40.775634765625,1.3128173351287842
4270,197.461579415583,5.869576454162598,16.409595489501953,40.728309631347656,1.3128243684768677
4271,195.37897414367765,5.948812007904053,15.841171264648438,40.91266632080078,1.3128656148910522
4272,189.51139660649054,5.79710578918457,17.344282150268555,41.58314895629883,1.3129671812057495
4273,186.31207384711652,5.188084602355957,17.261579513549805,41.25732421875,1.313048005104065
4274,193.7377720723229,5.655550003051758,17.457290649414062,42.302833557128906,1.3131338357925415
4275,207.99964327731826,6.2698073387146,16.418920516967773,41.91881561279297,1.3132766485214233
4276,203.82202328389766,5.701374530792236,16.08049774169922,41.747779846191406,1.313419222831726
4277,191.94349268952004,5.304422855377197,17.59929656982422,42.09563446044922,1.3135392665863037
4278,189.76208938691656,5.54177713394165,17.72671890258789,42.1141357421875,1.313653588294983
4279,196.67969607800916,5.151214122772217,17.6356258392334,42.31258010864258,1.3137270212173462
4280,197.07097350415626,5.6563873291015625,16.04985809326172,42.40480422973633,1.3138495683670044
4281,199.86115208370046,6.1294965744018555,17.168132781982422,42.70943832397461,1.3139925003051758
4282,203.6177998418965,4.912703037261963,16.84534454345703,42.680484771728516,1.3140488862991333
4283,203.46259704191334,6.112575531005859,16.917221069335938,42.76203536987305,1.3141303062438965
4284,192.18547562870378,6.1900715827941895,16.78108787536621,42.89301300048828,1.3142653703689575
4285,192.93143253897753,6.085809230804443,17.112882614135742,43.558937072753906,1.3144296407699585
4286,202.86497599176792,3.790358781814575,15.915448188781738,43.100257873535156,1.31451416015625
4287,209.86791298131956,6.526180744171143,15.083477973937988,43.079105377197266,1.3147259950637817
4288,190.93781630068202,5.219327926635742,15.277095794677734,43.08781433105469,1.3149094581604004
4289,198.15075052471335,4.999057292938232,15.524894714355469,43.03175354003906,1.3150354623794556
4290,196.79717556395397,5.720611572265625,15.878618240356445,43.42341232299805,1.3151464462280273
4291,202.48042111839754,6.066469192504883,14.5100736618042,43.46550750732422,1.3153225183486938
4292,199.7142458881343,6.087087631225586,15.43185043334961,43.39067459106445,1.3155001401901245
4293,191.39579812796032,5.726912021636963,15.146834373474121,43.29814529418945,1.3156861066818237
4294,190.24086385290485,5.769972324371338,15.089430809020996,43.49600601196289,1.3158622980117798
4295,196.03969553921772,5.164254188537598,13.36231517791748,43.33795928955078,1.3160814046859741
4296,185.8382657956385,4.863957405090332,16.4744873046875,43.70448684692383,1.3162504434585571
4297,203.93630000518863,6.155340194702148,15.082932472229004,43.83244323730469,1.3164643049240112
4298,185.06179924530113,3.4772658348083496,16.1756534576416,43.955039978027344,1.3165632486343384
4299,198.0514578406072,5.067852020263672,16.259521484375,44.21794891357422,1.3166112899780273
4300,191.66334840134797,4.843667030334473,15.83410930633545,44.24827575683594,1.3166470527648926
4301,186.43556288910602,5.445798873901367,17.159360885620117,44.457130432128906,1.316684365272522
4302,197.1662597524514,4.882812023162842,16.599246978759766,44.560546875,1.316690444946289
4303,185.35637617875483,5.5948076248168945,17.403209686279297,44.663177490234375,1.3167109489440918
4304,183.73906922733318,5.192310810089111,17.519187927246094,44.75066375732422,1.3167288303375244
4305,175.36778734408261,4.850475311279297,17.50325584411621,44.91339874267578,1.316757082939148
4306,185.65022174188007,4.929956436157227,16.411216735839844,45.0690803527832,1.3167784214019775
4307,184.2480443624776,4.832925796508789,17.25873565673828,45.32689666748047,1.3167662620544434
4308,197.22734273640248,5.332725524902344,17.161624908447266,45.47467803955078,1.316748857498169
4309,187.3336677086399,4.977842807769775,17.955961227416992,45.658973693847656,1.3167170286178589
4310,175.19676764693628,5.098011493682861,17.944665908813477,45.922603607177734,1.3167201280593872
4311,190.03153951630622,4.870880603790283,16.82246208190918,46.110530853271484,1.3167060613632202
4312,173.62399725457598,3.9872219562530518,17.47026252746582,46.17913055419922,1.3166632652282715
4313,194.48869055244722,4.994795322418213,15.931123733520508,46.30104446411133,1.3166102170944214
4314,198.7537867791273,5.049280166625977,14.682987213134766,46.38320541381836,1.3165377378463745
4315,191.99937030209756,4.845643997192383,15.276691436767578,46.436092376708984,1.3164540529251099
4316,188.1341264556649,4.5680670738220215,15.533673286437988,46.60369110107422,1.3163505792617798
4317,190.48149289647665,5.5279364585876465,14.251631736755371,46.668766021728516,1.3162826299667358
4318,186.48999160677357,4.94441032409668,15.088868141174316,46.848140716552734,1.3162251710891724
4319,191.47751536816565,5.385784149169922,12.668917655944824,46.84901428222656,1.3161839246749878
4320,196.24943448288198,5.612227439880371,11.917289733886719,46.60603332519531,1.316192626953125
4321,185.86443491956305,4.897704601287842,11.699137687683105,46.884254455566406,1.3162055015563965
4322,203.963049343574,5.206080436706543,11.936235427856445,47.118160247802734,1.316205382347107
4323,197.36922244336245,5.638427734375,12.414355278015137,47.652435302734375,1.3162676095962524
4324,183.0365569014468,5.17327880859375,13.181376457214355,48.032657623291016,1.3163586854934692
4325,179.40637433789956,4.3717360496521,14.306652069091797,48.50326919555664,1.3164223432540894
4326,172.79282775290395,4.928231239318848,14.097113609313965,48.45518493652344,1.316531777381897
4327,188.25784631837593,4.96074914932251,13.37460708618164,48.80691909790039,1.3166462182998657
4328,199.7913676971115,5.8890275955200195,12.72781753540039,49.03974533081055,1.3168095350265503
4329,190.20956583624653,5.25418758392334,14.087008476257324,49.1463508605957,1.3169668912887573
4330,182.5881766144607,4.691161155700684,14.623269081115723,49.377044677734375,1.3170892000198364
4331,178.47385077128706,4.851318359375,12.90233325958252,49.38236618041992,1.3172221183776855
4332,184.85293174155407,4.171534538269043,11.53313159942627,49.16440200805664,1.3173490762710571
4333,185.04273175863017,5.283821105957031,12.020432472229004,49.51727294921875,1.3175047636032104
4334,190.47179272244227,5.261884689331055,11.672717094421387,49.723243713378906,1.3177318572998047
4335,186.38555998364484,3.5235652923583984,11.707642555236816,50.09367752075195,1.3178644180297852
4336,193.92430603683636,5.370830059051514,10.890890121459961,50.35609436035156,1.318031668663025
4337,201.97617330594846,5.5140509605407715,10.180304527282715,50.45110321044922,1.3182332515716553
4338,190.2838946397256,4.132596969604492,10.149768829345703,50.76749038696289,1.3183518648147583
4339,184.63803968921732,4.909721374511719,10.328659057617188,50.8266487121582,1.3184738159179688
4340,182.94731459544354,4.417079448699951,9.400484085083008,50.686134338378906,1.318589687347412
4341,189.9152860973991,3.3929359912872314,8.296441078186035,50.28882598876953,1.318625569343567
4342,181.1004022339198,4.521121978759766,9.262659072875977,51.14500427246094,1.318677306175232
4343,197.36048701416422,4.811774730682373,8.773775100708008,51.218353271484375,1.3187142610549927
4344,183.1923636311523,4.194056987762451,9.407485008239746,51.51144790649414,1.3187295198440552
4345,187.5829879119786,4.46387243270874,8.665562629699707,51.62631607055664,1.3187655210494995
4346,179.81592257081206,4.695529937744141,10.874215126037598,52.59317398071289,1.318826675415039
4347,193.40392038052684,4.769025802612305,8.596617698669434,51.90159225463867,1.3188923597335815
4348,189.78186078991953,3.7337875366210938,9.853174209594727,53.022220611572266,1.318892002105713
4349,178.44952248983256,3.7810213565826416,9.682967185974121,52.817630767822266,1.318853497505188
4350,195.6448163439203,3.5556907653808594,8.115819931030273,52.40617752075195,1.3187721967697144
4351,187.6379260205141,4.363410472869873,9.152403831481934,53.27485656738281,1.318704605102539
4352,187.02231689529282,4.587798118591309,8.295866966247559,52.98018264770508,1.3187590837478638
4353,186.66260077808505,4.437758445739746,8.114624977111816,52.78889465332031,1.3188471794128418
4354,184.3392210434837,4.218455791473389,8.744072914123535,53.441165924072266,1.3189243078231812
4355,175.2333530207836,2.9484505653381348,8.726788520812988,53.14649963378906,1.3189271688461304
4356,181.83648114331723,4.221862316131592,15.971999168395996,55.87922668457031,1.318973183631897
4357,188.35349544466388,4.448394298553467,8.057869911193848,53.51239013671875,1.3190796375274658
4358,184.38132861636038,3.982905149459839,8.567611694335938,54.02497482299805,1.3191417455673218
4359,193.07719211649797,4.600376605987549,8.811141014099121,54.2910041809082,1.3192253112792969
4360,191.8966771678357,4.218739986419678,8.552519798278809,54.236961364746094,1.3192992210388184
4361,183.2306285337829,3.5977017879486084,8.597856521606445,54.704471588134766,1.3193392753601074
4362,167.3708044486646,2.130579948425293,17.259803771972656,56.99009323120117,1.3193029165267944
4363,195.25408062858952,3.1758131980895996,7.641784191131592,54.124839782714844,1.3192411661148071
4364,177.1404344125611,3.150787353515625,8.87281322479248,55.408531188964844,1.3191214799880981
4365,185.75980559449218,3.064333438873291,10.860265731811523,56.34532165527344,1.3189667463302612
4366,189.24647882146166,3.949586868286133,7.90103006362915,54.459964752197266,1.3188704252243042
4367,182.4958898054183,2.5884032249450684,8.527170181274414,54.731353759765625,1.3187066316604614
4368,174.37916117528965,3.5627012252807617,11.80993938446045,57.24552536010742,1.318584680557251
4369,185.49093307615348,4.2098588943481445,8.348116874694824,54.79153060913086,1.3185093402862549
4370,188.77983624191128,3.6452999114990234,8.386455535888672,54.568119049072266,1.3184758424758911
4371,182.90769011564848,3.3495256900787354,8.540182113647461,55.0194091796875,1.31841242313385
4372,187.4259425102049,4.16209077835083,8.574017524719238,55.24416732788086,1.3183892965316772
4373,193.27150220239142,3.4223148822784424,8.404101371765137,55.51810073852539,1.3183536529541016
4374,187.75742284426576,3.417182445526123,8.208585739135742,55.41151809692383,1.318314552307129
4375,152.79560993834176,2.6637980937957764,23.65167236328125,59.14529037475586,1.3183071613311768
4376,162.82266044176797,2.5044195652008057,13.571855545043945,58.492549896240234,1.3183064460754395
4377,155.19697444548456,2.1845781803131104,30.490678787231445,59.80208206176758,1.3182979822158813
4378,178.11049815595797,3.6314024925231934,4.628328800201416,54.98672866821289,1.318299412727356
4379,182.70213347328038,3.6457936763763428,5.792323112487793,56.305389404296875,1.3183027505874634
4380,183.44051233990515,3.386725902557373,5.214756488800049,56.560218811035156,1.318306565284729
4381,186.58393563778813,3.471142530441284,4.792121887207031,56.16743469238281,1.3182721138000488
4382,190.05516896351148,3.782578229904175,4.786788463592529,56.13688278198242,1.3182364702224731
4383,196.8407653595708,3.411508321762085,4.009642124176025,54.74116134643555,1.3181724548339844
4384,195.2401282078499,4.515050411224365,3.9728753566741943,55.586280822753906,1.3181772232055664
4385,186.82212390711544,3.5555338859558105,2.8411459922790527,55.02943801879883,1.3180960416793823
4386,187.7179795629073,4.030939102172852,2.5446040630340576,53.320552825927734,1.3180370330810547
4387,188.74519559409615,3.760002851486206,3.4009172916412354,53.49618148803711,1.3179469108581543
4388,181.96517884183896,3.5754005908966064,3.4020988941192627,53.88058853149414,1.3178647756576538
4389,182.91250451422258,3.865140914916992,4.3423237800598145,54.62271499633789,1.3177900314331055
4390,181.72503667531043,3.6501612663269043,5.235299587249756,55.99992752075195,1.317733645439148
4391,183.11090629670147,3.98148512840271,6.197729110717773,55.35283279418945,1.3177233934402466
4392,182.73843997019313,3.455556869506836,5.816629886627197,54.91157150268555,1.3176954984664917
4393,200.21047518338443,4.177107334136963,4.151549816131592,55.16306686401367,1.3176926374435425
4394,186.2226553684038,3.9105920791625977,3.9516046047210693,55.5025749206543,1.3177465200424194
4395,199.8408060345948,4.205471515655518,4.010668754577637,55.043094635009766,1.3177908658981323
4396,197.67081559808227,4.196848392486572,2.7047407627105713,55.875728607177734,1.3178458213806152
4397,201.47409491142227,3.727180004119873,3.5031685829162598,55.245445251464844,1.3179177045822144
4398,192.48103027200094,3.9454989433288574,2.724012613296509,56.75016403198242,1.3179765939712524
4399,195.11219245254506,3.9237773418426514,3.757594347000122,55.914024353027344,1.317987322807312
4400,183.54393802792836,3.468923568725586,2.643993616104126,56.518882751464844,1.3180012702941895
4401,192.87417350278562,3.9038519859313965,2.3680579662323,55.72258377075195,1.3180456161499023
4402,185.008371469857,3.430866241455078,2.086435556411743,56.035301208496094,1.318048357963562
4403,186.60200706734435,3.827319860458374,1.98099684715271,56.631526947021484,1.3180893659591675
4404,188.95729763002035,3.8670601844787598,1.8627231121063232,55.791934967041016,1.3181227445602417
4405,186.17847610056526,3.6671760082244873,2.1488049030303955,56.68962860107422,1.318137764930725
4406,195.2395136557384,3.989898920059204,2.303943634033203,56.032615661621094,1.3181350231170654
4407,190.39497387446278,3.824773073196411,2.1307499408721924,55.555198669433594,1.3181356191635132
4408,191.6322724863012,3.8050155639648438,2.1042041778564453,54.35003662109375,1.3180983066558838
4409,196.77501107500575,3.7111001014709473,2.1173441410064697,54.732723236083984,1.318001389503479
4410,207.5625647884796,4.4427289962768555,2.4358112812042236,53.900638580322266,1.3179280757904053
4411,190.44856951438035,3.8790388107299805,2.493898630142212,53.078895568847656,1.3178647756576538
4412,187.03938581562934,3.8996164798736572,2.5903823375701904,53.369590759277344,1.3178108930587769
4413,198.74272956692485,3.6600098609924316,2.8868024349212646,54.95363235473633,1.3177552223205566
4414,203.41421291033353,4.37236213684082,3.0191359519958496,54.31282424926758,1.317710280418396
4415,200.28364292188658,4.07612943649292,2.71462345123291,55.08463668823242,1.3176318407058716
4416,200.85164654296818,3.375455617904663,3.485914707183838,56.190574645996094,1.317503571510315
4417,174.65500843456826,3.4021542072296143,5.425114154815674,53.770347595214844,1.3174115419387817
4418,192.10702332583753,4.088213920593262,4.875434875488281,56.68344497680664,1.317395806312561
4419,191.5604228843965,4.3085761070251465,6.281910419464111,58.83409881591797,1.3174686431884766
4420,194.96641259107534,2.7728464603424072,7.594458103179932,56.928348541259766,1.3174818754196167
4421,200.5915602214805,4.113030433654785,7.985291004180908,59.29228973388672,1.3175722360610962
4422,175.15460586794862,2.889631748199463,10.285832405090332,58.10679244995117,1.3176246881484985
4423,183.83147031357203,3.3399133682250977,9.793004035949707,60.61558532714844,1.317670464515686
4424,197.8008889376463,3.8145346641540527,8.92568302154541,60.02495193481445,1.3177149295806885
4425,188.25838918681646,4.162574291229248,9.232988357543945,60.61433792114258,1.3178738355636597
4426,196.54826940098556,3.9003031253814697,7.864078521728516,61.43478012084961,1.318034291267395
4427,189.56944771890113,2.5653584003448486,7.146774768829346,61.32638168334961,1.3181101083755493
4428,193.88306383838278,3.678802490234375,7.032542705535889,61.83928298950195,1.3182008266448975
4429,183.65875352283587,3.4345881938934326,6.833252906799316,62.240234375,1.3183058500289917
4430,180.4391567036603,3.4228737354278564,6.99545955657959,62.1955680847168,1.3184601068496704
4431,186.32256157043528,3.0732457637786865,6.745215892791748,62.61211013793945,1.318576693534851
4432,192.23712145281127,3.4178426265716553,7.2323408126831055,62.8781623840332,1.3186782598495483
4433,196.56654071145454,3.4842679500579834,6.972543716430664,63.366058349609375,1.3187613487243652
4434,199.58638932309097,3.4125990867614746,6.8453779220581055,63.514076232910156,1.3188248872756958
4435,186.7789599407446,3.2064554691314697,6.7210774421691895,63.019779205322266,1.318979263305664
4436,191.14235957170862,3.1441054344177246,6.732379913330078,63.72727966308594,1.31913161277771
4437,198.00159493178893,3.2146315574645996,6.761744499206543,64.6488037109375,1.3192564249038696
4438,193.23421278004,2.8460328578948975,6.661243438720703,64.61254119873047,1.3193503618240356
4439,186.69964345543158,3.225783586502075,7.111573696136475,65.7881851196289,1.3194535970687866
4440,186.44559676652028,3.4845354557037354,6.9272356033325195,65.25936889648438,1.3196197748184204
4441,191.53271415417686,3.326653242111206,6.853964805603027,64.95960998535156,1.319785237312317
4442,191.8104877673831,3.4611778259277344,7.148769378662109,65.70796203613281,1.3199535608291626
4443,194.8057259829266,3.204707384109497,6.624584674835205,65.27850341796875,1.3201247453689575
4444,195.65246007546781,3.0992462635040283,6.740479946136475,65.12262725830078,1.3202632665634155
4445,202.3973739889688,3.6732497215270996,6.453808307647705,64.32547760009766,1.3204114437103271
4446,204.7004303287531,3.9194836616516113,5.801262855529785,63.231346130371094,1.3206384181976318
4447,193.84438145896524,3.2945597171783447,4.814380645751953,64.21988677978516,1.3208436965942383
4448,196.02581477591696,3.6192617416381836,3.352149486541748,62.66964340209961,1.3210813999176025
4449,198.4749452164466,3.2496724128723145,2.929171323776245,62.0906867980957,1.321247935295105
4450,184.17415425298393,2.8750131130218506,2.6088156700134277,59.8670768737793,1.3213704824447632
4451,197.44956025741345,3.613706350326538,2.9934582710266113,60.821434020996094,1.3214908838272095
4452,200.78574304430703,3.5492546558380127,2.526745080947876,61.96147918701172,1.3216009140014648
4453,194.61818905581816,2.814739942550659,4.3808274269104,60.95630645751953,1.3216396570205688
4454,187.25083051293433,3.3378233909606934,5.053143501281738,61.55571365356445,1.3217172622680664
4455,202.40051325432952,3.1416404247283936,5.122718334197998,62.7227783203125,1.3217905759811401
4456,209.70009916330164,3.103278636932373,5.9655375480651855,62.27014923095703,1.3217716217041016
4457,186.98587621113873,3.155820369720459,5.464726448059082,62.2842903137207,1.3217633962631226
4458,197.69087458755723,3.50406551361084,4.963399410247803,62.07328414916992,1.321764349937439
4459,194.50914739150483,3.3570799827575684,3.596442699432373,61.85435104370117,1.321781039237976
4460,172.41704592447198,2.780580997467041,6.1314873695373535,54.37887191772461,1.3218122720718384
4461,187.6218778190645,2.6750330924987793,4.6804375648498535,61.13084411621094,1.3218077421188354
4462,200.06378569227184,3.317821502685547,5.430232524871826,64.10551452636719,1.3217970132827759
4463,196.697368785532,3.23335337638855,4.545568943023682,62.667518615722656,1.3217713832855225
4464,192.72954742743977,3.185194969177246,4.695991516113281,62.78683090209961,1.321779727935791
4465,200.63929341810325,2.965654134750366,4.2645182609558105,63.268253326416016,1.3217473030090332
4466,190.90306261343238,3.09275221824646,4.340320110321045,63.65129089355469,1.321724772453308
4467,199.86312955032284,3.2966365814208984,3.966127395629883,63.98115539550781,1.321699619293213
4468,189.46151107691472,3.0519309043884277,3.6984572410583496,64.81498718261719,1.321677565574646
4469,188.7979327492993,3.1255929470062256,3.7369470596313477,64.57051849365234,1.3217151165008545
4470,201.0914442287432,2.652876615524292,4.1593194007873535,66.79042053222656,1.3216872215270996
4471,198.6281677167325,3.719442844390869,3.7142889499664307,66.29102325439453,1.32176673412323
4472,194.765973580611,2.9845921993255615,2.2750978469848633,65.37648010253906,1.321853756904602
4473,205.04499895274924,3.271894931793213,2.171055316925049,65.94918060302734,1.3220022916793823
4474,194.83714663380837,2.778048038482666,2.077969551086426,64.89041137695312,1.322121500968933
4475,193.92799696139036,2.7397685050964355,1.9239776134490967,65.38247680664062,1.3222291469573975
4476,205.0412316387171,3.0431761741638184,1.6096017360687256,65.25257873535156,1.3222949504852295
4477,197.88099396788604,2.9141342639923096,1.700937032699585,66.38796997070312,1.3223546743392944
4478,194.925022030462,2.585564374923706,2.3300912380218506,66.3769302368164,1.3224831819534302
4479,199.3703872224175,2.945669174194336,1.7186766862869263,67.2906494140625,1.322611689567566
4480,199.4908725304965,3.085533380508423,2.0382936000823975,68.12305450439453,1.3227685689926147
4481,194.97268064173363,2.7536418437957764,1.7976394891738892,67.74905395507812,1.3228954076766968
4482,209.62194526420362,3.318711996078491,1.9257564544677734,68.24979400634766,1.3230427503585815
4483,192.1547980074613,2.8159902095794678,1.9039486646652222,70.00778198242188,1.3232053518295288
4484,194.74387903520312,2.6053454875946045,2.1174936294555664,69.85889434814453,1.3233107328414917
4485,197.4910322335513,2.60404109954834,1.6623598337173462,68.35552978515625,1.3234275579452515
4486,199.90196017837184,2.8918685913085938,1.4745793342590332,68.5716781616211,1.3235450983047485
4487,200.05831385064062,2.9704811573028564,1.7531729936599731,68.44416046142578,1.3237107992172241
4488,203.14086586767084,2.764134645462036,1.8463807106018066,68.42871856689453,1.3238190412521362
4489,207.779867235159,2.952735662460327,1.5928077697753906,66.5165023803711,1.3238691091537476
4490,207.12875022285283,3.338923692703247,2.183645248413086,66.69216918945312,1.323943018913269
4491,193.68793541078946,2.629812002182007,2.417903423309326,65.40634155273438,1.323968529701233
4492,198.46332175824733,2.840597629547119,2.3315439224243164,65.02151489257812,1.3240277767181396
4493,201.31052114576448,3.0662057399749756,1.8496167659759521,64.9820785522461,1.324101448059082
4494,194.65007583894294,3.008657455444336,1.9491212368011475,63.76145935058594,1.3241791725158691
4495,191.4781610863784,2.861173391342163,2.015684127807617,62.31577682495117,1.3242626190185547
4496,197.55522101809422,3.0449795722961426,1.877163290977478,62.767913818359375,1.324357509613037
4497,193.8191127730239,2.8153131008148193,2.2939400672912598,61.33595275878906,1.3244224786758423
4498,188.39788752854827,2.796509265899658,2.7710177898406982,61.80875778198242,1.3244913816452026
4499,195.50694005793207,2.8059580326080322,2.957810401916504,64.32705688476562,1.324482798576355
4500,198.35016839945857,3.0627384185791016,3.0294480323791504,63.28250503540039,1.3244781494140625
4501,194.65958598228022,2.578843116760254,2.7266714572906494,62.99410629272461,1.3243952989578247
4502,195.07330439340575,3.0753588676452637,3.5794026851654053,62.639583587646484,1.3243491649627686
4503,186.55329446451094,2.90561580657959,3.981829881668091,65.11151123046875,1.32436203956604
4504,202.3164573216226,3.092073440551758,3.058262586593628,64.2985610961914,1.3243900537490845
4505,199.7424963911174,2.979504346847534,4.4803619384765625,64.5459976196289,1.3244036436080933
4506,197.76317600997754,2.840414524078369,5.265929222106934,63.832611083984375,1.3243855237960815
4507,194.9389538132937,2.679323196411133,4.6053853034973145,63.75300216674805,1.324356198310852
4508,204.01625196708892,3.2496652603149414,4.152799606323242,62.522430419921875,1.3243290185928345
4509,184.34389186098008,3.160242795944214,5.651736259460449,59.215660095214844,1.3243588209152222
4510,192.83735510424256,2.884843587875366,5.836126804351807,60.2646598815918,1.3243616819381714
4511,196.67214475428065,3.1350059509277344,4.6365838050842285,62.653385162353516,1.3243718147277832
4512,197.242086311837,3.3027470111846924,4.026171684265137,60.63994598388672,1.3244081735610962
4513,193.68151382778237,3.166555166244507,4.7306437492370605,60.67923355102539,1.3244482278823853
4514,186.1125856721033,2.283228635787964,3.209315538406372,59.94702911376953,1.3243986368179321
4515,198.02709386568682,3.5244271755218506,3.804624557495117,61.30298614501953,1.3244327306747437
4516,191.72914529400336,3.0311875343322754,2.445955276489258,60.3848991394043,1.3244704008102417
4517,174.77474839648227,2.383511781692505,3.4168145656585693,57.92734909057617,1.324505090713501
4518,180.10925230302672,2.4888527393341064,2.647876501083374,57.81562423706055,1.3245359659194946
4519,193.13191270801144,2.9367263317108154,2.202826499938965,60.751834869384766,1.32453453540802
4520,202.6267357305021,3.142073631286621,2.7740349769592285,61.57197952270508,1.3245054483413696
4521,188.13507373648443,2.5329277515411377,2.6763322353363037,61.93793869018555,1.3244129419326782
4522,193.67237272352963,2.918675184249878,2.740410804748535,62.35328674316406,1.3243132829666138
4523,191.675114143562,2.9794139862060547,6.009795665740967,64.84598541259766,1.3242493867874146
4524,176.3447030536847,2.2169623374938965,5.950986385345459,61.9979248046875,1.3241907358169556
4525,196.443780999692,2.7918262481689453,4.437887668609619,62.78544616699219,1.3240857124328613
4526,193.4246183603357,3.0299887657165527,4.463183879852295,64.14097595214844,1.3240422010421753
4527,180.27263324014825,2.415381908416748,5.026223182678223,61.03304672241211,1.3240114450454712
4528,181.00441527329895,2.647207260131836,3.820491313934326,63.01359176635742,1.3240171670913696
4529,183.1801816837817,2.6943700313568115,4.252110481262207,63.39621353149414,1.3240623474121094
4530,194.17240229879783,3.190772294998169,3.6463067531585693,63.425296783447266,1.3241335153579712
4531,180.73139674014146,2.621551036834717,2.6478497982025146,62.65537643432617,1.3242392539978027
4532,187.23913255975773,2.983642339706421,4.374891757965088,61.99745178222656,1.324386477470398
4533,193.0892452934733,2.7259390354156494,2.1583642959594727,63.494529724121094,1.3244935274124146
4534,100.73064841652966,-3.439819812774658,45.26491928100586,75.4560775756836,1.3245668411254883
4535,188.4289078388012,2.655499219894409,1.6255161762237549,63.690738677978516,1.3246592283248901
4536,176.73616329914879,2.2300503253936768,1.4429643154144287,62.48994827270508,1.3247734308242798
4537,184.6330529889949,2.349836587905884,1.675052285194397,63.58122253417969,1.3248263597488403
4538,185.49816716103814,2.6680686473846436,1.9853692054748535,64.69241333007812,1.3249295949935913
4539,177.03459315597914,2.295938730239868,1.2730761766433716,62.01895523071289,1.3250378370285034
4540,190.87990874236652,2.514132499694824,1.2521495819091797,63.990760803222656,1.3250895738601685
4541,186.30448861958112,2.1311981678009033,3.9748899936676025,62.81368637084961,1.3250828981399536
4542,193.41774086598156,2.8117294311523438,1.855857014656067,63.6962890625,1.3250855207443237
4543,196.39552940432142,2.560307502746582,2.0480918884277344,65.24658203125,1.3250216245651245
4544,182.48029788051036,2.199779510498047,1.8642148971557617,59.804603576660156,1.3249295949935913
4545,182.1403611653796,2.704932689666748,1.6179718971252441,62.887847900390625,1.3249238729476929
4546,186.5307059194449,3.120589256286621,2.0630931854248047,61.601806640625,1.3250441551208496
4547,91.03949640569178,-5.833806037902832,69.43289184570312,78.6998519897461,1.3251111507415771
4548,186.03241233328686,2.802212953567505,2.108572483062744,59.92522430419922,1.3251796960830688
4549,191.69612556239335,3.1436572074890137,1.712907075881958,61.457698822021484,1.3253241777420044
4550,175.45402253118846,2.0807368755340576,2.142713785171509,55.51216125488281,1.3254092931747437
4551,190.69581027934572,3.2749640941619873,1.5481595993041992,59.71562957763672,1.3255691528320312
4552,189.55153568352355,2.865265130996704,1.6979060173034668,57.43119812011719,1.3256936073303223
4553,183.32032966698756,2.75543475151062,1.8132543563842773,59.5279541015625,1.3258341550827026
4554,180.2446438727455,2.5558135509490967,2.139591932296753,55.55333709716797,1.3259719610214233
4555,202.83320152909573,3.259697914123535,1.823250651359558,59.730499267578125,1.3261173963546753
4556,181.26163537537158,2.4967808723449707,2.2980830669403076,59.08649444580078,1.3262392282485962
4557,189.97902814674623,3.1406054496765137,1.6190952062606812,60.62947463989258,1.3264304399490356
4558,183.7479021478631,2.436497926712036,1.8592650890350342,60.95598602294922,1.3265635967254639
4559,180.67069028778099,2.5138423442840576,2.983090400695801,59.5499267578125,1.3266814947128296
4560,184.16010596383904,2.7309627532958984,2.2069499492645264,62.44693374633789,1.326867938041687
4561,146.56371772200703,0.534038782119751,7.983145713806152,67.8411636352539,1.327054500579834
4562,178.15746303453153,2.0676400661468506,2.2191498279571533,60.35834503173828,1.3271899223327637
4563,187.86530031447643,2.497083902359009,2.215763807296753,62.468658447265625,1.327299952507019
4564,171.04659750928928,1.3804452419281006,1.8298161029815674,66.4010009765625,1.3273388147354126
4565,135.69607191139957,0.12930910289287567,19.747547149658203,72.20665740966797,1.327432632446289
4566,186.1929176480401,2.6304564476013184,2.090146064758301,64.29920196533203,1.3275556564331055
4567,185.80137308561453,2.388601303100586,1.8881570100784302,62.494300842285156,1.3276575803756714
4568,184.5756274601983,2.2841155529022217,2.042574405670166,61.3577995300293,1.3277311325073242
4569,69.51623289106783,-5.486659526824951,111.04861450195312,83.2544174194336,1.3278517723083496
4570,117.01436929368586,-1.625049114227295,56.71477127075195,77.21047973632812,1.3279719352722168
4571,126.79927212772131,-0.36868107318878174,34.422637939453125,73.89312744140625,1.3281956911087036
4572,175.98604512636766,2.0143024921417236,1.9122899770736694,63.43452453613281,1.3284131288528442
4573,131.41947151115923,-2.4396753311157227,25.109771728515625,70.26444244384766,1.3285433053970337
4574,150.80978899091593,0.4976586401462555,11.17594051361084,69.49116516113281,1.3286584615707397
4575,168.9723558653388,1.0491108894348145,4.541467666625977,70.2481460571289,1.3287380933761597
4576,176.62365616670658,1.8607755899429321,2.0441856384277344,63.17293930053711,1.32880699634552
4577,162.841974119623,-0.38095834851264954,14.832502365112305,74.9372329711914,1.3288226127624512
4578,69.67808827033275,-5.3254876136779785,117.98356628417969,85.0505599975586,1.3289408683776855
4579,83.61598807818625,-4.1272454261779785,89.28791046142578,83.20386505126953,1.3290691375732422
4580,186.36542675142397,1.6831386089324951,1.7604666948318481,66.40974426269531,1.3291294574737549
4581,143.40708952296652,0.0032121813856065273,14.703946113586426,70.85272979736328,1.3291914463043213
4582,185.27220971797394,2.2527542114257812,2.427076578140259,65.2584228515625,1.3292536735534668
4583,174.1468024457472,1.5096427202224731,1.9699971675872803,65.37238311767578,1.3292853832244873
4584,176.6129058877415,1.4192426204681396,2.8072872161865234,64.44075012207031,1.3292704820632935
4585,178.95000337634931,2.2358460426330566,3.3499956130981445,62.889347076416016,1.329337477684021
4586,184.4398588324076,2.3006954193115234,2.0782556533813477,67.83036804199219,1.3295048475265503
4587,177.31520894376524,1.8010112047195435,2.249325752258301,65.78863525390625,1.32966947555542
4588,93.52391431729835,-5.524870872497559,76.05917358398438,81.54061126708984,1.3297873735427856
4589,182.1919924265679,1.5564329624176025,2.6337456703186035,70.73074340820312,1.329849123954773
4590,180.46674804712737,1.5966811180114746,2.247589349746704,69.41514587402344,1.3298707008361816
4591,172.877986713049,1.1832443475723267,2.5217580795288086,66.84617614746094,1.3298462629318237
4592,181.86365053021143,2.0153355598449707,2.1469247341156006,68.05118560791016,1.329892635345459
4593,177.48367669839658,1.309091567993164,2.6566388607025146,67.33900451660156,1.3299047946929932
4594,188.8786387112497,1.7973763942718506,2.2151217460632324,69.69147491455078,1.329946517944336
4595,184.31173701373632,1.5356582403182983,1.8907991647720337,70.16471099853516,1.3299541473388672
4596,179.4240845142894,1.1636898517608643,1.9659165143966675,71.88214874267578,1.329903483390808
4597,173.37379985556083,1.5150173902511597,2.887584686279297,66.20494842529297,1.3299145698547363
4598,94.59633539907327,-6.552516937255859,80.2191390991211,86.11766052246094,1.329866886138916
4599,189.14041089348046,1.919768214225769,2.0030694007873535,71.44149017333984,1.3298288583755493
4600,143.19630807454507,-1.2599904537200928,33.14564895629883,80.15007019042969,1.3297646045684814
4601,187.55939404494248,1.5951969623565674,2.0602617263793945,70.3713607788086,1.3297673463821411
4602,183.48107424932937,1.2525395154953003,2.004242181777954,71.88658905029297,1.3297303915023804
4603,182.3564371753446,1.23944091796875,1.8558307886123657,70.89884185791016,1.3296637535095215
4604,173.54573952229902,0.9831039309501648,2.583357810974121,68.12395477294922,1.3295830488204956
4605,100.66374892694577,-3.375319480895996,83.0005874633789,89.35708618164062,1.3295427560806274
4606,176.5286381122614,1.2288035154342651,1.9005454778671265,70.32520294189453,1.3295115232467651
4607,176.6280083982604,0.8271734714508057,1.972883701324463,71.7614974975586,1.329443335533142
4608,185.96275896238657,1.6076793670654297,2.015176296234131,72.83505249023438,1.3293918371200562
4609,179.65481331966674,0.9291709661483765,2.3896374702453613,70.40711212158203,1.3293081521987915
4610,173.41451976237443,1.2131648063659668,2.158743381500244,68.40055847167969,1.329323410987854
4611,170.7547753720018,0.9521377682685852,2.40067982673645,67.84391021728516,1.3293540477752686
4612,176.96164067343025,0.7405862212181091,2.3520069122314453,70.96678924560547,1.329312801361084
4613,186.14899891831334,1.4746484756469727,1.9584367275238037,73.49946594238281,1.3293009996414185
4614,180.71725054774228,1.3050191402435303,1.9134877920150757,73.14531707763672,1.3293050527572632
4615,180.5710219139329,0.9498230218887329,2.2540812492370605,71.87360382080078,1.3293229341506958
4616,111.28806896575149,-2.693164348602295,62.661075592041016,87.02154541015625,1.3293681144714355
4617,184.12208982446666,1.1264005899429321,2.506047248840332,71.32685852050781,1.3294382095336914
4618,178.91655794297193,0.9475469589233398,2.4688262939453125,74.37110137939453,1.329489827156067
4619,189.35942103742528,1.3964215517044067,2.421112537384033,77.25965118408203,1.3295313119888306
4620,177.30838755807864,0.7947493195533752,2.410553216934204,74.67987060546875,1.3295679092407227
4621,176.83038965559533,0.9629969000816345,2.9367995262145996,71.67597198486328,1.3296102285385132
4622,183.21557825353625,0.721449077129364,2.5676934719085693,73.34748840332031,1.3296089172363281
4623,192.25552251753044,1.4418771266937256,2.4777464866638184,76.90131378173828,1.329615831375122
4624,176.2379352273833,0.6824525594711304,2.1241605281829834,73.44477081298828,1.329593539237976
4625,89.04009760607319,-3.7392544746398926,105.945068359375,90.84187316894531,1.3296446800231934
4626,176.6292642103208,0.9241954684257507,1.949544072151184,73.69610595703125,1.3297148942947388
4627,186.87913579905546,1.0948379039764404,3.2910680770874023,72.49881744384766,1.3297761678695679
4628,125.08670122321865,-3.1159753799438477,57.07057571411133,85.37886047363281,1.329807162284851
4629,181.82829954056356,1.1255898475646973,2.099416494369507,73.27265167236328,1.3298356533050537
4630,115.99491235960227,-3.8908543586730957,59.3921012878418,85.10001373291016,1.3298254013061523
4631,112.91353098581592,-2.4538612365722656,59.952030181884766,85.90029907226562,1.3298588991165161
4632,178.89049448876443,0.6031380295753479,2.554126024246216,73.51744842529297,1.329820990562439
4633,176.25847946110542,1.0817242860794067,2.517432928085327,68.57361602783203,1.3298085927963257
4634,94.8366004062078,-7.197742462158203,94.97065734863281,90.35420989990234,1.32977294921875
4635,181.90946469951572,1.0632085800170898,2.3700239658355713,72.693603515625,1.3297148942947388
4636,109.1512288921229,-3.3220131397247314,69.70632934570312,88.01779174804688,1.3296715021133423
4637,145.89454825091988,-0.8668197989463806,6.974905014038086,76.39469909667969,1.3296189308166504
4638,184.18337850920747,1.6094136238098145,2.5246047973632812,70.86732482910156,1.3296164274215698
4639,190.62911704054528,2.05434513092041,2.612995147705078,71.24423217773438,1.329656720161438
4640,175.81047279608237,1.5728564262390137,2.5065486431121826,69.31249237060547,1.3297758102416992
4641,172.90893641934613,1.5118367671966553,3.7998948097229004,64.38095092773438,1.3299587965011597
4642,95.21549325691811,-3.9616732597351074,83.8125991821289,90.08525085449219,1.3301669359207153
4643,183.49902787925208,1.580742359161377,2.54900860786438,67.65116882324219,1.3303512334823608
4644,185.22269904559758,1.4006201028823853,2.601170301437378,65.95891571044922,1.330453634262085
4645,108.00470913777119,-6.46241569519043,39.87708282470703,84.26732635498047,1.3304816484451294
4646,103.66023249697056,-3.3611693382263184,44.85204315185547,84.39332580566406,1.3305329084396362
4647,186.28771536684195,2.197934865951538,3.482771158218384,62.81229019165039,1.330639123916626
4648,184.59729965956552,1.807114839553833,3.312786340713501,65.49955749511719,1.3307294845581055
4649,127.30735649504176,-1.6410582065582275,13.751542091369629,75.94493865966797,1.3308202028274536
4650,178.77617678232403,1.4656885862350464,3.1730306148529053,59.59486389160156,1.3308979272842407
4651,87.93759571219229,-5.34501314163208,63.86381530761719,86.27163696289062,1.3309690952301025
4652,179.7619692292543,1.5545622110366821,3.62553334236145,60.750247955322266,1.3310109376907349
4653,197.6444254186062,2.3237311840057373,3.0458710193634033,60.705543518066406,1.33108651638031
4654,185.59564018086942,2.074162244796753,3.11531925201416,57.606536865234375,1.3311774730682373
4655,179.22307770228986,1.5965778827667236,3.3613555431365967,58.387596130371094,1.331238865852356
4656,178.28203938506786,1.9042632579803467,3.645285129547119,54.769287109375,1.3312913179397583
4657,181.73521115330246,1.6082881689071655,3.487569570541382,55.507606506347656,1.331304907798767
4658,180.7807429043832,2.278162956237793,3.5751688480377197,57.294158935546875,1.331400990486145
4659,184.63038383595102,1.8728994131088257,4.090421199798584,54.577816009521484,1.331468939781189
4660,186.57267694220278,2.6383707523345947,3.8381824493408203,56.16017150878906,1.331559419631958
4661,191.73012633624796,2.2760303020477295,5.340944290161133,53.41123580932617,1.3316057920455933
4662,172.2233776317536,1.4088233709335327,4.472820281982422,54.034019470214844,1.331593632698059
4663,186.3144900706936,2.098403215408325,4.2426347732543945,56.65066146850586,1.3315552473068237
4664,179.22119827469837,2.2446773052215576,5.484080791473389,54.60342788696289,1.3315125703811646
4665,180.35301478212614,2.4976935386657715,5.982020854949951,54.181617736816406,1.3314741849899292
4666,180.31831896079828,2.145583152770996,6.691537380218506,53.983001708984375,1.3313931226730347
4667,184.94537992933707,2.3521006107330322,7.2784318923950195,51.4982795715332,1.331301212310791
4668,180.70117920103954,2.434514284133911,7.299343585968018,53.19532775878906,1.3312053680419922
4669,188.72134711913486,2.227050542831421,7.513832092285156,53.52770233154297,1.3310738801956177
4670,190.4211065469125,2.5002715587615967,8.58222484588623,55.394920349121094,1.3309375047683716
4671,196.19748126815037,3.262071132659912,6.587421894073486,54.860816955566406,1.3308621644973755
4672,180.05289433884423,2.5987069606781006,6.83800745010376,54.756996154785156,1.3308273553848267
4673,197.09784370181046,2.8548951148986816,6.140377044677734,55.97056198120117,1.3308128118515015
4674,188.01029965056617,2.298583745956421,8.328792572021484,55.10803985595703,1.3307735919952393
4675,203.12111541580825,2.7514305114746094,7.207212924957275,56.449729919433594,1.3307256698608398
4676,191.96491545100884,3.1745238304138184,7.3602094650268555,56.452938079833984,1.3307342529296875
4677,193.87840975611235,2.176025152206421,7.71622896194458,56.56417465209961,1.3306941986083984
4678,204.18752290708798,2.3152592182159424,7.432228088378906,57.30063247680664,1.3306251764297485
4679,199.67436983605714,2.36692214012146,6.409896373748779,56.31449508666992,1.3305425643920898
4680,198.04078864053832,2.697540044784546,6.180672645568848,54.41650390625,1.3304853439331055
4681,195.06870295816125,2.5727012157440186,6.348368167877197,54.787330627441406,1.3304604291915894
4682,193.7546058851828,2.5752365589141846,5.44700288772583,52.36003112792969,1.3304780721664429
4683,199.56876470406158,2.517547607421875,5.99328088760376,55.56557846069336,1.3304786682128906
4684,203.64744395451686,3.307506561279297,6.1210222244262695,55.038570404052734,1.3305840492248535
4685,196.15827270546444,2.4116833209991455,7.492408752441406,54.72673034667969,1.330636978149414
4686,210.3066287943388,2.8862075805664062,7.4417724609375,55.2075309753418,1.3306673765182495
4687,208.26322605684885,3.988945484161377,8.971976280212402,56.216609954833984,1.3307712078094482
4688,194.8117987656032,2.947760820388794,8.864034652709961,55.29107666015625,1.3308686017990112
4689,207.42780438508862,3.7874011993408203,8.284696578979492,55.674705505371094,1.3310071229934692
4690,217.18790278034308,4.083158016204834,8.053251266479492,57.45416259765625,1.331234335899353
4691,214.8395639942014,4.044308185577393,7.847510814666748,56.46290588378906,1.3314746618270874
4692,209.9542321806809,4.313086986541748,9.250187873840332,56.88507080078125,1.3317463397979736
4693,199.18320316402708,3.5741024017333984,8.471463203430176,57.375152587890625,1.3320211172103882
4694,211.50043345569975,3.4156219959259033,8.291293144226074,58.76095962524414,1.3322298526763916
4695,212.93080503424076,3.9514522552490234,7.172743320465088,59.26315689086914,1.3324517011642456
4696,208.74602110479552,3.5426228046417236,7.176064968109131,59.2009162902832,1.332645297050476
4697,219.09949510445506,3.6084845066070557,5.350109100341797,61.086551666259766,1.3328059911727905
4698,213.47492973095814,3.4184463024139404,8.516770362854004,60.84318542480469,1.3329156637191772
4699,210.02190846242158,3.480168581008911,8.290828704833984,61.26644515991211,1.3330011367797852
4700,204.74867924975263,3.5932819843292236,6.8688578605651855,62.31453323364258,1.3330823183059692
4701,217.45316664674377,3.3540685176849365,7.524796009063721,63.083290100097656,1.3331085443496704
4702,216.02254510547232,4.185788631439209,6.854784965515137,62.84011459350586,1.3331965208053589
4703,219.57165860154913,3.472952127456665,6.129663467407227,63.5828857421875,1.3332473039627075
4704,218.69052423702746,3.874751329421997,6.805256366729736,64.70083618164062,1.3333005905151367
4705,215.88917004077845,3.283201217651367,8.21282958984375,66.06948852539062,1.3333097696304321
4706,208.86488693795457,3.446154832839966,6.723296642303467,65.32337951660156,1.3332610130310059
4707,208.69262223904173,3.3095195293426514,5.749817371368408,64.9393310546875,1.333184838294983
4708,220.2847151120174,3.776357412338257,6.035830497741699,66.6365966796875,1.3331139087677002
4709,216.3590240527321,3.742624044418335,7.179325580596924,67.64698028564453,1.3330587148666382
4710,223.32445689707595,3.5698487758636475,5.930460453033447,67.3353271484375,1.3329802751541138
4711,213.89312501683625,4.015113830566406,6.680622577667236,68.78002166748047,1.332982063293457
4712,213.15625289295443,3.6277682781219482,5.808643341064453,68.41222381591797,1.332972526550293
4713,222.34514516735368,3.1538474559783936,6.403628349304199,68.86105346679688,1.3329062461853027
4714,213.68006793005608,3.7884552478790283,6.56405782699585,68.80794525146484,1.3328601121902466
4715,225.4330516111065,3.750602960586548,7.893678665161133,70.53553771972656,1.3328075408935547
4716,219.11672138143766,3.8194234371185303,6.802374362945557,69.70233917236328,1.3327759504318237
4717,222.70640824662556,3.7415966987609863,6.335433483123779,70.98009490966797,1.3327630758285522
4718,204.89762691651245,3.767549514770508,6.14679479598999,69.0508041381836,1.3328113555908203
4719,224.07007315643776,3.7127954959869385,6.5776472091674805,70.1464614868164,1.3328315019607544
4720,227.22474464758412,4.63866662979126,8.991415977478027,70.30198669433594,1.332931399345398
4721,237.41435932467772,4.56417989730835,9.2137451171875,69.60517120361328,1.3330631256103516
4722,207.9657117272812,4.369665622711182,7.66782808303833,68.65562438964844,1.3332444429397583
4723,211.16673989501177,3.3658902645111084,5.867185115814209,69.96598052978516,1.3334122896194458
4724,242.32250436841852,4.249664783477783,6.711792945861816,70.73421478271484,1.3335485458374023
4725,232.81957106316298,3.7579994201660156,7.672029972076416,69.88191986083984,1.3336626291275024
4726,238.2408456161798,4.374332904815674,5.580325126647949,70.09126281738281,1.3338690996170044
4727,215.15304194645765,3.880575180053711,7.638294219970703,69.18790435791016,1.3340717554092407
4728,215.33094125890787,3.753770112991333,6.488091468811035,68.2767333984375,1.3342828750610352
4729,221.50351261946042,3.5461647510528564,6.570249080657959,68.7559585571289,1.3344182968139648
4730,229.37351377115436,3.2983720302581787,4.849270820617676,67.35320281982422,1.334499478340149
4731,214.70108568749376,3.0021777153015137,5.895746231079102,69.34992218017578,1.334525465965271
4732,230.79301925012425,2.9739882946014404,6.218118190765381,67.38636016845703,1.3344802856445312
4733,216.5307874723506,3.449233055114746,4.091874599456787,67.18924713134766,1.3344351053237915
4734,243.58082612394733,4.749606609344482,4.207492828369141,64.34588623046875,1.3344002962112427
4735,235.3250577071794,4.544616222381592,4.695575714111328,62.42841720581055,1.3343721628189087
4736,242.80339810595365,4.739142417907715,4.785906791687012,65.18700408935547,1.3343634605407715
4737,225.74846559284794,4.1041789054870605,5.913942813873291,65.72616577148438,1.3343712091445923
4738,232.8075961510721,3.340963125228882,4.079510688781738,64.57585906982422,1.3343042135238647
4739,259.8337562005773,4.899113178253174,6.61855936050415,64.53857421875,1.3342413902282715
4740,252.76026359960733,4.202175140380859,9.16429615020752,65.5152587890625,1.3341660499572754
4741,283.51506647316296,5.081019878387451,9.13644027709961,65.5728759765625,1.3340927362442017
4742,263.0590211620813,4.224017143249512,7.825369358062744,62.84712219238281,1.3339877128601074
4743,268.71092463381353,4.716792583465576,13.27692985534668,65.48651885986328,1.3338842391967773
4744,294.43387137841216,5.343690872192383,10.368891716003418,66.13248443603516,1.3337944746017456
4745,324.6609033604814,5.860011577606201,12.241832733154297,66.62615203857422,1.3337225914001465
4746,266.8388542983866,4.419206142425537,5.263323783874512,67.0956039428711,1.3336511850357056
4747,297.6279485297478,5.013498783111572,8.566343307495117,64.77095031738281,1.3334832191467285
4748,300.6605352865138,4.9427571296691895,9.845671653747559,60.63051223754883,1.3333314657211304
4749,339.1485909794545,6.263611316680908,7.7148895263671875,66.65621948242188,1.3333029747009277
4750,312.8329014940122,4.411120891571045,4.271209716796875,66.76190185546875,1.333240032196045
4751,325.15398375264516,5.041581153869629,6.391660690307617,68.60222625732422,1.3331679105758667
4752,352.24807347051467,4.625613212585449,16.427719116210938,71.0750732421875,1.3330974578857422
4753,438.7059060346742,6.013060092926025,27.95162010192871,69.97015380859375,1.3330425024032593
4754,334.6510006876508,5.415846347808838,32.39167022705078,69.82294464111328,1.3330163955688477
4755,403.5926299611246,4.29081392288208,30.33642578125,73.51066589355469,1.3329678773880005
4756,924.8780420828988,3.303147554397583,85.01441192626953,84.44293975830078,1.3328908681869507
4757,1139.1802520937651,4.647022247314453,43.959617614746094,82.62992858886719,1.3328253030776978
4758,388.9115635289811,3.6069788932800293,57.69660949707031,83.75921630859375,1.332750678062439
4759,106.30920434643792,0.2695141136646271,196.3367462158203,82.69689178466797,1.3327186107635498
4760,256.7153997534504,4.85930061340332,87.36701965332031,68.41122436523438,1.3327041864395142
4761,1437.6963144182832,3.573723793029785,42.567378997802734,87.49734497070312,1.332707166671753
4762,448.3310079432895,5.214886665344238,23.418256759643555,77.86380004882812,1.3326977491378784
4763,99.45236375766237,-1.4179158210754395,148.29779052734375,84.22869873046875,1.3327139616012573
4764,338.92962324288743,5.169793605804443,16.81389045715332,74.96627044677734,1.3327144384384155
4765,391.5339537335415,3.3580574989318848,55.362815856933594,84.50247192382812,1.3326796293258667
4766,99.0217830207154,-2.678800582885742,116.63481140136719,80.8916015625,1.3326454162597656
4767,374.62548500670596,3.957517147064209,92.89097595214844,87.1874771118164,1.3326122760772705
4768,91.99929592759746,-2.475752592086792,59.78894805908203,74.95127868652344,1.3325940370559692
4769,355.74877625543064,3.534186363220215,63.895347595214844,80.5824966430664,1.332552433013916
4770,106.69613501424415,-4.572675704956055,63.362953186035156,74.1749038696289,1.3324775695800781
4771,362.37126956554437,3.91854190826416,67.83850860595703,82.49349975585938,1.3324004411697388
4772,101.75988804143421,-2.9831652641296387,38.183780670166016,73.7606430053711,1.3323183059692383
4773,429.00528448631957,5.913599491119385,23.685274124145508,71.39995574951172,1.3322399854660034
4774,95.254152136766,-1.496785283088684,47.980220794677734,72.60882568359375,1.3321928977966309
4775,384.4408641459024,4.785066604614258,51.05772399902344,77.14498901367188,1.332125186920166
4776,410.9721685587265,6.354908466339111,38.07803726196289,75.80806732177734,1.3320730924606323
4777,390.46685821489837,2.0199058055877686,45.96329879760742,81.50804138183594,1.331985354423523
4778,97.14393239430294,-1.1086570024490356,110.4865493774414,77.88963317871094,1.3319915533065796
4779,96.06329058123194,-4.443473815917969,132.67086791992188,67.28834533691406,1.3319590091705322
4780,93.21884871474413,-3.3304526805877686,117.97023010253906,79.71175384521484,1.3319242000579834
4781,101.71479084903282,-1.7842328548431396,85.18553161621094,76.64510345458984,1.331911563873291
4782,261.7958739186968,3.6861793994903564,77.21705627441406,78.6684799194336,1.3319109678268433
4783,411.3898468604327,3.7337076663970947,39.63520431518555,82.12236785888672,1.3319162130355835
4784,102.83840706556482,-2.9794154167175293,97.84861755371094,79.40093231201172,1.3319125175476074
4785,262.7391817379648,3.5588483810424805,10.344107627868652,71.48438262939453,1.3318983316421509
4786,101.83201288863648,-2.5960793495178223,107.61182403564453,80.04480743408203,1.331886887550354
4787,317.007575544044,1.5047249794006348,99.02969360351562,83.77239227294922,1.331871509552002
4788,73.31056134776988,-2.6993470191955566,118.39964294433594,81.35260009765625,1.331943154335022
4789,388.812320731088,3.6471495628356934,43.615177154541016,83.93799591064453,1.3320574760437012
4790,125.71725642304482,-1.7960857152938843,74.13311004638672,80.54164123535156,1.3321512937545776
4791,373.82787612658467,5.32171106338501,14.499323844909668,73.61454010009766,1.332277774810791
4792,458.215189063946,5.69331693649292,15.24732780456543,77.30548095703125,1.332358956336975
4793,446.3405406240683,6.265265464782715,12.657715797424316,75.42052459716797,1.3324369192123413
4794,415.7540283909016,5.212282657623291,49.274391174316406,81.6658706665039,1.3325117826461792
4795,170.94187052672555,-0.18046601116657257,73.36100769042969,81.5951919555664,1.3325731754302979
4796,496.8606400789028,6.361185550689697,16.084989547729492,78.56478881835938,1.3326114416122437
4797,550.9332012661947,6.71690559387207,45.20794677734375,80.4085464477539,1.332661509513855
4798,135.728636601767,0.16229155659675598,54.6015510559082,77.11808013916016,1.3327531814575195
4799,363.5900209749239,5.659885883331299,18.06967544555664,76.88475799560547,1.332846760749817
4800,114.70629771138957,-1.746714472770691,64.70547485351562,79.5737533569336,1.3329447507858276
4801,128.7529077574177,-1.3180251121520996,103.51665496826172,80.31232452392578,1.3330448865890503
4802,224.81264845161428,1.902801513671875,15.398299217224121,75.31845092773438,1.3330960273742676
4803,130.87238150362396,-1.2611597776412964,102.82786560058594,81.24977111816406,1.3331594467163086
4804,372.74492776588534,4.0159430503845215,8.028334617614746,76.78791046142578,1.3331983089447021
4805,583.4168600368334,4.245164394378662,46.397315979003906,82.70747375488281,1.3332319259643555
4806,139.42542599028408,-2.0662224292755127,94.92656707763672,80.5497817993164,1.3332327604293823
4807,318.3161839900176,1.581605315208435,62.66264724731445,83.36050415039062,1.3332573175430298
4808,335.25361011430783,4.173099517822266,73.33126068115234,79.41362762451172,1.333268642425537
4809,219.73352728713468,1.268140196800232,32.64750671386719,79.72400665283203,1.3332856893539429
4810,138.77052324017035,-1.9921143054962158,71.55314636230469,81.5740966796875,1.3332964181900024
4811,378.9930946153924,3.4125783443450928,43.137535095214844,81.42201232910156,1.3333255052566528
4812,299.0891462937474,4.224920749664307,17.03734588623047,67.50406646728516,1.3333559036254883
4813,174.72709894432973,0.16390280425548553,66.54920959472656,78.2328109741211,1.3333640098571777
4814,483.898711015848,5.242286682128906,9.618125915527344,74.7780532836914,1.3333640098571777
4815,270.9730438797991,4.212990760803223,12.962791442871094,67.44703674316406,1.3333956003189087
4816,503.9096965318396,2.1042675971984863,31.442596435546875,83.94075775146484,1.3334366083145142
4817,135.89589784619568,-0.13198870420455933,75.08197021484375,79.156494140625,1.3334989547729492
4818,520.7664006312025,7.0993571281433105,12.334144592285156,74.7231674194336,1.3335744142532349
4819,327.62188380913074,3.9207491874694824,10.541303634643555,70.01505279541016,1.333609938621521
4820,409.10208696331676,2.0312557220458984,21.49407196044922,81.27936553955078,1.3336740732192993
4821,181.71287275762162,0.1161646842956543,46.519168853759766,81.67707061767578,1.3337548971176147
4822,150.8457620508261,0.504574716091156,72.41735076904297,78.57442474365234,1.3338712453842163
4823,162.40574731001678,-2.081509590148926,65.57200622558594,84.51541900634766,1.3339462280273438
4824,137.91937516748794,-0.9942757487297058,71.4246597290039,79.68167877197266,1.334006905555725
4825,114.09360345291914,-0.8016207218170166,79.78775024414062,80.04612731933594,1.3341007232666016
4826,156.21002785865318,-1.8766535520553589,67.31584930419922,83.70589447021484,1.3341654539108276
4827,244.80947628251127,0.8611440658569336,46.5743522644043,83.99436950683594,1.3342727422714233
4828,412.10624269784677,2.3830783367156982,33.603939056396484,83.53986358642578,1.3343759775161743
4829,185.54348278177238,-0.43646785616874695,53.22195816040039,83.96949005126953,1.3345041275024414
4830,224.3908191804642,0.30861741304397583,33.72104263305664,81.73199462890625,1.3346028327941895
4831,236.98154721193248,0.6864175200462341,41.12141036987305,83.21934509277344,1.3347253799438477
4832,253.49653919261738,0.39003410935401917,46.79563903808594,84.2673110961914,1.3348931074142456
4833,213.0446977115839,1.1524608135223389,32.400856018066406,76.64126586914062,1.3350459337234497
4834,938.3511392835555,8.217368125915527,10.505248069763184,79.82611083984375,1.335253357887268
4835,117.4309882619468,-2.530146598815918,74.42550659179688,81.89832305908203,1.3354167938232422
4836,535.630796698131,0.6876139044761658,16.712848663330078,83.05293273925781,1.3355708122253418
4837,523.3518608682618,0.3369501829147339,8.463074684143066,82.1536636352539,1.3356679677963257
4838,255.85481788153226,3.7349841594696045,17.031545639038086,68.6609115600586,1.3357853889465332
4839,242.87446548922418,0.3963533639907837,42.804473876953125,84.12652587890625,1.3359404802322388
4840,471.6663140960523,0.22011412680149078,19.45696258544922,84.74943542480469,1.3361387252807617
4841,584.2595475601563,0.4142930209636688,14.368287086486816,84.70341491699219,1.336307168006897
4842,194.77149598097927,1.2965956926345825,53.87726593017578,76.69170379638672,1.3364578485488892
4843,157.49736543300827,0.6348768472671509,56.64350509643555,80.71003723144531,1.336661696434021
4844,239.0991673345883,-0.07233244925737381,23.013355255126953,82.0799331665039,1.3368819952011108
4845,112.03070894075675,-3.5776846408843994,69.31778717041016,82.35116577148438,1.3370498418807983
4846,106.78093419946161,-2.0117838382720947,52.68879699707031,80.23423767089844,1.3372173309326172
4847,441.38167581607024,-0.8907092809677124,25.66765594482422,83.75487518310547,1.3372808694839478
4848,140.60885232668656,-1.2988077402114868,73.04065704345703,85.69094848632812,1.3373559713363647
4849,149.64144383386002,-0.01224500685930252,55.79750442504883,79.31802368164062,1.337448000907898
4850,786.2121626213876,2.3576486110687256,29.1350154876709,85.44213104248047,1.3375285863876343
4851,268.6476069715229,0.33481544256210327,48.009151458740234,84.63552856445312,1.3375903367996216
4852,179.35171754376313,0.22106027603149414,51.83699035644531,86.17416381835938,1.3376621007919312
4853,148.25636794249746,-1.842237114906311,53.39381408691406,85.43560028076172,1.337721347808838
4854,351.21380252297615,0.7186411619186401,26.78946876525879,86.0011215209961,1.3377666473388672
4855,218.45954047633543,1.5852940082550049,24.52369499206543,78.33009338378906,1.3378273248672485
4856,217.21537421224986,0.32283157110214233,53.03004455566406,86.30773162841797,1.337930679321289
4857,144.33907721191164,0.20005720853805542,56.41522979736328,85.13862609863281,1.3380860090255737
4858,167.91122200082063,-1.904807448387146,34.434913635253906,83.89594268798828,1.3381985425949097
4859,531.0635956483953,0.8604258894920349,16.405908584594727,86.32703399658203,1.338337779045105
4860,151.75705225715365,-0.3162119388580322,37.813167572021484,83.47303771972656,1.3385181427001953
4861,664.8336582828446,1.2315540313720703,9.210310935974121,84.20074462890625,1.3386696577072144
4862,400.4487705856076,1.1631604433059692,28.05091094970703,85.58854675292969,1.3388208150863647
4863,915.8902683977884,1.4374033212661743,12.859909057617188,85.1465835571289,1.338987946510315
4864,508.83032388394497,0.5911568999290466,20.885299682617188,84.39718627929688,1.339176058769226
4865,488.47325699259983,1.047133445739746,10.014434814453125,84.69486236572266,1.3393865823745728
4866,118.75679353762898,-2.7609550952911377,58.59556198120117,76.70734405517578,1.3395174741744995
4867,232.5710003923682,0.02221447043120861,27.715139389038086,82.2794418334961,1.339645266532898
4868,1202.8776086865014,1.2209852933883667,16.89347267150879,85.0083999633789,1.3397283554077148
4869,530.6574466149343,0.8265564441680908,14.342860221862793,83.49627685546875,1.3398174047470093
4870,332.6749476881513,0.009180948138237,36.318870544433594,84.77687072753906,1.3398990631103516
4871,212.83379753406646,-0.8651663661003113,41.668766021728516,86.10691833496094,1.3400139808654785
4872,1337.4265369497743,2.077007293701172,17.534645080566406,85.69522094726562,1.3401213884353638
4873,827.7278453852055,1.069419026374817,15.810675621032715,86.64077758789062,1.340291142463684
4874,395.63620367709655,0.5236070156097412,21.088294982910156,83.74043273925781,1.340448260307312
4875,666.817651144688,1.0894595384597778,14.69568920135498,86.4044189453125,1.340565800666809
4876,414.27452329868504,0.4575476050376892,30.909177780151367,86.38853454589844,1.3406758308410645
4877,768.876743956415,0.09993579238653183,15.118587493896484,86.67598724365234,1.34075129032135
4878,141.21366068365344,-1.7225226163864136,78.39727783203125,84.78520965576172,1.3408206701278687
4879,1121.4020435163384,1.3310682773590088,14.76756763458252,86.95503997802734,1.3409026861190796
4880,338.426265025212,-0.3109961450099945,21.150108337402344,85.55870056152344,1.3409804105758667
4881,1087.41094623941,0.6514249444007874,15.494669914245605,87.86627960205078,1.3410526514053345
4882,910.2849966932396,0.4022234380245209,14.024882316589355,88.22088623046875,1.3411235809326172
4883,736.9787156134277,0.24445058405399323,15.78442096710205,88.56758117675781,1.3411401510238647
4884,1001.2142739701096,-0.03325839340686798,13.848869323730469,88.74995422363281,1.3411022424697876
4885,986.4147488069007,-0.1259022206068039,12.04323959350586,88.70685577392578,1.34101402759552
4886,908.0664825229848,0.256814181804657,12.978508949279785,89.11652374267578,1.340948462486267
4887,939.0562403390604,-0.3833276927471161,13.10863208770752,88.62380981445312,1.3408409357070923
4888,945.3706456433251,-0.15096423029899597,11.630806922912598,89.30469512939453,1.3407541513442993
4889,932.2184796440603,-0.26505181193351746,11.013422966003418,89.03453826904297,1.3406692743301392
4890,820.1149079687488,-0.3416045308113098,12.668404579162598,88.86332702636719,1.3405767679214478
4891,933.4626028922119,-0.89278244972229,12.73056697845459,89.0638656616211,1.3403822183609009
4892,910.0563126084571,-0.4029078483581543,11.62602710723877,88.80799102783203,1.3401936292648315
4893,996.5106330028524,-0.00011401367373764515,10.766098022460938,89.35347747802734,1.339998722076416
4894,1027.653646159215,0.18339934945106506,11.353470802307129,89.66088104248047,1.3398154973983765
4895,1003.6749822322371,0.07354223728179932,10.752799034118652,89.71277618408203,1.3396462202072144
4896,1027.416461989638,0.27268657088279724,11.116374969482422,89.45123291015625,1.3395012617111206
4897,1112.3324668927507,0.5390498042106628,10.936031341552734,89.77853393554688,1.339342713356018
4898,659.7096022033111,0.1220160722732544,14.453336715698242,89.25054931640625,1.339185357093811
4899,335.00714053329887,-0.12585636973381042,27.577320098876953,88.17497253417969,1.33908212184906
4900,200.50331448258189,-0.4664273262023926,47.56424331665039,88.47570037841797,1.3390789031982422
4901,207.59668073569676,-2.1607582569122314,42.518253326416016,89.12579345703125,1.3390121459960938
4902,264.3698350117319,-0.18333405256271362,35.88978576660156,88.50305938720703,1.3390108346939087
4903,272.12205876617725,-0.1473081111907959,35.69118118286133,87.71074676513672,1.3390356302261353
4904,407.1432511039084,2.194286346435547,28.451961517333984,88.6587905883789,1.3391467332839966
4905,314.96991921798525,-0.012460818514227867,31.039186477661133,88.04736328125,1.3392467498779297
4906,380.6729566590333,0.11216647922992706,25.756004333496094,87.70630645751953,1.3393367528915405
4907,222.9302810914823,-0.9862694144248962,41.1517219543457,86.66326904296875,1.3393858671188354
4908,228.22595061312472,-0.5619004368782043,37.059383392333984,86.7663803100586,1.3394170999526978
4909,109.31684358605536,-2.0887484550476074,86.34419250488281,86.85076904296875,1.3395487070083618
4910,509.47571259089307,2.8499536514282227,5.119583606719971,80.40343475341797,1.3396782875061035
4911,368.5647679763607,2.435896158218384,16.1683292388916,83.59939575195312,1.339776635169983
4912,343.09490649757134,2.1781718730926514,19.101795196533203,83.83607482910156,1.3399096727371216
4913,404.0931980117659,3.5274925231933594,5.74261999130249,74.54554748535156,1.3400195837020874
4914,191.49697616596285,0.13429194688796997,65.30293273925781,87.02167510986328,1.3401225805282593
4915,141.50923513617158,-1.612444519996643,82.825439453125,89.19315338134766,1.3402047157287598
4916,132.77678983816816,-1.2507773637771606,57.19585037231445,86.20382690429688,1.340323805809021
4917,379.9976849768831,3.6492631435394287,4.698245048522949,75.60472869873047,1.3402843475341797
4918,460.8269129480131,3.899170398712158,4.87404203414917,77.2926254272461,1.3402661085128784
4919,332.29615582473565,0.9931536316871643,28.7795467376709,88.64907836914062,1.3402690887451172
4920,396.30155638387055,3.8374717235565186,5.692568302154541,77.74351501464844,1.3402498960494995
4921,463.49343572867025,4.056456089019775,4.321773529052734,77.93946075439453,1.3403326272964478
4922,243.5879144435172,0.01876993291079998,42.61194610595703,90.52297973632812,1.3404102325439453
4923,378.97384925152545,3.351337194442749,6.537152290344238,76.38924407958984,1.3404539823532104
4924,140.09641099483918,-1.7867811918258667,76.5912857055664,88.71578979492188,1.34050714969635
4925,430.832673984492,4.475405216217041,6.539708137512207,81.15538024902344,1.3405680656433105
4926,1541.3198036277245,3.1978814601898193,4.331376075744629,89.26539611816406,1.3406494855880737
4927,526.9286190701225,4.159424781799316,5.373312950134277,83.99636840820312,1.340720772743225
4928,1183.575841122035,2.716289520263672,6.683023929595947,90.72138214111328,1.3407455682754517
4929,635.5311644307706,4.672144412994385,7.349071025848389,86.98865509033203,1.3407455682754517
4930,975.772627763578,3.4348561763763428,8.15488338470459,91.0123519897461,1.3407381772994995
4931,876.2713406459558,2.23427414894104,4.87635612487793,89.2585220336914,1.3407573699951172
4932,301.51342713363675,0.5287303924560547,50.57650375366211,95.75965881347656,1.3408361673355103
4933,637.9759015116811,3.700650453567505,6.318910598754883,91.23112487792969,1.340950846672058
4934,535.7386783374415,2.9042298793792725,4.640124797821045,89.72775268554688,1.3410991430282593
4935,396.9410909014841,2.6515605449676514,10.59349250793457,87.30738830566406,1.3412837982177734
4936,385.9323449371396,2.826475143432617,4.951560020446777,85.38948822021484,1.3414411544799805
4937,191.12323094006388,-1.5746984481811523,63.26625442504883,98.40022277832031,1.341619849205017
4938,183.12342927005082,-3.6393401622772217,68.74291229248047,99.3485107421875,1.3417366743087769
4939,395.8181934057899,2.19741153717041,5.5131731033325195,90.33218383789062,1.3417695760726929
4940,422.36661302232176,2.5462751388549805,4.862195014953613,89.62126159667969,1.341745376586914
4941,234.21247868737927,-0.3991853892803192,68.68730163574219,98.8555908203125,1.3417359590530396
4942,358.2571602595624,2.266265630722046,4.319610595703125,89.99385833740234,1.3417514562606812
4943,367.14651374938603,2.8650565147399902,4.708939552307129,88.49427032470703,1.3417906761169434
4944,409.8110701204772,2.1946325302124023,8.372734069824219,89.58805084228516,1.3418153524398804
4945,363.9368967616195,2.140042781829834,5.894280433654785,94.6528091430664,1.3418294191360474
4946,376.49537211739056,2.7786762714385986,6.916529178619385,92.3128890991211,1.341894507408142
4947,226.30580327622894,-1.4381346702575684,75.20419311523438,105.27238464355469,1.341938853263855
4948,355.30889457958915,1.3586249351501465,14.629999160766602,101.45831298828125,1.3419440984725952
4949,211.89704402516483,-1.9326832294464111,69.97602844238281,105.27965545654297,1.3419348001480103
4950,381.57265966342175,2.2300021648406982,11.480963706970215,95.61841583251953,1.3419190645217896
4951,197.93598181305762,-1.7792198657989502,84.60833740234375,107.60617065429688,1.3419240713119507
4952,224.17306539845495,-0.1983284205198288,69.89159393310547,105.40789794921875,1.3420177698135376
4953,287.3124440349717,0.3675583600997925,72.98145294189453,106.26842498779297,1.3421469926834106
4954,445.7317510196309,1.5906776189804077,9.301114082336426,98.55635070800781,1.3422781229019165
4955,431.0588982799939,1.1268953084945679,9.277501106262207,99.19126892089844,1.3423433303833008
4956,196.1924957047081,-1.2128692865371704,83.54655456542969,108.21382904052734,1.3425493240356445
4957,437.0156474950778,1.5189893245697021,9.08117961883545,102.25719451904297,1.3427448272705078
4958,216.419210023194,-1.6299036741256714,68.77769470214844,108.50890350341797,1.3429584503173828
4959,441.36159529573615,0.7878934741020203,23.691417694091797,106.15321350097656,1.3432003259658813
4960,322.73983650028157,-1.0054194927215576,43.92140197753906,106.95137786865234,1.3434209823608398
4961,133.66766973113522,-4.770453929901123,113.95116424560547,108.94579315185547,1.3436030149459839
4962,232.11228556987018,-1.8559575080871582,59.0288200378418,106.95938873291016,1.3437830209732056
4963,226.9954315053819,-2.238213300704956,61.86222457885742,107.121826171875,1.3439427614212036
4964,218.83191276752189,-1.4498813152313232,63.45488739013672,106.53341674804688,1.3442268371582031
4965,224.37592706598272,-1.6447426080703735,62.912811279296875,106.05802917480469,1.3445115089416504
4966,256.75540246578544,-1.158216118812561,52.31367111206055,104.37910461425781,1.3448495864868164
4967,213.39578705858938,-1.743310570716858,63.63944625854492,103.84846496582031,1.345189094543457
4968,602.8783666169116,0.8100814819335938,5.426645755767822,98.19013214111328,1.3454638719558716
4969,215.70792405577984,-2.2506842613220215,57.096290588378906,103.47954559326172,1.3457082509994507
4970,230.44462331246584,-1.4625422954559326,53.40287399291992,102.52249908447266,1.345991611480713
4971,229.4783649826012,-1.5690584182739258,53.543846130371094,101.9061050415039,1.3462839126586914
4972,327.74324127361643,-1.2396531105041504,36.75763702392578,101.10368347167969,1.3465322256088257
4973,293.88465244698915,-1.278515100479126,45.475582122802734,101.09249877929688,1.346756935119629
4974,206.5865031684585,-0.606316328048706,63.60695266723633,100.4996337890625,1.3470906019210815
4975,203.64591024231697,-1.6943941116333008,55.47796630859375,100.25264739990234,1.347413420677185
4976,256.37423045737955,-1.0872578620910645,48.916202545166016,99.34020233154297,1.3477243185043335
4977,350.4824316170669,-0.12909658253192902,34.07366180419922,99.03007507324219,1.3480380773544312
4978,206.4255702823934,-0.4403476417064667,59.43724822998047,98.75257873535156,1.3484185934066772
4979,295.31221255978886,-0.31695014238357544,44.606971740722656,97.54899597167969,1.3487838506698608
4980,206.4143460949592,-2.395334482192993,55.80582046508789,97.97721099853516,1.3490720987319946
4981,251.32067872032727,-0.6090688705444336,48.75282287597656,97.50318145751953,1.3493534326553345
4982,155.864036992021,-1.8447303771972656,77.05863952636719,97.6507797241211,1.3496390581130981
4983,192.3536169266219,-0.9620534777641296,61.77475357055664,96.68963623046875,1.3499387502670288
4984,285.77733652977196,0.2853519320487976,40.322811126708984,94.77869415283203,1.3503309488296509
4985,243.72845741662846,-0.043394237756729126,49.19135284423828,94.18218994140625,1.3507238626480103
4986,230.65119001133547,-0.20940931141376495,51.87196731567383,93.11231231689453,1.351089596748352
4987,461.36208720104486,2.0418057441711426,5.934445858001709,86.55438995361328,1.3514076471328735
4988,393.0113130909549,2.172947883605957,6.687757968902588,89.8247299194336,1.3516942262649536
4989,225.8995601866011,-2.069938898086548,54.43065643310547,93.20407104492188,1.3518704175949097
4990,276.40127470225224,0.43950724601745605,59.98068618774414,94.24825286865234,1.3520317077636719
4991,407.3172818160127,2.670794725418091,5.939648151397705,86.6299057006836,1.3521913290023804
4992,424.2282650702345,2.932760238647461,6.313767910003662,85.38278198242188,1.3523327112197876
4993,403.8944784253005,2.604726791381836,4.681094646453857,83.1357650756836,1.352432131767273
4994,416.368957795389,2.7837164402008057,7.931714057922363,84.77970886230469,1.352546215057373
4995,369.3093677482066,2.056138038635254,7.235288143157959,87.82894134521484,1.3526134490966797
4996,384.752218983234,2.1905934810638428,10.176326751708984,89.1624984741211,1.3526865243911743
4997,371.5098853635457,2.016840696334839,6.389366149902344,88.20623779296875,1.3527411222457886
4998,481.1003230624068,2.1349029541015625,5.498538494110107,90.89138793945312,1.3527555465698242
4999,470.50858134284937,1.902300238609314,7.086198806762695,87.91529846191406,1.3527336120605469
5000,340.94012765163757,1.3625742197036743,6.6700310707092285,91.657958984375,1.3526835441589355
