episode,reward,actor_loss,critic_loss,mean_value,mean_sigma
1,42.311304406810216,6.596096038818359,0.0,0.0,0.9742845892906189
2,15.297828102664424,-1.0896368026733398,0.0,0.0,0.9743313193321228
3,14.935579498557729,-0.559222400188446,0.0,0.0,0.9743614792823792
4,14.87532718901242,0.6377794742584229,0.0,0.0,0.9743437767028809
5,11.5692329116496,11.135040283203125,0.0,0.0,0.974642813205719
6,21.009973533406757,3.6911869049072266,0.0,0.0,0.9749147891998291
7,204.59052470399652,-1.2694625854492188,0.0,0.0,0.9751470685005188
8,71.579922428132,3.005070209503174,0.0,0.0,0.9753312468528748
9,20.399609677604577,0.646683931350708,0.0,0.0,0.9755075573921204
10,80.14435596081685,2.1070549488067627,0.0,0.0,0.9756752848625183
11,65.38761698293688,17.078033447265625,0.0,0.0,0.9759498238563538
12,18.954073904926148,0.7254902124404907,0.0,0.0,0.9762012362480164
13,78.96564523946424,4.798707962036133,0.0,0.0,0.9764463305473328
14,84.0740395508106,3.2886109352111816,0.0,0.0,0.9766575694084167
15,14.241167343908373,0.8561679124832153,0.0,0.0,0.9768507480621338
16,50.752618927632454,-4.041481018066406,0.0,0.0,0.9769940972328186
17,7.679882690285729,2.0691707134246826,0.0,0.0,0.9771330952644348
18,142.02788967348786,5.3117218017578125,0.0,0.0,0.9772824645042419
19,72.72669200756306,-2.7031922340393066,0.0,0.0,0.9774088859558105
20,124.67256996497015,-7.169594764709473,0.0,0.0,0.97751384973526
21,113.03793564820906,1.6202876567840576,0.0,0.0,0.9776079058647156
22,31.245304863877355,-1.137650489807129,0.0,0.0,0.9776840806007385
23,109.27590681959843,13.256047248840332,0.0,0.0,0.9778160452842712
24,155.91976288502855,0.6742980480194092,0.0,0.0,0.9779386520385742
25,84.90034381760914,8.142208099365234,0.0,0.0,0.978102445602417
26,124.02945996817716,3.239957809448242,0.0,0.0,0.9782517552375793
27,112.72320696520278,1.426811695098877,0.0,0.0,0.9783923029899597
28,152.4847002017833,-24.130157470703125,0.0,0.0,0.9784635901451111
29,62.924494345649926,1.6893160343170166,0.0,0.0,0.9785385131835938
30,127.98186430890136,13.914568901062012,0.0,0.0,0.9786433577537537
31,116.79602466295988,13.336104393005371,0.0,0.0,0.978802502155304
32,91.00169239700683,-6.004752159118652,0.0,0.0,0.9789220690727234
33,141.84245572954643,11.1392183303833,0.0,0.0,0.9790699481964111
34,176.60935530253767,7.857054710388184,0.0,0.0,0.9792272448539734
35,137.2307479934142,-11.855386734008789,0.0,0.0,0.9793029427528381
36,207.87293600110226,-0.3064687252044678,0.0,0.0,0.979370653629303
37,242.62347362318113,-19.00832748413086,0.0,0.0,0.9794122576713562
38,21.497808226464723,2.8624634742736816,0.0,0.0,0.979480504989624
39,128.92145772000458,-5.773850917816162,0.0,0.0,0.9795230031013489
40,63.813506280440784,-7.6711626052856445,0.0,0.0,0.9795312881469727
41,139.43317486595276,11.35461139678955,0.0,0.0,0.9795729517936707
42,221.87627928840178,-18.08785629272461,0.0,0.0,0.9795661568641663
43,75.98444014098334,-16.407875061035156,0.0,0.0,0.9794761538505554
44,115.7316515830162,-10.022270202636719,0.0,0.0,0.9793627858161926
45,235.51858826087172,1.1320524215698242,0.0,0.0,0.9792611598968506
46,26.4983084446745,3.217205047607422,0.0,0.0,0.9792034029960632
47,142.49837210598767,-11.534957885742188,0.0,0.0,0.9791183471679688
48,108.83380703295052,-5.910017967224121,0.0,0.0,0.979029655456543
49,69.07646799660185,1.1991353034973145,0.0,0.0,0.9789572358131409
50,32.97426897982122,9.163372993469238,0.0,0.0,0.9789381623268127
51,83.64260770291936,0.3632209300994873,0.0,0.0,0.9789240956306458
52,75.85645227725169,-1.662032127380371,0.0,0.0,0.9789003729820251
53,56.83981532222803,-7.695828437805176,0.0,0.0,0.9788543581962585
54,212.31394654420905,-9.388612747192383,0.0,0.0,0.9787948131561279
55,128.6085187814544,-2.2980141639709473,0.0,0.0,0.9787337779998779
56,222.82203454490133,3.7407288551330566,0.0,0.0,0.9786850810050964
57,103.42236070250652,4.113249778747559,0.0,0.0,0.9786565899848938
58,217.31996160430143,5.880659103393555,0.0,0.0,0.9786550402641296
59,215.76117598984555,24.92259407043457,0.0,0.0,0.9787405133247375
60,111.86930347738074,10.858169555664062,0.0,0.0,0.9788477420806885
61,213.33909217820195,4.999789237976074,0.0,0.0,0.9789578318595886
62,270.1913975124687,-1.5088775157928467,0.0,0.0,0.9790546894073486
63,96.32043915491495,-12.732645988464355,0.0,0.0,0.9791027903556824
64,148.9980368528317,-9.53676700592041,0.0,0.0,0.9791193008422852
65,209.56948889532356,-33.579078674316406,0.0,0.0,0.97907954454422
66,234.5983361817948,15.042781829833984,0.0,0.0,0.979095458984375
67,213.46247967258532,8.470935821533203,0.0,0.0,0.9791324734687805
68,187.43782638180113,13.405387878417969,0.0,0.0,0.9792004227638245
69,272.70320273216913,-22.27039909362793,0.0,0.0,0.9792324900627136
70,222.33502610196695,-6.414222240447998,0.0,0.0,0.9792465567588806
71,130.34739219971777,1.3585596084594727,0.0,0.0,0.9792630076408386
72,116.54098689373049,-1.4994263648986816,0.0,0.0,0.9792693257331848
73,115.5698439481411,-10.325760841369629,0.0,0.0,0.9792454242706299
74,76.45649528571352,0.7906718254089355,0.0,0.0,0.9792253971099854
75,152.2300990448606,-17.66808319091797,0.0,0.0,0.9791768193244934
76,95.93864278330835,19.490930557250977,0.0,0.0,0.9792273640632629
77,168.18906752999197,-27.542631149291992,0.0,0.0,0.9792154431343079
78,240.08826796462517,-1.1560161113739014,0.0,0.0,0.9792028069496155
79,197.4405787075106,12.738595008850098,0.0,0.0,0.9792091250419617
80,97.72149115192501,-8.562413215637207,0.0,0.0,0.97919100522995
81,137.83789130049365,14.352088928222656,0.0,0.0,0.9792212843894958
82,123.87374897562988,-10.844776153564453,0.0,0.0,0.979217529296875
83,136.49612930117516,-14.07380485534668,0.0,0.0,0.9791591167449951
84,191.02637093849089,2.304680824279785,0.0,0.0,0.9791102409362793
85,245.06338705080444,-7.448456764221191,0.0,0.0,0.9790560603141785
86,147.06719373924855,1.0267276763916016,0.0,0.0,0.9790120720863342
87,78.02801056976456,1.4124021530151367,0.0,0.0,0.9789761900901794
88,212.0188960871767,18.287860870361328,0.0,0.0,0.9789701104164124
89,237.26578105316946,14.604930877685547,0.0,0.0,0.9790005683898926
90,204.57005757519346,-22.359127044677734,0.0,0.0,0.9789559841156006
91,224.2880351492682,-12.761674880981445,0.0,0.0,0.978886067867279
92,244.88593711027866,-4.83775520324707,0.0,0.0,0.9788086414337158
93,193.53909778363655,17.07593536376953,0.0,0.0,0.9787817001342773
94,217.24219033078268,-21.599319458007812,0.0,0.0,0.9787023067474365
95,13.567090717740326,-8.814306259155273,0.0,0.0,0.9785714149475098
96,107.5951182015841,4.128086090087891,0.0,0.0,0.9784665107727051
97,29.8216015900736,-6.563786506652832,0.0,0.0,0.9782893061637878
98,253.39309525656904,0.536379337310791,0.0,0.0,0.9781293869018555
99,234.64962461385633,3.2647266387939453,0.0,0.0,0.9779930710792542
100,177.16634836553703,1.2459654808044434,0.0,0.0,0.9778721332550049
101,216.1781019072198,-9.68328857421875,0.0,0.0,0.9777246117591858
102,20.825121659315,-4.396387577056885,0.0,0.0,0.9775700569152832
103,201.80529178485668,10.000425338745117,0.0,0.0,0.9774655699729919
104,230.070212532899,10.24641227722168,0.0,0.0,0.9774029850959778
105,192.71935898256683,20.277450561523438,0.0,0.0,0.9774062633514404
106,222.25428070569595,25.251785278320312,0.0,0.0,0.9774794578552246
107,68.73936048370376,-3.5244529247283936,0.0,0.0,0.9775104522705078
108,220.15849716974708,-0.7666840553283691,0.0,0.0,0.9775374531745911
109,153.02785074200818,4.843778610229492,0.0,0.0,0.9775697588920593
110,112.7843050439644,-0.409332275390625,0.0,0.0,0.9775977730751038
111,222.09568422834053,-0.0375676155090332,0.0,0.0,0.9776244163513184
112,172.09131343363185,28.10295295715332,0.0,0.0,0.9777222275733948
113,207.76432188144258,14.06689453125,0.0,0.0,0.9778404235839844
114,149.47506393957082,16.598514556884766,0.0,0.0,0.9779760241508484
115,212.93229878265402,0.21132993698120117,0.0,0.0,0.9781000018119812
116,195.30642514922664,1.2594449520111084,0.0,0.0,0.9782159924507141
117,184.47383592005778,7.422122001647949,0.0,0.0,0.9783323407173157
118,174.76945769505835,-1.7328262329101562,0.0,0.0,0.9784323573112488
119,156.7582324273344,15.389799118041992,0.0,0.0,0.9785714149475098
120,231.47664203343888,0.7784538269042969,0.0,0.0,0.9787003397941589
121,199.97509215968776,12.77989387512207,0.0,0.0,0.9788445830345154
122,226.65976689001198,12.230091094970703,0.0,0.0,0.9790098071098328
123,135.37734471459703,-14.15632438659668,0.0,0.0,0.9791048169136047
124,150.40379489479605,-12.049009323120117,0.0,0.0,0.9791593551635742
125,211.87726534142465,-6.380580902099609,0.0,0.0,0.9791949391365051
126,216.55152097716478,-11.183032035827637,0.0,0.0,0.9791859984397888
127,192.60301665999253,-3.590465545654297,0.0,0.0,0.9791683554649353
128,193.35106481693202,5.995658874511719,0.0,0.0,0.9791715145111084
129,207.2082947785826,8.350042343139648,0.0,0.0,0.9791943430900574
130,40.289654926427694,-1.3910207748413086,0.0,0.0,0.9792101979255676
131,196.710705663196,-0.4172368049621582,0.0,0.0,0.979219913482666
132,220.26816327715787,11.581262588500977,0.0,0.0,0.9792582988739014
133,217.34475609384594,-4.672116756439209,0.0,0.0,0.9792766571044922
134,212.96917448844698,-7.830577850341797,0.0,0.0,0.9792765974998474
135,125.77621418414891,-1.3163719177246094,0.0,0.0,0.9792739748954773
136,235.83101861798914,20.490707397460938,0.0,0.0,0.9793567061424255
137,218.06108957139526,16.666555404663086,0.0,0.0,0.9794760346412659
138,22.934854319550688,-6.545256614685059,0.0,0.0,0.9795472025871277
139,216.820601002992,7.059202671051025,0.0,0.0,0.9796282649040222
140,30.251165492071262,1.1677727699279785,0.0,0.0,0.9797109961509705
141,199.60813339154325,-9.889335632324219,0.0,0.0,0.9797425866127014
142,233.52104451512486,17.344446182250977,0.0,0.0,0.9798130989074707
143,233.11587803944505,-6.771993160247803,0.0,0.0,0.9798634648323059
144,245.91595161679297,5.475930213928223,0.0,0.0,0.9799227118492126
145,37.577061084413074,1.3687729835510254,0.0,0.0,0.9799855351448059
146,48.324698800534755,-6.121794700622559,0.0,0.0,0.9800105690956116
147,254.7974213694984,-0.553502082824707,0.0,0.0,0.9800317883491516
148,61.668973657994094,11.573004722595215,0.0,0.0,0.9801134467124939
149,241.19948573488108,-3.505650758743286,0.0,0.0,0.9801743626594543
150,147.26287835046006,-6.857235908508301,0.0,0.0,0.9802141189575195
151,251.43930780214484,10.044957160949707,0.0,0.0,0.9802635312080383
152,178.3570850941805,-0.2623405456542969,0.0,0.0,0.9803079962730408
153,229.09020212028352,3.5724220275878906,0.0,0.0,0.9803564548492432
154,233.83251108010847,-12.680830001831055,0.0,0.0,0.9803793430328369
155,53.0190437328707,6.795786380767822,0.0,0.0,0.9804186820983887
156,243.74028492152772,34.56602478027344,0.0,0.0,0.9805493354797363
157,254.17906600641746,4.0645318031311035,0.0,0.0,0.9806763529777527
158,159.28831625657642,-5.25138521194458,0.0,0.0,0.9807794690132141
159,191.3278085391605,0.4673595428466797,0.0,0.0,0.9808772206306458
160,242.55482792957707,1.672318935394287,0.0,0.0,0.9809725880622864
161,224.99519510797276,33.755882263183594,0.0,0.0,0.981209933757782
162,233.73571389405154,-13.789556503295898,0.0,0.0,0.9814041256904602
163,89.42516578148367,14.143562316894531,0.0,0.0,0.9816343188285828
164,174.42746419561524,-5.83296537399292,0.0,0.0,0.9818263053894043
165,278.123677887692,23.604564666748047,0.0,0.0,0.982048511505127
166,253.5258694211815,10.238411903381348,0.0,0.0,0.9822928309440613
167,258.9090821085826,-14.438821792602539,0.0,0.0,0.9824507236480713
168,281.1711771128705,-6.989841461181641,0.0,0.0,0.9825718998908997
169,220.890003409053,4.6426191329956055,0.0,0.0,0.9826915860176086
170,226.60013340906198,22.251609802246094,0.0,0.0,0.982857882976532
171,215.19806226558447,0.4629976749420166,0.0,0.0,0.9830100536346436
172,225.94259944508187,7.779328346252441,0.0,0.0,0.9831681251525879
173,194.45231197249166,12.456026077270508,0.0,0.0,0.9833319783210754
174,114.248686721062,13.911643028259277,0.0,0.0,0.9835297465324402
175,182.544453026486,0.9160232543945312,0.0,0.0,0.9837105870246887
176,133.31092277312882,-5.8980631828308105,0.0,0.0,0.9838588237762451
177,119.73906839716133,-5.6268205642700195,0.0,0.0,0.9839859008789062
178,250.4272832326102,-9.852787017822266,0.0,0.0,0.9840786457061768
179,103.31127369302993,18.883625030517578,0.0,0.0,0.9842054843902588
180,104.47267638358474,2.897132396697998,0.0,0.0,0.9843306541442871
181,255.3343315860668,-13.6640625,0.0,0.0,0.9843879342079163
182,253.6995717867911,-1.250234603881836,0.0,0.0,0.9844367504119873
183,249.60196395048928,29.135597229003906,0.0,0.0,0.9845401644706726
184,279.2213914682826,6.471080780029297,0.0,0.0,0.9846498370170593
185,132.14325066744826,-19.70537567138672,0.0,0.0,0.9847049713134766
186,234.80286507537556,8.505585670471191,0.0,0.0,0.984778881072998
187,283.8251899975184,-36.61767578125,0.0,0.0,0.9847742915153503
188,301.58765146941187,3.775087833404541,0.0,0.0,0.9847757816314697
189,236.8921447542846,26.343942642211914,0.0,0.0,0.984842836856842
190,245.25297190967632,4.2457427978515625,0.0,0.0,0.9849114418029785
191,128.8259645895978,-10.342601776123047,0.0,0.0,0.9849392771720886
192,273.3595318218125,-2.79339599609375,0.0,0.0,0.9849534630775452
193,268.1121186530571,-17.368122100830078,0.0,0.0,0.9849360585212708
194,109.04811328326146,-8.173561096191406,0.0,0.0,0.9848989844322205
195,323.8864926830076,14.905580520629883,0.0,0.0,0.9848987460136414
196,300.87311791921695,28.781068801879883,0.0,0.0,0.9849674105644226
197,222.6332856661578,0.06607890129089355,0.0,0.0,0.9850280284881592
198,282.63172063026906,10.645441055297852,0.0,0.0,0.9851077198982239
199,289.6708351111715,18.475341796875,0.0,0.0,0.9852102398872375
200,295.31402682762433,12.021499633789062,0.0,0.0,0.9853355884552002
201,244.07437541586745,-4.007447242736816,0.0,0.0,0.9854385256767273
202,258.7247898281474,-10.520296096801758,0.0,0.0,0.9854991436004639
203,158.44344379430817,7.403246879577637,0.0,0.0,0.9855789542198181
204,239.19299108505297,12.94845199584961,0.0,0.0,0.985687255859375
205,311.4615588817698,-0.15128517150878906,0.0,0.0,0.9857838749885559
206,189.1897902143429,-1.7521238327026367,0.0,0.0,0.9858648777008057
207,226.2369191654788,2.6798737049102783,0.0,0.0,0.9859455227851868
208,233.6471899444134,-20.780994415283203,0.0,0.0,0.9859650731086731
209,132.561307256882,-6.03887939453125,0.0,0.0,0.9859657287597656
210,171.71389464562193,-2.346301794052124,0.0,0.0,0.9859619140625
211,114.8164513156369,-6.3258891105651855,0.0,0.0,0.9859435558319092
212,252.93112798990535,2.2989025115966797,0.0,0.0,0.9859299063682556
213,232.740187301601,11.013762474060059,0.0,0.0,0.9859528541564941
214,258.8962863430919,1.3328313827514648,0.0,0.0,0.985975980758667
215,245.23692634458163,4.565094947814941,0.0,0.0,0.9860090613365173
216,109.83371478569211,4.132596969604492,0.0,0.0,0.9860466122627258
217,249.9811385998922,-5.779549598693848,0.0,0.0,0.98606938123703
218,163.4184825731884,3.5941574573516846,0.0,0.0,0.9860973954200745
219,202.86715174325198,-10.566717147827148,0.0,0.0,0.9861013889312744
220,257.3462772124053,-3.3626503944396973,0.0,0.0,0.9860968589782715
221,176.21117179656295,-27.61575698852539,0.0,0.0,0.9860219955444336
222,286.8863809282485,-4.752762794494629,0.0,0.0,0.9859396815299988
223,299.0895720178434,-12.952529907226562,0.0,0.0,0.9858486652374268
224,230.4345119500893,-22.79050064086914,0.0,0.0,0.9857139587402344
225,265.7911854448491,-3.279493570327759,0.0,0.0,0.9855820536613464
226,261.1565057893099,-4.355080604553223,0.0,0.0,0.9854525923728943
227,287.54598625766107,-13.216740608215332,0.0,0.0,0.9853101372718811
228,258.4307117137683,-11.574687957763672,0.0,0.0,0.9851517677307129
229,241.85143411500152,21.666671752929688,0.0,0.0,0.98506760597229
230,260.05863732894016,14.624131202697754,0.0,0.0,0.9850260615348816
231,60.76571270449998,-9.247628211975098,0.0,0.0,0.9849696159362793
232,219.53693503838383,36.67268371582031,0.0,0.0,0.985029935836792
233,313.8317829398028,-30.807769775390625,0.0,0.0,0.9850311279296875
234,126.75142608039312,10.734045028686523,0.0,0.0,0.9850831627845764
235,319.7979000887894,-24.058387756347656,0.0,0.0,0.9851053357124329
236,167.27703513790095,18.833438873291016,0.0,0.0,0.9851751327514648
237,271.35023757974443,-6.152791976928711,0.0,0.0,0.9852023720741272
238,232.50626243806568,-7.84562349319458,0.0,0.0,0.985205352306366
239,306.358907090038,52.6317253112793,0.0,0.0,0.985349178314209
240,397.7586515514413,-24.24126434326172,0.0,0.0,0.9854435920715332
241,286.58251282791434,10.088306427001953,0.0,0.0,0.9855523705482483
242,331.023480663092,-24.654293060302734,0.0,0.0,0.985615074634552
243,301.2470131645968,-17.39482307434082,0.0,0.0,0.9856388568878174
244,303.3177570959005,34.09536361694336,0.0,0.0,0.9857200980186462
245,318.13706560855445,-14.605687141418457,0.0,0.0,0.9857602715492249
246,332.97332694409636,-12.915579795837402,0.0,0.0,0.9857799410820007
247,315.2622758961091,20.62433433532715,0.0,0.0,0.9858590960502625
248,270.045173159557,17.925189971923828,0.0,0.0,0.9859622120857239
249,257.39247228084014,14.022900581359863,0.0,0.0,0.9860832095146179
250,342.7659396811201,23.95424461364746,0.0,0.0,0.9862639307975769
251,169.04990295318214,2.7389450073242188,0.0,0.0,0.9864417910575867
252,302.70844751928814,-10.218740463256836,0.0,0.0,0.9865846037864685
253,334.7336667607982,-31.683067321777344,0.0,0.0,0.9866542816162109
254,226.9887411547414,0.8862259387969971,0.0,0.0,0.9867197871208191
255,394.43833827976226,-21.557538986206055,0.0,0.0,0.986744225025177
256,342.6576771269669,0.45272302627563477,0.0,0.0,0.9867678284645081
257,328.57614015700887,23.05120086669922,0.0,0.0,0.9868406653404236
258,300.6094898548347,-11.986087799072266,0.0,0.0,0.9868812561035156
259,250.8226222724137,-2.464672088623047,0.0,0.0,0.9869132041931152
260,415.7100156297585,-6.551076889038086,0.0,0.0,0.9869306683540344
261,349.77443873370186,-5.651175498962402,0.0,0.0,0.9869394302368164
262,201.34620707091716,0.16873455047607422,0.0,0.0,0.9869481921195984
263,260.32453518420596,16.208845138549805,0.0,0.0,0.9869863986968994
264,328.8865648641602,-4.925046443939209,0.0,0.0,0.9870135188102722
265,408.4606897644853,12.04549789428711,0.0,0.0,0.9870560169219971
266,362.0980552480081,-18.308555603027344,0.0,0.0,0.9870519042015076
267,288.7694817945411,-17.809988021850586,0.0,0.0,0.9870166778564453
268,316.13445195153184,-9.386489868164062,0.0,0.0,0.9869627356529236
269,322.7092634098267,-14.01272201538086,0.0,0.0,0.9868707060813904
270,281.8549262287044,0.6788492202758789,0.0,0.0,0.9867890477180481
271,252.09684263889503,1.682774543762207,0.0,0.0,0.9867179989814758
272,343.0789567041829,-12.204026222229004,0.0,0.0,0.9866358637809753
273,250.36299292858422,14.726507186889648,0.0,0.0,0.986589252948761
274,353.7556593767235,-23.77591896057129,0.0,0.0,0.9865186214447021
275,351.08939867213536,14.373100280761719,0.0,0.0,0.9864751696586609
276,389.1337856983982,-19.354785919189453,0.0,0.0,0.9864090085029602
277,326.06245514458675,25.321697235107422,0.0,0.0,0.9864136576652527
278,340.9604885118301,9.276249885559082,0.0,0.0,0.9864380955696106
279,333.93463641562613,10.069719314575195,0.0,0.0,0.9864792227745056
280,320.2800801734647,-21.160472869873047,0.0,0.0,0.9864632487297058
281,352.3481792029193,5.04280424118042,0.0,0.0,0.9864564538002014
282,419.806554695098,8.291702270507812,0.0,0.0,0.9864658713340759
283,379.9606713251537,22.650405883789062,0.0,0.0,0.9865157008171082
284,303.99226797843636,12.875144958496094,0.0,0.0,0.9865909218788147
285,362.2104094216246,-29.037822723388672,0.0,0.0,0.9866099953651428
286,361.1646522321243,22.171846389770508,0.0,0.0,0.9866630434989929
287,327.6937136582689,-12.934761047363281,0.0,0.0,0.9866825938224792
288,377.47351875937335,-29.176006317138672,0.0,0.0,0.9866647720336914
289,401.6514525081774,10.148710250854492,0.0,0.0,0.9866664409637451
290,149.59089446726335,-3.2850704193115234,0.0,0.0,0.9866592884063721
291,284.0132503959001,10.572322845458984,0.0,0.0,0.9866754412651062
292,395.9848923184861,-21.45758056640625,0.0,0.0,0.9866530895233154
293,372.62279543665613,-2.9914608001708984,0.0,0.0,0.9866275191307068
294,358.9759015479761,-13.60035514831543,0.0,0.0,0.9865762591362
295,340.57372260248906,6.054100036621094,0.0,0.0,0.9865434169769287
296,386.29102559322234,19.333593368530273,0.0,0.0,0.9865474104881287
297,416.1340413186286,22.24474334716797,0.0,0.0,0.9865984320640564
298,394.3435460916281,-12.446483612060547,0.0,0.0,0.986617386341095
299,329.37252466261447,19.136493682861328,0.0,0.0,0.9866845607757568
300,365.3105448174669,4.345870018005371,0.0,0.0,0.9867544174194336
301,411.0641052237012,-19.478805541992188,0.0,0.0,0.9867808222770691
302,433.57854374878553,-59.49290084838867,0.0,0.0,0.9867295622825623
303,354.8126964564138,8.832250595092773,0.0,0.0,0.9867019653320312
304,425.0659068371656,-30.1473388671875,0.0,0.0,0.9866450428962708
305,202.83898254509975,6.203386306762695,0.0,0.0,0.9866060614585876
306,436.1337664762568,6.778067111968994,0.0,0.0,0.9865829944610596
307,391.4156665425309,-8.342475891113281,0.0,0.0,0.9865495562553406
308,370.08779778092344,-5.842397689819336,0.0,0.0,0.9865124821662903
309,394.9964005089342,9.138113021850586,0.0,0.0,0.9864938259124756
310,338.4024032072249,4.82396936416626,0.0,0.0,0.9864851832389832
311,388.26199146691414,12.873906135559082,0.0,0.0,0.986499011516571
312,368.03331381531495,-11.690858840942383,0.0,0.0,0.9864926338195801
313,225.02756591781576,-6.349218368530273,0.0,0.0,0.9864745140075684
314,413.81036153152064,-12.131294250488281,0.0,0.0,0.9864377975463867
315,349.65623828644596,23.527729034423828,0.0,0.0,0.9864436984062195
316,397.5735838744963,0.977874755859375,0.0,0.0,0.9864497780799866
317,407.7349199329658,9.554316520690918,0.0,0.0,0.9864662289619446
318,397.0105100879808,-14.264238357543945,0.0,0.0,0.9864380955696106
319,391.34752464801664,-7.041413307189941,0.0,0.0,0.986401379108429
320,373.78074272432303,-27.56416893005371,0.0,0.0,0.9863238334655762
321,379.51324604536757,21.7042236328125,0.0,0.0,0.9863070845603943
322,375.8201738959764,-0.3838214874267578,0.0,0.0,0.986291229724884
323,397.471887034452,-5.642136096954346,0.0,0.0,0.9862673878669739
324,391.3769254434998,23.45464515686035,0.0,0.0,0.9862753748893738
325,344.74634314807565,5.0100860595703125,0.0,0.0,0.9862945079803467
326,395.8520064968595,23.629436492919922,0.0,0.0,0.9863616824150085
327,414.28281919228795,-3.330230236053467,0.0,0.0,0.9864182472229004
328,450.64814130219605,25.55663299560547,0.0,0.0,0.9865363240242004
329,379.3862372878371,-14.567750930786133,0.0,0.0,0.9866118431091309
330,412.4933586129157,-3.0690975189208984,0.0,0.0,0.9866743683815002
331,372.88224095640226,1.5288035869598389,0.0,0.0,0.9867365956306458
332,386.9528262433816,5.487595081329346,0.0,0.0,0.9868057370185852
333,363.10410931452805,16.89800262451172,0.0,0.0,0.9869117736816406
334,360.64181099437,-10.795275688171387,0.0,0.0,0.9869932532310486
335,392.5525248406392,1.9680781364440918,0.0,0.0,0.9870695471763611
336,499.50959974207865,27.78843116760254,0.0,0.0,0.9871768355369568
337,294.22725502056556,-7.793407917022705,0.0,0.0,0.9872629046440125
338,194.15449485217687,-9.749463081359863,0.0,0.0,0.9873189926147461
339,364.48554045401374,8.55967903137207,0.0,0.0,0.987385094165802
340,320.8124198946375,-33.56272888183594,0.0,0.0,0.9873805046081543
341,371.2939208002542,0.39588260650634766,0.0,0.0,0.9873763918876648
342,288.09870168833515,-8.527332305908203,0.0,0.0,0.9873554706573486
343,439.231137296163,22.521923065185547,0.0,0.0,0.9873723983764648
344,360.0968551874575,-10.968185424804688,0.0,0.0,0.9873604774475098
345,371.3331627132752,10.999786376953125,0.0,0.0,0.9873672127723694
346,533.6883897873827,24.372142791748047,0.0,0.0,0.9874076247215271
347,644.6812170193057,-41.203224182128906,0.0,0.0,0.9873924851417542
348,149.4731515926236,3.732297420501709,0.0,0.0,0.9873887896537781
349,135.78331940980877,-2.9867568016052246,0.0,0.0,0.9873802065849304
350,558.7713666517689,-5.136511325836182,0.0,0.0,0.9873645901679993
351,565.118189775772,9.222975730895996,0.0,0.0,0.9873667359352112
352,369.5060808223534,17.389644622802734,0.0,0.0,0.9874046444892883
353,388.3686343269333,20.636768341064453,0.0,0.0,0.9874772429466248
354,372.1490448365582,5.586434364318848,0.0,0.0,0.9875531196594238
355,449.8863080415102,21.34716796875,0.0,0.0,0.987650454044342
356,405.30622535018506,-14.11186408996582,0.0,0.0,0.9877164959907532
357,403.5755868609033,4.327134132385254,0.0,0.0,0.987787663936615
358,530.4663259758116,3.9343199729919434,0.0,0.0,0.9878591895103455
359,289.4445145764902,-1.4137187004089355,0.0,0.0,0.9879200458526611
360,356.14952514724416,-7.969749927520752,0.0,0.0,0.9879612326622009
361,125.4065501286848,-25.483867645263672,0.0,0.0,0.9879105687141418
362,311.9683337695431,20.627044677734375,0.0,0.0,0.9879131317138672
363,401.71917923047926,6.147835731506348,0.0,0.0,0.987925112247467
364,475.4256620977574,22.573959350585938,0.0,0.0,0.9879741668701172
365,417.3307354878557,14.159782409667969,0.0,0.0,0.9880492687225342
366,309.19181805793204,-13.513044357299805,0.0,0.0,0.9880854487419128
367,278.15308853973556,20.708959579467773,0.0,0.0,0.9881536364555359
368,235.83198888787058,-3.721195697784424,0.0,0.0,0.988206148147583
369,401.27270178909436,-1.0063824653625488,0.0,0.0,0.9882497787475586
370,467.1062489276241,10.498858451843262,0.0,0.0,0.9883072376251221
371,261.81474475565807,-18.984718322753906,0.0,0.0,0.9883217215538025
372,115.78697511121365,1.5372676849365234,0.0,0.0,0.9883405566215515
373,230.53076218475954,4.451891899108887,0.0,0.0,0.9883651733398438
374,520.120108124106,17.9364070892334,0.0,0.0,0.9884181618690491
375,459.73304575437396,-23.29877281188965,0.0,0.0,0.9884214401245117
376,272.19393897474504,-0.6463699340820312,0.0,0.0,0.9884236454963684
377,297.8232025509017,10.13597297668457,0.0,0.0,0.988446056842804
378,495.1773335866894,-5.1880083084106445,0.0,0.0,0.9884635806083679
379,83.10870013624613,2.0685908794403076,0.0,0.0,0.9884836673736572
380,204.0039184489661,6.833974838256836,0.0,0.0,0.9885160326957703
381,364.5415381755004,6.441533088684082,0.0,0.0,0.9885526299476624
382,391.5472499784294,-0.7096362113952637,0.0,0.0,0.9885843396186829
383,279.22873775921147,13.65378189086914,0.0,0.0,0.988640546798706
384,156.75659514254795,-4.770541191101074,0.0,0.0,0.9886799454689026
385,315.61129063645274,7.089653968811035,0.0,0.0,0.9887242317199707
386,302.7663718611603,10.39639949798584,0.0,0.0,0.9887814521789551
387,403.2120030154069,-6.6239824295043945,0.0,0.0,0.9888243675231934
388,476.60897355069295,6.0500993728637695,0.0,0.0,0.9888685345649719
389,149.99020892186613,2.3705716133117676,0.0,0.0,0.9889178276062012
390,317.219233378094,4.830472946166992,0.0,0.0,0.988969624042511
391,464.42215501860795,3.744370937347412,0.0,0.0,0.989025890827179
392,312.8983435013504,14.766592025756836,0.0,0.0,0.9890909194946289
393,259.8683703904279,5.0953898429870605,0.0,0.0,0.9891684651374817
394,177.64021126608202,-12.123588562011719,0.0,0.0,0.9892118573188782
395,426.6230559197113,-2.347440242767334,0.0,0.0,0.9892475605010986
396,457.7036851954408,-12.216329574584961,0.0,0.0,0.9892595410346985
397,131.84693885317864,-7.045374870300293,0.0,0.0,0.9892593026161194
398,385.6215037150512,-19.43153953552246,0.0,0.0,0.9892135262489319
399,325.2760845577237,-12.641484260559082,0.0,0.0,0.9891441464424133
400,251.45120548416398,10.196544647216797,0.0,0.0,0.9890965819358826
401,388.75733407463196,-25.246116638183594,0.0,0.0,0.9890063405036926
402,416.2114326396515,9.475910186767578,0.0,0.0,0.9889381527900696
403,121.89367474028387,-6.4845123291015625,0.0,0.0,0.9888639450073242
404,167.8518205469678,12.351766586303711,0.0,0.0,0.9888169169425964
405,188.64701531283345,-5.102427959442139,0.0,0.0,0.988767147064209
406,120.83410758195421,-6.704113960266113,0.0,0.0,0.9887056946754456
407,164.18680902071728,2.796128034591675,0.0,0.0,0.9886539578437805
408,94.24866487080527,-13.676326751708984,0.0,0.0,0.9885826110839844
409,135.9790074613204,-4.22413444519043,0.0,0.0,0.988511860370636
410,19.035616067105952,-11.46306324005127,0.0,0.0,0.9884107112884521
411,93.65315959592402,14.734784126281738,0.0,0.0,0.9883530139923096
412,199.57547431505552,-23.459409713745117,0.0,0.0,0.9882752895355225
413,79.74503914652061,-19.57616424560547,0.0,0.0,0.9881606101989746
414,107.118268601973,-8.959912300109863,0.0,0.0,0.9880416989326477
415,20.61707824632418,-3.384061098098755,0.0,0.0,0.987915575504303
416,232.31870205835668,2.712002754211426,0.0,0.0,0.9878072738647461
417,140.94073299251502,-6.556497573852539,0.0,0.0,0.9877025485038757
418,289.52124643795673,-10.417231559753418,0.0,0.0,0.9876008033752441
419,83.52947952829909,-2.8978443145751953,0.0,0.0,0.9875049591064453
420,381.6712474386723,26.993671417236328,0.0,0.0,0.987477719783783
421,88.31582287156355,11.681638717651367,0.0,0.0,0.9874836802482605
422,183.8522656196173,4.475753307342529,0.0,0.0,0.9874966740608215
423,241.62934505015164,12.381585121154785,0.0,0.0,0.9875379204750061
424,331.66954723331355,-6.3440961837768555,0.0,0.0,0.9875636100769043
425,163.8483825578523,8.157861709594727,0.0,0.0,0.9875995516777039
426,197.34670814209588,-12.68721866607666,0.0,0.0,0.98761385679245
427,413.54504655714857,-19.7022647857666,0.0,0.0,0.9876077771186829
428,297.03923776156313,-8.923355102539062,0.0,0.0,0.9875873923301697
429,243.21498660500825,2.9744410514831543,0.0,0.0,0.9875722527503967
430,394.2512159596342,-27.402496337890625,0.0,0.0,0.9875194430351257
431,378.6764974127169,4.037764549255371,0.0,0.0,0.9874758124351501
432,324.7105514679508,5.666964530944824,0.0,0.0,0.9874454140663147
433,373.16977425167505,13.665332794189453,0.0,0.0,0.9874398708343506
434,407.9816838693275,6.15302038192749,0.0,0.0,0.9874482750892639
435,138.3561564211657,-0.33447909355163574,0.0,0.0,0.9874565601348877
436,274.96969517030027,-19.431751251220703,0.0,0.0,0.9874164462089539
437,191.9217602379083,-14.86784553527832,0.0,0.0,0.9873575568199158
438,382.62324710283383,-22.56540298461914,0.0,0.0,0.9872635006904602
439,408.1573088865207,-2.49432373046875,0.0,0.0,0.9871745109558105
440,487.3966572280842,-0.9251956939697266,0.0,0.0,0.9870936870574951
441,209.3174986359731,-22.647443771362305,0.0,0.0,0.9869763851165771
442,403.5438324734954,-4.6505584716796875,0.0,0.0,0.9868634343147278
443,377.7709901956446,34.66234588623047,0.0,0.0,0.9868113398551941
444,271.893241449345,12.001935958862305,0.0,0.0,0.986792802810669
445,402.38372145376906,17.00090789794922,0.0,0.0,0.9868001341819763
446,337.90359959953486,2.2548117637634277,0.0,0.0,0.9868109226226807
447,57.854419307744074,-6.826854705810547,0.0,0.0,0.9867921471595764
448,141.2819899135025,-1.2999720573425293,0.0,0.0,0.9867748618125916
449,189.25120941311582,8.980118751525879,0.0,0.0,0.9867716431617737
450,435.65598333431325,-38.21458435058594,0.0,0.0,0.9867222905158997
451,197.17695146122068,-7.149329662322998,0.0,0.0,0.9866692423820496
452,191.83397084907952,2.0100865364074707,0.0,0.0,0.9866250157356262
453,76.08926387339558,-7.6155104637146,0.0,0.0,0.986571729183197
454,199.46866286918618,-2.2229480743408203,0.0,0.0,0.9865200519561768
455,304.4663595363966,-0.35196375846862793,0.0,0.0,0.9864709973335266
456,365.19889473308734,4.786568641662598,0.0,0.0,0.9864320158958435
457,174.11263046632897,11.769266128540039,0.0,0.0,0.9864104390144348
458,373.15255323396417,-4.049131393432617,0.0,0.0,0.9863842129707336
459,284.0572753222918,17.065460205078125,0.0,0.0,0.9863811135292053
460,134.6317754771377,18.690536499023438,0.0,0.0,0.9864161610603333
461,85.7420321506633,-5.3052849769592285,0.0,0.0,0.986437976360321
462,96.19145272218424,-4.218522071838379,0.0,0.0,0.9864495396614075
463,195.71076183987245,-29.960121154785156,0.0,0.0,0.9864251613616943
464,234.14071027270927,-8.68476676940918,0.0,0.0,0.9863880276679993
465,549.3862693042795,-7.465566635131836,0.0,0.0,0.9863455891609192
466,610.002777622221,-23.04842185974121,0.0,0.0,0.9862846732139587
467,330.8491180097211,3.044015884399414,0.0,0.0,0.9862332344055176
468,60.052891691848046,0.8554997444152832,0.0,0.0,0.9861900210380554
469,123.14259654005274,22.34538459777832,0.0,0.0,0.9862257838249207
470,164.93708754662492,6.656846046447754,0.0,0.0,0.986278235912323
471,160.69974841280435,14.538597106933594,0.0,0.0,0.9863571524620056
472,123.63612610620339,12.843022346496582,0.0,0.0,0.986463725566864
473,114.0754766521197,8.537659645080566,0.0,0.0,0.9865873456001282
474,188.61656248273283,2.577336072921753,0.0,0.0,0.9867016673088074
475,172.2423808526631,-9.05539321899414,0.0,0.0,0.9867892861366272
476,66.9709066597705,-12.810372352600098,0.0,0.0,0.9868367314338684
477,152.51656695077145,11.925021171569824,0.0,0.0,0.9868999123573303
478,143.16733706547768,5.306758403778076,0.0,0.0,0.9869696497917175
479,179.8427697919079,23.421106338500977,0.0,0.0,0.9870660901069641
480,19.6642570790908,-4.842565059661865,0.0,0.0,0.9871261119842529
481,82.53937010168235,-5.018928527832031,0.0,0.0,0.987170398235321
482,86.38953386418655,10.57312297821045,0.0,0.0,0.9872282147407532
483,77.26286114143193,4.332791805267334,0.0,0.0,0.9872892498970032
484,71.93236802219812,-3.107212781906128,0.0,0.0,0.9873375296592712
485,156.4582890885577,-7.712145805358887,0.0,0.0,0.9873591065406799
486,196.8926496306319,-6.854053974151611,0.0,0.0,0.987363338470459
487,68.50101956188819,9.13705825805664,0.0,0.0,0.9874083995819092
488,141.7827376211403,7.073617458343506,0.0,0.0,0.9874634742736816
489,74.1956042573419,9.011054039001465,0.0,0.0,0.9875366687774658
490,215.7197247114018,1.1424064636230469,0.0,0.0,0.9876047968864441
491,26.222390600990096,-7.977773666381836,0.0,0.0,0.9876241087913513
492,216.35272393348012,0.8669769763946533,0.0,0.0,0.9876427054405212
493,131.81276334023187,14.354232788085938,0.0,0.0,0.9876779913902283
494,389.2605218348718,0.8147153854370117,0.0,0.0,0.9877106547355652
495,113.12881262077963,-0.4064211845397949,0.0,0.0,0.9877400994300842
496,324.70969409632676,0.7975764274597168,0.0,0.0,0.9877662658691406
497,174.81397471729875,-0.21450257301330566,0.0,0.0,0.9877898097038269
498,254.8912211590682,3.005427360534668,0.0,0.0,0.9878158569335938
499,74.83451849009053,3.6382102966308594,0.0,0.0,0.9878513216972351
500,88.6878795025303,-3.5916969776153564,0.0,0.0,0.987875759601593
501,159.03588983749907,15.99237060546875,0.0,0.0,0.9879123568534851
502,115.52015206365974,13.305233001708984,0.0,0.0,0.9879714846611023
503,96.64011815742269,-2.7898144721984863,0.0,0.0,0.9880196452140808
504,386.5651015108633,-2.8444671630859375,0.0,0.0,0.98805832862854
505,135.18754906391047,-7.9742584228515625,0.0,0.0,0.9880668520927429
506,143.94907118439824,-15.683773040771484,0.0,0.0,0.9880537986755371
507,165.08934059429248,-8.763028144836426,0.0,0.0,0.988025963306427
508,128.98450651471762,6.033767223358154,0.0,0.0,0.9880163669586182
509,202.2889474090869,-20.775123596191406,0.0,0.0,0.9879772067070007
510,453.24120376320866,-8.154394149780273,0.0,0.0,0.9879355430603027
511,101.91867571374024,3.478076696395874,0.0,0.0,0.9879100918769836
512,270.75010558436264,19.18707275390625,0.0,0.0,0.9879193902015686
513,121.28290252019947,14.339953422546387,0.0,0.0,0.9879691004753113
514,401.5420315672501,6.006102561950684,0.0,0.0,0.988023579120636
515,175.09210957631902,17.45016098022461,0.0,0.0,0.9881153106689453
516,187.7333260059886,-9.38406753540039,0.0,0.0,0.9881853461265564
517,249.064569748861,1.349095344543457,0.0,0.0,0.9882522225379944
518,292.2601079369804,-23.127246856689453,0.0,0.0,0.9882776141166687
519,127.59974763766493,-2.0473248958587646,0.0,0.0,0.9882960915565491
520,108.6681374429653,3.4671332836151123,0.0,0.0,0.9883255958557129
521,290.57775695887267,1.4199113845825195,0.0,0.0,0.988353431224823
522,156.91480638262027,8.268778800964355,0.0,0.0,0.9884054660797119
523,366.1055286674576,-3.6015424728393555,0.0,0.0,0.9884474873542786
524,140.1914297096155,-5.806173324584961,0.0,0.0,0.9884755611419678
525,213.84644344734497,13.20286750793457,0.0,0.0,0.9885380864143372
526,225.19457843232044,21.468055725097656,0.0,0.0,0.9886367917060852
527,482.4965559762345,-2.7547988891601562,0.0,0.0,0.9887233376502991
528,182.81759241922626,-3.449545383453369,0.0,0.0,0.988796055316925
529,155.28431547156237,-9.372913360595703,0.0,0.0,0.988844633102417
530,466.3374892827587,-7.807223320007324,0.0,0.0,0.9888799786567688
531,178.9853394570318,8.176628112792969,0.0,0.0,0.9889273047447205
532,437.9573899956009,11.406538009643555,0.0,0.0,0.9889957904815674
533,693.3044283362299,-23.694103240966797,0.0,0.0,0.9890291094779968
534,331.64975219713875,3.5659990310668945,0.0,0.0,0.9890695214271545
535,245.82768531758308,7.203012943267822,0.0,0.0,0.9891159534454346
536,441.9327154670759,11.269067764282227,0.0,0.0,0.9891714453697205
537,516.7160862406672,18.038848876953125,0.0,0.0,0.9892487525939941
538,297.475304530999,17.32603645324707,0.0,0.0,0.9893479943275452
539,424.8742244443828,-3.8805575370788574,0.0,0.0,0.989431619644165
540,389.3147375463796,17.425701141357422,0.0,0.0,0.9895217418670654
541,143.725121737744,-1.0883471965789795,0.0,0.0,0.989600658416748
542,451.2193428760586,16.903732299804688,0.0,0.0,0.9896921515464783
543,642.6730050038575,-8.18946647644043,0.0,0.0,0.9897651076316833
544,455.7228054083966,10.882953643798828,0.0,0.0,0.9898557066917419
545,347.4029125171768,-7.505220890045166,0.0,0.0,0.9899265170097351
546,298.3940085123838,-16.165037155151367,0.0,0.0,0.9899548888206482
547,85.21063435313854,9.51403522491455,0.0,0.0,0.9900214076042175
548,372.4885090081145,-22.22614288330078,0.0,0.0,0.9900363087654114
549,292.9309154637492,-4.921216011047363,0.0,0.0,0.9900431632995605
550,527.2030300361675,1.97410249710083,0.0,0.0,0.9900538325309753
551,170.45901562343298,-11.735676765441895,0.0,0.0,0.990040123462677
552,454.3183907618995,-7.2207136154174805,0.0,0.0,0.9900110363960266
553,279.27601707633545,3.0187606811523438,0.0,0.0,0.9899907112121582
554,471.7230334604296,-11.029810905456543,0.0,0.0,0.9899613857269287
555,420.3245432004167,11.944194793701172,0.0,0.0,0.9899606704711914
556,518.0477295239543,34.28297424316406,0.0,0.0,0.9900145530700684
557,380.8335439351391,-7.71376371383667,0.0,0.0,0.9900505542755127
558,410.66319053852226,17.0494384765625,0.0,0.0,0.9901048541069031
559,292.3841057315389,14.250703811645508,0.0,0.0,0.9901814460754395
560,313.936754724584,-11.594125747680664,0.0,0.0,0.9902260303497314
561,379.9008289671071,2.237727165222168,0.0,0.0,0.9902686476707458
562,178.76774933995867,-6.426200866699219,0.0,0.0,0.9902984499931335
563,203.03491058583074,-7.009628772735596,0.0,0.0,0.9903156757354736
564,352.80652914007095,-2.1888718605041504,0.0,0.0,0.9903240203857422
565,322.1537834552509,-17.44600486755371,0.0,0.0,0.9902822375297546
566,155.04774154764976,-12.297674179077148,0.0,0.0,0.9902157783508301
567,339.5999832958694,15.619230270385742,0.0,0.0,0.9901907444000244
568,316.1069585484929,37.494178771972656,0.0,0.0,0.9902448654174805
569,264.1218893886851,-15.711822509765625,0.0,0.0,0.990276038646698
570,257.1841179823606,-11.09528636932373,0.0,0.0,0.9902868866920471
571,348.2914509291033,-24.059932708740234,0.0,0.0,0.990254819393158
572,293.867498780219,0.5939245223999023,0.0,0.0,0.9902276396751404
573,379.99481278419495,-11.607571601867676,0.0,0.0,0.9901817440986633
574,224.92965527467487,-17.986242294311523,0.0,0.0,0.9901094436645508
575,269.9907971580613,-28.220746994018555,0.0,0.0,0.9900020956993103
576,199.81537147449498,14.922232627868652,0.0,0.0,0.9899261593818665
577,298.39967404045916,-5.06829833984375,0.0,0.0,0.9898459315299988
578,313.93350712005923,15.039714813232422,0.0,0.0,0.9898054599761963
579,251.66868906295622,-0.9613037109375,0.0,0.0,0.9897665977478027
580,216.8808543662649,-8.483259201049805,0.0,0.0,0.9897156357765198
581,308.65418515118375,-6.789045333862305,0.0,0.0,0.9896499514579773
582,363.4105074810663,-17.774187088012695,0.0,0.0,0.9895541071891785
583,209.41792207963093,10.582958221435547,0.0,0.0,0.9894957542419434
584,197.22415148642952,-13.619558334350586,0.0,0.0,0.9894043803215027
585,272.112820669597,-1.2188622951507568,0.0,0.0,0.989320695400238
586,236.07466258429812,-7.527635097503662,0.0,0.0,0.9892285466194153
587,221.5501543155733,-7.137759208679199,0.0,0.0,0.9891306757926941
588,231.81079848860963,-4.90067195892334,0.0,0.0,0.9890192151069641
589,223.92171489140682,-5.258439064025879,0.0,0.0,0.988902747631073
590,318.670635853827,6.43113899230957,0.0,0.0,0.9888078570365906
591,394.30074579199857,28.088998794555664,0.0,0.0,0.9887487292289734
592,228.24833974804125,9.124459266662598,0.0,0.0,0.9887221455574036
593,263.45646196829995,-21.65348243713379,0.0,0.0,0.9886347651481628
594,272.82591314992504,-19.008142471313477,0.0,0.0,0.9885196685791016
595,233.98735695258583,-12.152555465698242,0.0,0.0,0.9883869290351868
596,366.9522442805558,-11.951498031616211,0.0,0.0,0.9882531762123108
597,306.57652869557336,14.019018173217773,0.0,0.0,0.9881572723388672
598,287.61139115163945,-12.040946960449219,0.0,0.0,0.9880438446998596
599,307.7730916479534,-8.825071334838867,0.0,0.0,0.9879160523414612
600,258.4276945538188,-0.6896238327026367,0.0,0.0,0.9877986311912537
601,318.7483283134836,15.476850509643555,0.0,0.0,0.9877474308013916
602,308.8886181485652,5.049564838409424,0.0,0.0,0.9877098202705383
603,307.75624953997544,-23.245670318603516,0.0,0.0,0.9876329302787781
604,350.07924748171484,2.9926862716674805,0.0,0.0,0.9875701069831848
605,350.5654793460771,11.164654731750488,0.0,0.0,0.9875373840332031
606,269.61178988273105,7.082611083984375,0.0,0.0,0.9875226020812988
607,328.90342792578446,-10.241266250610352,0.0,0.0,0.9874803423881531
608,176.59848454839485,-8.554709434509277,0.0,0.0,0.9874207377433777
609,432.4232907456004,13.035200119018555,0.0,0.0,0.9873868823051453
610,322.7644699583568,13.751470565795898,0.0,0.0,0.9873864054679871
611,330.4293465869505,-34.13200378417969,0.0,0.0,0.9873111248016357
612,411.0523806758623,-1.9462709426879883,0.0,0.0,0.9872395396232605
613,400.7178374686096,0.9731016159057617,0.0,0.0,0.9871765971183777
614,359.3560170306193,-3.842844009399414,0.0,0.0,0.9871112704277039
615,483.0082326450604,-3.5228538513183594,0.0,0.0,0.9870478510856628
616,312.1235575315257,-26.91695785522461,0.0,0.0,0.986924409866333
617,296.91391709056836,-0.2451190948486328,0.0,0.0,0.9868133664131165
618,583.6276313247688,-9.229026794433594,0.0,0.0,0.9867026209831238
619,327.3710554087009,18.97998046875,0.0,0.0,0.9866454005241394
620,421.4648859818887,7.9811224937438965,0.0,0.0,0.9866080284118652
621,300.0986996254078,22.413606643676758,0.0,0.0,0.9866354465484619
622,378.96605280495913,5.3372297286987305,0.0,0.0,0.9866683483123779
623,390.8158703910442,3.7370553016662598,0.0,0.0,0.986705482006073
624,421.8864390562322,8.550700187683105,0.0,0.0,0.9867513179779053
625,422.47333339710667,-0.9556455612182617,0.0,0.0,0.9867915511131287
626,340.5550647955794,12.900135040283203,0.0,0.0,0.9868488907814026
627,429.0970533534263,7.8027567863464355,0.0,0.0,0.9869146347045898
628,402.4357300920566,27.20912742614746,0.0,0.0,0.9870213866233826
629,140.12680394797357,2.478343963623047,0.0,0.0,0.987124502658844
630,357.06859075692563,-18.82499885559082,0.0,0.0,0.987170398235321
631,420.0495853556972,-17.210927963256836,0.0,0.0,0.9871847033500671
632,315.25383772363523,-9.671783447265625,0.0,0.0,0.9871683120727539
633,467.56099191088566,-5.08429479598999,0.0,0.0,0.987144410610199
634,387.67058188332766,-26.14353370666504,0.0,0.0,0.9870765209197998
635,347.7802523306773,14.710407257080078,0.0,0.0,0.9870445728302002
636,299.41549714628246,-9.98399543762207,0.0,0.0,0.987004816532135
637,298.8612975174738,4.7354841232299805,0.0,0.0,0.9869824051856995
638,319.7971201330724,2.9391345977783203,0.0,0.0,0.9869680404663086
639,269.19640641706945,-30.93096923828125,0.0,0.0,0.986915111541748
640,350.4576272724801,12.204912185668945,0.0,0.0,0.9868881106376648
641,365.59961625896705,2.210803508758545,0.0,0.0,0.9868682026863098
642,128.655703295287,-10.5968656539917,0.0,0.0,0.9868223667144775
643,288.35869700589313,11.579692840576172,0.0,0.0,0.9868037700653076
644,331.15061358382627,-0.05877494812011719,0.0,0.0,0.9867866635322571
645,323.46482553417354,11.889060974121094,0.0,0.0,0.986795961856842
646,322.2728307883693,13.542695045471191,0.0,0.0,0.9868323802947998
647,354.7143834511404,-13.603116989135742,0.0,0.0,0.9868481159210205
648,328.2243089720814,-23.760244369506836,0.0,0.0,0.986842930316925
649,335.1556068997821,-17.71137046813965,0.0,0.0,0.9868099093437195
650,301.19172842443675,-1.620039463043213,0.0,0.0,0.9867756366729736
651,297.51039861576186,11.009008407592773,0.0,0.0,0.9867683053016663
652,133.52728859471395,-3.082465648651123,0.0,0.0,0.9867572784423828
653,125.11451553118626,-10.87196159362793,0.0,0.0,0.9867087006568909
654,272.5572163971919,-10.89116096496582,0.0,0.0,0.98663330078125
655,369.1992067952136,-8.528554916381836,0.0,0.0,0.9865577816963196
656,304.61007743060054,-18.572792053222656,0.0,0.0,0.9864444732666016
657,349.8246842019534,-7.358944416046143,0.0,0.0,0.9863300919532776
658,57.75901132534369,1.5057930946350098,0.0,0.0,0.986233651638031
659,51.9908124050453,3.054830312728882,0.0,0.0,0.986163318157196
660,61.13470944769485,-11.61530590057373,0.0,0.0,0.9860508441925049
661,390.5299328290649,-5.216777801513672,0.0,0.0,0.9859421253204346
662,252.23068635999232,7.099184513092041,0.0,0.0,0.9858608245849609
663,136.2854580064701,-13.271554946899414,0.0,0.0,0.9857485890388489
664,115.8163685413298,13.220968246459961,0.0,0.0,0.9856958985328674
665,143.39794673825023,4.6315155029296875,0.0,0.0,0.9856597781181335
666,280.3686912756048,20.010866165161133,0.0,0.0,0.9856535792350769
667,540.797899608646,17.393720626831055,0.0,0.0,0.9856659770011902
668,377.6801728628225,13.98880672454834,0.0,0.0,0.9856980443000793
669,374.6487418991392,8.607460021972656,0.0,0.0,0.9857421517372131
670,82.9033158461537,-0.985571026802063,0.0,0.0,0.9857780337333679
671,356.22203949794175,12.729987144470215,0.0,0.0,0.9858370423316956
672,109.35357211349287,-0.6282663345336914,0.0,0.0,0.9858883023262024
673,538.880965822481,19.623075485229492,0.0,0.0,0.9859790205955505
674,110.27134229641557,-5.754019737243652,0.0,0.0,0.9860506057739258
675,402.036738436089,-6.816982269287109,0.0,0.0,0.9861076474189758
676,463.96646069955676,24.33599281311035,0.0,0.0,0.986201822757721
677,264.11658499504745,-15.16642951965332,0.0,0.0,0.9862400889396667
678,286.0489478073506,2.5474958419799805,0.0,0.0,0.9862788319587708
679,351.4193902076171,-18.593862533569336,0.0,0.0,0.9862822890281677
680,289.2882540203605,9.327203750610352,0.0,0.0,0.9863061904907227
681,272.9093393677216,29.582666397094727,0.0,0.0,0.9863868355751038
682,126.93427440444083,3.4428796768188477,0.0,0.0,0.9864709973335266
683,386.29477033202915,14.882660865783691,0.0,0.0,0.9865665435791016
684,251.8928416346441,1.37152099609375,0.0,0.0,0.9866554737091064
685,321.27072329623155,-1.8519363403320312,0.0,0.0,0.9867305755615234
686,292.05603729743723,1.617264986038208,0.0,0.0,0.9868010878562927
687,322.72348698301465,-10.568462371826172,0.0,0.0,0.9868443012237549
688,251.89187552333937,3.64371395111084,0.0,0.0,0.9868966937065125
689,309.80500659408386,-19.006855010986328,0.0,0.0,0.986906111240387
690,110.48287353853043,-16.419998168945312,0.0,0.0,0.9868941307067871
691,287.02384314505326,10.029684066772461,0.0,0.0,0.9869076609611511
692,169.22760798837177,-3.250746726989746,0.0,0.0,0.986905574798584
693,354.60130015462966,-8.771078109741211,0.0,0.0,0.9868922233581543
694,194.36615265468836,-12.069744110107422,0.0,0.0,0.9868562817573547
695,300.8204358410334,21.208364486694336,0.0,0.0,0.9868564605712891
696,195.44665220261092,7.275633811950684,0.0,0.0,0.9868784546852112
697,272.5135186295165,-44.432029724121094,0.0,0.0,0.986807644367218
698,216.30482818217627,-2.6485464572906494,0.0,0.0,0.9867398142814636
699,163.9549096685431,-2.1661646366119385,0.0,0.0,0.9866747856140137
700,159.75424889636193,13.772470474243164,0.0,0.0,0.9866635203361511
701,323.39074485098024,8.911665916442871,0.0,0.0,0.9866695404052734
702,245.79288531943433,-6.232981204986572,0.0,0.0,0.9866633415222168
703,267.77728598289724,-8.398502349853516,0.0,0.0,0.9866400361061096
704,210.74097423471787,16.483678817749023,0.0,0.0,0.9866642355918884
705,251.39274674212132,3.8093862533569336,0.0,0.0,0.9866940379142761
706,277.151780954376,1.9073858261108398,0.0,0.0,0.9867245554924011
707,294.4734981618127,-7.047970771789551,0.0,0.0,0.9867354035377502
708,281.69045700452557,9.1364107131958,0.0,0.0,0.9867613911628723
709,190.82978636150537,7.421950340270996,0.0,0.0,0.9867985844612122
710,251.21265851431625,2.32974910736084,0.0,0.0,0.9868366122245789
711,367.0187653282543,15.68646240234375,0.0,0.0,0.9869007468223572
712,175.08579167592654,-15.372663497924805,0.0,0.0,0.9869289994239807
713,333.1941059966491,4.793765544891357,0.0,0.0,0.986961841583252
714,181.87775682338048,2.5526282787323,0.0,0.0,0.9869958758354187
715,334.4026731526884,-2.898954391479492,0.0,0.0,0.9870214462280273
716,108.15154272079485,-10.312926292419434,0.0,0.0,0.9870054721832275
717,235.31389918813164,17.442995071411133,0.0,0.0,0.9870176315307617
718,190.3524415977715,-10.59379768371582,0.0,0.0,0.9870030283927917
719,147.3260962569815,14.945603370666504,0.0,0.0,0.9870362281799316
720,264.472684572528,9.477214813232422,0.0,0.0,0.9870820045471191
721,287.02685861497224,-3.875034809112549,0.0,0.0,0.9871149659156799
722,252.7066464407712,-2.6791553497314453,0.0,0.0,0.9871390461921692
723,278.0691070169332,35.231143951416016,0.0,0.0,0.9872512817382812
724,265.1484544116478,-18.237110137939453,0.0,0.0,0.9873283505439758
725,283.2500272822633,-11.360816955566406,0.0,0.0,0.987384557723999
726,291.2581513827568,1.264740228652954,0.0,0.0,0.9874357581138611
727,332.47047897486516,18.74549674987793,0.0,0.0,0.9875089526176453
728,255.4208075407811,-2.1703453063964844,0.0,0.0,0.9875714778900146
729,206.73250698019058,-6.383011817932129,0.0,0.0,0.9876143336296082
730,173.7328269909018,-13.672130584716797,0.0,0.0,0.9876284599304199
731,294.73044015210337,7.808867931365967,0.0,0.0,0.9876527786254883
732,215.86328627113852,0.6832540035247803,0.0,0.0,0.9876757264137268
733,283.54064677611257,2.5403029918670654,0.0,0.0,0.9876996874809265
734,141.8730836397707,0.4952676296234131,0.0,0.0,0.9877235293388367
735,281.79901462220545,-0.4964742660522461,0.0,0.0,0.9877433180809021
736,456.0157741426252,-12.206887245178223,0.0,0.0,0.9877408146858215
737,259.83236917595343,0.9372842311859131,0.0,0.0,0.9877408146858215
738,341.99984424904795,15.533353805541992,0.0,0.0,0.987773597240448
739,310.9866294642992,-3.3246026039123535,0.0,0.0,0.9877992272377014
740,308.34942789807053,-11.975635528564453,0.0,0.0,0.9878063201904297
741,251.9696998850586,20.371665954589844,0.0,0.0,0.9878409504890442
742,311.6964758147732,31.862443923950195,0.0,0.0,0.9879398345947266
743,168.1723929659981,-7.4322686195373535,0.0,0.0,0.988008975982666
744,191.38564474000844,-4.927296161651611,0.0,0.0,0.9880596995353699
745,296.0477696999398,10.585770606994629,0.0,0.0,0.988122284412384
746,221.23253604924997,-4.181079387664795,0.0,0.0,0.9881703853607178
747,398.01440786152307,5.689046859741211,0.0,0.0,0.9882251620292664
748,199.24619297758508,16.975984573364258,0.0,0.0,0.988304853439331
749,342.57011696124897,-15.718986511230469,0.0,0.0,0.9883251786231995
750,215.23713967834144,0.599174976348877,0.0,0.0,0.9883449673652649
751,315.94411688685835,17.903728485107422,0.0,0.0,0.9883942008018494
752,288.2577258693536,-8.163246154785156,0.0,0.0,0.9884194731712341
753,290.48509024487794,8.613920211791992,0.0,0.0,0.9884647727012634
754,413.3456504140795,5.753150463104248,0.0,0.0,0.9885137677192688
755,387.6387361807661,3.4985318183898926,0.0,0.0,0.9885675311088562
756,249.03344106642928,-4.271579742431641,0.0,0.0,0.9886057376861572
757,269.388370012714,-14.57883071899414,0.0,0.0,0.9886279106140137
758,294.2097139516929,-8.483779907226562,0.0,0.0,0.9886320233345032
759,294.79018958406897,9.139457702636719,0.0,0.0,0.9886562824249268
760,320.394034379357,-11.285844802856445,0.0,0.0,0.9886582493782043
761,268.47692282370696,-13.110586166381836,0.0,0.0,0.9886322021484375
762,328.1421136769246,21.43204116821289,0.0,0.0,0.9886696338653564
763,312.5108298848818,-21.42831039428711,0.0,0.0,0.9886478781700134
764,191.71520292384272,0.7011518478393555,0.0,0.0,0.988631010055542
765,321.2796180790924,-0.6674442291259766,0.0,0.0,0.9886155128479004
766,188.33773499807552,-4.0136518478393555,0.0,0.0,0.9885924458503723
767,312.85211144058155,7.851188659667969,0.0,0.0,0.9885826110839844
768,321.26110046963015,-20.473407745361328,0.0,0.0,0.988525390625
769,336.02352636761265,19.63123321533203,0.0,0.0,0.9885268211364746
770,314.94576113617944,10.500720024108887,0.0,0.0,0.9885476231575012
771,278.6494551211483,-35.44001770019531,0.0,0.0,0.9885081648826599
772,269.64102906721416,-2.1359312534332275,0.0,0.0,0.988467276096344
773,289.8215629593604,12.248326301574707,0.0,0.0,0.988482654094696
774,298.7467264543242,-8.949586868286133,0.0,0.0,0.988476574420929
775,263.7075737929079,-3.4256391525268555,0.0,0.0,0.9884650707244873
776,359.69797237067985,0.5037155151367188,0.0,0.0,0.9884558320045471
777,297.87786688763634,14.179800987243652,0.0,0.0,0.9884675145149231
778,284.7624961970536,-4.885499477386475,0.0,0.0,0.9884616732597351
779,433.53326578813204,25.965206146240234,0.0,0.0,0.9885324835777283
780,375.29151395830644,3.8157899379730225,0.0,0.0,0.9886030554771423
781,388.53268156500735,12.900829315185547,0.0,0.0,0.9886950850486755
782,320.1766269396249,14.811776161193848,0.0,0.0,0.9888014197349548
783,367.81000379188094,18.429651260375977,0.0,0.0,0.9889280200004578
784,442.3479823492485,6.554481506347656,0.0,0.0,0.9890493750572205
785,315.6555109206349,-10.585206985473633,0.0,0.0,0.9891328811645508
786,351.97431998738,5.264277458190918,0.0,0.0,0.9892234802246094
787,383.0169549382964,-13.540946960449219,0.0,0.0,0.9892746806144714
788,349.59396364674836,-21.981201171875,0.0,0.0,0.9892858862876892
789,348.9854637441595,10.754003524780273,0.0,0.0,0.9893136024475098
790,356.0017979914415,-12.828652381896973,0.0,0.0,0.989312469959259
791,364.7925162731966,-13.32185173034668,0.0,0.0,0.9892823100090027
792,323.02841861056976,-23.006977081298828,0.0,0.0,0.9891812205314636
793,393.5440163553647,0.03902626037597656,0.0,0.0,0.9890905022621155
794,352.8658073365229,-11.631818771362305,0.0,0.0,0.9889761805534363
795,330.97902863765415,-18.26072883605957,0.0,0.0,0.9888405799865723
796,326.82464680160876,13.01730728149414,0.0,0.0,0.9887638688087463
797,222.72209431363575,10.744956016540527,0.0,0.0,0.9887247085571289
798,326.35363928910584,-17.158153533935547,0.0,0.0,0.9886601567268372
799,234.68337940370853,-10.098111152648926,0.0,0.0,0.9885841012001038
800,382.20918234920276,20.024248123168945,0.0,0.0,0.9885628819465637
801,330.32541232737964,-32.99244689941406,0.0,0.0,0.9884323477745056
802,217.46247096885585,-6.959265232086182,0.0,0.0,0.9882906079292297
803,347.38105798107114,17.134082794189453,0.0,0.0,0.9882094860076904
804,222.54674499108637,-12.948066711425781,0.0,0.0,0.9881064295768738
805,246.0237087197114,-4.938862323760986,0.0,0.0,0.9879980683326721
806,350.9489170192492,6.694452285766602,0.0,0.0,0.9879229068756104
807,318.3232673947931,4.6429901123046875,0.0,0.0,0.9878623485565186
808,348.2223561452871,38.37498092651367,0.0,0.0,0.9878689646720886
809,347.65486167250515,5.4849958419799805,0.0,0.0,0.9878854751586914
810,362.3470567196967,-3.9972524642944336,0.0,0.0,0.9878904223442078
811,345.59153241196356,6.298478126525879,0.0,0.0,0.9879052042961121
812,347.0579648869797,-19.667232513427734,0.0,0.0,0.9878573417663574
813,162.9249262721423,3.950773239135742,0.0,0.0,0.9878289103507996
814,351.88256982357507,9.007223129272461,0.0,0.0,0.9878221154212952
815,277.4324932366558,19.506568908691406,0.0,0.0,0.9878599047660828
816,323.1213647450023,-4.187422752380371,0.0,0.0,0.9878840446472168
817,362.03270709107835,-11.533821105957031,0.0,0.0,0.9878813624382019
818,346.5993350676884,-6.186800003051758,0.0,0.0,0.9878623485565186
819,301.7485616655551,-15.208744049072266,0.0,0.0,0.9878220558166504
820,348.55099150075085,9.718989372253418,0.0,0.0,0.987809956073761
821,354.0482034452702,15.332307815551758,0.0,0.0,0.9878227114677429
822,330.0733975271751,-5.8852715492248535,0.0,0.0,0.9878266453742981
823,351.84154656493996,-17.21581268310547,0.0,0.0,0.9877699017524719
824,317.7223376732376,-49.03227233886719,0.0,0.0,0.9876623153686523
825,228.70624192756947,19.047470092773438,0.0,0.0,0.9876180291175842
826,299.29224737795386,-27.88481330871582,0.0,0.0,0.9875481724739075
827,173.25685890762352,-1.1437149047851562,0.0,0.0,0.987480640411377
828,210.50608732227428,18.883930206298828,0.0,0.0,0.9874761700630188
829,276.34236604788373,-21.854860305786133,0.0,0.0,0.9874353408813477
830,314.21808480469554,6.7347917556762695,0.0,0.0,0.9874143004417419
831,358.41950934069774,-9.78431510925293,0.0,0.0,0.9873716235160828
832,380.31400896607363,26.42746353149414,0.0,0.0,0.9873849749565125
833,349.8407733581595,12.189367294311523,0.0,0.0,0.9874324798583984
834,364.12496910255265,-10.771326065063477,0.0,0.0,0.9874268174171448
835,318.66323152421523,0.9998435974121094,0.0,0.0,0.9874245524406433
836,389.08644558002106,21.562978744506836,0.0,0.0,0.987464427947998
837,319.80264816443645,-9.603216171264648,0.0,0.0,0.9874749183654785
838,318.4091341420069,12.469179153442383,0.0,0.0,0.9875078201293945
839,376.1714501522496,-20.97818946838379,0.0,0.0,0.9875023365020752
840,362.17280280617547,-3.4629297256469727,0.0,0.0,0.9874920845031738
841,413.68792640595683,-21.289432525634766,0.0,0.0,0.9874337315559387
842,373.0394384169999,1.488560676574707,0.0,0.0,0.9873841404914856
843,400.97355895316775,14.3431396484375,0.0,0.0,0.9873595237731934
844,322.96143692070075,9.110692024230957,0.0,0.0,0.9873652458190918
845,307.3414070262881,0.37992095947265625,0.0,0.0,0.9873712658882141
846,301.73725979115466,-22.928516387939453,0.0,0.0,0.9873471260070801
847,370.1264675099679,18.647085189819336,0.0,0.0,0.9873588681221008
848,363.2300387474406,-13.954668998718262,0.0,0.0,0.9873425364494324
849,355.8277935909332,1.00758695602417,0.0,0.0,0.9873301386833191
850,338.85613339259584,2.2593088150024414,0.0,0.0,0.9873244762420654
851,355.02062563285125,35.6953010559082,0.0,0.0,0.9873716235160828
852,325.12171486134946,7.254397392272949,0.0,0.0,0.9874275326728821
853,373.0991592434984,-2.065793037414551,0.0,0.0,0.9874751567840576
854,320.38496928584203,14.428494453430176,0.0,0.0,0.9875429272651672
855,336.4449227995835,2.4220762252807617,0.0,0.0,0.9876089096069336
856,309.7031975268428,-9.112430572509766,0.0,0.0,0.9876438975334167
857,371.11258543342564,2.2229766845703125,0.0,0.0,0.9876845479011536
858,338.52615521529106,4.599215507507324,0.0,0.0,0.9877296090126038
859,345.0284812102799,-20.235370635986328,0.0,0.0,0.9877322316169739
860,354.8915145349689,-6.679446220397949,0.0,0.0,0.9877158999443054
861,382.9078812014531,-21.961292266845703,0.0,0.0,0.9876611828804016
862,343.848761328194,9.646696090698242,0.0,0.0,0.9876229166984558
863,358.30167754841995,23.100162506103516,0.0,0.0,0.9876534938812256
864,336.45497123609874,-25.183164596557617,0.0,0.0,0.9876389503479004
865,368.4765947246692,9.516979217529297,0.0,0.0,0.9876392483711243
866,339.2649554011773,-13.108898162841797,0.0,0.0,0.9876098036766052
867,421.72312620363584,5.1217732429504395,0.0,0.0,0.9875917434692383
868,351.753578531918,1.4598217010498047,0.0,0.0,0.9875778555870056
869,370.42731634316,-12.781747817993164,0.0,0.0,0.9875414967536926
870,272.72826719009794,-27.951974868774414,0.0,0.0,0.9874598383903503
871,351.52892995496825,0.6881461143493652,0.0,0.0,0.9873879551887512
872,377.0828312253594,1.4155364036560059,0.0,0.0,0.9873258471488953
873,399.2142540756684,13.610105514526367,0.0,0.0,0.9873061180114746
874,360.3359162657824,20.303085327148438,0.0,0.0,0.9873464703559875
875,345.1985560944306,15.099225044250488,0.0,0.0,0.9874076247215271
876,322.115070454377,13.103963851928711,0.0,0.0,0.9874976277351379
877,330.1344336657617,23.67501449584961,0.0,0.0,0.9876332879066467
878,327.8528458479877,20.547256469726562,0.0,0.0,0.9877869486808777
879,317.60920684310474,26.594337463378906,0.0,0.0,0.987989604473114
880,335.7901356533229,5.137706756591797,0.0,0.0,0.9881949424743652
881,309.13950737925654,-14.921170234680176,0.0,0.0,0.9883437752723694
882,241.3843480042156,-20.893882751464844,0.0,0.0,0.988438606262207
883,338.49587244746226,21.382301330566406,0.0,0.0,0.9885972142219543
884,255.4024012878655,17.984134674072266,0.0,0.0,0.9887959361076355
885,341.4719474254947,28.411056518554688,0.0,0.0,0.9890350699424744
886,333.3106635973258,0.31630396842956543,0.0,0.0,0.9892511963844299
887,311.6425415312891,0.7815542221069336,0.0,0.0,0.9894487261772156
888,359.0217203869431,14.711284637451172,0.0,0.0,0.9896657466888428
889,330.5878537556446,-6.747737884521484,0.0,0.0,0.9898459911346436
890,332.4571670292167,18.024394989013672,0.0,0.0,0.9900614619255066
891,283.9628047559887,-10.964141845703125,0.0,0.0,0.990239143371582
892,310.3066031060156,-6.640869140625,0.0,0.0,0.9903784394264221
893,324.0276791762251,16.493181228637695,0.0,0.0,0.9905439019203186
894,335.6968801346109,-7.5914411544799805,0.0,0.0,0.9906756281852722
895,314.57240191839446,-4.954441547393799,0.0,0.0,0.9907841086387634
896,323.78141119533007,25.198991775512695,0.0,0.0,0.9909761548042297
897,316.87050468131804,21.966529846191406,0.0,0.0,0.9911946654319763
898,334.19234530434125,3.118267059326172,0.0,0.0,0.9913997054100037
899,292.7278006453691,-20.291532516479492,0.0,0.0,0.9915139675140381
900,287.4811215485094,3.433128833770752,0.0,0.0,0.9916250109672546
901,329.6585926149466,-7.791542053222656,0.0,0.0,0.9916996359825134
902,294.0142754255811,10.738064765930176,0.0,0.0,0.9918004870414734
903,313.2749224896119,-3.5073328018188477,0.0,0.0,0.9918820261955261
904,316.0193641389109,-16.420852661132812,0.0,0.0,0.9919126629829407
905,337.99283407835685,20.97165298461914,0.0,0.0,0.991982638835907
906,293.05445336883275,0.1324472427368164,0.0,0.0,0.992046058177948
907,304.86728960037823,10.235702514648438,0.0,0.0,0.9921275973320007
908,309.8444083673996,8.834453582763672,0.0,0.0,0.9922210574150085
909,323.2087345576714,19.326019287109375,0.0,0.0,0.9923424124717712
910,320.0041686260216,0.29164576530456543,0.0,0.0,0.9924526214599609
911,308.65586969894434,3.5665993690490723,0.0,0.0,0.9925598502159119
912,292.46264029823385,10.47754955291748,0.0,0.0,0.9926891326904297
913,305.27570675279736,-10.1746826171875,0.0,0.0,0.9927675127983093
914,262.562937386583,-1.143683910369873,0.0,0.0,0.9928353428840637
915,289.532324085067,12.840127944946289,0.0,0.0,0.9929361939430237
916,302.1988128027173,-13.763273239135742,0.0,0.0,0.992987871170044
917,315.38778421417726,-15.993302345275879,0.0,0.0,0.9930002093315125
918,289.73191071452396,7.60469388961792,0.0,0.0,0.9930296540260315
919,267.6838589569623,20.6899356842041,0.0,0.0,0.9931161999702454
920,271.31060956014994,-11.01795768737793,0.0,0.0,0.9931702017784119
921,284.3117879510696,5.9703168869018555,0.0,0.0,0.993232250213623
922,304.52091246112207,19.491384506225586,0.0,0.0,0.9933494925498962
923,265.0017960656473,6.494696617126465,0.0,0.0,0.993472158908844
924,270.6601005230693,-10.029870986938477,0.0,0.0,0.9935541152954102
925,299.43755855463303,1.6627511978149414,0.0,0.0,0.993632972240448
926,273.11752165774243,4.849184513092041,0.0,0.0,0.9937220215797424
927,298.32963763060616,5.145299911499023,0.0,0.0,0.9938194155693054
928,288.4289674374998,-22.704641342163086,0.0,0.0,0.9938439726829529
929,270.07900842489335,-11.091877937316895,0.0,0.0,0.9938338398933411
930,291.5216818670598,8.741971969604492,0.0,0.0,0.993853747844696
931,285.5392664248675,25.578638076782227,0.0,0.0,0.9939765930175781
932,295.17238890437187,-15.358198165893555,0.0,0.0,0.9940414428710938
933,279.757100991804,1.5577163696289062,0.0,0.0,0.9941036105155945
934,282.3389838933868,18.944576263427734,0.0,0.0,0.9941949844360352
935,249.12297256590412,-9.597258567810059,0.0,0.0,0.9942538142204285
936,306.3541159704555,-15.23457145690918,0.0,0.0,0.994257926940918
937,309.3606620213882,16.026165008544922,0.0,0.0,0.9942893981933594
938,320.78005230004146,1.800123691558838,0.0,0.0,0.9943218231201172
939,296.2975627519208,-20.244056701660156,0.0,0.0,0.9943006634712219
940,310.6053586477094,12.61404037475586,0.0,0.0,0.9943138957023621
941,306.4361018979898,2.7351982593536377,0.0,0.0,0.994333028793335
942,319.5237075233754,40.523109436035156,0.0,0.0,0.9944772720336914
943,322.0642487921412,-0.5180768966674805,0.0,0.0,0.9946059584617615
944,324.1101964321871,-8.499192237854004,0.0,0.0,0.9947044253349304
945,337.40592571745714,5.014073848724365,0.0,0.0,0.994807243347168
946,316.47233400868066,1.916152000427246,0.0,0.0,0.9949038624763489
947,324.03077116326523,-24.720966339111328,0.0,0.0,0.9949421882629395
948,294.49653391607427,-32.22386932373047,0.0,0.0,0.9949100017547607
949,348.065008672907,6.352327823638916,0.0,0.0,0.9948928356170654
950,297.88814151293457,16.07146644592285,0.0,0.0,0.9949312806129456
951,281.82190209764997,2.4194393157958984,0.0,0.0,0.9949722290039062
952,337.39852571476825,-9.998658180236816,0.0,0.0,0.9949814677238464
953,307.9331730058308,-4.719145774841309,0.0,0.0,0.9949822425842285
954,312.68800663081066,-0.7357659339904785,0.0,0.0,0.9949820637702942
955,326.11917922203514,9.679427146911621,0.0,0.0,0.994999349117279
956,325.4704479416227,9.855728149414062,0.0,0.0,0.9950353503227234
957,313.2699861081977,15.663780212402344,0.0,0.0,0.9951057434082031
958,346.1486517649976,-20.847946166992188,0.0,0.0,0.9951289296150208
959,329.52132903908625,-1.6314635276794434,0.0,0.0,0.9951448440551758
960,289.4191814394412,18.375246047973633,0.0,0.0,0.9952235221862793
961,358.53197597846474,-18.185285568237305,0.0,0.0,0.9952604174613953
962,361.20086589262826,-14.626115798950195,0.0,0.0,0.9952690005302429
963,308.5609335051244,-11.44898796081543,0.0,0.0,0.9952465891838074
964,329.732518968621,32.490264892578125,0.0,0.0,0.9952996373176575
965,330.1899553451372,1.8444523811340332,0.0,0.0,0.9953513741493225
966,349.45748147555764,7.577004432678223,0.0,0.0,0.9954144358634949
967,360.30272493033397,13.422977447509766,0.0,0.0,0.9954960942268372
968,297.03856443290374,5.109994888305664,0.0,0.0,0.9955844879150391
969,328.4295434329495,-34.8811149597168,0.0,0.0,0.99560546875
970,358.0868121795632,-9.118188858032227,0.0,0.0,0.995610237121582
971,325.67456601805026,26.20769691467285,0.0,0.0,0.9956619143486023
972,354.9497305339981,6.1713762283325195,0.0,0.0,0.9957167506217957
973,313.0809978698826,-2.5457937717437744,0.0,0.0,0.9957609176635742
974,344.23978982677266,0.4326903820037842,0.0,0.0,0.9958017468452454
975,332.593700455819,15.503698348999023,0.0,0.0,0.9958675503730774
976,347.175250185318,13.800413131713867,0.0,0.0,0.9959543347358704
977,406.70614366947217,15.756824493408203,0.0,0.0,0.9960545897483826
978,386.8407484825191,-3.3837833404541016,0.0,0.0,0.9961383938789368
979,317.8754741930312,12.887937545776367,0.0,0.0,0.996236264705658
980,276.22585257597785,8.755760192871094,0.0,0.0,0.9963429570198059
981,219.00551547320896,3.0728392601013184,0.0,0.0,0.9964442253112793
982,523.2848497765198,27.837932586669922,0.0,0.0,0.9965894818305969
983,386.16731815940705,17.720054626464844,0.0,0.0,0.9967520833015442
984,373.61035103160805,18.39120864868164,0.0,0.0,0.9969296455383301
985,321.3268439444437,-3.309661388397217,0.0,0.0,0.9970847964286804
986,290.37989313658016,12.147481918334961,0.0,0.0,0.99724942445755
987,277.8635197234946,1.4346952438354492,0.0,0.0,0.9973998069763184
988,388.9838492919354,2.1541996002197266,0.0,0.0,0.9975388646125793
989,346.6580613676965,-10.004098892211914,0.0,0.0,0.9976409077644348
990,395.52055829320176,-7.7214508056640625,0.0,0.0,0.997717559337616
991,331.4072589666906,-0.4364185333251953,0.0,0.0,0.9977853298187256
992,347.9156056825801,12.40200424194336,0.0,0.0,0.997870922088623
993,364.4503621921318,6.43718147277832,0.0,0.0,0.9979672431945801
994,477.819125997365,9.033626556396484,0.0,0.0,0.9980764985084534
995,370.2964109612408,15.79507827758789,0.0,0.0,0.9982077479362488
996,554.832957890598,-12.2890043258667,0.0,0.0,0.9983057975769043
997,377.8783187948829,-0.03919839859008789,0.0,0.0,0.9983940124511719
998,342.86111445207763,-19.831754684448242,0.0,0.0,0.998431384563446
999,381.6744390001942,-5.951075077056885,0.0,0.0,0.9984553456306458
1000,426.99354753275725,10.632959365844727,0.0,0.0,0.9984925389289856
1001,515.9723628171367,5.919739723205566,0.0,0.0,0.9985334277153015
1002,512.352346961219,8.009710311889648,0.0,0.0,0.9985827803611755
1003,327.7470209760161,-5.288170337677002,0.0,0.0,0.9986180663108826
1004,430.9425276909793,0.20227622985839844,0.0,0.0,0.9986498951911926
1005,345.4709109618705,-9.506000518798828,0.0,0.0,0.9986559748649597
1006,287.86037149153844,-6.101650714874268,0.0,0.0,0.998650848865509
1007,311.62920559242065,7.73656702041626,0.0,0.0,0.9986607432365417
1008,453.6458603539714,-33.08307647705078,0.0,0.0,0.9986335635185242
1009,283.62369601841465,-12.718538284301758,0.0,0.0,0.9985834956169128
1010,527.8740376447696,25.79954719543457,0.0,0.0,0.9985703825950623
1011,570.319102198241,31.526151657104492,0.0,0.0,0.9986128807067871
1012,399.67805822916944,-14.279136657714844,0.0,0.0,0.9986184239387512
1013,448.699562157127,-17.972206115722656,0.0,0.0,0.9986000061035156
1014,509.74154621499326,-45.13420104980469,0.0,0.0,0.9985032081604004
1015,348.6227967245754,24.609149932861328,0.0,0.0,0.9984639286994934
1016,379.1374339054919,-29.705739974975586,0.0,0.0,0.9983880519866943
1017,368.24958907566213,-5.370316505432129,0.0,0.0,0.9983110427856445
1018,366.4036170308375,10.70791244506836,0.0,0.0,0.9982614517211914
1019,348.3974627967588,6.840703010559082,0.0,0.0,0.9982326030731201
1020,524.6223856646305,-13.002370834350586,0.0,0.0,0.998185932636261
1021,376.39369205013355,9.69143295288086,0.0,0.0,0.9981594681739807
1022,356.89300633326934,1.8822507858276367,0.0,0.0,0.9981403946876526
1023,395.6897128324993,-26.637975692749023,0.0,0.0,0.9980862140655518
1024,314.9610772256329,-11.205718994140625,0.0,0.0,0.9980179667472839
1025,451.6854241041182,-13.707366943359375,0.0,0.0,0.9979188442230225
1026,356.59450433083566,8.07585620880127,0.0,0.0,0.997843325138092
1027,539.3641169671569,7.5777106285095215,0.0,0.0,0.9977853298187256
1028,375.6255544041545,-9.973173141479492,0.0,0.0,0.9977157711982727
1029,469.0219368655045,-2.2585082054138184,0.0,0.0,0.9976508617401123
1030,419.2179480351523,8.227982521057129,0.0,0.0,0.9976086020469666
1031,288.7367936949649,3.419767379760742,0.0,0.0,0.9975773692131042
1032,508.2398153048471,-13.111602783203125,0.0,0.0,0.9975350499153137
1033,428.24182981957347,13.650369644165039,0.0,0.0,0.9975168108940125
1034,423.1317162208446,19.140056610107422,0.0,0.0,0.9975166320800781
1035,389.9333704516458,-16.92947769165039,0.0,0.0,0.9974852204322815
1036,369.8399774979151,11.21281623840332,0.0,0.0,0.997483491897583
1037,383.72995443138905,23.967002868652344,0.0,0.0,0.9975202679634094
1038,317.66968859955165,-15.503419876098633,0.0,0.0,0.9975271224975586
1039,341.69247159293957,-25.219926834106445,0.0,0.0,0.9974930882453918
1040,390.2965271201479,-2.39570951461792,0.0,0.0,0.9974599480628967
1041,255.31668748513076,-7.523346424102783,0.0,0.0,0.9974169135093689
1042,374.46036971129945,-6.719894886016846,0.0,0.0,0.9973637461662292
1043,338.8536485727904,4.734584808349609,0.0,0.0,0.9973238110542297
1044,415.4946148390245,-10.855592727661133,0.0,0.0,0.9972622990608215
1045,323.65058383915004,7.839028835296631,0.0,0.0,0.9972190856933594
1046,407.80520017614464,-24.06035041809082,0.0,0.0,0.9971346259117126
1047,435.4191773914079,-32.98798370361328,0.0,0.0,0.9970173239707947
1048,364.15062520415404,23.65399742126465,0.0,0.0,0.9969547390937805
1049,272.4309021087393,20.22077178955078,0.0,0.0,0.9969397187232971
1050,290.9150766381699,2.2375741004943848,0.0,0.0,0.996928870677948
1051,324.15228112797564,7.950300693511963,0.0,0.0,0.9969255328178406
1052,377.3569013135235,6.718235969543457,0.0,0.0,0.9969350695610046
1053,451.35627903184024,-6.02147912979126,0.0,0.0,0.9969356656074524
1054,598.982203579102,-3.3589372634887695,0.0,0.0,0.9969332218170166
1055,468.870925805293,-21.455326080322266,0.0,0.0,0.9968975186347961
1056,257.8929711723243,-15.574816703796387,0.0,0.0,0.9968487620353699
1057,382.18901115838884,5.019467830657959,0.0,0.0,0.9968149065971375
1058,207.09495384775693,-13.367158889770508,0.0,0.0,0.9967471957206726
1059,337.6153362769179,-8.028070449829102,0.0,0.0,0.996673583984375
1060,456.8495109989967,-8.06865119934082,0.0,0.0,0.9965998530387878
1061,270.7543052619078,-1.8382797241210938,0.0,0.0,0.9965319633483887
1062,547.1020690503543,5.370029449462891,0.0,0.0,0.9964807629585266
1063,236.1277660774021,34.41819763183594,0.0,0.0,0.9964876770973206
1064,299.7774921205917,-5.776461601257324,0.0,0.0,0.996485710144043
1065,217.78077201952289,3.209925651550293,0.0,0.0,0.9964942932128906
1066,366.7915786751223,-15.636651992797852,0.0,0.0,0.9964842200279236
1067,565.2743245121118,10.764423370361328,0.0,0.0,0.996492862701416
1068,471.2887206345933,23.982070922851562,0.0,0.0,0.9965370297431946
1069,464.45521391641216,19.970420837402344,0.0,0.0,0.9966059327125549
1070,328.565019743946,-1.7510709762573242,0.0,0.0,0.9966656565666199
1071,318.7742504991775,10.121769905090332,0.0,0.0,0.9967470765113831
1072,475.0447359878486,5.641532897949219,0.0,0.0,0.9968283772468567
1073,329.132932019193,-10.522802352905273,0.0,0.0,0.9968752861022949
1074,161.21664523271878,1.6525523662567139,0.0,0.0,0.996920108795166
1075,198.0755530700038,-3.9870738983154297,0.0,0.0,0.9969475865364075
1076,535.5205249766536,-13.670186996459961,0.0,0.0,0.9969623684883118
1077,338.3470687191784,-2.306356906890869,0.0,0.0,0.9969696998596191
1078,444.4565606391025,-23.37097930908203,0.0,0.0,0.9969318509101868
1079,204.9655454060779,-0.8161230087280273,0.0,0.0,0.9968963265419006
1080,462.19176340093384,-15.510465621948242,0.0,0.0,0.9968492984771729
1081,595.8652998812644,5.2829389572143555,0.0,0.0,0.996814489364624
1082,129.9965282995826,-7.140568733215332,0.0,0.0,0.9967639446258545
1083,219.50873363635446,-11.609729766845703,0.0,0.0,0.9966872334480286
1084,493.09622567631385,24.856243133544922,0.0,0.0,0.99664705991745
1085,365.6728421152435,-2.5383996963500977,0.0,0.0,0.9966073036193848
1086,317.57217098815613,10.0008544921875,0.0,0.0,0.9965894222259521
1087,327.71983950077527,18.196971893310547,0.0,0.0,0.9966009259223938
1088,406.2550096308988,-0.19560909271240234,0.0,0.0,0.9966108798980713
1089,229.61858065430957,11.41236686706543,0.0,0.0,0.9966418743133545
1090,452.04362287205964,-14.780333518981934,0.0,0.0,0.9966430068016052
1091,377.11553954135763,-9.640320777893066,0.0,0.0,0.9966311454772949
1092,252.38940144018613,-8.14683723449707,0.0,0.0,0.9966037273406982
1093,437.3550006549276,-6.350478172302246,0.0,0.0,0.9965727925300598
1094,402.37978505241387,-6.737588882446289,0.0,0.0,0.996532142162323
1095,300.6951816611688,-7.85828161239624,0.0,0.0,0.9964866638183594
1096,291.96968158312063,-7.474318027496338,0.0,0.0,0.9964313507080078
1097,498.39401167123043,17.968734741210938,0.0,0.0,0.9963999390602112
1098,363.6902241923145,-8.034170150756836,0.0,0.0,0.9963595271110535
1099,342.83462980885906,-10.457670211791992,0.0,0.0,0.9963011741638184
1100,307.3334933021512,1.9650607109069824,0.0,0.0,0.9962525367736816
1101,452.17209748894214,40.3631591796875,0.0,0.0,0.9963037371635437
1102,432.004265860324,12.085243225097656,0.0,0.0,0.9963676929473877
1103,183.35249378742492,11.930421829223633,0.0,0.0,0.9964513778686523
1104,806.9032629019629,8.352991104125977,0.0,0.0,0.9965370297431946
1105,91.53402229482586,-6.470587253570557,0.0,0.0,0.9965893626213074
1106,225.4423546107296,23.063634872436523,0.0,0.0,0.9966749548912048
1107,375.7980634922936,-3.764894962310791,0.0,0.0,0.9967452883720398
1108,323.8853079221041,7.048521518707275,0.0,0.0,0.996821939945221
1109,232.3131480521871,-11.625345230102539,0.0,0.0,0.9968718886375427
1110,166.0708911972513,2.571855068206787,0.0,0.0,0.9969221949577332
1111,291.06110757801554,-26.43167495727539,0.0,0.0,0.9969179034233093
1112,244.23605885236094,39.26890563964844,0.0,0.0,0.9969770312309265
1113,229.44617701766768,-4.477195739746094,0.0,0.0,0.9970190525054932
1114,108.9457148301812,3.793550968170166,0.0,0.0,0.9970638751983643
1115,302.1433839990491,-4.718729019165039,0.0,0.0,0.9970961213111877
1116,146.53418574226228,-5.622230052947998,0.0,0.0,0.997102677822113
1117,664.361552737812,22.903419494628906,0.0,0.0,0.9971342086791992
1118,214.74427243497155,7.167857646942139,0.0,0.0,0.9971790313720703
1119,425.1456056872675,1.2439641952514648,0.0,0.0,0.9972233772277832
1120,238.84776022138004,-26.056934356689453,0.0,0.0,0.9972262382507324
1121,87.23751316572613,-2.608043909072876,0.0,0.0,0.9972209930419922
1122,219.0904897343998,5.121042251586914,0.0,0.0,0.9972270131111145
1123,18.10284063561036,1.438812017440796,0.0,0.0,0.9972379803657532
1124,265.37249500264727,-17.383808135986328,0.0,0.0,0.9972155690193176
1125,432.77405418499023,-4.9058637619018555,0.0,0.0,0.9971895813941956
1126,433.4108016100047,-20.57590103149414,0.0,0.0,0.9971349835395813
1127,341.6745524777886,41.79062271118164,0.0,0.0,0.9972059726715088
1128,378.5720101944058,-26.331132888793945,0.0,0.0,0.9972270131111145
1129,353.3509546305672,-5.68699312210083,0.0,0.0,0.9972407221794128
1130,92.31788020656678,-3.7654457092285156,0.0,0.0,0.99723881483078
1131,218.3440934539864,18.562419891357422,0.0,0.0,0.9972861409187317
1132,515.5850182668464,-4.121959209442139,0.0,0.0,0.9973195195198059
1133,188.54755231745568,3.2681283950805664,0.0,0.0,0.9973585605621338
1134,327.59317345644877,-11.045114517211914,0.0,0.0,0.9973787665367126
1135,327.55374700084445,8.599902153015137,0.0,0.0,0.9974133372306824
1136,293.7463603599868,-11.654970169067383,0.0,0.0,0.9974255561828613
1137,386.44936273055,22.576261520385742,0.0,0.0,0.9974908232688904
1138,243.42444719560217,3.9723262786865234,0.0,0.0,0.9975581169128418
1139,414.9901201647257,25.521221160888672,0.0,0.0,0.9976618885993958
1140,416.5219591444404,-27.02978515625,0.0,0.0,0.997718095779419
1141,309.79651741366337,8.20169734954834,0.0,0.0,0.9977810978889465
1142,224.47492743733875,-5.060219764709473,0.0,0.0,0.9978272318840027
1143,138.43740495049732,-1.0446877479553223,0.0,0.0,0.997866153717041
1144,266.7083638195959,3.212425708770752,0.0,0.0,0.9979076981544495
1145,503.0062412029817,23.280746459960938,0.0,0.0,0.9979838728904724
1146,227.29274808611115,25.68416404724121,0.0,0.0,0.9980871081352234
1147,310.4339761891336,12.815629005432129,0.0,0.0,0.9982120990753174
1148,263.3586443778953,-11.95783519744873,0.0,0.0,0.9983022809028625
1149,339.72461817988994,-29.0261287689209,0.0,0.0,0.9983134865760803
1150,321.984865431431,20.28603172302246,0.0,0.0,0.9983535408973694
1151,380.5197203094846,-1.4288315773010254,0.0,0.0,0.9983879923820496
1152,363.9169115309335,-2.255309581756592,0.0,0.0,0.9984159469604492
1153,302.5140062386361,-46.866798400878906,0.0,0.0,0.998371422290802
1154,407.4446168747348,11.765871047973633,0.0,0.0,0.9983485341072083
1155,307.8162532021071,-7.415426254272461,0.0,0.0,0.9983183741569519
1156,215.39149563603092,-5.463018417358398,0.0,0.0,0.998282253742218
1157,371.260433551535,3.4763660430908203,0.0,0.0,0.9982545375823975
1158,233.8231595822525,8.488046646118164,0.0,0.0,0.9982428550720215
1159,176.06916762803385,-0.23775100708007812,0.0,0.0,0.9982318878173828
1160,240.62551978914044,17.24666976928711,0.0,0.0,0.9982460141181946
1161,478.8735384664006,21.759536743164062,0.0,0.0,0.9982815384864807
1162,172.34743900929308,19.243331909179688,0.0,0.0,0.9983531832695007
1163,240.50895053461517,-5.740466117858887,0.0,0.0,0.9984078407287598
1164,210.44441973541035,-16.25615119934082,0.0,0.0,0.998414933681488
1165,394.27210947575463,20.768064498901367,0.0,0.0,0.9984493851661682
1166,190.654046711423,-19.921493530273438,0.0,0.0,0.9984533190727234
1167,160.546930025165,-3.5740528106689453,0.0,0.0,0.9984505772590637
1168,396.8013394705192,-17.004085540771484,0.0,0.0,0.9984250068664551
1169,207.04668247751644,-5.506264686584473,0.0,0.0,0.9983925819396973
1170,373.9875546132743,-35.36928176879883,0.0,0.0,0.9982852935791016
1171,233.47000325768613,-0.8692724704742432,0.0,0.0,0.9981862902641296
1172,294.46250560604386,6.577293872833252,0.0,0.0,0.9981111884117126
1173,371.21651095463204,11.161752700805664,0.0,0.0,0.9980655312538147
1174,156.63613036690995,6.571391582489014,0.0,0.0,0.9980420470237732
1175,127.34705015685077,7.019953727722168,0.0,0.0,0.9980449676513672
1176,126.30459183287795,-18.894615173339844,0.0,0.0,0.998007595539093
1177,105.17327546038645,-2.8683595657348633,0.0,0.0,0.9979667663574219
1178,145.5896934454292,-26.62451934814453,0.0,0.0,0.9978711605072021
1179,197.843533010462,6.1747236251831055,0.0,0.0,0.9977964758872986
1180,244.66757283844075,18.568668365478516,0.0,0.0,0.9977812170982361
1181,188.99273207032354,-18.22745132446289,0.0,0.0,0.9976962208747864
1182,299.02214625399364,-24.297550201416016,0.0,0.0,0.9975934028625488
1183,203.4150503711274,3.2649264335632324,0.0,0.0,0.9975067973136902
1184,237.30389327901852,6.033011436462402,0.0,0.0,0.9974361062049866
1185,217.40170279753661,-1.500532627105713,0.0,0.0,0.9973664283752441
1186,218.1736414806352,12.68876838684082,0.0,0.0,0.9973405003547668
1187,585.2638040748855,-43.05836486816406,0.0,0.0,0.9972766041755676
1188,193.50400218447783,-17.605182647705078,0.0,0.0,0.9971877932548523
1189,227.95917958050967,-18.349952697753906,0.0,0.0,0.9970572590827942
1190,303.1084354122769,-11.6687593460083,0.0,0.0,0.9969245791435242
1191,193.15820116175874,-15.847822189331055,0.0,0.0,0.9967692494392395
1192,256.95296002344276,-11.55990982055664,0.0,0.0,0.996608555316925
1193,166.76450332957245,-10.821807861328125,0.0,0.0,0.9964456558227539
1194,313.69978378087234,-6.624392509460449,0.0,0.0,0.9962919354438782
1195,178.43268935747662,11.035736083984375,0.0,0.0,0.9961719512939453
1196,196.08365582097855,2.986395835876465,0.0,0.0,0.9960684776306152
1197,431.1444280922219,-3.520810604095459,0.0,0.0,0.995971143245697
1198,297.0147550777028,-9.04367733001709,0.0,0.0,0.995866060256958
1199,200.212893379892,-9.284479141235352,0.0,0.0,0.9957539439201355
1200,194.05604506330815,7.055197715759277,0.0,0.0,0.9956693649291992
1201,110.45381733461102,6.163498878479004,0.0,0.0,0.995603621006012
1202,164.9279553611844,-10.819573402404785,0.0,0.0,0.9955310225486755
1203,104.17691940958314,2.897998332977295,0.0,0.0,0.9954698085784912
1204,198.90574291146422,-4.159893989562988,0.0,0.0,0.9954085946083069
1205,382.0955462107408,-3.133378505706787,0.0,0.0,0.995350182056427
1206,262.49478469556664,-6.276680946350098,0.0,0.0,0.9952872395515442
1207,203.42921124827444,-15.949893951416016,0.0,0.0,0.9952135682106018
1208,206.63886132635693,4.021340847015381,0.0,0.0,0.9951620697975159
1209,119.92710131453008,-10.552427291870117,0.0,0.0,0.995082437992096
1210,138.6545387019185,12.0673189163208,0.0,0.0,0.9950277209281921
1211,199.47701503254967,-12.630881309509277,0.0,0.0,0.9949667453765869
1212,120.17157730068092,7.81069278717041,0.0,0.0,0.994937002658844
1213,153.1857997532815,-5.981525421142578,0.0,0.0,0.9948947429656982
1214,189.69673793155633,-3.1324493885040283,0.0,0.0,0.9948446154594421
1215,49.469783277887366,-9.544981002807617,0.0,0.0,0.9947776794433594
1216,99.78594562031256,25.020536422729492,0.0,0.0,0.9947790503501892
1217,91.69117385827658,-13.98776626586914,0.0,0.0,0.9947447776794434
1218,153.85426208031853,-4.314901351928711,0.0,0.0,0.9947040677070618
1219,115.83526282899116,-4.874789714813232,0.0,0.0,0.994655191898346
1220,151.16930317329025,-2.811034679412842,0.0,0.0,0.9946069121360779
1221,254.35708268167386,26.331584930419922,0.0,0.0,0.9946171641349792
1222,124.12068912884756,17.810880661010742,0.0,0.0,0.9947155117988586
1223,222.40525052327334,5.921017646789551,0.0,0.0,0.9948131442070007
1224,115.47159078349864,-8.365043640136719,0.0,0.0,0.9948906302452087
1225,124.23244487775519,-3.5472683906555176,0.0,0.0,0.9949545860290527
1226,174.4938337684032,-14.918745994567871,0.0,0.0,0.994992733001709
1227,134.54353689583056,-0.06926298141479492,0.0,0.0,0.9950268864631653
1228,126.56786913088338,0.1961350440979004,0.0,0.0,0.9950578212738037
1229,406.6376095939981,-15.412237167358398,0.0,0.0,0.9950547218322754
1230,356.788427109967,-6.990594863891602,0.0,0.0,0.995039165019989
1231,183.52186598349124,-14.349327087402344,0.0,0.0,0.9949855804443359
1232,116.3271544191893,-10.304464340209961,0.0,0.0,0.9949197769165039
1233,391.2266853526285,-29.184371948242188,0.0,0.0,0.9948089718818665
1234,125.91337958173712,29.433530807495117,0.0,0.0,0.9948006272315979
1235,275.9172404675878,12.098055839538574,0.0,0.0,0.9948083758354187
1236,258.6481448483961,4.372928619384766,0.0,0.0,0.9948275685310364
1237,144.3265734465479,-5.217965126037598,0.0,0.0,0.9948334693908691
1238,117.31390574024182,5.984330177307129,0.0,0.0,0.994852602481842
1239,109.24414350911437,-23.568492889404297,0.0,0.0,0.9948099255561829
1240,385.7437474434816,-4.5978593826293945,0.0,0.0,0.9947628974914551
1241,198.04060079234273,9.712082862854004,0.0,0.0,0.9947385191917419
1242,115.01667902667103,12.668325424194336,0.0,0.0,0.9947393536567688
1243,110.09334894435766,-0.4071784019470215,0.0,0.0,0.9947388768196106
1244,298.73298947372507,-3.1555066108703613,0.0,0.0,0.9947336316108704
1245,479.86593883232615,3.710031032562256,0.0,0.0,0.9947347044944763
1246,239.64196909510545,-4.784789562225342,0.0,0.0,0.9947238564491272
1247,452.4948520600554,0.580141544342041,0.0,0.0,0.9947161674499512
1248,104.3462253021086,7.640793323516846,0.0,0.0,0.9947293400764465
1249,247.5469622017231,-0.08248233795166016,0.0,0.0,0.994740903377533
1250,458.4168638033468,-10.202110290527344,0.0,0.0,0.9947364926338196
1251,168.04861712225448,11.481831550598145,0.0,0.0,0.9947599768638611
1252,374.2158561235977,-25.539043426513672,0.0,0.0,0.9947579503059387
1253,173.93117820810207,-5.512822151184082,0.0,0.0,0.9947478771209717
1254,307.04703442812973,7.249135494232178,0.0,0.0,0.9947521090507507
1255,196.73997246796753,10.189102172851562,0.0,0.0,0.9947763085365295
1256,218.29259292316573,12.111865997314453,0.0,0.0,0.9948193430900574
1257,203.93954404480561,-9.177632331848145,0.0,0.0,0.9948496222496033
1258,194.554951979825,-0.8712759017944336,0.0,0.0,0.9948751330375671
1259,232.92447129681975,25.908193588256836,0.0,0.0,0.9949330687522888
1260,628.5133721803372,12.457845687866211,0.0,0.0,0.9950096607208252
1261,235.82361324622434,-26.370492935180664,0.0,0.0,0.9950279593467712
1262,283.2826057074177,-13.876121520996094,0.0,0.0,0.995011031627655
1263,392.8344966150938,1.914297103881836,0.0,0.0,0.9950029253959656
1264,301.0517323176574,-0.8888158798217773,0.0,0.0,0.9949942231178284
1265,445.70719030512856,13.520746231079102,0.0,0.0,0.9949986934661865
1266,215.47952182595057,5.568745136260986,0.0,0.0,0.9950122237205505
1267,326.16527665871206,-3.0136537551879883,0.0,0.0,0.9950211644172668
1268,309.07267254653635,5.700723648071289,0.0,0.0,0.9950454831123352
1269,272.69059656512553,-14.816919326782227,0.0,0.0,0.9950407147407532
1270,264.5198857873517,0.7857956886291504,0.0,0.0,0.9950377941131592
1271,333.1056651763635,19.623455047607422,0.0,0.0,0.9950653910636902
1272,523.9908487126012,6.868732452392578,0.0,0.0,0.9951038956642151
1273,296.9641523570131,5.545907020568848,0.0,0.0,0.9951441287994385
1274,276.7809656548544,-9.58384895324707,0.0,0.0,0.9951699376106262
1275,300.71775032022106,6.297679424285889,0.0,0.0,0.9952084422111511
1276,298.39677637229744,27.340261459350586,0.0,0.0,0.9953109622001648
1277,323.64992657348375,1.5064282417297363,0.0,0.0,0.9954075813293457
1278,323.837971366681,-2.742271900177002,0.0,0.0,0.9954903721809387
1279,255.90911944427864,-1.9515776634216309,0.0,0.0,0.9955627918243408
1280,333.66409102204966,1.1568541526794434,0.0,0.0,0.9956294894218445
1281,316.1721746889815,24.955005645751953,0.0,0.0,0.9957377314567566
1282,251.44905683629275,-0.6264090538024902,0.0,0.0,0.9958335757255554
1283,317.25994837674097,-0.057218074798583984,0.0,0.0,0.9959198832511902
1284,233.97588960318117,-4.869818210601807,0.0,0.0,0.9959854483604431
1285,271.576454767335,10.361309051513672,0.0,0.0,0.9960665702819824
1286,253.45866655682855,-10.325511932373047,0.0,0.0,0.9961247444152832
1287,286.6494710763957,-17.35211181640625,0.0,0.0,0.9961404204368591
1288,316.44852715696413,-11.938724517822266,0.0,0.0,0.996135950088501
1289,321.377404094291,6.963770389556885,0.0,0.0,0.9961405396461487
1290,355.8668896785168,4.385689735412598,0.0,0.0,0.9961503148078918
1291,337.69483903321395,-17.154966354370117,0.0,0.0,0.9961366653442383
1292,307.0933337254997,-4.629148006439209,0.0,0.0,0.9961175322532654
1293,295.173557323992,-2.1646385192871094,0.0,0.0,0.9960968494415283
1294,304.73749323533036,8.644120216369629,0.0,0.0,0.9960886836051941
1295,255.25808205864453,4.671494483947754,0.0,0.0,0.9960859417915344
1296,338.96025637815984,10.726312637329102,0.0,0.0,0.99609375
1297,284.4582170766412,10.380056381225586,0.0,0.0,0.99611896276474
1298,281.06780156443216,-20.363964080810547,0.0,0.0,0.9961135387420654
1299,290.257472678823,16.923303604125977,0.0,0.0,0.9961364269256592
1300,315.1202814978178,-0.4046034812927246,0.0,0.0,0.9961555600166321
1301,269.3172940155827,13.948875427246094,0.0,0.0,0.9962185025215149
1302,243.30658135797054,-15.574200630187988,0.0,0.0,0.9962555766105652
1303,285.11554044168844,-19.89818000793457,0.0,0.0,0.9962486624717712
1304,336.98511661275177,-3.935272216796875,0.0,0.0,0.9962353706359863
1305,157.7433920012042,5.503171920776367,0.0,0.0,0.9962482452392578
1306,275.1365700886222,1.3170299530029297,0.0,0.0,0.9962611794471741
1307,323.68015012888395,14.097448348999023,0.0,0.0,0.9962952136993408
1308,263.65568718959685,-29.788433074951172,0.0,0.0,0.9962852597236633
1309,248.06096728307895,-5.388166427612305,0.0,0.0,0.9962658882141113
1310,307.81291936259845,-16.755674362182617,0.0,0.0,0.996185302734375
1311,368.58292887593984,-32.56575012207031,0.0,0.0,0.9960841536521912
1312,284.25809441631475,8.98779010772705,0.0,0.0,0.9960237145423889
1313,575.4166952692742,18.084510803222656,0.0,0.0,0.995988667011261
1314,286.68019403533356,-3.2582778930664062,0.0,0.0,0.9959509968757629
1315,267.8650104522585,-14.14257526397705,0.0,0.0,0.9958956837654114
1316,313.7385388596408,-12.33863639831543,0.0,0.0,0.9958245158195496
1317,314.63303655825837,-2.0814433097839355,0.0,0.0,0.9957571029663086
1318,293.78457298430476,-3.6176199913024902,0.0,0.0,0.9956924319267273
1319,278.12587905550083,-2.2341957092285156,0.0,0.0,0.9956284165382385
1320,268.55678075412465,3.4617767333984375,0.0,0.0,0.9955756068229675
1321,352.4667933217124,-25.159513473510742,0.0,0.0,0.9954841732978821
1322,605.0409073320359,-16.005369186401367,0.0,0.0,0.9953858256340027
1323,232.119561062938,12.590546607971191,0.0,0.0,0.9953299164772034
1324,284.17728180845023,1.308089256286621,0.0,0.0,0.9952819347381592
1325,248.76290462472195,7.024890899658203,0.0,0.0,0.9952479004859924
1326,510.22642925438817,24.667747497558594,0.0,0.0,0.9952383041381836
1327,273.2633545807474,-29.418804168701172,0.0,0.0,0.9951507449150085
1328,271.8596606000749,28.306854248046875,0.0,0.0,0.9951033592224121
1329,282.1815660793524,0.5639798641204834,0.0,0.0,0.9950624108314514
1330,248.13590194697701,9.046731948852539,0.0,0.0,0.9950522780418396
1331,303.1327602477293,4.441702365875244,0.0,0.0,0.9950526356697083
1332,225.79505417428342,-5.927852630615234,0.0,0.0,0.9950458407402039
1333,14.85095773116512,1.385063886642456,0.0,0.0,0.9950554966926575
1334,222.72806910425794,-2.86745548248291,0.0,0.0,0.9950602054595947
1335,137.3414588686522,-1.3007683753967285,0.0,0.0,0.9950599670410156
1336,623.5785254136327,11.13077449798584,0.0,0.0,0.9950709939002991
1337,455.8856389432424,-5.4384636878967285,0.0,0.0,0.995075523853302
1338,241.13895101892373,-18.540136337280273,0.0,0.0,0.9950409531593323
1339,94.69679563657682,3.2669544219970703,0.0,0.0,0.9950194954872131
1340,21.078464696146973,-6.078030109405518,0.0,0.0,0.9949511885643005
1341,21.01582613599016,-8.151060104370117,0.0,0.0,0.9948477745056152
1342,246.49248511810222,3.1679954528808594,0.0,0.0,0.9947605729103088
1343,535.1098167997308,38.81658172607422,0.0,0.0,0.9947254061698914
1344,260.6756118105407,-1.4089932441711426,0.0,0.0,0.9946915507316589
1345,19.745198003624733,-1.8031370639801025,0.0,0.0,0.9946511387825012
1346,302.86839242378323,0.23483633995056152,0.0,0.0,0.9946152567863464
1347,98.97336042526805,12.17467212677002,0.0,0.0,0.9946337342262268
1348,248.0227520957346,26.61307144165039,0.0,0.0,0.9947121739387512
1349,98.21833201225358,-8.493328094482422,0.0,0.0,0.9947523474693298
1350,94.29900492651468,4.961892604827881,0.0,0.0,0.9947969317436218
1351,201.3682994041287,-9.507128715515137,0.0,0.0,0.9948210120201111
1352,22.972345868033987,-0.5033621788024902,0.0,0.0,0.9948399066925049
1353,23.293407309251187,-5.928402423858643,0.0,0.0,0.994814395904541
1354,102.0567419082859,4.9431352615356445,0.0,0.0,0.9948024153709412
1355,244.62903621183077,2.6650924682617188,0.0,0.0,0.9947943687438965
1356,261.2072156083224,-13.260293960571289,0.0,0.0,0.9947670102119446
1357,614.7740848778793,-2.5014805793762207,0.0,0.0,0.9947397708892822
1358,271.4502738399042,-21.84881019592285,0.0,0.0,0.994657039642334
1359,241.29677294737388,9.500781059265137,0.0,0.0,0.9946053624153137
1360,251.14942792406526,-15.81698989868164,0.0,0.0,0.9945406913757324
1361,289.73585977698104,13.431153297424316,0.0,0.0,0.9945119023323059
1362,442.0096147790804,-15.857187271118164,0.0,0.0,0.9944724440574646
1363,307.0005535911755,-33.51203536987305,0.0,0.0,0.9943912029266357
1364,363.80604687331834,-8.49587631225586,0.0,0.0,0.99430912733078
1365,222.6710590674552,18.54473876953125,0.0,0.0,0.9942682385444641
1366,458.95991158982645,6.820969581604004,0.0,0.0,0.9942414164543152
1367,268.768465877105,17.015548706054688,0.0,0.0,0.9942503571510315
1368,243.70916614958486,7.141073226928711,0.0,0.0,0.9942703247070312
1369,404.35138859436086,-1.3094220161437988,0.0,0.0,0.9942864775657654
1370,152.88910371651073,-16.845457077026367,0.0,0.0,0.9942418932914734
1371,269.23533265474146,10.319748878479004,0.0,0.0,0.9942290782928467
1372,269.8200053643229,-0.2674398422241211,0.0,0.0,0.9942168593406677
1373,463.32929409433564,18.571748733520508,0.0,0.0,0.9942428469657898
1374,546.3891220203071,8.823673248291016,0.0,0.0,0.994273841381073
1375,274.5761005157096,-13.099455833435059,0.0,0.0,0.9942796230316162
1376,548.7366738925554,17.702938079833984,0.0,0.0,0.9943220019340515
1377,368.57436783516954,23.003931045532227,0.0,0.0,0.994405210018158
1378,643.5375501468224,8.268163681030273,0.0,0.0,0.9944869875907898
1379,409.13638181185115,13.23876953125,0.0,0.0,0.9945827126502991
1380,280.3685965214712,34.670108795166016,0.0,0.0,0.9947207570075989
1381,270.9700720263803,4.927399635314941,0.0,0.0,0.9948592185974121
1382,277.4810851360397,-13.411477088928223,0.0,0.0,0.9949674606323242
1383,193.18876478752296,-11.798918724060059,0.0,0.0,0.9950408935546875
1384,253.593463276676,11.746586799621582,0.0,0.0,0.995125949382782
1385,296.5533889541529,-4.376095771789551,0.0,0.0,0.9951912760734558
1386,283.0393899340305,13.683263778686523,0.0,0.0,0.9952995181083679
1387,297.0045044219806,7.894157409667969,0.0,0.0,0.9954137206077576
1388,181.48715125137264,-8.59519100189209,0.0,0.0,0.9955005645751953
1389,240.5920772613811,15.619467735290527,0.0,0.0,0.9956004023551941
1390,217.37939845102144,-0.6239955425262451,0.0,0.0,0.9956881999969482
1391,316.6417474987825,-21.2568302154541,0.0,0.0,0.9957313537597656
1392,640.595779961205,2.1664953231811523,0.0,0.0,0.9957723021507263
1393,181.94115534316126,-1.0703308582305908,0.0,0.0,0.9958073496818542
1394,167.86744337825607,17.608604431152344,0.0,0.0,0.9958589673042297
1395,314.30422970802806,-13.078505516052246,0.0,0.0,0.995876133441925
1396,211.49310364732594,9.037984848022461,0.0,0.0,0.9959113001823425
1397,215.26607343694712,4.792791366577148,0.0,0.0,0.9959552884101868
1398,238.7963105831746,10.631735801696777,0.0,0.0,0.9960184097290039
1399,238.66759322588902,-3.5418925285339355,0.0,0.0,0.9960689544677734
1400,203.71746035331103,16.989967346191406,0.0,0.0,0.9961566925048828
1401,221.2330868549505,23.222515106201172,0.0,0.0,0.9962770342826843
1402,202.93661411339392,-2.5310873985290527,0.0,0.0,0.9963770508766174
1403,495.10854261594596,8.247127532958984,0.0,0.0,0.9964811205863953
1404,559.859442870288,-14.217105865478516,0.0,0.0,0.9965639114379883
1405,230.10337376129792,-5.772922039031982,0.0,0.0,0.9966263771057129
1406,255.494435022305,-5.787205696105957,0.0,0.0,0.9966740608215332
1407,226.30681973783885,-9.175302505493164,0.0,0.0,0.9966872334480286
1408,192.7320353853227,-10.242243766784668,0.0,0.0,0.9966869950294495
1409,224.9185960614808,9.166414260864258,0.0,0.0,0.9967036247253418
1410,213.68033307982688,-3.1949307918548584,0.0,0.0,0.9967101216316223
1411,493.3618580714187,8.320068359375,0.0,0.0,0.9967280030250549
1412,480.6183990792072,18.454172134399414,0.0,0.0,0.9967673420906067
1413,118.92308720004829,1.4145827293395996,0.0,0.0,0.9968050122261047
1414,449.6429645724901,11.959186553955078,0.0,0.0,0.9968571066856384
1415,452.22490342182823,21.303640365600586,0.0,0.0,0.9969399571418762
1416,220.01129283027686,-25.276409149169922,0.0,0.0,0.9969742298126221
1417,461.9668420301476,12.05997085571289,0.0,0.0,0.9970149993896484
1418,115.87255233953915,-10.553648948669434,0.0,0.0,0.9970319867134094
1419,553.6806217580956,5.226620674133301,0.0,0.0,0.9970541000366211
1420,121.53505471539928,-9.013736724853516,0.0,0.0,0.9970539212226868
1421,608.2323326922634,-16.726301193237305,0.0,0.0,0.9970316886901855
1422,454.84571237408403,-27.230619430541992,0.0,0.0,0.9969822764396667
1423,153.95297033736173,-3.8274166584014893,0.0,0.0,0.9969331622123718
1424,392.89720332076433,-0.8340854644775391,0.0,0.0,0.9968881607055664
1425,449.57902791314194,5.020742893218994,0.0,0.0,0.9968553185462952
1426,569.0031099999715,26.093229293823242,0.0,0.0,0.996882438659668
1427,393.99068699760807,-17.78416633605957,0.0,0.0,0.9968891739845276
1428,144.742619077107,23.053497314453125,0.0,0.0,0.9969596862792969
1429,283.0474253863203,-12.297891616821289,0.0,0.0,0.9970056414604187
1430,119.24597093835732,20.699996948242188,0.0,0.0,0.9971362948417664
1431,404.8608425194875,19.661514282226562,0.0,0.0,0.9972789883613586
1432,265.69722372748475,8.896839141845703,0.0,0.0,0.9974258542060852
1433,218.1904041330139,-0.7044742107391357,0.0,0.0,0.9975571632385254
1434,465.443971098978,12.775996208190918,0.0,0.0,0.9976983070373535
1435,124.50957679327928,16.557743072509766,0.0,0.0,0.9978455901145935
1436,123.23851515555727,-24.882810592651367,0.0,0.0,0.997950553894043
1437,118.44587758857331,-5.143723964691162,0.0,0.0,0.9980242848396301
1438,155.2243160227401,13.186470031738281,0.0,0.0,0.9981265664100647
1439,172.5307416408057,9.515735626220703,0.0,0.0,0.9982357621192932
1440,335.06998883780443,12.994585037231445,0.0,0.0,0.998349666595459
1441,127.02973869535452,20.642780303955078,0.0,0.0,0.9985215663909912
1442,498.4163581510302,17.64349365234375,0.0,0.0,0.9986951947212219
1443,479.77776098460265,0.1884136199951172,0.0,0.0,0.9988521933555603
1444,554.6992360684624,2.7484917640686035,0.0,0.0,0.9990010261535645
1445,136.02217479634882,1.1965796947479248,0.0,0.0,0.9991380572319031
1446,502.20136369102994,-28.645824432373047,0.0,0.0,0.9992162585258484
1447,530.5880238021879,-4.465199947357178,0.0,0.0,0.9992821216583252
1448,136.33621025976865,-10.849233627319336,0.0,0.0,0.9993001818656921
1449,450.25298740304544,13.760160446166992,0.0,0.0,0.9993364810943604
1450,575.0617486525409,11.033798217773438,0.0,0.0,0.9993777275085449
1451,258.57396301528684,4.095799446105957,0.0,0.0,0.9994230270385742
1452,407.2197679532441,-26.019153594970703,0.0,0.0,0.9994373321533203
1453,457.56751378569913,3.741365432739258,0.0,0.0,0.9994563460350037
1454,521.6243117060438,-6.026638984680176,0.0,0.0,0.9994680881500244
1455,60.501685366814975,-0.6628451347351074,0.0,0.0,0.99947589635849
1456,504.0405405180053,-15.086278915405273,0.0,0.0,0.9994626641273499
1457,298.65894307583994,-6.975499153137207,0.0,0.0,0.9994416236877441
1458,136.142833114611,-1.7823865413665771,0.0,0.0,0.999417781829834
1459,110.24148417720973,2.5812442302703857,0.0,0.0,0.9994061589241028
1460,453.2093381354064,12.505992889404297,0.0,0.0,0.9994179606437683
1461,104.46886239847488,-0.8143448829650879,0.0,0.0,0.9994261264801025
1462,486.8259571296423,0.17840576171875,0.0,0.0,0.9994335174560547
1463,319.1488684642018,2.0646004676818848,0.0,0.0,0.9994430541992188
1464,474.0481399585776,-14.942045211791992,0.0,0.0,0.9994227886199951
1465,255.76224718358165,4.489887237548828,0.0,0.0,0.9994150996208191
1466,119.80644552234034,-7.943900108337402,0.0,0.0,0.9993970394134521
1467,126.63537088022937,-6.81003999710083,0.0,0.0,0.9993696808815002
1468,481.0282781985916,2.9756898880004883,0.0,0.0,0.9993502497673035
1469,133.1406114870312,9.219289779663086,0.0,0.0,0.9993559718132019
1470,157.34935409590418,15.107423782348633,0.0,0.0,0.9993887543678284
1471,93.6854107442737,-17.028791427612305,0.0,0.0,0.999323844909668
1472,180.61275735146697,-5.993250370025635,0.0,0.0,0.9992536902427673
1473,277.2814244734282,5.4626970291137695,0.0,0.0,0.9992049336433411
1474,156.56728728797435,42.36132049560547,0.0,0.0,0.9992430806159973
1475,101.39965422872372,-2.354020118713379,0.0,0.0,0.9992730617523193
1476,124.03668259521969,10.273262977600098,0.0,0.0,0.9993133544921875
1477,183.18429488178316,12.696990013122559,0.0,0.0,0.9993853569030762
1478,205.7914940567863,14.270402908325195,0.0,0.0,0.9994834065437317
1479,287.61214581541935,-13.279833793640137,0.0,0.0,0.9995531439781189
1480,165.78980244069382,-3.046515464782715,0.0,0.0,0.9996120929718018
1481,245.35459893759798,-20.91521453857422,0.0,0.0,0.9996278882026672
1482,253.72615082924153,-29.947038650512695,0.0,0.0,0.9995995163917542
1483,173.03545877810942,10.493558883666992,0.0,0.0,0.9995872378349304
1484,245.00766553216536,-7.354839324951172,0.0,0.0,0.9995618462562561
1485,153.13135790283337,4.969056129455566,0.0,0.0,0.999553382396698
1486,277.46855965086206,18.448200225830078,0.0,0.0,0.9995763897895813
1487,265.3735882495346,2.1846699714660645,0.0,0.0,0.999599277973175
1488,197.45463747350166,-22.444135665893555,0.0,0.0,0.9995833039283752
1489,526.104749989785,0.2307600975036621,0.0,0.0,0.9995686411857605
1490,90.29797894248335,-10.503578186035156,0.0,0.0,0.999523937702179
1491,255.0942393187296,-18.345264434814453,0.0,0.0,0.9994454979896545
1492,274.3163129933543,-4.901914596557617,0.0,0.0,0.9993675351142883
1493,286.11263699433385,11.495341300964355,0.0,0.0,0.9993183016777039
1494,301.4104062603482,-23.241973876953125,0.0,0.0,0.9992483258247375
1495,258.99083770375813,13.912884712219238,0.0,0.0,0.9992162585258484
1496,320.02904304206345,10.726161003112793,0.0,0.0,0.9992029070854187
1497,375.122380082202,-2.3518905639648438,0.0,0.0,0.999188244342804
1498,457.8587445850168,8.073400497436523,0.0,0.0,0.9991834759712219
1499,340.0526432522788,19.126909255981445,0.0,0.0,0.9992159008979797
1500,281.8082845682094,2.076266288757324,0.0,0.0,0.9992477297782898
1501,430.7838754070704,-17.332744598388672,0.0,0.0,0.9992459416389465
1502,279.8989014673304,3.2271714210510254,0.0,0.0,0.9992496371269226
1503,606.7228967776922,-13.768056869506836,0.0,0.0,0.9992436766624451
1504,395.12930725658254,33.96625518798828,0.0,0.0,0.9993314743041992
1505,317.3007093532613,21.191848754882812,0.0,0.0,0.9994513392448425
1506,295.7045345201544,17.04756736755371,0.0,0.0,0.9995879530906677
1507,302.9240881952098,-0.7090740203857422,0.0,0.0,0.9997096657752991
1508,496.62423057248617,-16.755882263183594,0.0,0.0,0.9997963905334473
1509,390.2175297055529,18.83035659790039,0.0,0.0,0.9998963475227356
1510,242.60835323875742,-17.011436462402344,0.0,0.0,0.9999260902404785
1511,305.2815876329007,2.2726693153381348,0.0,0.0,0.9999569058418274
1512,287.5660110309859,11.166402816772461,0.0,0.0,1.0000048875808716
1513,567.4195642680688,10.50589370727539,0.0,0.0,1.0000611543655396
1514,1130.9266440539852,2.904343605041504,0.0,0.0,1.0001147985458374
1515,414.8750058799828,7.973602771759033,0.0,0.0,1.0001726150512695
1516,170.0559189324189,0.9668083190917969,0.0,0.0,1.000226378440857
1517,425.6064142684001,-7.631035327911377,0.0,0.0,1.0002647638320923
1518,233.23262193759822,25.659847259521484,0.0,0.0,1.0003308057785034
1519,667.1183511882302,-20.709171295166016,0.0,0.0,1.000368595123291
1520,322.82161170217086,5.0738205909729,0.0,0.0,1.0004096031188965
1521,429.6854581854858,14.949214935302734,0.0,0.0,1.000467300415039
1522,448.5581340966206,24.50790786743164,0.0,0.0,1.0005697011947632
1523,388.52069462963016,-4.562885284423828,0.0,0.0,1.0006554126739502
1524,477.9141274129599,1.2487492561340332,0.0,0.0,1.0007343292236328
1525,490.15558439149623,-36.80864334106445,0.0,0.0,1.000742793083191
1526,612.8017766731147,-0.9566211700439453,0.0,0.0,1.0007487535476685
1527,249.4968356908097,-17.396251678466797,0.0,0.0,1.0007184743881226
1528,638.435175019634,0.13244247436523438,0.0,0.0,1.000691294670105
1529,647.6532985107798,-0.5339016914367676,0.0,0.0,1.0006660223007202
1530,637.6967347898538,9.91872501373291,0.0,0.0,1.0006593465805054
1531,173.183321892158,8.377517700195312,0.0,0.0,1.0006680488586426
1532,156.46791278952784,9.503059387207031,0.0,0.0,1.0006994009017944
1533,1129.6351289327324,23.52845573425293,0.0,0.0,1.0007538795471191
1534,263.369079362875,16.780994415283203,0.0,0.0,1.0008249282836914
1535,166.9622627546899,5.936706066131592,0.0,0.0,1.0008970499038696
1536,381.57479356996805,18.49588966369629,0.0,0.0,1.0009843111038208
1537,594.3493240209834,24.72272491455078,0.0,0.0,1.001082420349121
1538,274.28935007761635,4.708087921142578,0.0,0.0,1.0011779069900513
1539,173.30624077681858,7.294991493225098,0.0,0.0,1.0012788772583008
1540,577.1541139716845,10.82975959777832,0.0,0.0,1.0013889074325562
1541,590.9938159269484,27.87584686279297,0.0,0.0,1.0015300512313843
1542,159.70897598319453,-19.21405029296875,0.0,0.0,1.0016156435012817
1543,417.7653948484132,17.111976623535156,0.0,0.0,1.0017260313034058
1544,521.2062944276706,14.258208274841309,0.0,0.0,1.001844882965088
1545,179.7691555272262,-10.607443809509277,0.0,0.0,1.0019317865371704
1546,538.6668679326777,-3.0896430015563965,0.0,0.0,1.0020068883895874
1547,184.08420234901303,-21.44809913635254,0.0,0.0,1.0020326375961304
1548,251.84055104464818,-10.17151927947998,0.0,0.0,1.0020376443862915
1549,181.48724874013217,-9.226213455200195,0.0,0.0,1.0020183324813843
1550,239.47548631603797,-14.932395935058594,0.0,0.0,1.0019670724868774
1551,627.984886252653,6.321294784545898,0.0,0.0,1.0019282102584839
1552,292.9869073601951,-25.411069869995117,0.0,0.0,1.0018670558929443
1553,602.6975622196932,-17.504322052001953,0.0,0.0,1.0017967224121094
1554,200.30877679348382,-3.7189483642578125,0.0,0.0,1.001726746559143
1555,562.3235421314124,8.380772590637207,0.0,0.0,1.0016734600067139
1556,316.38838356762653,-5.710150718688965,0.0,0.0,1.0016181468963623
1557,154.41691390931663,-9.347352027893066,0.0,0.0,1.001554012298584
1558,420.044736029051,4.817126274108887,0.0,0.0,1.0015041828155518
1559,159.0342602379356,12.539648056030273,0.0,0.0,1.0014902353286743
1560,429.7430120667815,0.39949798583984375,0.0,0.0,1.0014781951904297
1561,522.762912209686,-34.001380920410156,0.0,0.0,1.0013929605484009
1562,361.409729478274,1.6336264610290527,0.0,0.0,1.001319408416748
1563,391.9764113924339,-10.782483100891113,0.0,0.0,1.001237392425537
1564,300.8817883087316,-23.708721160888672,0.0,0.0,1.0011353492736816
1565,274.9104126943097,-16.475563049316406,0.0,0.0,1.0010141134262085
1566,331.252786349094,21.75406265258789,0.0,0.0,1.0009609460830688
1567,861.2215763135249,-18.949451446533203,0.0,0.0,1.0008901357650757
1568,247.6962463650717,-4.885071754455566,0.0,0.0,1.0008165836334229
1569,348.50603201161954,6.4320220947265625,0.0,0.0,1.0007559061050415
1570,509.00093840664846,-14.200824737548828,0.0,0.0,1.0006901025772095
1571,381.0911242632785,27.595470428466797,0.0,0.0,1.000671625137329
1572,243.25203277988294,1.5649867057800293,0.0,0.0,1.0006581544876099
1573,377.95161112598333,-26.18973159790039,0.0,0.0,1.0006183385849
1574,299.9246550731652,-5.898904800415039,0.0,0.0,1.0005736351013184
1575,343.2836175787704,15.548456192016602,0.0,0.0,1.0005615949630737
1576,341.9375017251526,11.800392150878906,0.0,0.0,1.0005724430084229
1577,380.2594246896212,-20.5258731842041,0.0,0.0,1.0005460977554321
1578,281.88157849857487,4.195681095123291,0.0,0.0,1.0005336999893188
1579,224.43880078599213,6.044671058654785,0.0,0.0,1.000537395477295
1580,209.61485682182598,-5.329499244689941,0.0,0.0,1.0005300045013428
1581,235.7401264452273,-16.151147842407227,0.0,0.0,1.0004922151565552
1582,183.80514397326846,20.373998641967773,0.0,0.0,1.000524640083313
1583,403.2906483380747,-2.5904488563537598,0.0,0.0,1.0005483627319336
1584,283.8075414570135,5.619812965393066,0.0,0.0,1.0005749464035034
1585,176.7281482577386,13.39607048034668,0.0,0.0,1.000630497932434
1586,194.08691212100712,-9.592240333557129,0.0,0.0,1.0006605386734009
1587,207.08890446226158,10.098937034606934,0.0,0.0,1.0007106065750122
1588,153.7343303955509,14.987796783447266,0.0,0.0,1.0007838010787964
1589,249.54442289073754,14.043800354003906,0.0,0.0,1.0008764266967773
1590,211.1744971686594,1.7753453254699707,0.0,0.0,1.0009645223617554
1591,500.7548363459126,12.087711334228516,0.0,0.0,1.0010570287704468
1592,259.65826315221716,-1.4332399368286133,0.0,0.0,1.001137375831604
1593,296.6482682973212,12.367950439453125,0.0,0.0,1.0012255907058716
1594,242.67884179870538,15.137371063232422,0.0,0.0,1.0013242959976196
1595,210.76899715216686,-9.150339126586914,0.0,0.0,1.0013929605484009
1596,287.78653553445974,-17.646484375,0.0,0.0,1.001434564590454
1597,384.5404902683546,-2.237631320953369,0.0,0.0,1.0014687776565552
1598,386.81182040408305,0.7532534599304199,0.0,0.0,1.0015006065368652
1599,178.5455616103754,9.939482688903809,0.0,0.0,1.0015478134155273
1600,389.94566459679015,16.065994262695312,0.0,0.0,1.0016225576400757
1601,232.5914907999339,4.400157928466797,0.0,0.0,1.0016961097717285
1602,340.52302811612424,-6.299722671508789,0.0,0.0,1.0017560720443726
1603,391.6112815411749,-4.909574508666992,0.0,0.0,1.00180184841156
1604,273.7775460947593,1.0362815856933594,0.0,0.0,1.0018447637557983
1605,450.4658056800657,-0.7351617813110352,0.0,0.0,1.001882791519165
1606,330.91034133294454,-21.58824348449707,0.0,0.0,1.0018972158432007
1607,383.6373793049838,-4.800147533416748,0.0,0.0,1.001904010772705
1608,582.4451610230903,-10.101339340209961,0.0,0.0,1.0018998384475708
1609,439.2266431742758,20.11779022216797,0.0,0.0,1.0019265413284302
1610,545.2607401142349,-2.4152469635009766,0.0,0.0,1.0019474029541016
1611,561.992449021234,16.791913986206055,0.0,0.0,1.0019793510437012
1612,99.49512490114468,9.40528678894043,0.0,0.0,1.0020356178283691
1613,445.73840946602485,-18.641887664794922,0.0,0.0,1.0020629167556763
1614,400.32049902251214,-18.336936950683594,0.0,0.0,1.0020629167556763
1615,196.9729825757067,0.13725495338439941,0.0,0.0,1.002063274383545
1616,362.26663557544754,9.450250625610352,0.0,0.0,1.002098560333252
1617,328.9003238238872,-15.559686660766602,0.0,0.0,1.0021147727966309
1618,637.025155009715,19.93923568725586,0.0,0.0,1.002150535583496
1619,90.33634978062533,0.18915367126464844,0.0,0.0,1.0021835565567017
1620,494.0292930191163,15.073052406311035,0.0,0.0,1.0022330284118652
1621,676.2413416741588,1.95867919921875,0.0,0.0,1.002279281616211
1622,397.5174055927156,0.45372581481933594,0.0,0.0,1.0023216009140015
1623,389.20986694590647,14.311943054199219,0.0,0.0,1.0023870468139648
1624,437.2139450892755,-19.844547271728516,0.0,0.0,1.0024040937423706
1625,370.8390808026058,12.824506759643555,0.0,0.0,1.002435564994812
1626,459.9144391627532,4.090019702911377,0.0,0.0,1.0024714469909668
1627,573.3832483838232,26.92145538330078,0.0,0.0,1.0025383234024048
1628,452.9777465729564,-6.193785667419434,0.0,0.0,1.0025907754898071
1629,400.84539162262325,12.96717643737793,0.0,0.0,1.0026472806930542
1630,551.8797559433923,19.636972427368164,0.0,0.0,1.002731204032898
1631,420.92994090918046,-3.3699235916137695,0.0,0.0,1.0028001070022583
1632,596.1168302519646,-7.425752639770508,0.0,0.0,1.0028518438339233
1633,477.9939033124446,17.759845733642578,0.0,0.0,1.0029492378234863
1634,361.6435307532356,19.06175994873047,0.0,0.0,1.003081202507019
1635,462.4464109327895,6.315863132476807,0.0,0.0,1.0032156705856323
1636,467.27216002960307,16.68667984008789,0.0,0.0,1.0033680200576782
1637,235.36475405009148,-18.98256492614746,0.0,0.0,1.0034698247909546
1638,591.3248485265528,-9.39708137512207,0.0,0.0,1.0035400390625
1639,414.20447208300493,18.356311798095703,0.0,0.0,1.0036379098892212
1640,519.2771611314822,11.506936073303223,0.0,0.0,1.0037416219711304
1641,667.6369729773375,-15.297786712646484,0.0,0.0,1.0038081407546997
1642,433.674932005502,-8.537237167358398,0.0,0.0,1.0038503408432007
1643,482.0755566895442,-4.9754533767700195,0.0,0.0,1.0038843154907227
1644,626.8297082500291,-16.32564926147461,0.0,0.0,1.0038888454437256
1645,669.9945835282034,-15.148979187011719,0.0,0.0,1.0038756132125854
1646,355.8745214533158,-3.3576741218566895,0.0,0.0,1.0038584470748901
1647,545.3975949584036,-1.801386833190918,0.0,0.0,1.0038412809371948
1648,654.9782707006618,6.459985733032227,0.0,0.0,1.0038334131240845
1649,576.4718786388728,21.55071449279785,0.0,0.0,1.0038899183273315
1650,381.203815099409,22.272523880004883,0.0,0.0,1.0039700269699097
1651,648.3101849557321,30.078798294067383,0.0,0.0,1.0040875673294067
1652,379.8154335430198,2.9740285873413086,0.0,0.0,1.0041966438293457
1653,383.78490355331104,13.51201343536377,0.0,0.0,1.0043102502822876
1654,87.98993603521825,-5.191074371337891,0.0,0.0,1.004387378692627
1655,401.4443375504083,-1.990091323852539,0.0,0.0,1.0044513940811157
1656,398.6965641525405,-11.313332557678223,0.0,0.0,1.0044903755187988
1657,430.4624392394899,7.194007873535156,0.0,0.0,1.0045396089553833
1658,418.3470056905694,1.334066390991211,0.0,0.0,1.0045862197875977
1659,376.1830880959983,-9.833812713623047,0.0,0.0,1.0046120882034302
1660,305.11801077057476,0.7732791900634766,0.0,0.0,1.0046374797821045
1661,393.6009743682925,-37.18843078613281,0.0,0.0,1.0046052932739258
1662,374.61428481873446,3.2860524654388428,0.0,0.0,1.0045806169509888
1663,495.6071718495089,-23.49748420715332,0.0,0.0,1.0045145750045776
1664,362.7039740048742,-19.923219680786133,0.0,0.0,1.0044130086898804
1665,428.044110917147,14.041596412658691,0.0,0.0,1.0043407678604126
1666,387.56481089927627,10.86890983581543,0.0,0.0,1.0042915344238281
1667,411.919806352717,5.61848258972168,0.0,0.0,1.0042551755905151
1668,332.77051749405115,27.16118049621582,0.0,0.0,1.0042794942855835
1669,407.5742764187501,27.556880950927734,0.0,0.0,1.0043339729309082
1670,422.92802396862436,-7.27094841003418,0.0,0.0,1.0043739080429077
1671,353.2356370242423,2.319279193878174,0.0,0.0,1.0044126510620117
1672,531.2448664140755,13.564218521118164,0.0,0.0,1.0044591426849365
1673,388.10835189143233,-9.318086624145508,0.0,0.0,1.004486083984375
1674,396.6946487415559,-12.761171340942383,0.0,0.0,1.0044885873794556
1675,667.8954496714503,-27.4509220123291,0.0,0.0,1.0044621229171753
1676,448.43554493362956,9.407628059387207,0.0,0.0,1.0044517517089844
1677,217.58133998577532,-12.742743492126465,0.0,0.0,1.0044158697128296
1678,565.0696473436824,6.637241840362549,0.0,0.0,1.004391074180603
1679,420.1452792072619,-3.165088176727295,0.0,0.0,1.0043623447418213
1680,315.15300566474656,22.509197235107422,0.0,0.0,1.0043660402297974
1681,430.43135291115,-10.254271507263184,0.0,0.0,1.0043576955795288
1682,362.6373813625298,10.851120948791504,0.0,0.0,1.0043712854385376
1683,402.537213179271,12.556154251098633,0.0,0.0,1.0044045448303223
1684,86.56445011201556,-5.442361354827881,0.0,0.0,1.0044053792953491
1685,498.97602602830284,-16.44621467590332,0.0,0.0,1.0043882131576538
1686,314.26627821119416,-3.222028970718384,0.0,0.0,1.004367709159851
1687,366.94466716209666,30.841426849365234,0.0,0.0,1.0043834447860718
1688,297.9766570025971,20.45259666442871,0.0,0.0,1.0044466257095337
1689,566.114320329949,6.2246809005737305,0.0,0.0,1.0045132637023926
1690,643.4237515971965,15.044748306274414,0.0,0.0,1.0045905113220215
1691,653.7595784814362,28.682199478149414,0.0,0.0,1.00471830368042
1692,431.9092447707422,-8.84821891784668,0.0,0.0,1.0048178434371948
1693,377.91806463307483,-11.133353233337402,0.0,0.0,1.0048943758010864
1694,448.7037353061066,14.525672912597656,0.0,0.0,1.004996657371521
1695,359.38836646672513,11.327630043029785,0.0,0.0,1.0051318407058716
1696,367.8411938745713,-13.429067611694336,0.0,0.0,1.0052388906478882
1697,369.78763267114175,-31.810632705688477,0.0,0.0,1.0052789449691772
1698,411.4170025021547,-11.321611404418945,0.0,0.0,1.0052989721298218
1699,440.9362585601678,7.584892272949219,0.0,0.0,1.0053319931030273
1700,330.00739727865636,19.304882049560547,0.0,0.0,1.005402684211731
1701,512.1181663121695,-24.101425170898438,0.0,0.0,1.0054281949996948
1702,186.20621317241046,6.425240993499756,0.0,0.0,1.0054701566696167
1703,304.5288511256227,8.123302459716797,0.0,0.0,1.0055276155471802
1704,225.00600741180486,-7.97396993637085,0.0,0.0,1.0055618286132812
1705,368.03692501473876,9.441664695739746,0.0,0.0,1.0056041479110718
1706,362.6009904303562,4.482600212097168,0.0,0.0,1.0056476593017578
1707,509.30484386406374,15.008855819702148,0.0,0.0,1.0057034492492676
1708,467.4988807602276,22.171098709106445,0.0,0.0,1.005797028541565
1709,554.2723458007837,-62.6239013671875,0.0,0.0,1.0057692527770996
1710,405.1940014062058,-4.6368303298950195,0.0,0.0,1.0057395696640015
1711,291.27306500630846,8.94081974029541,0.0,0.0,1.0057295560836792
1712,466.7257832229526,2.5811352729797363,0.0,0.0,1.0057240724563599
1713,170.6629469750029,-1.5451574325561523,0.0,0.0,1.0057148933410645
1714,299.9932776155351,-0.537531852722168,0.0,0.0,1.005705714225769
1715,206.39435595133156,-17.691015243530273,0.0,0.0,1.0056458711624146
1716,292.2274085204209,-13.352811813354492,0.0,0.0,1.00556480884552
1717,159.93375598828675,-2.775001049041748,0.0,0.0,1.0054826736450195
1718,344.82411101511366,30.07168197631836,0.0,0.0,1.00546395778656
1719,366.3841905781195,6.959208011627197,0.0,0.0,1.005456805229187
1720,414.0951426414903,-15.015010833740234,0.0,0.0,1.0054231882095337
1721,239.2090423309462,10.565420150756836,0.0,0.0,1.0054091215133667
1722,285.86900611536015,8.255624771118164,0.0,0.0,1.0054105520248413
1723,385.8297624871719,12.856968879699707,0.0,0.0,1.005442500114441
1724,246.9993900996274,-9.984037399291992,0.0,0.0,1.0054439306259155
1725,300.50895681186546,12.091447830200195,0.0,0.0,1.0054649114608765
1726,391.1293072376434,0.267822265625,0.0,0.0,1.0054842233657837
1727,505.30034172852623,-22.224119186401367,0.0,0.0,1.005478024482727
1728,384.16598699552185,-11.649836540222168,0.0,0.0,1.0054452419281006
1729,395.59927657046416,-22.044002532958984,0.0,0.0,1.0053761005401611
1730,314.9036605048096,12.921266555786133,0.0,0.0,1.0053588151931763
1731,293.5170944247262,-22.601903915405273,0.0,0.0,1.0053040981292725
1732,431.0564669419764,-15.655333518981934,0.0,0.0,1.005226969718933
1733,429.1148408920068,5.934412956237793,0.0,0.0,1.0051723718643188
1734,303.0153829644403,-4.882549285888672,0.0,0.0,1.0051168203353882
1735,347.436221072659,22.548093795776367,0.0,0.0,1.005092740058899
1736,367.2349841131831,-15.870752334594727,0.0,0.0,1.005041241645813
1737,197.00873076591628,-9.40485954284668,0.0,0.0,1.004981517791748
1738,450.2414774237457,-6.519526481628418,0.0,0.0,1.0049189329147339
1739,401.68906729583927,-22.20317268371582,0.0,0.0,1.0048304796218872
1740,313.20128387404463,-10.925676345825195,0.0,0.0,1.0047259330749512
1741,330.70968560881875,-6.761914253234863,0.0,0.0,1.0046138763427734
1742,376.9060103890274,-13.238534927368164,0.0,0.0,1.0044933557510376
1743,367.63770112468467,-2.254213809967041,0.0,0.0,1.004380226135254
1744,310.9579219220184,-1.5244166851043701,0.0,0.0,1.0042757987976074
1745,309.10354766192654,2.8731675148010254,0.0,0.0,1.0041850805282593
1746,367.1868005212942,-8.573455810546875,0.0,0.0,1.0040912628173828
1747,418.6241359912855,-2.7763686180114746,0.0,0.0,1.0040018558502197
1748,411.39923720703945,26.10251808166504,0.0,0.0,1.0039582252502441
1749,329.6492506303138,3.97995662689209,0.0,0.0,1.0039278268814087
1750,277.99665554041513,10.614745140075684,0.0,0.0,1.0039259195327759
1751,359.8355020041431,17.530244827270508,0.0,0.0,1.0039650201797485
1752,369.92446439547103,17.248554229736328,0.0,0.0,1.0040292739868164
1753,322.9330490390213,11.838125228881836,0.0,0.0,1.0041104555130005
1754,294.1761402955844,0.6323113441467285,0.0,0.0,1.0041848421096802
1755,332.6394700897221,-13.177733421325684,0.0,0.0,1.004236102104187
1756,324.30673871898364,22.472482681274414,0.0,0.0,1.0043267011642456
1757,311.16656446788994,-3.747692108154297,0.0,0.0,1.0043987035751343
1758,295.04782866637044,0.5820202827453613,0.0,0.0,1.004464030265808
1759,316.3570208290167,-9.205684661865234,0.0,0.0,1.0045109987258911
1760,450.62553758208895,-5.182776927947998,0.0,0.0,1.0045467615127563
1761,320.17662537518254,-29.591083526611328,0.0,0.0,1.0045310258865356
1762,468.67530883545214,-25.240985870361328,0.0,0.0,1.004490613937378
1763,358.4309900687889,-4.672429084777832,0.0,0.0,1.0044480562210083
1764,544.3706894561836,-7.049720287322998,0.0,0.0,1.0043996572494507
1765,293.64296356784496,-15.715249061584473,0.0,0.0,1.0043059587478638
1766,689.216841460883,-2.5773539543151855,0.0,0.0,1.0042188167572021
1767,299.1974740790656,0.28382158279418945,0.0,0.0,1.004140853881836
1768,649.0714042551082,0.2858772277832031,0.0,0.0,1.00407075881958
1769,677.6782198778419,-16.79743194580078,0.0,0.0,1.003987431526184
1770,456.7930359543934,2.0870556831359863,0.0,0.0,1.0039142370224
1771,273.47863503844025,-15.872962951660156,0.0,0.0,1.0038169622421265
1772,356.9076548855954,17.201709747314453,0.0,0.0,1.003747582435608
1773,460.5467521007905,15.257818222045898,0.0,0.0,1.003708839416504
1774,368.4644838676638,-8.813091278076172,0.0,0.0,1.0036612749099731
1775,297.76727969676955,-24.153907775878906,0.0,0.0,1.003570318222046
1776,450.64235408136983,27.467056274414062,0.0,0.0,1.0035417079925537
1777,306.8382462885232,-0.4143247604370117,0.0,0.0,1.0035151243209839
1778,559.3633492563547,-18.909141540527344,0.0,0.0,1.0034737586975098
1779,398.294667676301,-1.230086326599121,0.0,0.0,1.0034343004226685
1780,685.6259065946781,-27.876493453979492,0.0,0.0,1.0033740997314453
1781,292.929653894959,-2.2263712882995605,0.0,0.0,1.00331711769104
1782,375.11233747984704,2.0559206008911133,0.0,0.0,1.0032683610916138
1783,617.7542276608043,-7.8443379402160645,0.0,0.0,1.0032166242599487
1784,684.7373389720992,-6.830991268157959,0.0,0.0,1.0031633377075195
1785,393.04324910576867,9.305240631103516,0.0,0.0,1.003137469291687
1786,377.2214302017353,-16.040395736694336,0.0,0.0,1.0030978918075562
1787,382.7056404842511,-15.851578712463379,0.0,0.0,1.003035068511963
1788,449.6032989926742,17.65999412536621,0.0,0.0,1.003016471862793
1789,398.46239164259197,0.9115786552429199,0.0,0.0,1.0030008554458618
1790,440.29809237180524,-9.983244895935059,0.0,0.0,1.0029691457748413
1791,413.18248159555696,22.58733367919922,0.0,0.0,1.0029963254928589
1792,368.19723369098665,-5.963531494140625,0.0,0.0,1.003002643585205
1793,378.60860833078647,-0.11161184310913086,0.0,0.0,1.0030081272125244
1794,211.18006824084887,-0.8623024225234985,0.0,0.0,1.0030125379562378
1795,493.9120960213002,17.144824981689453,0.0,0.0,1.00304114818573
1796,364.3042404279862,-12.365711212158203,0.0,0.0,1.0030568838119507
1797,462.587277618983,13.53705883026123,0.0,0.0,1.00308358669281
1798,687.8371272803637,47.67430877685547,0.0,0.0,1.003166913986206
1799,390.76648135012965,-16.12641143798828,0.0,0.0,1.0032202005386353
1800,508.90471657730785,30.5865478515625,0.0,0.0,1.003332495689392
1801,365.28684233395416,-3.551788568496704,0.0,0.0,1.0034271478652954
1802,475.1344161560114,7.6180219650268555,0.0,0.0,1.0035314559936523
1803,439.3295322903461,1.3853788375854492,0.0,0.0,1.0036276578903198
1804,271.27191126849425,7.538906097412109,0.0,0.0,1.0037260055541992
1805,570.3203066042562,4.737534523010254,0.0,0.0,1.0038193464279175
1806,381.82408626150135,4.948955535888672,0.0,0.0,1.0039111375808716
1807,513.8042560867779,13.829705238342285,0.0,0.0,1.004002571105957
1808,566.333191546124,-10.518158912658691,0.0,0.0,1.0040608644485474
1809,506.8156936447234,26.517379760742188,0.0,0.0,1.0041728019714355
1810,442.1232076759863,-5.531528472900391,0.0,0.0,1.0042665004730225
1811,465.93645689300865,-6.569252967834473,0.0,0.0,1.0043435096740723
1812,529.0725182316602,31.537757873535156,0.0,0.0,1.0044591426849365
1813,497.90585950058295,-22.73095703125,0.0,0.0,1.0045385360717773
1814,383.77594543626566,-17.559093475341797,0.0,0.0,1.0045942068099976
1815,363.06217562269194,17.96727180480957,0.0,0.0,1.0046833753585815
1816,531.4975909726423,2.490762233734131,0.0,0.0,1.0047684907913208
1817,368.3134142744178,-27.267074584960938,0.0,0.0,1.0048052072525024
1818,406.1030620634283,16.020416259765625,0.0,0.0,1.0048632621765137
1819,391.0724142786253,-5.437183856964111,0.0,0.0,1.0049093961715698
1820,179.17585329228058,-36.58482360839844,0.0,0.0,1.0048564672470093
1821,535.5535906663218,-2.610872268676758,0.0,0.0,1.004805564880371
1822,416.0759958738996,0.2854747772216797,0.0,0.0,1.0047601461410522
1823,561.8259540441722,14.560006141662598,0.0,0.0,1.0047411918640137
1824,417.4106929440213,-18.65743637084961,0.0,0.0,1.0046855211257935
1825,421.51641530875725,-14.882144927978516,0.0,0.0,1.0046112537384033
1826,398.2630429718805,-5.395936489105225,0.0,0.0,1.0045360326766968
1827,449.6587579479634,0.835606575012207,0.0,0.0,1.004470705986023
1828,429.6424427054263,-3.9879837036132812,0.0,0.0,1.0044069290161133
1829,368.186555536583,15.769432067871094,0.0,0.0,1.0043631792068481
1830,387.013857348593,12.784333229064941,0.0,0.0,1.0043449401855469
1831,480.59586697194044,-3.7496871948242188,0.0,0.0,1.0043227672576904
1832,456.74394007318523,-6.730841636657715,0.0,0.0,1.0042940378189087
1833,370.303738388398,-10.55727767944336,0.0,0.0,1.0042555332183838
1834,454.8032576460658,-1.0930414199829102,0.0,0.0,1.00421941280365
1835,466.7031183094831,21.822994232177734,0.0,0.0,1.00423002243042
1836,292.93542472482335,-8.641191482543945,0.0,0.0,1.0042160749435425
1837,361.5178349718529,17.138656616210938,0.0,0.0,1.0042380094528198
1838,669.874021040293,31.9793701171875,0.0,0.0,1.0043166875839233
1839,321.9905724766449,-1.5349864959716797,0.0,0.0,1.0043853521347046
1840,275.59981150982395,10.295013427734375,0.0,0.0,1.0044561624526978
1841,360.4179867142989,6.877630233764648,0.0,0.0,1.004533290863037
1842,443.82167749612887,16.65569496154785,0.0,0.0,1.0046213865280151
1843,454.73537978889993,21.24809455871582,0.0,0.0,1.0047403573989868
1844,408.55425782623445,-27.73369598388672,0.0,0.0,1.0048123598098755
1845,609.1874724046495,-13.431697845458984,0.0,0.0,1.0048516988754272
1846,422.1222487970721,-3.6819090843200684,0.0,0.0,1.0048819780349731
1847,424.8004789739565,-22.837841033935547,0.0,0.0,1.0048795938491821
1848,344.58812223994363,7.093993186950684,0.0,0.0,1.0048847198486328
1849,433.884486232218,14.666703224182129,0.0,0.0,1.0049052238464355
1850,460.5395331013564,-24.318870544433594,0.0,0.0,1.0048826932907104
1851,430.06327099592636,5.662604808807373,0.0,0.0,1.0048784017562866
1852,368.8594265602229,-24.637704849243164,0.0,0.0,1.0048290491104126
1853,402.72453569925375,-7.208372116088867,0.0,0.0,1.0047788619995117
1854,194.07553821883633,-6.87837028503418,0.0,0.0,1.0047155618667603
1855,413.24189334293436,-1.0103559494018555,0.0,0.0,1.0046569108963013
1856,606.8384035601837,-11.41562557220459,0.0,0.0,1.0045877695083618
1857,364.25746839755607,-16.02166175842285,0.0,0.0,1.0045018196105957
1858,366.3800333404185,-8.909164428710938,0.0,0.0,1.0044125318527222
1859,362.0012904184238,2.113868474960327,0.0,0.0,1.0043354034423828
1860,530.5846651100363,0.3830122947692871,0.0,0.0,1.0042673349380493
1861,495.90388816216125,-7.225091934204102,0.0,0.0,1.0041961669921875
1862,637.9435623254982,8.039762496948242,0.0,0.0,1.0041433572769165
1863,461.3355898134523,8.279400825500488,0.0,0.0,1.004105567932129
1864,368.26429217702156,21.65723991394043,0.0,0.0,1.00409996509552
1865,446.4541444667853,17.98654556274414,0.0,0.0,1.0041284561157227
1866,361.9286632600651,21.202363967895508,0.0,0.0,1.0041850805282593
1867,367.28840071778694,-31.88533592224121,0.0,0.0,1.0041712522506714
1868,366.20220798367507,28.151939392089844,0.0,0.0,1.0042163133621216
1869,470.2374389148695,-8.463685989379883,0.0,0.0,1.004244327545166
1870,368.9048788249287,3.0861921310424805,0.0,0.0,1.0042721033096313
1871,343.2981973658874,2.067105293273926,0.0,0.0,1.0043004751205444
1872,402.82246748122805,11.285179138183594,0.0,0.0,1.004351019859314
1873,357.1796307618346,-32.44907760620117,0.0,0.0,1.0043619871139526
1874,350.4133104350959,-4.385647296905518,0.0,0.0,1.0043630599975586
1875,365.92927411215555,3.5563697814941406,0.0,0.0,1.004372477531433
1876,647.0039877864391,-7.593515396118164,0.0,0.0,1.0043749809265137
1877,438.42638119796777,11.53995418548584,0.0,0.0,1.0044063329696655
1878,513.019126730727,-21.54871368408203,0.0,0.0,1.0044111013412476
1879,374.95441664587753,4.634415149688721,0.0,0.0,1.004419207572937
1880,438.7793227846933,1.5302162170410156,0.0,0.0,1.0044292211532593
1881,393.6154675174561,5.115509510040283,0.0,0.0,1.0044506788253784
1882,445.5102354925733,1.3047409057617188,0.0,0.0,1.0044718980789185
1883,423.3026917179899,2.6446070671081543,0.0,0.0,1.004495620727539
1884,480.4939356418329,-5.238792896270752,0.0,0.0,1.0045089721679688
1885,512.0548382590863,-4.337736129760742,0.0,0.0,1.0045161247253418
1886,362.03094662994187,-20.15765380859375,0.0,0.0,1.0044869184494019
1887,444.6528490575498,-3.0221567153930664,0.0,0.0,1.004456639289856
1888,414.4237346255894,-11.254598617553711,0.0,0.0,1.0044162273406982
1889,356.4797901955096,0.6716475486755371,0.0,0.0,1.004381775856018
1890,461.4915453081352,8.244281768798828,0.0,0.0,1.0043622255325317
1891,433.16412064069885,9.743120193481445,0.0,0.0,1.004366159439087
1892,379.6131417057604,2.009472370147705,0.0,0.0,1.0043745040893555
1893,365.1124639736597,-30.947181701660156,0.0,0.0,1.0043450593948364
1894,371.15973300321195,-2.2629518508911133,0.0,0.0,1.004313588142395
1895,404.3029573315552,-11.297557830810547,0.0,0.0,1.0042691230773926
1896,358.8647267717077,6.944846153259277,0.0,0.0,1.0042389631271362
1897,501.4691543181821,10.141073226928711,0.0,0.0,1.0042253732681274
1898,358.5370938263045,3.696979522705078,0.0,0.0,1.00421941280365
1899,84.75975969913827,12.652755737304688,0.0,0.0,1.0042728185653687
1900,356.1272662660537,-5.567226886749268,0.0,0.0,1.0043121576309204
1901,374.276802047855,-15.067262649536133,0.0,0.0,1.0043009519577026
1902,420.4322539020939,3.17130708694458,0.0,0.0,1.0042966604232788
1903,464.9537782401966,-7.031961441040039,0.0,0.0,1.0042861700057983
1904,385.0980495720635,-7.001949310302734,0.0,0.0,1.0042645931243896
1905,566.1101327209053,-9.4561767578125,0.0,0.0,1.0042314529418945
1906,457.46010593856545,-9.505990982055664,0.0,0.0,1.0041862726211548
1907,474.8932920851354,-22.868988037109375,0.0,0.0,1.0040984153747559
1908,451.2987991940283,-19.174821853637695,0.0,0.0,1.0039924383163452
1909,619.9245600517937,-45.717838287353516,0.0,0.0,1.0038189888000488
1910,527.2274576111803,33.62169647216797,0.0,0.0,1.003702998161316
1911,409.86914324446445,22.012989044189453,0.0,0.0,1.003684639930725
1912,388.0058642637062,9.87606143951416,0.0,0.0,1.003686785697937
1913,506.90766126508043,1.6963224411010742,0.0,0.0,1.00369131565094
1914,378.4413266158967,-9.480422973632812,0.0,0.0,1.003686785697937
1915,382.3755772750226,11.495471954345703,0.0,0.0,1.0036993026733398
1916,409.96165218022895,13.896448135375977,0.0,0.0,1.0037301778793335
1917,414.829105354833,-11.293081283569336,0.0,0.0,1.0037435293197632
1918,423.4307254178486,-6.826766014099121,0.0,0.0,1.0037444829940796
1919,558.432473719195,-8.771466255187988,0.0,0.0,1.0037285089492798
1920,867.7775220585772,10.545746803283691,0.0,0.0,1.0037239789962769
1921,433.016436548576,8.598487854003906,0.0,0.0,1.0037288665771484
1922,394.36540177192666,-12.558022499084473,0.0,0.0,1.003712773323059
1923,450.8179772381672,34.131229400634766,0.0,0.0,1.003753662109375
1924,405.929837946642,-0.6981368064880371,0.0,0.0,1.0037893056869507
1925,403.14567102622624,7.352262496948242,0.0,0.0,1.003829836845398
1926,367.4821691235326,-16.995920181274414,0.0,0.0,1.0038360357284546
1927,360.132490216823,-6.487572193145752,0.0,0.0,1.0038275718688965
1928,402.41326222340496,-6.029583930969238,0.0,0.0,1.0038105249404907
1929,343.36991149298,-0.07489728927612305,0.0,0.0,1.0037955045700073
1930,366.0698693579916,-0.6526856422424316,0.0,0.0,1.0037813186645508
1931,394.26115178515573,2.7288312911987305,0.0,0.0,1.0037739276885986
1932,374.50827801342757,11.824098587036133,0.0,0.0,1.0037938356399536
1933,374.5505229402237,-9.732487678527832,0.0,0.0,1.0037997961044312
1934,659.325549330954,-19.153133392333984,0.0,0.0,1.0037901401519775
1935,374.2293603033328,-25.67729377746582,0.0,0.0,1.003719687461853
1936,351.4993132115591,19.391754150390625,0.0,0.0,1.0036858320236206
1937,506.1156117167345,20.84804344177246,0.0,0.0,1.003685712814331
1938,461.46362721742275,13.448437690734863,0.0,0.0,1.0037044286727905
1939,368.6673388501119,1.9861021041870117,0.0,0.0,1.0037235021591187
1940,383.2618437152635,-26.11153793334961,0.0,0.0,1.0037044286727905
1941,420.6755585383272,-3.697272539138794,0.0,0.0,1.0036789178848267
1942,399.75418056368443,24.177343368530273,0.0,0.0,1.0036863088607788
1943,365.846666176805,-13.65030574798584,0.0,0.0,1.0036702156066895
1944,363.76181822200374,-24.241214752197266,0.0,0.0,1.0036169290542603
1945,431.4594982546787,-16.606613159179688,0.0,0.0,1.0035501718521118
1946,375.83887466547,4.999423027038574,0.0,0.0,1.003502368927002
1947,523.9916743943558,-29.036977767944336,0.0,0.0,1.0034109354019165
1948,366.784342908395,13.32005500793457,0.0,0.0,1.0033410787582397
1949,363.1117834492541,6.451993942260742,0.0,0.0,1.0032861232757568
1950,359.6781221007071,-12.362354278564453,0.0,0.0,1.0032135248184204
1951,614.7014751682713,2.7058653831481934,0.0,0.0,1.0031522512435913
1952,381.8897708630861,-27.53916358947754,0.0,0.0,1.003044605255127
1953,371.41827068575327,1.0052804946899414,0.0,0.0,1.002948522567749
1954,363.16809804630753,3.659341812133789,0.0,0.0,1.0028672218322754
1955,466.6085151087463,18.051326751708984,0.0,0.0,1.0028256177902222
1956,373.72701507306635,-3.0497918128967285,0.0,0.0,1.0027834177017212
1957,450.4719820629335,-1.2529106140136719,0.0,0.0,1.0027436017990112
1958,369.42644835566693,-13.929903984069824,0.0,0.0,1.0026888847351074
1959,365.116725872031,1.0385644435882568,0.0,0.0,1.002642273902893
1960,414.609152416152,-17.34453582763672,0.0,0.0,1.0025697946548462
1961,367.9722293489656,17.876937866210938,0.0,0.0,1.0025418996810913
1962,376.2563966434965,-16.454872131347656,0.0,0.0,1.0024915933609009
1963,485.7137880948454,-6.663459777832031,0.0,0.0,1.0024389028549194
1964,367.29162249342596,9.520662307739258,0.0,0.0,1.0024038553237915
1965,377.1356496979788,1.4487271308898926,0.0,0.0,1.0023747682571411
1966,381.8958853538058,28.81656265258789,0.0,0.0,1.0024000406265259
1967,399.7247647577155,11.871715545654297,0.0,0.0,1.0024346113204956
1968,432.15404631583925,9.893839836120605,0.0,0.0,1.0024861097335815
1969,89.44641646880497,-14.664144515991211,0.0,0.0,1.0024949312210083
1970,475.5405264500074,-13.980445861816406,0.0,0.0,1.0024818181991577
1971,478.162316363464,-11.383963584899902,0.0,0.0,1.0024493932724
1972,425.5852116746883,7.17646598815918,0.0,0.0,1.0024322271347046
1973,374.1796805060845,-2.6962623596191406,0.0,0.0,1.0024129152297974
1974,453.53817149851096,-8.4533109664917,0.0,0.0,1.0023852586746216
1975,621.8328060071696,-45.30519104003906,0.0,0.0,1.0022886991500854
1976,637.4038279657781,0.7273397445678711,0.0,0.0,1.0022034645080566
1977,440.8976307248388,-5.827837944030762,0.0,0.0,1.0021144151687622
1978,451.515609031538,43.0162467956543,0.0,0.0,1.002156138420105
1979,361.488952343058,-41.44362258911133,0.0,0.0,1.002123236656189
1980,439.24721232546915,21.326377868652344,0.0,0.0,1.002134919166565
1981,359.03759364395796,-1.6805076599121094,0.0,0.0,1.0021429061889648
1982,386.12423886522123,-9.96187686920166,0.0,0.0,1.0021291971206665
1983,537.6220961213792,4.862452983856201,0.0,0.0,1.0021222829818726
1984,443.065122348485,-17.668228149414062,0.0,0.0,1.0020912885665894
1985,704.868972777149,17.86151885986328,0.0,0.0,1.002085566520691
1986,362.5351640256839,14.73158073425293,0.0,0.0,1.0021036863327026
1987,427.02218876401184,-6.568174362182617,0.0,0.0,1.0021119117736816
1988,365.87383168981313,8.632129669189453,0.0,0.0,1.0021393299102783
1989,369.0955745614343,7.799544334411621,0.0,0.0,1.0021717548370361
1990,362.77635479814325,3.9563369750976562,0.0,0.0,1.0022081136703491
1991,435.182631648833,4.040205001831055,0.0,0.0,1.0022478103637695
1992,417.1423372747882,-12.634368896484375,0.0,0.0,1.0022591352462769
1993,372.229849909882,-1.7870020866394043,0.0,0.0,1.0022664070129395
1994,383.724510693486,-4.511782646179199,0.0,0.0,1.0022631883621216
1995,356.0149330499571,-2.247298240661621,0.0,0.0,1.0022586584091187
1996,622.638321090499,14.628225326538086,0.0,0.0,1.0022817850112915
1997,370.7195671705776,5.805141925811768,0.0,0.0,1.0023218393325806
1998,418.2542442924441,6.756364822387695,0.0,0.0,1.0023683309555054
1999,374.1837106260241,1.7977471351623535,0.0,0.0,1.002413272857666
2000,367.211459820095,14.175394058227539,0.0,0.0,1.0024938583374023
2001,426.4825955896025,-8.491302490234375,0.0,0.0,1.0025514364242554
2002,370.94871958444566,13.817863464355469,0.0,0.0,1.0026239156723022
2003,378.07730269836077,-11.582440376281738,0.0,0.0,1.0026593208312988
2004,365.892195602531,-8.235595703125,0.0,0.0,1.0026811361312866
2005,467.6507627579901,9.143216133117676,0.0,0.0,1.002712368965149
2006,358.2721461338604,-12.839332580566406,0.0,0.0,1.002731442451477
2007,546.8278694526007,-9.34717845916748,0.0,0.0,1.0027382373809814
2008,738.5799396462576,21.9595947265625,0.0,0.0,1.0027549266815186
2009,959.8970105684937,-3.3103256225585938,0.0,0.0,1.002766728401184
2010,402.51387163918304,23.636829376220703,0.0,0.0,1.0028233528137207
2011,596.8918351694774,-10.504058837890625,0.0,0.0,1.0028530359268188
2012,446.91208490899055,-19.015949249267578,0.0,0.0,1.0028599500656128
2013,468.93120661527894,18.56061363220215,0.0,0.0,1.0028852224349976
2014,388.90116362376443,-21.47629165649414,0.0,0.0,1.002873420715332
2015,381.322368452682,12.375824928283691,0.0,0.0,1.002881407737732
2016,375.7061437864597,12.07744026184082,0.0,0.0,1.0029062032699585
2017,516.9890995862171,26.449167251586914,0.0,0.0,1.0029696226119995
2018,375.43477383884493,-2.573037624359131,0.0,0.0,1.0030226707458496
2019,488.5458637704774,-11.893852233886719,0.0,0.0,1.003036618232727
2020,297.027128292491,-1.4115102291107178,0.0,0.0,1.0030463933944702
2021,382.58878821567555,-17.53093910217285,0.0,0.0,1.003029227256775
2022,398.1676242638288,7.456122398376465,0.0,0.0,1.0030254125595093
2023,451.56181593845196,-19.679424285888672,0.0,0.0,1.002980351448059
2024,394.7781444665928,-20.906816482543945,0.0,0.0,1.0028924942016602
2025,431.42980756861056,-28.000436782836914,0.0,0.0,1.0027745962142944
2026,267.27350703363174,-2.0615389347076416,0.0,0.0,1.002664566040039
2027,383.3514038294261,-8.99840259552002,0.0,0.0,1.0025461912155151
2028,374.8907762056568,-7.86281681060791,0.0,0.0,1.0024303197860718
2029,212.00419308492283,9.83707046508789,0.0,0.0,1.0023422241210938
2030,377.1906364602273,6.236379623413086,0.0,0.0,1.0022691488265991
2031,424.16787372311774,-4.146462440490723,0.0,0.0,1.0021989345550537
2032,390.74435212893417,-3.0493831634521484,0.0,0.0,1.0021300315856934
2033,92.61675904050844,-0.6666920185089111,0.0,0.0,1.0020661354064941
2034,97.30104918451369,-7.5583930015563965,0.0,0.0,1.0019798278808594
2035,158.38658181365878,-1.3173673152923584,0.0,0.0,1.00190007686615
2036,435.3863955561556,-0.037247657775878906,0.0,0.0,1.001828670501709
2037,156.7394288392185,-9.611751556396484,0.0,0.0,1.0017271041870117
2038,138.3213685871747,11.478910446166992,0.0,0.0,1.0016614198684692
2039,409.5816841440231,2.5382184982299805,0.0,0.0,1.0016061067581177
2040,94.92508226095079,-6.4383721351623535,0.0,0.0,1.0015119314193726
2041,229.3579208640711,-22.77352523803711,0.0,0.0,1.0013694763183594
2042,178.58405836021979,-7.1074604988098145,0.0,0.0,1.0012271404266357
2043,90.81291337084681,12.132529258728027,0.0,0.0,1.0011351108551025
2044,200.84754882368267,24.352230072021484,0.0,0.0,1.0011098384857178
2045,147.72730014885224,-1.3960459232330322,0.0,0.0,1.0010839700698853
2046,163.1834915298232,10.503003120422363,0.0,0.0,1.0010876655578613
2047,396.11460453085,3.8063454627990723,0.0,0.0,1.0010972023010254
2048,394.0602807915153,4.626718521118164,0.0,0.0,1.0011119842529297
2049,195.9003752785417,5.717405319213867,0.0,0.0,1.0011311769485474
2050,219.15288540828558,-4.58498477935791,0.0,0.0,1.0011372566223145
2051,421.15067937157716,15.447869300842285,0.0,0.0,1.0011693239212036
2052,99.17725919466781,3.8598296642303467,0.0,0.0,1.0012174844741821
2053,158.51297861517486,23.130762100219727,0.0,0.0,1.0013774633407593
2054,92.01034912413162,2.24757719039917,0.0,0.0,1.0015310049057007
2055,94.6498103063789,-8.12173080444336,0.0,0.0,1.0016429424285889
2056,143.62670893536125,4.970748424530029,0.0,0.0,1.0017629861831665
2057,148.13447669076749,-3.6701700687408447,0.0,0.0,1.0018607378005981
2058,207.56997496908332,16.618234634399414,0.0,0.0,1.00198495388031
2059,46.76778451002155,0.32603025436401367,0.0,0.0,1.002097249031067
2060,130.2223544261383,-0.9607791900634766,0.0,0.0,1.0021964311599731
2061,147.8647848926881,-2.874498128890991,0.0,0.0,1.0022796392440796
2062,161.73537252505332,-1.9399183988571167,0.0,0.0,1.002349853515625
2063,147.09185868104169,-3.0051403045654297,0.0,0.0,1.002409815788269
2064,99.28973867122112,-4.569272518157959,0.0,0.0,1.0024503469467163
2065,228.0375665812567,8.413427352905273,0.0,0.0,1.002519965171814
2066,93.95396936858822,-11.546953201293945,0.0,0.0,1.0025461912155151
2067,151.1863501972587,16.227846145629883,0.0,0.0,1.0026220083236694
2068,215.74053548588367,3.7337074279785156,0.0,0.0,1.0026968717575073
2069,104.56077732091407,2.988664150238037,0.0,0.0,1.002772331237793
2070,163.01103578024802,-25.68815040588379,0.0,0.0,1.0028012990951538
2071,147.06438121115323,11.048944473266602,0.0,0.0,1.00285005569458
2072,146.5041151083073,-10.165779113769531,0.0,0.0,1.0028743743896484
2073,149.4558860430189,5.709991455078125,0.0,0.0,1.0029149055480957
2074,94.00955439938406,-8.344558715820312,0.0,0.0,1.0029159784317017
2075,95.31314289271006,30.059558868408203,0.0,0.0,1.0030605792999268
2076,394.8328357831186,-7.4250311851501465,0.0,0.0,1.0031781196594238
2077,375.32723230414007,4.2126922607421875,0.0,0.0,1.0032907724380493
2078,201.5591711073073,15.812336921691895,0.0,0.0,1.0034350156784058
2079,157.36468497747342,-6.681822776794434,0.0,0.0,1.0035537481307983
2080,147.26708634279552,0.8526790142059326,0.0,0.0,1.0036627054214478
2081,157.07044058177473,-0.8166623115539551,0.0,0.0,1.0037587881088257
2082,444.709221250089,-17.514999389648438,0.0,0.0,1.0038238763809204
2083,373.8964053302993,-12.650580406188965,0.0,0.0,1.003851294517517
2084,164.0960351371368,10.528875350952148,0.0,0.0,1.003906488418579
2085,192.22391975614573,15.367867469787598,0.0,0.0,1.0039787292480469
2086,98.7879978766988,-1.766038417816162,0.0,0.0,1.0040401220321655
2087,402.72745202823796,20.65522003173828,0.0,0.0,1.0041389465332031
2088,309.9392677628586,-9.095680236816406,0.0,0.0,1.0042102336883545
2089,228.8022556776019,-9.94609260559082,0.0,0.0,1.004254698753357
2090,342.35223860723937,-6.490635395050049,0.0,0.0,1.0042848587036133
2091,103.61263994312355,-11.227200508117676,0.0,0.0,1.00428307056427
2092,100.91522570537143,7.078303337097168,0.0,0.0,1.0043028593063354
2093,86.47024137205312,-16.502439498901367,0.0,0.0,1.004284381866455
2094,430.44188943902174,25.39685821533203,0.0,0.0,1.0043154954910278
2095,178.13644758825737,-4.778852462768555,0.0,0.0,1.0043370723724365
2096,222.24109892583417,4.662851810455322,0.0,0.0,1.0043667554855347
2097,322.4042138489435,17.0046443939209,0.0,0.0,1.004441499710083
2098,226.89225089139623,13.816400527954102,0.0,0.0,1.0045346021652222
2099,213.67643453188506,-12.648215293884277,0.0,0.0,1.0045933723449707
2100,168.84034348281926,6.460272312164307,0.0,0.0,1.004664421081543
2101,390.05414435120986,12.640315055847168,0.0,0.0,1.0047447681427002
2102,130.97297823212662,-3.0115458965301514,0.0,0.0,1.0048083066940308
2103,450.91251249827667,-22.752714157104492,0.0,0.0,1.004821538925171
2104,378.3888591542267,17.975130081176758,0.0,0.0,1.0048719644546509
2105,337.66943653145364,13.113945007324219,0.0,0.0,1.0049372911453247
2106,177.00795651714992,-0.30071353912353516,0.0,0.0,1.0049957036972046
2107,194.2688731010561,-0.7095367908477783,0.0,0.0,1.0050472021102905
2108,510.0171189460462,29.022050857543945,0.0,0.0,1.005165696144104
2109,382.17114709711643,32.2414665222168,0.0,0.0,1.005306601524353
2110,389.9448082516443,4.108395099639893,0.0,0.0,1.0054410696029663
2111,492.0680134771786,-30.568561553955078,0.0,0.0,1.0054792165756226
2112,394.41008485117624,25.876262664794922,0.0,0.0,1.0055454969406128
2113,-0.7814091604764779,8.918302536010742,0.0,0.0,1.0056471824645996
2114,379.08220041414836,-2.039350986480713,0.0,0.0,1.0057357549667358
2115,261.3322678763891,-8.374385833740234,0.0,0.0,1.0057971477508545
2116,379.61583575744487,16.77402687072754,0.0,0.0,1.005895733833313
2117,448.5689087102215,18.92713737487793,0.0,0.0,1.0060217380523682
2118,462.76038874063096,33.560855865478516,0.0,0.0,1.0061856508255005
2119,270.83848171143956,9.410074234008789,0.0,0.0,1.0063551664352417
2120,531.7575240755249,21.33029556274414,0.0,0.0,1.0065375566482544
2121,387.57616813285773,-6.148507595062256,0.0,0.0,1.0066908597946167
2122,440.023023465474,1.7875370979309082,0.0,0.0,1.0068334341049194
2123,163.7201955554481,-16.190338134765625,0.0,0.0,1.0069410800933838
2124,384.9019410215901,20.74623680114746,0.0,0.0,1.0070780515670776
2125,388.27437935994766,-7.127501010894775,0.0,0.0,1.0071910619735718
2126,128.88748814728464,0.5333349704742432,0.0,0.0,1.0072940587997437
2127,495.3174683674961,2.546398162841797,0.0,0.0,1.0073914527893066
2128,152.82748263121354,-1.005096673965454,0.0,0.0,1.0074738264083862
2129,393.80491846634766,-23.286907196044922,0.0,0.0,1.0075187683105469
2130,234.79971983350507,-2.344367027282715,0.0,0.0,1.0075557231903076
2131,373.24767804862995,-7.687946319580078,0.0,0.0,1.0075796842575073
2132,409.738704464805,3.584418773651123,0.0,0.0,1.0076056718826294
2133,405.0525586549851,-24.63557243347168,0.0,0.0,1.007599949836731
2134,119.47210924927036,-10.535133361816406,0.0,0.0,1.007561206817627
2135,398.811813017833,8.898242950439453,0.0,0.0,1.007541537284851
2136,289.2449872124337,1.2818799018859863,0.0,0.0,1.0075255632400513
2137,212.5445704345039,2.4542903900146484,0.0,0.0,1.0075172185897827
2138,456.61447048954454,0.36499881744384766,0.0,0.0,1.0075103044509888
2139,475.2012600673656,3.2698535919189453,0.0,0.0,1.0075064897537231
2140,566.0330812353723,-4.584421157836914,0.0,0.0,1.0074976682662964
2141,168.7989354241786,-7.194746971130371,0.0,0.0,1.0074763298034668
2142,168.61890006115098,-15.542196273803711,0.0,0.0,1.0074087381362915
2143,175.30195212518572,21.467382431030273,0.0,0.0,1.0073966979980469
2144,145.1461752540823,28.456523895263672,0.0,0.0,1.0074361562728882
2145,177.56067330371326,10.292865753173828,0.0,0.0,1.0075050592422485
2146,377.69827368099806,14.2198486328125,0.0,0.0,1.0075899362564087
2147,495.1394287818608,28.699329376220703,0.0,0.0,1.007707953453064
2148,161.01080458076666,-5.119621276855469,0.0,0.0,1.0078082084655762
2149,156.37234713034485,-5.3850860595703125,0.0,0.0,1.0078901052474976
2150,407.8208488402088,-1.2688846588134766,0.0,0.0,1.007962703704834
2151,158.57495233338662,-0.3420236110687256,0.0,0.0,1.0080269575119019
2152,394.81945683458355,-42.749549865722656,0.0,0.0,1.0080389976501465
2153,479.65833980327767,13.852874755859375,0.0,0.0,1.0080686807632446
2154,130.451649257677,-5.634269714355469,0.0,0.0,1.0080875158309937
2155,118.17839990541076,-9.908698081970215,0.0,0.0,1.0080798864364624
2156,205.1715603253472,-8.277341842651367,0.0,0.0,1.0080612897872925
2157,218.5976219795178,-7.395660400390625,0.0,0.0,1.0080286264419556
2158,302.37433871978516,4.779965400695801,0.0,0.0,1.0080044269561768
2159,230.57921452394723,-15.137767791748047,0.0,0.0,1.007966160774231
2160,405.4694928845538,6.339319229125977,0.0,0.0,1.0079387426376343
2161,433.27138526139015,38.363521575927734,0.0,0.0,1.0079971551895142
2162,414.0924468997669,-11.058963775634766,0.0,0.0,1.0080289840698242
2163,384.6544204305645,-6.430166244506836,0.0,0.0,1.0080469846725464
2164,473.23940786126354,-6.069188117980957,0.0,0.0,1.0080554485321045
2165,149.53098456357188,-16.004581451416016,0.0,0.0,1.0080420970916748
2166,212.26813134222883,10.850677490234375,0.0,0.0,1.008048415184021
2167,518.8615607081454,-27.256254196166992,0.0,0.0,1.0080089569091797
2168,393.06798016615545,24.46377944946289,0.0,0.0,1.0080100297927856
2169,458.54042727245076,-10.408831596374512,0.0,0.0,1.007997989654541
2170,583.4876053967371,-22.65924072265625,0.0,0.0,1.007955551147461
2171,165.74435757157926,-23.439760208129883,0.0,0.0,1.007851481437683
2172,382.18650660947634,-0.7725677490234375,0.0,0.0,1.007757306098938
2173,110.81008682387044,5.844697952270508,0.0,0.0,1.0076830387115479
2174,198.64981739346288,23.40389633178711,0.0,0.0,1.0076408386230469
2175,433.39411857013374,-3.914440155029297,0.0,0.0,1.0075969696044922
2176,452.3588173227019,20.192659378051758,0.0,0.0,1.0075773000717163
2177,103.46203922186822,8.751716613769531,0.0,0.0,1.007597804069519
2178,317.45897768114344,6.230250358581543,0.0,0.0,1.0076260566711426
2179,279.1803909728601,-2.4088149070739746,0.0,0.0,1.0076481103897095
2180,164.73444839270346,-6.258807182312012,0.0,0.0,1.0076512098312378
2181,462.52627758272683,-7.6572675704956055,0.0,0.0,1.0076427459716797
2182,254.08413661912337,-21.58881950378418,0.0,0.0,1.0075984001159668
2183,106.47551958598198,-6.208717346191406,0.0,0.0,1.0075322389602661
2184,163.27177066116425,-5.15750789642334,0.0,0.0,1.0074620246887207
2185,365.4018519406285,19.371028900146484,0.0,0.0,1.0074167251586914
2186,259.6726120876251,15.075532913208008,0.0,0.0,1.0074127912521362
2187,221.9476575568929,-17.806846618652344,0.0,0.0,1.0073920488357544
2188,588.3077245450968,-5.758896350860596,0.0,0.0,1.007370948791504
2189,199.39255438258033,13.2185697555542,0.0,0.0,1.007388710975647
2190,297.39918654663705,-26.70107650756836,0.0,0.0,1.0073744058609009
2191,115.3919135578944,13.59387493133545,0.0,0.0,1.007411003112793
2192,203.8468066539673,11.067429542541504,0.0,0.0,1.0074617862701416
2193,211.39534862469472,-2.2409324645996094,0.0,0.0,1.007502794265747
2194,107.34831486851023,-0.21261167526245117,0.0,0.0,1.0075393915176392
2195,229.26804546067768,-26.631122589111328,0.0,0.0,1.0074952840805054
2196,190.69597832976976,14.865041732788086,0.0,0.0,1.0074793100357056
2197,227.78324090446475,17.51314926147461,0.0,0.0,1.0075091123580933
2198,188.3909533275832,-4.695680618286133,0.0,0.0,1.007520318031311
2199,112.27932606219393,3.4658541679382324,0.0,0.0,1.0075396299362183
2200,287.7587619908121,-2.2367310523986816,0.0,0.0,1.007551670074463
2201,186.88308554131044,3.6883978843688965,0.0,0.0,1.007572054862976
2202,191.79596638993792,-19.02780532836914,0.0,0.0,1.007529854774475
2203,114.07943622180164,-0.9172618389129639,0.0,0.0,1.0074905157089233
2204,199.99539448937418,-7.160226821899414,0.0,0.0,1.0074427127838135
2205,208.5802287497002,-34.12362289428711,0.0,0.0,1.0073233842849731
2206,169.94533659561012,4.534153938293457,0.0,0.0,1.0072284936904907
2207,208.60470574538004,2.797729015350342,0.0,0.0,1.007148027420044
2208,259.6793675372514,12.999225616455078,0.0,0.0,1.0070863962173462
2209,186.07024678157953,22.12680435180664,0.0,0.0,1.0070911645889282
2210,181.46366250328228,10.73263168334961,0.0,0.0,1.0071055889129639
2211,107.52238007065415,7.544212818145752,0.0,0.0,1.007143497467041
2212,649.7402878229691,2.557338237762451,0.0,0.0,1.007181167602539
2213,108.19905518804356,-14.760660171508789,0.0,0.0,1.007182002067566
2214,94.41509681959153,-14.242420196533203,0.0,0.0,1.007142424583435
2215,169.15573500569937,7.3132781982421875,0.0,0.0,1.007125973701477
2216,522.6994817380329,-9.297676086425781,0.0,0.0,1.0070961713790894
2217,50.9776573040605,4.7958879470825195,0.0,0.0,1.0070900917053223
2218,178.67884471924478,7.603603363037109,0.0,0.0,1.0071011781692505
2219,503.349050537002,7.203853607177734,0.0,0.0,1.0071302652359009
2220,176.52918828697096,-10.944907188415527,0.0,0.0,1.0071380138397217
2221,531.4001671679868,-2.3946614265441895,0.0,0.0,1.0071437358856201
2222,115.31605424330144,-1.585871696472168,0.0,0.0,1.007145881652832
2223,142.18869568551946,20.960716247558594,0.0,0.0,1.0072212219238281
2224,505.6325167878987,12.774572372436523,0.0,0.0,1.0073127746582031
2225,119.51220059129648,3.4935855865478516,0.0,0.0,1.0074013471603394
2226,50.75275361267782,-1.7444469928741455,0.0,0.0,1.0074738264083862
2227,123.55540430360941,20.212867736816406,0.0,0.0,1.0075641870498657
2228,125.35154171980047,15.076475143432617,0.0,0.0,1.0076767206192017
2229,141.86716398046292,-2.0830459594726562,0.0,0.0,1.0077708959579468
2230,176.62175631975322,12.76962661743164,0.0,0.0,1.0078821182250977
2231,496.1558394150825,-9.483319282531738,0.0,0.0,1.0079652070999146
2232,505.5749679009537,24.69282341003418,0.0,0.0,1.0080598592758179
2233,123.11260851987166,-2.5549488067626953,0.0,0.0,1.0081411600112915
2234,119.7472543856123,0.6340622901916504,0.0,0.0,1.0082149505615234
2235,277.0831243030566,1.8580470085144043,0.0,0.0,1.0082842111587524
2236,49.027164002120834,-11.869207382202148,0.0,0.0,1.0083204507827759
2237,116.25130945225715,5.072389602661133,0.0,0.0,1.0083671808242798
2238,160.44146613105843,-3.2858834266662598,0.0,0.0,1.0084013938903809
2239,114.73040013069058,3.270298719406128,0.0,0.0,1.008437991142273
2240,310.21035920127895,-26.86757469177246,0.0,0.0,1.0084134340286255
2241,163.23034176526383,-7.479669570922852,0.0,0.0,1.008368968963623
2242,95.8453237264008,3.0558857917785645,0.0,0.0,1.0083343982696533
2243,117.79100411623145,6.534221172332764,0.0,0.0,1.008316993713379
2244,127.81111105304542,-4.589027404785156,0.0,0.0,1.0082911252975464
2245,168.4152824686964,4.807175159454346,0.0,0.0,1.0082815885543823
2246,164.18813272695868,6.307782173156738,0.0,0.0,1.0082861185073853
2247,101.050339648295,-9.861318588256836,0.0,0.0,1.0082708597183228
2248,115.19138769551998,-7.772660255432129,0.0,0.0,1.0082348585128784
2249,481.1498071398461,-14.152973175048828,0.0,0.0,1.0081868171691895
2250,127.94280305599025,-2.159029006958008,0.0,0.0,1.0081384181976318
2251,303.95843097907596,2.1940083503723145,0.0,0.0,1.0080991983413696
2252,686.8722031589505,-15.51646900177002,0.0,0.0,1.0080379247665405
2253,124.77758173471094,-22.89066505432129,0.0,0.0,1.0079408884048462
2254,113.6058651102283,3.5041275024414062,0.0,0.0,1.0078625679016113
2255,197.61389378860477,-20.834774017333984,0.0,0.0,1.007739782333374
2256,377.18055404018605,19.963851928710938,0.0,0.0,1.007681965827942
2257,99.23705583447355,22.577529907226562,0.0,0.0,1.0077100992202759
2258,103.13771724149403,-2.96744966506958,0.0,0.0,1.0077258348464966
2259,171.35918720523736,-14.453266143798828,0.0,0.0,1.007705569267273
2260,521.5749374464759,-14.85418701171875,0.0,0.0,1.0076704025268555
2261,518.6922248863774,-21.854190826416016,0.0,0.0,1.0076169967651367
2262,119.16474824406167,21.89708709716797,0.0,0.0,1.007613182067871
2263,186.33429114323795,32.306732177734375,0.0,0.0,1.007653832435608
2264,127.95655788195471,-1.0471184253692627,0.0,0.0,1.0076889991760254
2265,265.75013534449727,10.619466781616211,0.0,0.0,1.007757306098938
2266,126.90149012727667,-20.436246871948242,0.0,0.0,1.0077975988388062
2267,292.5772118553035,4.914957046508789,0.0,0.0,1.0078390836715698
2268,97.2025627985019,1.1779323816299438,0.0,0.0,1.0078810453414917
2269,168.47310133008943,-8.06537914276123,0.0,0.0,1.0079013109207153
2270,406.43950501806535,34.93670654296875,0.0,0.0,1.0079741477966309
2271,391.8289073411466,-23.581134796142578,0.0,0.0,1.0080043077468872
2272,110.7680475425936,8.141504287719727,0.0,0.0,1.0080432891845703
2273,129.12694345776848,6.051871299743652,0.0,0.0,1.0080994367599487
2274,406.2806723564003,11.76179313659668,0.0,0.0,1.008169174194336
2275,57.668039341185974,1.3291378021240234,0.0,0.0,1.0082405805587769
2276,108.26159959089833,-2.0119500160217285,0.0,0.0,1.0082989931106567
2277,201.78091820935117,9.297531127929688,0.0,0.0,1.0083727836608887
2278,377.66818150612767,4.396183490753174,0.0,0.0,1.0084439516067505
2279,454.29334402985074,14.901966094970703,0.0,0.0,1.0085421800613403
2280,565.0089745721633,-48.4850959777832,0.0,0.0,1.0085694789886475
2281,530.6914916580788,-14.339783668518066,0.0,0.0,1.0085721015930176
2282,262.31915065682426,9.177778244018555,0.0,0.0,1.0085922479629517
2283,538.3817478057211,-7.600924015045166,0.0,0.0,1.0086003541946411
2284,536.1314939376022,-12.070035934448242,0.0,0.0,1.0085920095443726
2285,275.141689269804,-13.80551528930664,0.0,0.0,1.0085694789886475
2286,499.79547297095286,-2.539660930633545,0.0,0.0,1.0085452795028687
2287,414.7340867458322,1.3498430252075195,0.0,0.0,1.0085276365280151
2288,49.645632352819156,5.452611923217773,0.0,0.0,1.0085245370864868
2289,486.9326348201531,8.282224655151367,0.0,0.0,1.0085374116897583
2290,105.77406876975226,-13.025434494018555,0.0,0.0,1.008513331413269
2291,477.66034046877604,-3.8566017150878906,0.0,0.0,1.0084854364395142
2292,115.30659938265707,1.227482795715332,0.0,0.0,1.008461594581604
2293,279.10144609582323,-22.699634552001953,0.0,0.0,1.00839102268219
2294,266.63324108102097,8.334817886352539,0.0,0.0,1.0083361864089966
2295,117.01848024020028,-13.555288314819336,0.0,0.0,1.0082650184631348
2296,119.70587987545659,9.33306884765625,0.0,0.0,1.0082288980484009
2297,226.1100463945754,4.729846954345703,0.0,0.0,1.0082038640975952
2298,239.8449760958109,-2.045400619506836,0.0,0.0,1.008177638053894
2299,123.38406199792368,5.193364143371582,0.0,0.0,1.0081639289855957
2300,238.81688868792665,-8.885199546813965,0.0,0.0,1.0081281661987305
2301,114.63306431557965,-8.72500228881836,0.0,0.0,1.0080748796463013
2302,671.7781542441036,10.678757667541504,0.0,0.0,1.0080543756484985
2303,542.3878833467417,12.883403778076172,0.0,0.0,1.008048176765442
2304,241.40690534526345,-3.335127353668213,0.0,0.0,1.008036494255066
2305,480.3649125514376,1.3799090385437012,0.0,0.0,1.0080280303955078
2306,186.87405152564546,-2.251070737838745,0.0,0.0,1.0080137252807617
2307,256.4888191295646,16.976137161254883,0.0,0.0,1.008027195930481
2308,184.5612206192399,-17.614471435546875,0.0,0.0,1.0080214738845825
2309,284.02489492571965,-4.017192840576172,0.0,0.0,1.0080077648162842
2310,205.16456568524114,-10.427594184875488,0.0,0.0,1.007971167564392
2311,234.58764745094402,9.826038360595703,0.0,0.0,1.0079576969146729
2312,326.0539862207442,4.648923397064209,0.0,0.0,1.0079513788223267
2313,275.184030435556,-14.83699893951416,0.0,0.0,1.007928490638733
2314,361.96743260721166,-2.288261651992798,0.0,0.0,1.0079058408737183
2315,399.43843112883195,21.924753189086914,0.0,0.0,1.0079240798950195
2316,232.94514138765626,-22.69892120361328,0.0,0.0,1.00790274143219
2317,204.79850865464437,15.315896034240723,0.0,0.0,1.0079116821289062
2318,519.4425758162091,13.548361778259277,0.0,0.0,1.0079383850097656
2319,528.7546486585554,-13.438315391540527,0.0,0.0,1.0079365968704224
2320,479.7259946894674,-44.21144485473633,0.0,0.0,1.0078996419906616
2321,383.8124927765884,-37.51218795776367,0.0,0.0,1.0077918767929077
2322,583.7395271187229,9.79560661315918,0.0,0.0,1.0077122449874878
2323,499.297157173052,-6.716612815856934,0.0,0.0,1.0076285600662231
2324,424.762017436353,-17.650699615478516,0.0,0.0,1.007538080215454
2325,383.75734572220193,1.0046706199645996,0.0,0.0,1.0074576139450073
2326,370.86920889834784,8.634546279907227,0.0,0.0,1.0073951482772827
2327,413.14851310595145,13.55362319946289,0.0,0.0,1.0073565244674683
2328,518.3357774531884,-0.04379463195800781,0.0,0.0,1.007321834564209
2329,224.35721197336122,-16.755512237548828,0.0,0.0,1.0072273015975952
2330,532.942816464853,-4.418285369873047,0.0,0.0,1.0071371793746948
2331,458.13313179808904,0.020954132080078125,0.0,0.0,1.0070557594299316
2332,290.8243972777799,-4.89860200881958,0.0,0.0,1.0069667100906372
2333,129.38357892018774,-1.4179692268371582,0.0,0.0,1.006882667541504
2334,141.18528366178666,2.740434169769287,0.0,0.0,1.0068143606185913
2335,211.8250485730811,-10.906526565551758,0.0,0.0,1.0067387819290161
2336,506.7583926644578,3.0186502933502197,0.0,0.0,1.0066757202148438
2337,518.8005284470555,1.3112001419067383,0.0,0.0,1.0066208839416504
2338,217.67703054740812,1.357513189315796,0.0,0.0,1.0065737962722778
2339,132.7067192657227,2.2567973136901855,0.0,0.0,1.0065417289733887
2340,382.5678372323455,39.816158294677734,0.0,0.0,1.006585955619812
2341,183.24721927381634,-10.986841201782227,0.0,0.0,1.0065984725952148
2342,278.90266211765345,5.6894636154174805,0.0,0.0,1.0066174268722534
2343,368.104115784007,11.872987747192383,0.0,0.0,1.0066566467285156
2344,227.93065689359875,31.463329315185547,0.0,0.0,1.0067492723464966
2345,192.73424513514084,-4.270236015319824,0.0,0.0,1.006821632385254
2346,495.49928905374935,20.655384063720703,0.0,0.0,1.0069361925125122
2347,270.6841338300347,-16.51400375366211,0.0,0.0,1.0070043802261353
2348,199.71061332471936,5.918669700622559,0.0,0.0,1.0070775747299194
2349,374.43975922333715,5.825599193572998,0.0,0.0,1.0071581602096558
2350,221.1867098001004,1.648573875427246,0.0,0.0,1.0072332620620728
2351,441.3761031721791,-3.1162023544311523,0.0,0.0,1.0072979927062988
2352,480.31723660713766,-18.746511459350586,0.0,0.0,1.007320761680603
2353,338.74810185519283,-2.406235694885254,0.0,0.0,1.0073350667953491
2354,406.1735076931502,9.43189811706543,0.0,0.0,1.0073643922805786
2355,305.50302296953805,-5.396137714385986,0.0,0.0,1.0073739290237427
2356,362.2533212332721,13.07386589050293,0.0,0.0,1.0074115991592407
2357,456.5972278028304,6.615100860595703,0.0,0.0,1.007455825805664
2358,376.4104336156669,-28.818876266479492,0.0,0.0,1.0074611902236938
2359,401.6328503222042,-43.743072509765625,0.0,0.0,1.0073976516723633
2360,497.8044665215115,-6.579824447631836,0.0,0.0,1.0073291063308716
2361,403.43666265770185,-13.089917182922363,0.0,0.0,1.0072540044784546
2362,410.9424451436237,-27.165918350219727,0.0,0.0,1.0071616172790527
2363,444.9725266549859,-15.923376083374023,0.0,0.0,1.0070627927780151
2364,353.8801866960658,12.705897331237793,0.0,0.0,1.0069900751113892
2365,284.513643762705,-15.757482528686523,0.0,0.0,1.0068913698196411
2366,247.4721636386938,-5.298537254333496,0.0,0.0,1.006795048713684
2367,454.1350333167365,-20.957731246948242,0.0,0.0,1.0066914558410645
2368,402.85968405741465,4.414190769195557,0.0,0.0,1.006607174873352
2369,915.3267981411799,12.699592590332031,0.0,0.0,1.0065525770187378
2370,262.3057797051096,-11.058466911315918,0.0,0.0,1.006482481956482
2371,515.6352919386316,-26.610820770263672,0.0,0.0,1.0063883066177368
2372,367.1388354414565,-6.857736587524414,0.0,0.0,1.006296157836914
2373,294.22162599661533,6.947663307189941,0.0,0.0,1.0062322616577148
2374,94.89852139550342,6.62649393081665,0.0,0.0,1.006193995475769
2375,331.589904444632,-7.770803928375244,0.0,0.0,1.0061378479003906
2376,382.63245480847434,4.331738471984863,0.0,0.0,1.0060962438583374
2377,507.37616184165176,-0.5903854370117188,0.0,0.0,1.0060575008392334
2378,381.52213067258583,-6.386549949645996,0.0,0.0,1.0060113668441772
2379,547.932935813222,14.610990524291992,0.0,0.0,1.0059922933578491
2380,361.0885195241594,17.693157196044922,0.0,0.0,1.006018042564392
2381,257.3517978779785,-10.898323059082031,0.0,0.0,1.0060063600540161
2382,530.5895509576341,22.505615234375,0.0,0.0,1.0060425996780396
2383,518.8246252261065,10.52127456665039,0.0,0.0,1.0060954093933105
2384,344.0295930950281,-8.032859802246094,0.0,0.0,1.00612211227417
2385,101.26246886040465,13.798376083374023,0.0,0.0,1.0061843395233154
2386,435.94726880628775,-9.481620788574219,0.0,0.0,1.0062189102172852
2387,95.33276331012395,1.4739559888839722,0.0,0.0,1.0062559843063354
2388,502.40543843890265,-14.49798583984375,0.0,0.0,1.0062679052352905
2389,98.43956343626941,-11.998279571533203,0.0,0.0,1.0062521696090698
2390,357.83633635730644,5.578309535980225,0.0,0.0,1.0062506198883057
2391,497.4858589727728,-21.61684799194336,0.0,0.0,1.0062092542648315
2392,512.4073222233411,-29.402681350708008,0.0,0.0,1.006149172782898
2393,98.60775296041545,-2.935669422149658,0.0,0.0,1.0060858726501465
2394,238.27648699120982,-16.544157028198242,0.0,0.0,1.0059924125671387
2395,555.0210481251239,10.810526847839355,0.0,0.0,1.0059312582015991
2396,345.0670916237261,2.9469738006591797,0.0,0.0,1.0058830976486206
2397,293.5992096380114,-18.512802124023438,0.0,0.0,1.005812644958496
2398,414.94601578296476,19.781383514404297,0.0,0.0,1.0057958364486694
2399,391.51932918823417,-20.67314910888672,0.0,0.0,1.0057305097579956
2400,540.2917719029869,-17.824203491210938,0.0,0.0,1.0056500434875488
2401,228.3432293896022,4.067352294921875,0.0,0.0,1.0055876970291138
2402,281.0659956377418,-14.911324501037598,0.0,0.0,1.0055128335952759
2403,335.876052867292,-43.744083404541016,0.0,0.0,1.005372405052185
2404,239.0383028494232,-7.31319522857666,0.0,0.0,1.0052313804626465
2405,305.59202616430713,-6.399488925933838,0.0,0.0,1.0050941705703735
2406,617.3394874283683,-9.864569664001465,0.0,0.0,1.0049587488174438
2407,508.5077129093678,-21.04365348815918,0.0,0.0,1.0048069953918457
2408,238.9882712647341,-20.388381958007812,0.0,0.0,1.0046204328536987
2409,392.0119909937508,8.263050079345703,0.0,0.0,1.0044654607772827
2410,322.9625274256194,24.948083877563477,0.0,0.0,1.0043751001358032
2411,370.66428867970717,4.279709339141846,0.0,0.0,1.0042991638183594
2412,381.3693328329327,11.876153945922852,0.0,0.0,1.0042489767074585
2413,419.42932248211497,10.999335289001465,0.0,0.0,1.0042195320129395
2414,246.5728689854287,-8.897954940795898,0.0,0.0,1.0041714906692505
2415,416.15281686879564,22.971874237060547,0.0,0.0,1.0041686296463013
2416,208.50349619146326,18.18096160888672,0.0,0.0,1.0042041540145874
2417,441.961914386638,16.439592361450195,0.0,0.0,1.004263997077942
2418,575.5915638114083,6.588769435882568,0.0,0.0,1.00432288646698
2419,570.9120563704985,-34.10969543457031,0.0,0.0,1.0043272972106934
2420,309.8803251799981,10.704851150512695,0.0,0.0,1.0043449401855469
2421,175.45524756030431,-5.658449172973633,0.0,0.0,1.004347324371338
2422,284.00863330286495,-4.784073829650879,0.0,0.0,1.0043386220932007
2423,255.71279152215564,-3.43173885345459,0.0,0.0,1.0043221712112427
2424,443.08514003113777,-2.563357353210449,0.0,0.0,1.0043030977249146
2425,232.69300850098264,-2.5993385314941406,0.0,0.0,1.0042804479599
2426,335.69486234681466,4.101681709289551,0.0,0.0,1.0042643547058105
2427,206.06778065199273,-6.458362579345703,0.0,0.0,1.004238247871399
2428,206.80506730101365,-14.875307083129883,0.0,0.0,1.0041810274124146
2429,614.3574928564976,-16.824634552001953,0.0,0.0,1.0041054487228394
2430,637.6636543273568,19.39046287536621,0.0,0.0,1.004055142402649
2431,452.8390448795731,-18.37800407409668,0.0,0.0,1.0039691925048828
2432,451.41589042153015,4.192802906036377,0.0,0.0,1.0039002895355225
2433,179.6692116526773,2.0874483585357666,0.0,0.0,1.003841519355774
2434,284.9904537933767,-17.321857452392578,0.0,0.0,1.0037511587142944
2435,386.07111283000387,9.53817081451416,0.0,0.0,1.003683090209961
2436,485.24308923329266,-3.7838382720947266,0.0,0.0,1.0036154985427856
2437,561.8064613464234,10.517068862915039,0.0,0.0,1.0035710334777832
2438,550.0522993608008,27.840553283691406,0.0,0.0,1.0035699605941772
2439,206.47292223772726,3.9439849853515625,0.0,0.0,1.0035773515701294
2440,432.32122867622155,4.405729293823242,0.0,0.0,1.003589391708374
2441,216.6793213112796,-2.992076873779297,0.0,0.0,1.0035935640335083
2442,783.3611869206487,12.274900436401367,0.0,0.0,1.0036132335662842
2443,419.96334892760336,0.9373619556427002,0.0,0.0,1.0036331415176392
2444,214.7619238778649,-3.7580008506774902,0.0,0.0,1.003637671470642
2445,488.828919221638,-17.39502716064453,0.0,0.0,1.0036224126815796
2446,280.45322029823313,-28.65200424194336,0.0,0.0,1.0035043954849243
2447,265.1901688092638,-1.8570184707641602,0.0,0.0,1.003395438194275
2448,392.0066451727884,25.863513946533203,0.0,0.0,1.0033565759658813
2449,221.50471992257494,-21.42072868347168,0.0,0.0,1.0032873153686523
2450,550.7509706531024,-12.80792236328125,0.0,0.0,1.0032129287719727
2451,448.37520094627746,-3.923981189727783,0.0,0.0,1.0031408071517944
2452,510.51635719987314,-1.7584919929504395,0.0,0.0,1.003073811531067
2453,623.3880389691378,-4.158722877502441,0.0,0.0,1.0030055046081543
2454,378.45579520489736,-8.085020065307617,0.0,0.0,1.002930998802185
2455,651.7865122113095,-17.26781463623047,0.0,0.0,1.002840518951416
2456,386.7449305615234,15.576359748840332,0.0,0.0,1.0027755498886108
2457,370.5398180256348,-31.294897079467773,0.0,0.0,1.002695918083191
2458,325.68516177552584,24.618101119995117,0.0,0.0,1.0026670694351196
2459,510.5078081716589,-6.445987701416016,0.0,0.0,1.0026315450668335
2460,421.852628198403,-0.14917612075805664,0.0,0.0,1.0025993585586548
2461,733.3816835685382,4.544256210327148,0.0,0.0,1.0025783777236938
2462,424.08709391948025,-11.597597122192383,0.0,0.0,1.0025405883789062
2463,721.4239792646932,11.602392196655273,0.0,0.0,1.0025266408920288
2464,452.95451133342664,1.6423048973083496,0.0,0.0,1.0025155544281006
2465,400.41170829463294,-22.454303741455078,0.0,0.0,1.0024573802947998
2466,405.85231132537734,-5.491424560546875,0.0,0.0,1.0023967027664185
2467,504.9692576032681,17.637874603271484,0.0,0.0,1.002386450767517
2468,462.2359288822118,26.936588287353516,0.0,0.0,1.0024051666259766
2469,466.73331355496947,-7.427343845367432,0.0,0.0,1.0024124383926392
2470,400.6634283905817,-16.086746215820312,0.0,0.0,1.0023828744888306
2471,487.686089117558,-3.8742332458496094,0.0,0.0,1.0023537874221802
2472,357.3520926534046,-5.42935848236084,0.0,0.0,1.0023199319839478
2473,823.7208042514044,-12.312100410461426,0.0,0.0,1.0022786855697632
2474,414.8678899653668,17.591632843017578,0.0,0.0,1.0022834539413452
2475,435.35639585330057,-17.398082733154297,0.0,0.0,1.0022385120391846
2476,437.95423463571035,-1.2538366317749023,0.0,0.0,1.0021963119506836
2477,453.6643243534138,-27.839393615722656,0.0,0.0,1.0021238327026367
2478,486.0270848634358,33.19588088989258,0.0,0.0,1.0020902156829834
2479,343.22621238945055,26.3779296875,0.0,0.0,1.002131462097168
2480,538.8974318971436,-5.339728355407715,0.0,0.0,1.0021551847457886
2481,368.13302017095174,-6.225260257720947,0.0,0.0,1.002164363861084
2482,201.21582046124436,3.2379794120788574,0.0,0.0,1.002182126045227
2483,179.60836516360746,2.3538551330566406,0.0,0.0,1.002203106880188
2484,406.73352462877784,-25.385135650634766,0.0,0.0,1.0021876096725464
2485,382.33044197973965,-3.7836389541625977,0.0,0.0,1.0021671056747437
2486,419.95782933635104,-7.371848106384277,0.0,0.0,1.0021324157714844
2487,365.50069653565146,12.15162467956543,0.0,0.0,1.0021251440048218
2488,373.16695747379083,10.083755493164062,0.0,0.0,1.0021368265151978
2489,335.490036545339,11.153285026550293,0.0,0.0,1.0021696090698242
2490,479.8835030307042,-5.024702548980713,0.0,0.0,1.002189040184021
2491,414.29392741078004,-22.32062339782715,0.0,0.0,1.0021604299545288
2492,423.61633759512875,20.549579620361328,0.0,0.0,1.0021885633468628
2493,461.7963592943936,3.0121116638183594,0.0,0.0,1.0022194385528564
2494,386.8764592119949,7.780946254730225,0.0,0.0,1.002256989479065
2495,454.1334159796799,3.030538558959961,0.0,0.0,1.0022960901260376
2496,439.15032338125127,-10.20928955078125,0.0,0.0,1.0023105144500732
2497,368.28370660461843,20.143455505371094,0.0,0.0,1.0023584365844727
2498,529.921449838047,-13.745620727539062,0.0,0.0,1.0023823976516724
2499,439.87025370589146,14.709741592407227,0.0,0.0,1.0024502277374268
2500,365.7215303230326,-8.053277015686035,0.0,0.0,1.0024981498718262
2501,367.0515925717628,26.494489669799805,0.0,0.0,1.0025749206542969
2502,450.95853275944614,-10.385357856750488,0.0,0.0,1.002629280090332
2503,860.8901891517891,0.3203763961791992,0.0,0.0,1.0026793479919434
2504,378.48389847133444,-33.0999870300293,0.0,0.0,1.0026705265045166
2505,382.1761825079298,-2.898322582244873,0.0,0.0,1.0026589632034302
2506,394.97224835505466,0.983454704284668,0.0,0.0,1.0026512145996094
2507,464.42880241916185,-9.322927474975586,0.0,0.0,1.0026328563690186
2508,445.90206864015425,7.4426374435424805,0.0,0.0,1.002639651298523
2509,419.0996659980259,5.118627548217773,0.0,0.0,1.0026533603668213
2510,452.3542086985014,-22.073524475097656,0.0,0.0,1.0026301145553589
2511,386.66404395842756,-27.487241744995117,0.0,0.0,1.0025429725646973
2512,476.28701682736846,7.193063259124756,0.0,0.0,1.0024819374084473
2513,401.4856253198629,-4.584750175476074,0.0,0.0,1.002419352531433
2514,524.6484215555516,-22.53580665588379,0.0,0.0,1.0023263692855835
2515,420.67904408068165,13.673955917358398,0.0,0.0,1.0022636651992798
2516,451.82810645003195,-2.2734580039978027,0.0,0.0,1.0022025108337402
2517,379.0650699040498,-1.376011848449707,0.0,0.0,1.0021448135375977
2518,487.09024789311496,-19.751605987548828,0.0,0.0,1.0020557641983032
2519,613.0963498268848,-30.79867172241211,0.0,0.0,1.001947283744812
2520,368.0152959891714,-3.5303616523742676,0.0,0.0,1.0018396377563477
2521,392.2172287773415,-6.475313186645508,0.0,0.0,1.0017303228378296
2522,500.8431416158156,0.48804378509521484,0.0,0.0,1.0016332864761353
2523,422.84256315362177,-7.629267692565918,0.0,0.0,1.0015246868133545
2524,511.2327746332829,-11.803186416625977,0.0,0.0,1.001410722732544
2525,565.8965364599152,3.9893808364868164,0.0,0.0,1.0013134479522705
2526,537.5706703865377,-18.626989364624023,0.0,0.0,1.0011937618255615
2527,434.062227483918,-9.237290382385254,0.0,0.0,1.0010660886764526
2528,397.7536844817734,12.121227264404297,0.0,0.0,1.0009784698486328
2529,405.65449570412875,-18.85310173034668,0.0,0.0,1.0008469820022583
2530,378.08708011270363,-6.889562129974365,0.0,0.0,1.000712275505066
2531,530.6468791785348,-12.418066024780273,0.0,0.0,1.0005601644515991
2532,461.57757604449114,13.155208587646484,0.0,0.0,1.000450611114502
2533,418.99468076596,5.491931438446045,0.0,0.0,1.0003646612167358
2534,982.1432744126903,0.8887796401977539,0.0,0.0,1.000288724899292
2535,373.06030891779216,-6.9416303634643555,0.0,0.0,1.000211238861084
2536,362.6929147424477,5.46959114074707,0.0,0.0,1.0001468658447266
2537,277.0273645763424,33.89971160888672,0.0,0.0,1.0001674890518188
2538,494.64804082702034,18.5015869140625,0.0,0.0,1.000221610069275
2539,396.69344358485,-9.331748008728027,0.0,0.0,1.0002524852752686
2540,278.29487409108276,23.417068481445312,0.0,0.0,1.0003525018692017
2541,475.53649192488206,-18.856651306152344,0.0,0.0,1.0004006624221802
2542,401.90915223922315,-7.353477954864502,0.0,0.0,1.0004264116287231
2543,479.9968085979819,7.8215861320495605,0.0,0.0,1.000464916229248
2544,387.19686855976806,-2.0500869750976562,0.0,0.0,1.0004974603652954
2545,561.7017233265872,-1.6469669342041016,0.0,0.0,1.0005249977111816
2546,438.4026418743581,28.732913970947266,0.0,0.0,1.000619888305664
2547,632.9708845418556,-39.06007385253906,0.0,0.0,1.0005888938903809
2548,389.0919996074034,18.931320190429688,0.0,0.0,1.000592827796936
2549,572.8139323946218,18.788902282714844,0.0,0.0,1.0006464719772339
2550,346.769999528366,9.424684524536133,0.0,0.0,1.000702142715454
2551,386.11845148172023,-25.497020721435547,0.0,0.0,1.0006487369537354
2552,612.0068614927861,-20.684711456298828,0.0,0.0,1.000566005706787
2553,528.038170752639,8.369380950927734,0.0,0.0,1.0005046129226685
2554,569.8437145377956,-6.000417709350586,0.0,0.0,1.0004355907440186
2555,389.31125984901183,-7.276087760925293,0.0,0.0,1.0003653764724731
2556,440.30100494284846,-35.804019927978516,0.0,0.0,1.0002732276916504
2557,343.71425297049404,-25.897808074951172,0.0,0.0,1.0001164674758911
2558,395.59875832030644,17.873056411743164,0.0,0.0,1.0000137090682983
2559,629.042003863489,18.205154418945312,0.0,0.0,0.9999521374702454
2560,375.16194426579256,-18.5275936126709,0.0,0.0,0.9998816847801208
2561,328.8561967319996,9.357528686523438,0.0,0.0,0.9998320937156677
2562,542.3765803590512,8.45992660522461,0.0,0.0,0.999800980091095
2563,400.32305597092534,-13.457709312438965,0.0,0.0,0.9997549057006836
2564,615.2579738053588,-12.783234596252441,0.0,0.0,0.9996946454048157
2565,326.69191390029044,-23.094072341918945,0.0,0.0,0.9995858073234558
2566,415.1146575194017,7.230299949645996,0.0,0.0,0.9994995594024658
2567,382.025777026924,-21.617448806762695,0.0,0.0,0.9993793964385986
2568,386.01239184962395,10.705144882202148,0.0,0.0,0.9993079304695129
2569,383.8889684199873,7.037049293518066,0.0,0.0,0.9992581009864807
2570,519.233506522786,5.0874834060668945,0.0,0.0,0.9992267489433289
2571,594.7199103953152,22.515811920166016,0.0,0.0,0.9992316365242004
2572,534.5582067505662,-13.220833778381348,0.0,0.0,0.999213695526123
2573,648.1338963684191,23.674209594726562,0.0,0.0,0.9992418885231018
2574,352.033399816432,24.38446617126465,0.0,0.0,0.9993003010749817
2575,441.68699068569646,10.59713363647461,0.0,0.0,0.9993982315063477
2576,523.4358397163869,6.44767951965332,0.0,0.0,0.9994952082633972
2577,400.19749245298834,-5.06366491317749,0.0,0.0,0.9995750784873962
2578,478.1430934206282,15.414307594299316,0.0,0.0,0.9996866583824158
2579,594.6244113557433,-25.11370277404785,0.0,0.0,0.9997308850288391
2580,635.0622179208244,-3.572873592376709,0.0,0.0,0.9997658729553223
2581,564.8658328391826,1.1740798950195312,0.0,0.0,0.9997982978820801
2582,388.5570734732669,11.69707202911377,0.0,0.0,0.9998524785041809
2583,421.4675523178312,-16.758787155151367,0.0,0.0,0.9998686909675598
2584,395.9907139055997,7.122661590576172,0.0,0.0,0.9998932480812073
2585,405.81496099666435,-4.858285903930664,0.0,0.0,0.9999006390571594
2586,665.407435054076,5.781278610229492,0.0,0.0,0.9999111294746399
2587,659.7028284159622,9.414192199707031,0.0,0.0,0.9999350905418396
2588,634.9086410592167,5.232151508331299,0.0,0.0,0.9999644756317139
2589,394.03212156342994,-11.223662376403809,0.0,0.0,0.9999640583992004
2590,370.61386428929586,-0.9650259017944336,0.0,0.0,0.999962329864502
2591,651.0039937612894,-8.013075828552246,0.0,0.0,0.9999507069587708
2592,482.8997430148811,1.7325100898742676,0.0,0.0,0.9999427795410156
2593,685.016071597146,19.946895599365234,0.0,0.0,0.9999729990959167
2594,629.8468097801593,20.80643081665039,0.0,0.0,1.0000373125076294
2595,639.4868772362106,-31.622802734375,0.0,0.0,1.0000656843185425
2596,441.5142309085506,-27.774309158325195,0.0,0.0,1.000050663948059
2597,430.84879860920677,-0.013924598693847656,0.0,0.0,1.0000371932983398
2598,367.607281457815,9.078312873840332,0.0,0.0,1.0000375509262085
2599,369.11070842293344,15.105735778808594,0.0,0.0,1.0000580549240112
2600,306.73872125056545,-1.7297987937927246,0.0,0.0,1.0000728368759155
2601,622.6140014250676,9.691307067871094,0.0,0.0,1.000097632408142
2602,480.053375139461,26.815898895263672,0.0,0.0,1.0001558065414429
2603,306.59580824444595,8.563880920410156,0.0,0.0,1.0002232789993286
2604,460.3163993230699,32.28330612182617,0.0,0.0,1.0003594160079956
2605,631.156390081637,-16.752904891967773,0.0,0.0,1.0004510879516602
2606,389.82630793890513,-3.1702780723571777,0.0,0.0,1.000529170036316
2607,385.39155043917685,16.011356353759766,0.0,0.0,1.0006357431411743
2608,390.03101195520355,26.404455184936523,0.0,0.0,1.000773310661316
2609,393.99446561938066,-5.355585098266602,0.0,0.0,1.0008903741836548
2610,395.8957707571699,-2.798651695251465,0.0,0.0,1.0009915828704834
2611,679.7836992610098,23.80183219909668,0.0,0.0,1.0011149644851685
2612,863.321278429311,13.828359603881836,0.0,0.0,1.0012354850769043
2613,610.7992186195094,-4.491180419921875,0.0,0.0,1.0013388395309448
2614,457.5045204701409,3.4383111000061035,0.0,0.0,1.0014396905899048
2615,386.32789555192994,-7.051294326782227,0.0,0.0,1.0015177726745605
2616,494.426011340854,4.477150917053223,0.0,0.0,1.0015950202941895
2617,651.1864588705992,20.068483352661133,0.0,0.0,1.0016969442367554
2618,416.1180271346499,-12.099543571472168,0.0,0.0,1.001771330833435
2619,497.3430597149163,1.3911659717559814,0.0,0.0,1.0018415451049805
2620,392.83304275935336,15.40689468383789,0.0,0.0,1.0019439458847046
2621,560.2885126052896,7.882619857788086,0.0,0.0,1.0020513534545898
2622,181.84929107065182,17.270265579223633,0.0,0.0,1.0021947622299194
2623,840.569857055957,12.16696548461914,0.0,0.0,1.002341628074646
2624,358.0316323925834,6.375061988830566,0.0,0.0,1.0024915933609009
2625,480.27815927899326,-18.614503860473633,0.0,0.0,1.0025960206985474
2626,518.0371771979645,-19.449142456054688,0.0,0.0,1.0026534795761108
2627,388.31062114848174,-34.307682037353516,0.0,0.0,1.0026596784591675
2628,537.4365781806255,36.007503509521484,0.0,0.0,1.0027027130126953
2629,380.70215862097683,19.7398624420166,0.0,0.0,1.0027848482131958
2630,382.19475093258825,0.0029587745666503906,0.0,0.0,1.002858281135559
2631,401.9546224351284,-1.9989678859710693,0.0,0.0,1.0029219388961792
2632,152.25134625103954,-1.961148977279663,0.0,0.0,1.0029741525650024
2633,387.5551097004853,-19.457433700561523,0.0,0.0,1.0029994249343872
2634,376.122563214146,-21.61421775817871,0.0,0.0,1.0029693841934204
2635,465.5743525601755,-6.6554083824157715,0.0,0.0,1.0029354095458984
2636,393.2238235581719,19.814294815063477,0.0,0.0,1.0029536485671997
2637,171.19071962076686,-4.293597221374512,0.0,0.0,1.0029548406600952
2638,594.374807429622,1.832385540008545,0.0,0.0,1.0029579401016235
2639,433.5196185554576,-2.587437629699707,0.0,0.0,1.0029572248458862
2640,380.0737109676307,-15.499734878540039,0.0,0.0,1.0029314756393433
2641,420.1365800488089,0.048413753509521484,0.0,0.0,1.0029081106185913
2642,160.39810070069188,-0.7181587219238281,0.0,0.0,1.0028854608535767
2643,613.1340218445262,24.177431106567383,0.0,0.0,1.0029228925704956
2644,488.5050338795348,18.92486000061035,0.0,0.0,1.0029875040054321
2645,579.6634762810288,9.614715576171875,0.0,0.0,1.0030661821365356
2646,362.92378391823996,-1.6955127716064453,0.0,0.0,1.003130316734314
2647,393.64573803763267,34.77545928955078,0.0,0.0,1.0032219886779785
2648,437.4634101187415,24.962553024291992,0.0,0.0,1.0033632516860962
2649,498.6257276333435,-0.7949509620666504,0.0,0.0,1.003489375114441
2650,623.4876690145771,-6.823866844177246,0.0,0.0,1.0035912990570068
2651,648.8934239656016,-28.46288299560547,0.0,0.0,1.0036605596542358
2652,348.600597431368,-3.0251455307006836,0.0,0.0,1.0037193298339844
2653,506.53634189842444,-14.652010917663574,0.0,0.0,1.0037480592727661
2654,644.2663447344353,10.871567726135254,0.0,0.0,1.0037966966629028
2655,327.8026160691419,0.9626984596252441,0.0,0.0,1.0038422346115112
2656,335.3420980546916,-15.40807819366455,0.0,0.0,1.0038633346557617
2657,387.12565350651727,16.218212127685547,0.0,0.0,1.0039070844650269
2658,318.74736598248666,-1.1654167175292969,0.0,0.0,1.003943920135498
2659,676.4387099495007,16.93589210510254,0.0,0.0,1.0039963722229004
2660,1143.4916918665256,5.567058563232422,0.0,0.0,1.00404953956604
2661,692.3668087531124,-5.309018135070801,0.0,0.0,1.0040916204452515
2662,659.1884521312036,1.6924762725830078,0.0,0.0,1.0041319131851196
2663,373.1703613913789,15.936843872070312,0.0,0.0,1.0042051076889038
2664,514.9875482282364,-29.78199005126953,0.0,0.0,1.0042145252227783
2665,1004.1366717574334,-19.56014633178711,0.0,0.0,1.0042041540145874
2666,387.694092491491,1.5742573738098145,0.0,0.0,1.0041989088058472
2667,405.4946326704366,-6.242121696472168,0.0,0.0,1.004179835319519
2668,450.61608228908597,7.715280055999756,0.0,0.0,1.0041929483413696
2669,430.04970071639394,-8.071423530578613,0.0,0.0,1.004193902015686
2670,378.13766010966367,-0.8206191062927246,0.0,0.0,1.004193663597107
2671,403.3798549492752,11.92778205871582,0.0,0.0,1.0042212009429932
2672,444.0389775754617,5.932039260864258,0.0,0.0,1.0042587518692017
2673,341.8252182905499,-1.7741479873657227,0.0,0.0,1.004286289215088
2674,347.1571880639847,-14.728382110595703,0.0,0.0,1.0042754411697388
2675,425.5793188196136,-11.9439058303833,0.0,0.0,1.0042520761489868
2676,261.1019589383709,-11.01202392578125,0.0,0.0,1.0042109489440918
2677,696.6735652380817,9.516407012939453,0.0,0.0,1.0041913986206055
2678,579.8281267581139,13.128684997558594,0.0,0.0,1.0041930675506592
2679,369.51754288062045,-11.898823738098145,0.0,0.0,1.0041813850402832
2680,691.6922731347377,6.598066329956055,0.0,0.0,1.0041776895523071
2681,374.6032556298198,10.268918991088867,0.0,0.0,1.0041923522949219
2682,445.3856698971146,10.268840789794922,0.0,0.0,1.0042314529418945
2683,432.6277486149565,-7.583852291107178,0.0,0.0,1.004260778427124
2684,369.13354064846123,2.0535550117492676,0.0,0.0,1.0042901039123535
2685,464.5726578539966,13.166341781616211,0.0,0.0,1.0043483972549438
2686,129.9743107190436,-24.888578414916992,0.0,0.0,1.0043253898620605
2687,395.6474768596845,9.486932754516602,0.0,0.0,1.0043306350708008
2688,194.71720022434215,-16.209564208984375,0.0,0.0,1.004263997077942
2689,464.16014180401373,12.70952320098877,0.0,0.0,1.004231572151184
2690,375.86286864014454,-5.8191375732421875,0.0,0.0,1.0041922330856323
2691,911.2462789557613,17.06317138671875,0.0,0.0,1.00418221950531
2692,449.50423971173683,-6.249452590942383,0.0,0.0,1.0041640996932983
2693,498.7587815918393,-12.177351951599121,0.0,0.0,1.0041179656982422
2694,1102.054469718315,-29.952537536621094,0.0,0.0,1.0040311813354492
2695,398.82790074070437,6.50802755355835,0.0,0.0,1.0039705038070679
2696,181.30233328947986,-7.609560012817383,0.0,0.0,1.003890872001648
2697,390.89974975612824,15.417861938476562,0.0,0.0,1.0038474798202515
2698,165.74020274831545,-4.950475215911865,0.0,0.0,1.003801703453064
2699,447.59213262312824,-9.90207290649414,0.0,0.0,1.003743290901184
2700,358.05223667269837,3.848393440246582,0.0,0.0,1.0036988258361816
2701,374.55177778440026,11.427726745605469,0.0,0.0,1.003684163093567
2702,406.5389101828126,-18.076833724975586,0.0,0.0,1.0036417245864868
2703,368.129690368322,1.2509288787841797,0.0,0.0,1.0036050081253052
2704,691.4721404770254,-20.938583374023438,0.0,0.0,1.0035520792007446
2705,1274.896022409338,-18.860565185546875,0.0,0.0,1.0034846067428589
2706,249.53402408749315,-22.22357749938965,0.0,0.0,1.00338613986969
2707,493.61141546438205,-1.5394785404205322,0.0,0.0,1.003294587135315
2708,284.3597387342261,-7.638566493988037,0.0,0.0,1.0031962394714355
2709,357.57330399557543,27.150959014892578,0.0,0.0,1.0031704902648926
2710,569.6728912992198,21.32242774963379,0.0,0.0,1.0031908750534058
2711,188.60402700990244,12.788796424865723,0.0,0.0,1.0032415390014648
2712,374.10671235732485,4.85488748550415,0.0,0.0,1.0033001899719238
2713,435.7145832681269,-19.664337158203125,0.0,0.0,1.0033141374588013
2714,674.9187616312695,3.245480537414551,0.0,0.0,1.003332257270813
2715,833.6343864473722,-6.3046746253967285,0.0,0.0,1.003343939781189
2716,381.4496334700293,11.673725128173828,0.0,0.0,1.0033873319625854
2717,401.9158545096954,-19.25769805908203,0.0,0.0,1.003389835357666
2718,450.8898699451925,17.354843139648438,0.0,0.0,1.0034610033035278
2719,374.3607956240469,-13.781885147094727,0.0,0.0,1.003501296043396
2720,378.8611418619898,12.106714248657227,0.0,0.0,1.003547191619873
2721,653.1161738014405,8.158380508422852,0.0,0.0,1.003604531288147
2722,647.7001991276699,-25.62898063659668,0.0,0.0,1.0036169290542603
2723,845.8567646094988,-5.12567663192749,0.0,0.0,1.0036239624023438
2724,383.226094697029,0.13329362869262695,0.0,0.0,1.003630518913269
2725,366.94291770576456,6.930961608886719,0.0,0.0,1.0036487579345703
2726,610.7485715975332,0.6745834350585938,0.0,0.0,1.0036660432815552
2727,611.7613021326293,16.727840423583984,0.0,0.0,1.0037039518356323
2728,599.4524799635236,-17.44849395751953,0.0,0.0,1.0037134885787964
2729,562.1100709906821,0.6435680389404297,0.0,0.0,1.0037230253219604
2730,708.0193655617544,7.285661220550537,0.0,0.0,1.0037437677383423
2731,695.9166645892421,29.23761749267578,0.0,0.0,1.0038161277770996
2732,373.2702776215334,2.3398802280426025,0.0,0.0,1.0038847923278809
2733,371.9055162953857,33.77864074707031,0.0,0.0,1.0040088891983032
2734,619.034198409571,1.2276649475097656,0.0,0.0,1.0041227340698242
2735,299.0822149694104,0.42454051971435547,0.0,0.0,1.0042269229888916
2736,553.035089254431,-5.828616142272949,0.0,0.0,1.004313349723816
2737,510.89672637410433,-8.867500305175781,0.0,0.0,1.0043786764144897
2738,450.5929380399401,-26.244102478027344,0.0,0.0,1.0043859481811523
2739,391.54478093349223,10.975341796875,0.0,0.0,1.004414439201355
2740,384.7927598278549,9.245492935180664,0.0,0.0,1.0044512748718262
2741,397.5387727290265,-2.918118953704834,0.0,0.0,1.004478931427002
2742,350.6443340227349,11.340767860412598,0.0,0.0,1.004517674446106
2743,697.2000252721342,1.1923894882202148,0.0,0.0,1.0045546293258667
2744,647.7818464857244,18.280208587646484,0.0,0.0,1.0046348571777344
2745,732.9736676440664,-16.80390739440918,0.0,0.0,1.0046896934509277
2746,317.62242273083655,-1.4715728759765625,0.0,0.0,1.0047351121902466
2747,402.3339145338655,-3.8694677352905273,0.0,0.0,1.00477135181427
2748,452.75941550911597,19.857206344604492,0.0,0.0,1.004838466644287
2749,632.9506378466334,2.815889835357666,0.0,0.0,1.0049067735671997
2750,436.8206914995937,1.8010365962982178,0.0,0.0,1.004970908164978
2751,506.50028920595054,9.928319931030273,0.0,0.0,1.0050501823425293
2752,444.71640606689925,-1.6909008026123047,0.0,0.0,1.00511634349823
2753,494.2052612620443,-4.04520320892334,0.0,0.0,1.0051666498184204
2754,363.7754030556049,-6.17379093170166,0.0,0.0,1.0051974058151245
2755,510.7138515518495,-6.730072021484375,0.0,0.0,1.0052151679992676
2756,517.5976695862275,-4.677733421325684,0.0,0.0,1.0052223205566406
2757,390.94316331951023,-8.631627082824707,0.0,0.0,1.0052186250686646
2758,446.84103538828305,1.6674118041992188,0.0,0.0,1.0052176713943481
2759,340.3115115055917,8.399046897888184,0.0,0.0,1.0052322149276733
2760,367.4239962917966,0.7838563919067383,0.0,0.0,1.0052469968795776
2761,733.6696299248025,7.866415023803711,0.0,0.0,1.005273699760437
2762,559.7399701622917,6.556024551391602,0.0,0.0,1.0053038597106934
2763,215.50470518738481,9.010688781738281,0.0,0.0,1.0053552389144897
2764,194.0972251063636,9.668855667114258,0.0,0.0,1.0054264068603516
2765,473.1713573007554,-19.67310905456543,0.0,0.0,1.0054417848587036
2766,239.08517404057176,0.9473958015441895,0.0,0.0,1.0054594278335571
2767,552.3994643179602,24.04742431640625,0.0,0.0,1.0055087804794312
2768,519.2186842365106,-5.062641143798828,0.0,0.0,1.0055426359176636
2769,229.47299830694675,-23.99008560180664,0.0,0.0,1.0055469274520874
2770,485.5872129562069,-37.14271545410156,0.0,0.0,1.0054912567138672
2771,426.3366633266066,-9.064167022705078,0.0,0.0,1.0054289102554321
2772,262.13584812806903,6.201136112213135,0.0,0.0,1.0053900480270386
2773,472.41927661826264,-16.937376022338867,0.0,0.0,1.0053128004074097
2774,384.1923561494454,8.572979927062988,0.0,0.0,1.0052647590637207
2775,292.79444675274925,24.19393539428711,0.0,0.0,1.0052818059921265
2776,400.02009979249976,-5.9731292724609375,0.0,0.0,1.0052913427352905
2777,497.83376850148625,-3.772606372833252,0.0,0.0,1.0052952766418457
2778,215.50070972663343,-18.199520111083984,0.0,0.0,1.0052663087844849
2779,490.3633482179211,23.059785842895508,0.0,0.0,1.0052704811096191
2780,196.13564109089674,-26.699617385864258,0.0,0.0,1.0051414966583252
2781,390.9406327223289,11.284213066101074,0.0,0.0,1.0050439834594727
2782,393.5170380211086,-6.820394515991211,0.0,0.0,1.0049464702606201
2783,405.77451013123414,-11.820662498474121,0.0,0.0,1.0048366785049438
2784,224.90083466551428,-1.9782791137695312,0.0,0.0,1.0047305822372437
2785,478.13357339595643,10.04029655456543,0.0,0.0,1.0046550035476685
2786,417.1444701866965,17.98384666442871,0.0,0.0,1.004653811454773
2787,414.8129725521295,-13.1638765335083,0.0,0.0,1.0046311616897583
2788,421.3445475860402,-18.149818420410156,0.0,0.0,1.0045815706253052
2789,444.09478612692914,10.337932586669922,0.0,0.0,1.0045582056045532
2790,199.59569814286547,4.756866931915283,0.0,0.0,1.0045439004898071
2791,183.70771405229132,-5.060597896575928,0.0,0.0,1.0045181512832642
2792,404.42819062188426,5.977566242218018,0.0,0.0,1.0045084953308105
2793,384.10264011043716,7.4462199211120605,0.0,0.0,1.0045256614685059
2794,423.92802953566536,-0.06497573852539062,0.0,0.0,1.0045405626296997
2795,190.11677275049848,-3.0834784507751465,0.0,0.0,1.0045403242111206
2796,530.5515690843832,25.94462776184082,0.0,0.0,1.0045620203018188
2797,388.731935050147,6.505631923675537,0.0,0.0,1.0045889616012573
2798,222.54104393027484,-15.11646842956543,0.0,0.0,1.0045734643936157
2799,379.3297997100629,8.070596694946289,0.0,0.0,1.0045779943466187
2800,447.1003489535791,27.6647891998291,0.0,0.0,1.004635214805603
2801,307.4902791674332,17.83641242980957,0.0,0.0,1.0047248601913452
2802,400.8825166484573,21.993818283081055,0.0,0.0,1.0048608779907227
2803,208.1830266783744,13.281496047973633,0.0,0.0,1.005021095275879
2804,193.128454681051,-0.9204707145690918,0.0,0.0,1.005160927772522
2805,400.2239202596404,-23.07050895690918,0.0,0.0,1.0052396059036255
2806,396.3837124791879,22.89900016784668,0.0,0.0,1.0053292512893677
2807,296.7786679923707,-2.3336246013641357,0.0,0.0,1.0054019689559937
2808,480.18861473145637,7.70643424987793,0.0,0.0,1.0054830312728882
2809,447.6417360739299,0.8683233261108398,0.0,0.0,1.005557894706726
2810,497.97069450702514,5.142387866973877,0.0,0.0,1.0056308507919312
2811,103.88177342509944,7.573338031768799,0.0,0.0,1.005720853805542
2812,187.94058327000542,-5.988089561462402,0.0,0.0,1.0057846307754517
2813,380.09630792160425,4.914545059204102,0.0,0.0,1.0058530569076538
2814,181.0384093702152,5.036487579345703,0.0,0.0,1.0059314966201782
2815,213.8715356778498,14.28585433959961,0.0,0.0,1.0060478448867798
2816,441.1460085674296,-8.256564140319824,0.0,0.0,1.0061416625976562
2817,131.31727434614274,7.70168924331665,0.0,0.0,1.0062472820281982
2818,494.1465156856792,9.290185928344727,0.0,0.0,1.0063663721084595
2819,560.4502128014158,7.540701389312744,0.0,0.0,1.0064815282821655
2820,412.1799326180555,-13.151969909667969,0.0,0.0,1.0065531730651855
2821,198.37133173782087,-0.8684382438659668,0.0,0.0,1.0066150426864624
2822,467.8673220346649,22.328449249267578,0.0,0.0,1.0067039728164673
2823,181.07248910466546,-11.615373611450195,0.0,0.0,1.0067657232284546
2824,420.5034423431499,2.099140167236328,0.0,0.0,1.0068244934082031
2825,214.8347716660588,-2.1952261924743652,0.0,0.0,1.0068743228912354
2826,410.166938077008,6.841835975646973,0.0,0.0,1.0069270133972168
2827,167.83199393221378,13.157312393188477,0.0,0.0,1.0070176124572754
2828,431.03374455150237,-11.456480026245117,0.0,0.0,1.0070663690567017
2829,390.88076969826403,24.209484100341797,0.0,0.0,1.0071941614151
2830,440.90454209395165,-8.331334114074707,0.0,0.0,1.0072935819625854
2831,246.69560693955773,1.4777460098266602,0.0,0.0,1.0073871612548828
2832,210.96280831437588,4.642926216125488,0.0,0.0,1.0074790716171265
2833,378.51871222381345,4.09694242477417,0.0,0.0,1.0075689554214478
2834,307.12787200879484,-5.154896259307861,0.0,0.0,1.0076366662979126
2835,257.2761267555564,9.293136596679688,0.0,0.0,1.007708191871643
2836,276.9406254610582,-18.161396026611328,0.0,0.0,1.007750391960144
2837,178.31808121344582,1.6078226566314697,0.0,0.0,1.0077943801879883
2838,229.18466916547038,-19.137882232666016,0.0,0.0,1.0078082084655762
2839,406.48207681349436,-6.302768707275391,0.0,0.0,1.0078125
2840,232.89255001777076,-13.225351333618164,0.0,0.0,1.0077873468399048
2841,232.99432294670373,6.845776081085205,0.0,0.0,1.0077780485153198
2842,215.09030242696934,-20.2022762298584,0.0,0.0,1.0077210664749146
2843,564.1946901800239,-5.242458343505859,0.0,0.0,1.0076618194580078
2844,638.3513034561645,-19.623098373413086,0.0,0.0,1.007569670677185
2845,489.7062988091686,-18.017024993896484,0.0,0.0,1.0074583292007446
2846,295.0705550722809,2.0030570030212402,0.0,0.0,1.0073614120483398
2847,243.26835511038726,-5.722160339355469,0.0,0.0,1.0072664022445679
2848,527.859493767705,5.532917022705078,0.0,0.0,1.0071882009506226
2849,240.31143824217764,-29.28929901123047,0.0,0.0,1.007041096687317
2850,286.70892176808826,8.595235824584961,0.0,0.0,1.0069290399551392
2851,408.16397478487943,-4.907773494720459,0.0,0.0,1.0068225860595703
2852,371.86326489897516,14.469780921936035,0.0,0.0,1.0067417621612549
2853,444.39695060170556,1.4182219505310059,0.0,0.0,1.0066713094711304
2854,273.601893276698,2.3251495361328125,0.0,0.0,1.006616234779358
2855,209.25649029467,-39.67850112915039,0.0,0.0,1.0065016746520996
2856,262.9106323436166,10.015344619750977,0.0,0.0,1.006418228149414
2857,312.10962303094107,11.86216926574707,0.0,0.0,1.0063656568527222
2858,443.01093510488806,-10.970057487487793,0.0,0.0,1.0063090324401855
2859,258.5270039515376,-17.746355056762695,0.0,0.0,1.0062240362167358
2860,438.62986731696014,9.90151596069336,0.0,0.0,1.0061681270599365
2861,262.6663382033585,-14.901209831237793,0.0,0.0,1.0060900449752808
2862,418.12939692231953,7.1606011390686035,0.0,0.0,1.0060371160507202
2863,488.1339363980813,-0.023607730865478516,0.0,0.0,1.0059894323349
2864,253.49998076434363,-24.959388732910156,0.0,0.0,1.0059099197387695
2865,443.57084831019256,1.728172779083252,0.0,0.0,1.0058420896530151
2866,303.5124055048462,0.896050214767456,0.0,0.0,1.0057823657989502
2867,455.6588497084187,-5.765089511871338,0.0,0.0,1.0057097673416138
2868,523.4916161811072,3.0297250747680664,0.0,0.0,1.0056473016738892
2869,452.46544890786964,-9.457538604736328,0.0,0.0,1.005569338798523
2870,511.0105486436831,-6.615241050720215,0.0,0.0,1.0054789781570435
2871,411.733648807345,-20.462154388427734,0.0,0.0,1.0053597688674927
2872,138.7266701210157,4.967693328857422,0.0,0.0,1.0052651166915894
2873,273.4493435295164,20.755512237548828,0.0,0.0,1.005252718925476
2874,369.30943434005025,3.6764769554138184,0.0,0.0,1.0052491426467896
2875,334.0070006973421,-9.366333961486816,0.0,0.0,1.005220890045166
2876,446.3642536971857,-4.551687717437744,0.0,0.0,1.0051770210266113
2877,239.37012746807198,-4.532212257385254,0.0,0.0,1.0051255226135254
2878,438.0026162483189,-8.310531616210938,0.0,0.0,1.0050649642944336
2879,437.4312256821127,9.288856506347656,0.0,0.0,1.0050245523452759
2880,439.11084094609225,19.468360900878906,0.0,0.0,1.005015254020691
2881,503.3149377157152,10.05534553527832,0.0,0.0,1.0050173997879028
2882,557.061701827296,5.382133483886719,0.0,0.0,1.0050265789031982
2883,473.658361303629,-5.125798225402832,0.0,0.0,1.0050275325775146
2884,591.0172644095361,16.2666015625,0.0,0.0,1.0050554275512695
2885,416.5336053256666,6.625393390655518,0.0,0.0,1.0050941705703735
2886,498.77614291306566,29.14573097229004,0.0,0.0,1.0051616430282593
2887,588.5386025650772,1.3704619407653809,0.0,0.0,1.0052238702774048
2888,520.3395799502175,20.157466888427734,0.0,0.0,1.0053166151046753
2889,284.7246435970085,-20.96314811706543,0.0,0.0,1.0053592920303345
2890,590.2158137516196,-31.354917526245117,0.0,0.0,1.0053486824035645
2891,350.0209250334875,9.052279472351074,0.0,0.0,1.0053627490997314
2892,549.2100251050285,18.482952117919922,0.0,0.0,1.0054148435592651
2893,308.39672813673013,-16.393028259277344,0.0,0.0,1.0054364204406738
2894,288.69668797777706,-33.01323699951172,0.0,0.0,1.0054188966751099
2895,404.1934379984647,0.8927240371704102,0.0,0.0,1.0054045915603638
2896,390.64435615749005,-0.08197975158691406,0.0,0.0,1.0053915977478027
2897,501.61326265809396,-14.948987007141113,0.0,0.0,1.0053520202636719
2898,508.1254592039385,21.19392967224121,0.0,0.0,1.005353569984436
2899,401.56237087297404,-45.5049934387207,0.0,0.0,1.0053097009658813
2900,236.48460798099524,11.873689651489258,0.0,0.0,1.0052839517593384
2901,474.15933193331875,-21.513038635253906,0.0,0.0,1.005235195159912
2902,383.06075501605903,4.629603385925293,0.0,0.0,1.0051965713500977
2903,608.1054224034913,-17.019182205200195,0.0,0.0,1.005128264427185
2904,412.3394878788925,-19.68350601196289,0.0,0.0,1.0050525665283203
2905,396.400122447787,-3.3131003379821777,0.0,0.0,1.0049785375595093
2906,250.33660802996428,21.856088638305664,0.0,0.0,1.004949688911438
2907,528.9494876760432,-11.099594116210938,0.0,0.0,1.0049079656600952
2908,395.2143744139278,25.741947174072266,0.0,0.0,1.0049132108688354
2909,600.1947278806691,24.072853088378906,0.0,0.0,1.0049909353256226
2910,235.55478258622267,-28.166887283325195,0.0,0.0,1.0050095319747925
2911,364.2595252616602,11.37576675415039,0.0,0.0,1.0050374269485474
2912,440.90667494653036,-1.8617832660675049,0.0,0.0,1.0050595998764038
2913,449.7046495904511,-24.012454986572266,0.0,0.0,1.0050281286239624
2914,385.962150595521,-13.770221710205078,0.0,0.0,1.0049811601638794
2915,861.1637875111643,16.690061569213867,0.0,0.0,1.004953384399414
2916,321.77365337777985,10.126802444458008,0.0,0.0,1.0049482583999634
2917,382.94197384524887,-5.601994514465332,0.0,0.0,1.0049352645874023
2918,540.7178592691699,-16.919086456298828,0.0,0.0,1.004900574684143
2919,572.4768500113205,7.602211952209473,0.0,0.0,1.0048824548721313
2920,400.5332888700724,-7.013154983520508,0.0,0.0,1.0048503875732422
2921,538.3630256975523,13.546719551086426,0.0,0.0,1.0048424005508423
2922,436.3830297738246,-21.019346237182617,0.0,0.0,1.004820704460144
2923,548.2355758107452,25.633180618286133,0.0,0.0,1.0048632621765137
2924,414.7884448439774,-7.376185417175293,0.0,0.0,1.0048881769180298
2925,334.92543874112437,-12.292280197143555,0.0,0.0,1.0048877000808716
2926,433.3462633686715,15.11722183227539,0.0,0.0,1.0049155950546265
2927,443.02943739559765,-13.239108085632324,0.0,0.0,1.0049210786819458
2928,495.0112378302502,-21.694522857666016,0.0,0.0,1.0048823356628418
2929,448.05955479219676,-2.862529754638672,0.0,0.0,1.0048424005508423
2930,478.48781079906144,-20.248184204101562,0.0,0.0,1.0047754049301147
2931,427.2743808548943,6.047463417053223,0.0,0.0,1.0047228336334229
2932,375.28369840054506,17.321435928344727,0.0,0.0,1.0047029256820679
2933,464.2460180327114,-0.8917069435119629,0.0,0.0,1.0046825408935547
2934,369.9117873238354,-12.325006484985352,0.0,0.0,1.004632592201233
2935,429.2365238819186,-0.9685988426208496,0.0,0.0,1.0045863389968872
2936,467.4781173719075,13.397509574890137,0.0,0.0,1.0045766830444336
2937,572.2910373070079,7.203939914703369,0.0,0.0,1.0045782327651978
2938,188.26399724468544,-5.9001545906066895,0.0,0.0,1.0045666694641113
2939,599.5546902699065,-10.97832202911377,0.0,0.0,1.0045379400253296
2940,358.25983581387027,-6.563590049743652,0.0,0.0,1.004501461982727
2941,406.8088515749354,12.15349006652832,0.0,0.0,1.004487156867981
2942,503.2012239015817,-13.100000381469727,0.0,0.0,1.004464030265808
2943,418.1265977287716,10.774523735046387,0.0,0.0,1.0044604539871216
2944,463.18849828477715,-2.7426376342773438,0.0,0.0,1.0044487714767456
2945,494.53081490315594,10.994400024414062,0.0,0.0,1.0044610500335693
2946,456.77971680902914,7.9654951095581055,0.0,0.0,1.0044811964035034
2947,540.3455740718174,-17.849422454833984,0.0,0.0,1.0044665336608887
2948,310.9252435179942,7.002286911010742,0.0,0.0,1.004471778869629
2949,477.9487438326472,6.260865688323975,0.0,0.0,1.0044888257980347
2950,756.5636839220999,-17.286609649658203,0.0,0.0,1.0044740438461304
2951,659.1266706736686,-14.953231811523438,0.0,0.0,1.0044288635253906
2952,416.4740150122839,-20.408735275268555,0.0,0.0,1.0043667554855347
2953,524.925089154642,-3.420335292816162,0.0,0.0,1.0043087005615234
2954,543.6098512567492,-10.315288543701172,0.0,0.0,1.0042492151260376
2955,415.08581454451564,18.272748947143555,0.0,0.0,1.0042279958724976
2956,387.11198671557196,1.6376285552978516,0.0,0.0,1.0042113065719604
2957,405.6097705344329,-7.987307548522949,0.0,0.0,1.0041871070861816
2958,384.9953410453169,-20.404863357543945,0.0,0.0,1.004144310951233
2959,565.5897070134739,10.024227142333984,0.0,0.0,1.0041224956512451
2960,474.5395753245483,-13.672819137573242,0.0,0.0,1.0040854215621948
2961,600.8057973782757,-24.145660400390625,0.0,0.0,1.0039969682693481
2962,453.5557287076649,-16.192630767822266,0.0,0.0,1.0039079189300537
2963,362.35526153429515,14.552736282348633,0.0,0.0,1.003873348236084
2964,608.7496948028449,1.0569095611572266,0.0,0.0,1.0038443803787231
2965,413.4183646666119,8.432292938232422,0.0,0.0,1.0038343667984009
2966,444.9042194822008,0.7836513519287109,0.0,0.0,1.0038270950317383
2967,359.3951760626022,3.091646671295166,0.0,0.0,1.0038281679153442
2968,397.57664542738985,-4.061430931091309,0.0,0.0,1.0038198232650757
2969,641.7950180016348,-28.30257225036621,0.0,0.0,1.0037885904312134
2970,274.40820925788387,27.776020050048828,0.0,0.0,1.003840446472168
2971,445.31180462563873,-21.983747482299805,0.0,0.0,1.0038633346557617
2972,475.973449350268,3.0591683387756348,0.0,0.0,1.0038927793502808
2973,394.63563473373307,-33.68532180786133,0.0,0.0,1.0038279294967651
2974,438.0941950611998,-10.957239151000977,0.0,0.0,1.0037541389465332
2975,424.32031387922336,-2.3191819190979004,0.0,0.0,1.00368332862854
2976,357.26778181873806,12.991369247436523,0.0,0.0,1.0036414861679077
2977,369.4827465928833,-3.3035755157470703,0.0,0.0,1.0035996437072754
2978,320.3990423732832,6.312883377075195,0.0,0.0,1.0035710334777832
2979,344.2221920095146,14.889524459838867,0.0,0.0,1.0035682916641235
2980,872.5948656617603,-46.837242126464844,0.0,0.0,1.0034798383712769
2981,578.22186946589,36.1795768737793,0.0,0.0,1.003463864326477
2982,580.4633368771525,12.685246467590332,0.0,0.0,1.0034621953964233
2983,876.5572369394507,-0.003433704376220703,0.0,0.0,1.00346040725708
2984,470.9521856983447,-6.561586380004883,0.0,0.0,1.0034468173980713
2985,457.23818141150514,16.367366790771484,0.0,0.0,1.003474235534668
2986,375.7738916487956,0.3551006317138672,0.0,0.0,1.003499150276184
2987,361.78026984195304,0.35423851013183594,0.0,0.0,1.0035227537155151
2988,194.82196066239152,2.238740921020508,0.0,0.0,1.003550410270691
2989,436.00362269592506,-9.213724136352539,0.0,0.0,1.0035616159439087
2990,345.4807925907452,-7.854421138763428,0.0,0.0,1.0035576820373535
2991,364.12505613761766,-39.60078048706055,0.0,0.0,1.0035085678100586
2992,450.9053385240701,-13.46402645111084,0.0,0.0,1.003444790840149
2993,345.08792381109095,12.83226203918457,0.0,0.0,1.003400444984436
2994,438.6722112403134,-2.0850276947021484,0.0,0.0,1.0033570528030396
2995,499.08860114383435,-27.48809051513672,0.0,0.0,1.0032955408096313
2996,775.4749000910894,-46.75022888183594,0.0,0.0,1.0031768083572388
2997,371.2947106880118,4.9524760246276855,0.0,0.0,1.0030903816223145
2998,606.3892575445024,16.868099212646484,0.0,0.0,1.0030356645584106
2999,393.22881736576005,2.1489758491516113,0.0,0.0,1.00299072265625
3000,601.7384986332459,19.5783748626709,0.0,0.0,1.0029621124267578
3001,513.8548349149025,-0.7096037864685059,0.0,0.0,1.002935767173767
3002,285.64407970899964,-2.9997339248657227,0.0,0.0,1.0029090642929077
3003,414.75083434499425,-2.33613920211792,0.0,0.0,1.0028815269470215
3004,198.74580869497598,3.3420190811157227,0.0,0.0,1.0028644800186157
3005,706.6958247259412,-15.64869499206543,0.0,0.0,1.002834439277649
3006,587.958205962578,-12.581104278564453,0.0,0.0,1.0027748346328735
3007,416.24818818159616,7.960591793060303,0.0,0.0,1.0027331113815308
3008,324.74594850711696,14.999775886535645,0.0,0.0,1.0027214288711548
3009,410.9729927210165,29.66200828552246,0.0,0.0,1.0027704238891602
3010,353.3932908719291,19.18509864807129,0.0,0.0,1.0028527975082397
3011,407.10068300200777,-6.552989959716797,0.0,0.0,1.0029163360595703
3012,369.99851584175724,-14.811229705810547,0.0,0.0,1.0029571056365967
3013,379.7894487893086,-0.12518072128295898,0.0,0.0,1.0029935836791992
3014,384.63005194011,11.819783210754395,0.0,0.0,1.0030401945114136
3015,413.6545809034155,-11.21558952331543,0.0,0.0,1.0030711889266968
3016,552.1923818704869,-12.931706428527832,0.0,0.0,1.0030730962753296
3017,428.4055038919606,-5.28148078918457,0.0,0.0,1.003069519996643
3018,362.03010043642223,-3.2262845039367676,0.0,0.0,1.0030598640441895
3019,565.6337473655288,-1.7661924362182617,0.0,0.0,1.003048062324524
3020,401.2860938964537,11.152009963989258,0.0,0.0,1.0030639171600342
3021,202.30696871454788,-8.95419979095459,0.0,0.0,1.003067970275879
3022,668.8311618291574,-16.312545776367188,0.0,0.0,1.0030537843704224
3023,427.1031521691751,-38.39851760864258,0.0,0.0,1.0029958486557007
3024,408.77633487975453,-4.125062942504883,0.0,0.0,1.0029369592666626
3025,552.9455009208808,18.952178955078125,0.0,0.0,1.0029064416885376
3026,542.2381948820049,-31.947277069091797,0.0,0.0,1.0028371810913086
3027,509.9633759285784,-5.790064811706543,0.0,0.0,1.002769947052002
3028,624.2701878436445,-2.8137426376342773,0.0,0.0,1.0027016401290894
3029,855.3761624574696,-2.772974967956543,0.0,0.0,1.0026358366012573
3030,338.50686600463433,-14.646524429321289,0.0,0.0,1.002564549446106
3031,412.381169350485,-12.184110641479492,0.0,0.0,1.002476692199707
3032,503.17541161331565,-1.6462459564208984,0.0,0.0,1.002395749092102
3033,397.7331083945286,-3.057971954345703,0.0,0.0,1.002316951751709
3034,283.512618704957,-8.309202194213867,0.0,0.0,1.0022268295288086
3035,545.3843815546511,-6.250490188598633,0.0,0.0,1.002139925956726
3036,608.9425969429276,10.873872756958008,0.0,0.0,1.0020713806152344
3037,465.9653638231929,13.891846656799316,0.0,0.0,1.0020384788513184
3038,404.05247422453317,15.991415023803711,0.0,0.0,1.0020467042922974
3039,591.6569057002991,26.639087677001953,0.0,0.0,1.0020766258239746
3040,384.7389622697482,1.8830204010009766,0.0,0.0,1.002109408378601
3041,575.1141014054624,2.251770496368408,0.0,0.0,1.0021411180496216
3042,499.95345116374654,-14.974323272705078,0.0,0.0,1.0021485090255737
3043,264.3968719336411,11.410909652709961,0.0,0.0,1.0021711587905884
3044,594.886541996429,-14.736882209777832,0.0,0.0,1.002159833908081
3045,406.3900497249229,-6.803241729736328,0.0,0.0,1.0021367073059082
3046,451.49916057663063,8.764291763305664,0.0,0.0,1.0021264553070068
3047,514.4634043762142,19.38634490966797,0.0,0.0,1.0021958351135254
3048,437.7867504494616,3.8350167274475098,0.0,0.0,1.0022635459899902
3049,552.0572131686768,-19.67452621459961,0.0,0.0,1.0023008584976196
3050,485.8617604911794,7.037880897521973,0.0,0.0,1.0023564100265503
3051,242.76569159565065,19.12957763671875,0.0,0.0,1.0024785995483398
3052,486.4192223405336,16.5504150390625,0.0,0.0,1.0026110410690308
3053,467.51583934378874,-6.795845985412598,0.0,0.0,1.002721905708313
3054,253.11980575917505,8.999687194824219,0.0,0.0,1.0028349161148071
3055,685.5564808690499,-10.324175834655762,0.0,0.0,1.0029217004776
3056,478.5075227376508,11.979055404663086,0.0,0.0,1.003017544746399
3057,366.60127409680905,2.203217029571533,0.0,0.0,1.0031071901321411
3058,467.0698339673796,3.548924446105957,0.0,0.0,1.0031908750534058
3059,373.4831559022397,32.70445251464844,0.0,0.0,1.0033046007156372
3060,349.99922728325384,-10.699483871459961,0.0,0.0,1.003396987915039
3061,379.7694016480756,4.874084949493408,0.0,0.0,1.0034881830215454
3062,327.5402423955621,17.023921966552734,0.0,0.0,1.003607153892517
3063,579.7575421848463,3.812723159790039,0.0,0.0,1.0037198066711426
3064,348.4523556903697,6.748635292053223,0.0,0.0,1.003833532333374
3065,335.13571749930196,-8.034563064575195,0.0,0.0,1.003916621208191
3066,357.1950418878535,12.225319862365723,0.0,0.0,1.004029631614685
3067,365.4515209302534,12.835870742797852,0.0,0.0,1.0041500329971313
3068,403.93840866586817,0.1649184226989746,0.0,0.0,1.0042587518692017
3069,591.6618578486665,-2.544290065765381,0.0,0.0,1.0043514966964722
3070,290.592257325981,-19.062259674072266,0.0,0.0,1.0044026374816895
3071,260.54432252360573,-0.9430210590362549,0.0,0.0,1.0044468641281128
3072,382.8410497334372,-5.218993663787842,0.0,0.0,1.0044790506362915
3073,248.5906690255168,-1.513160228729248,0.0,0.0,1.0045050382614136
3074,547.6759362491293,-26.9266357421875,0.0,0.0,1.0045058727264404
3075,303.0189959198147,-11.952300071716309,0.0,0.0,1.0044904947280884
3076,297.96515743790576,11.367317199707031,0.0,0.0,1.0045007467269897
3077,286.94561054041816,13.81557846069336,0.0,0.0,1.0045406818389893
3078,528.930498425124,-11.421185493469238,0.0,0.0,1.0045570135116577
3079,363.3492905159435,-14.110319137573242,0.0,0.0,1.0045342445373535
3080,342.26959343139174,-15.616449356079102,0.0,0.0,1.004480004310608
3081,325.5078668887856,-7.834022045135498,0.0,0.0,1.0044132471084595
3082,424.179013569739,-4.895678997039795,0.0,0.0,1.0043472051620483
3083,436.90357451909756,15.34788703918457,0.0,0.0,1.0043506622314453
3084,312.02672442755215,9.7004976272583,0.0,0.0,1.0043749809265137
3085,295.7653383948378,11.498769760131836,0.0,0.0,1.0044342279434204
3086,285.2739069721919,15.97612190246582,0.0,0.0,1.004530906677246
3087,466.99641849714305,-30.558780670166016,0.0,0.0,1.0045876502990723
3088,299.90120710688296,-5.781373977661133,0.0,0.0,1.0046238899230957
3089,403.1687709284106,-17.68633270263672,0.0,0.0,1.004643440246582
3090,560.8638521564333,17.416112899780273,0.0,0.0,1.0046941041946411
3091,380.10063774902915,-19.16814422607422,0.0,0.0,1.0046753883361816
3092,143.093656542454,12.832404136657715,0.0,0.0,1.0046700239181519
3093,239.4421516349969,25.00934600830078,0.0,0.0,1.0047651529312134
3094,307.28375800694863,-8.332334518432617,0.0,0.0,1.004826545715332
3095,331.44053756312087,18.010150909423828,0.0,0.0,1.0049349069595337
3096,346.55280656056385,3.5551257133483887,0.0,0.0,1.0050387382507324
3097,265.9648704084732,-15.776206970214844,0.0,0.0,1.005094051361084
3098,428.5512186781871,6.63183069229126,0.0,0.0,1.0051593780517578
3099,165.1204557340707,22.5362606048584,0.0,0.0,1.00525963306427
3100,345.2316828198851,25.885080337524414,0.0,0.0,1.0054032802581787
3101,394.32403826344336,-4.006184101104736,0.0,0.0,1.0055252313613892
3102,318.6720063190226,15.317520141601562,0.0,0.0,1.0056662559509277
3103,493.0418088023522,-18.85515785217285,0.0,0.0,1.0057549476623535
3104,319.96098880431555,-4.822072505950928,0.0,0.0,1.0058295726776123
3105,586.8052387693608,5.539654731750488,0.0,0.0,1.0059016942977905
3106,402.38974224577,-5.056648254394531,0.0,0.0,1.0059603452682495
3107,183.5380704643582,-10.681373596191406,0.0,0.0,1.0059841871261597
3108,238.37012936023405,-14.17003059387207,0.0,0.0,1.005995273590088
3109,752.090370391304,-19.987489700317383,0.0,0.0,1.0059789419174194
3110,119.20421855669657,-11.512667655944824,0.0,0.0,1.005942702293396
3111,315.01384119947716,4.31816291809082,0.0,0.0,1.005921483039856
3112,322.85488202842646,-1.970170259475708,0.0,0.0,1.0058984756469727
3113,414.45190114397,-1.1038990020751953,0.0,0.0,1.0058754682540894
3114,345.62335269263053,-9.980645179748535,0.0,0.0,1.0058382749557495
3115,152.9214078830434,-5.79481315612793,0.0,0.0,1.0057977437973022
3116,359.0984111658274,-27.828174591064453,0.0,0.0,1.0057238340377808
3117,167.73809756654006,6.1243085861206055,0.0,0.0,1.0056754350662231
3118,350.3138252313977,19.437976837158203,0.0,0.0,1.0056647062301636
3119,605.6391569220797,24.901714324951172,0.0,0.0,1.0056893825531006
3120,850.5309687647917,-22.124378204345703,0.0,0.0,1.005677342414856
3121,143.61109562228884,-11.953495025634766,0.0,0.0,1.0056405067443848
3122,393.8264558547058,12.6465482711792,0.0,0.0,1.005623698234558
3123,418.1943527236196,-3.0492186546325684,0.0,0.0,1.0056029558181763
3124,298.27269620870374,32.67900085449219,0.0,0.0,1.0056180953979492
3125,306.33608089323087,-20.331523895263672,0.0,0.0,1.0056015253067017
3126,242.0577309645469,-9.235464096069336,0.0,0.0,1.0055738687515259
3127,123.52969031227495,2.059645175933838,0.0,0.0,1.0055532455444336
3128,585.2514099588136,-5.058049201965332,0.0,0.0,1.0055276155471802
3129,204.27007949281938,-21.278474807739258,0.0,0.0,1.0054677724838257
3130,137.2646869696982,-8.719476699829102,0.0,0.0,1.005407452583313
3131,399.3353760078604,-14.184120178222656,0.0,0.0,1.0053070783615112
3132,132.48198045980448,-12.751913070678711,0.0,0.0,1.0051637887954712
3133,423.79097523128974,21.1832218170166,0.0,0.0,1.0050630569458008
3134,400.6190837805478,25.811321258544922,0.0,0.0,1.0050190687179565
3135,443.59816029998586,10.252220153808594,0.0,0.0,1.0049923658370972
3136,299.65228696124586,-4.459325790405273,0.0,0.0,1.0049618482589722
3137,377.05773299838813,1.4893746376037598,0.0,0.0,1.0049382448196411
3138,373.36245270464644,21.716201782226562,0.0,0.0,1.0050040483474731
3139,64.4605655024736,-0.21325159072875977,0.0,0.0,1.005062222480774
3140,333.11422399141924,-26.144969940185547,0.0,0.0,1.005087971687317
3141,149.1004688822952,-6.592411994934082,0.0,0.0,1.0050917863845825
3142,277.4309659260488,16.55740737915039,0.0,0.0,1.0051159858703613
3143,481.5148373220422,23.029417037963867,0.0,0.0,1.0051782131195068
3144,183.05688792755723,6.095346927642822,0.0,0.0,1.0052481889724731
3145,312.7731103424512,9.735464096069336,0.0,0.0,1.0053406953811646
3146,253.60300683738174,16.193777084350586,0.0,0.0,1.0054582357406616
3147,365.6508764073895,2.7607550621032715,0.0,0.0,1.0055698156356812
3148,445.3290637342694,1.3325376510620117,0.0,0.0,1.0056730508804321
3149,379.9334398026607,19.08837127685547,0.0,0.0,1.0058194398880005
3150,157.93038368189332,-7.792989730834961,0.0,0.0,1.0059250593185425
3151,525.0991761982464,1.7582097053527832,0.0,0.0,1.0060237646102905
3152,157.4812354835491,-12.955978393554688,0.0,0.0,1.0060805082321167
3153,297.04096164092107,4.249935150146484,0.0,0.0,1.0061358213424683
3154,475.60207641894993,-10.013654708862305,0.0,0.0,1.0061570405960083
3155,141.6107155495868,5.796998023986816,0.0,0.0,1.0061932802200317
3156,234.56940924301352,-7.6924238204956055,0.0,0.0,1.0062111616134644
3157,367.7824792453528,2.316000461578369,0.0,0.0,1.0062322616577148
3158,130.87562845933414,8.230632781982422,0.0,0.0,1.006278395652771
3159,375.35521765807187,19.790910720825195,0.0,0.0,1.0063409805297852
3160,176.98467928358272,-18.190643310546875,0.0,0.0,1.006350040435791
3161,238.98311228192193,7.1708574295043945,0.0,0.0,1.006369709968567
3162,240.14336419154404,-18.81353187561035,0.0,0.0,1.0063691139221191
3163,114.13372339603504,21.18887710571289,0.0,0.0,1.0064120292663574
3164,152.6939367293241,4.246487617492676,0.0,0.0,1.006464958190918
3165,240.51248525796072,4.474420070648193,0.0,0.0,1.0065218210220337
3166,178.75718782936517,-17.697708129882812,0.0,0.0,1.0065230131149292
3167,278.552546812422,18.524742126464844,0.0,0.0,1.006559133529663
3168,349.9785441368432,18.038604736328125,0.0,0.0,1.0066243410110474
3169,403.8307747637023,-27.074434280395508,0.0,0.0,1.0066418647766113
3170,297.2937766800925,10.58151626586914,0.0,0.0,1.0066672563552856
3171,506.63572730546423,16.67060089111328,0.0,0.0,1.0067143440246582
3172,631.6014504941633,19.00629425048828,0.0,0.0,1.0067857503890991
3173,151.424453129761,-15.181390762329102,0.0,0.0,1.0067623853683472
3174,151.83926650680738,-1.7887449264526367,0.0,0.0,1.0067380666732788
3175,569.4187121846288,-8.71828842163086,0.0,0.0,1.0067087411880493
3176,298.46088138147854,11.265710830688477,0.0,0.0,1.0067031383514404
3177,433.80281793109486,0.2205352783203125,0.0,0.0,1.006698727607727
3178,346.2091568252513,4.061161994934082,0.0,0.0,1.006703495979309
3179,134.96788410861842,12.998834609985352,0.0,0.0,1.0067657232284546
3180,141.47721052221686,11.261216163635254,0.0,0.0,1.0068386793136597
3181,271.2498687887211,-5.040590286254883,0.0,0.0,1.0068963766098022
3182,142.4097460599589,-11.798751831054688,0.0,0.0,1.0069156885147095
3183,166.8546659498597,5.640738487243652,0.0,0.0,1.006940245628357
3184,236.3751461313373,-32.651485443115234,0.0,0.0,1.006935715675354
3185,440.92491622948177,1.3315019607543945,0.0,0.0,1.006933331489563
3186,361.9192775762776,10.288686752319336,0.0,0.0,1.0069512128829956
3187,364.23977931562155,2.837162971496582,0.0,0.0,1.0069708824157715
3188,311.8105454154875,12.870590209960938,0.0,0.0,1.0070104598999023
3189,364.54042922385304,-6.916960716247559,0.0,0.0,1.0070381164550781
3190,350.5211366060387,8.627262115478516,0.0,0.0,1.0070844888687134
3191,256.93638523496827,5.89692497253418,0.0,0.0,1.0071474313735962
3192,686.8344026317241,-0.6159400939941406,0.0,0.0,1.007203459739685
3193,386.98074116997145,13.490731239318848,0.0,0.0,1.007276177406311
3194,136.65647325258098,-10.100619316101074,0.0,0.0,1.007307529449463
3195,401.5515998612637,43.34273910522461,0.0,0.0,1.0073915719985962
3196,410.1780916702393,-31.29399871826172,0.0,0.0,1.00743567943573
3197,181.07025446782717,-15.863068580627441,0.0,0.0,1.0074011087417603
3198,247.938882619191,3.4821271896362305,0.0,0.0,1.007377028465271
3199,367.2625178594451,-6.585982799530029,0.0,0.0,1.0073424577713013
3200,661.896614341802,-39.005775451660156,0.0,0.0,1.0072680711746216
3201,261.47855697192745,9.101720809936523,0.0,0.0,1.0072206258773804
3202,550.3736063791605,-4.963785648345947,0.0,0.0,1.0071698427200317
3203,316.29298934875345,-1.5568461418151855,0.0,0.0,1.007121205329895
3204,326.85436314160216,-14.589136123657227,0.0,0.0,1.0070465803146362
3205,73.1519505281988,-3.4216089248657227,0.0,0.0,1.0069689750671387
3206,369.10517495956884,-9.60335922241211,0.0,0.0,1.006871223449707
3207,609.5168292378132,1.5721945762634277,0.0,0.0,1.0067862272262573
3208,318.70229393185963,19.397918701171875,0.0,0.0,1.0067776441574097
3209,408.4491166438392,24.06596565246582,0.0,0.0,1.0068116188049316
3210,590.1116841199513,19.052818298339844,0.0,0.0,1.0068596601486206
3211,309.83302807403845,14.438780784606934,0.0,0.0,1.006947636604309
3212,623.0083163926425,16.888595581054688,0.0,0.0,1.0070465803146362
3213,286.977753115583,-7.859433174133301,0.0,0.0,1.0071276426315308
3214,281.96583709668494,5.96019983291626,0.0,0.0,1.0072170495986938
3215,389.92728819812174,-4.922897815704346,0.0,0.0,1.007280945777893
3216,384.5438268717048,-8.118978500366211,0.0,0.0,1.007315754890442
3217,316.23802280388065,-18.46035385131836,0.0,0.0,1.0073137283325195
3218,439.4068985496981,-25.08648681640625,0.0,0.0,1.007246494293213
3219,304.04290812044775,-38.53337860107422,0.0,0.0,1.007107138633728
3220,311.4261768764986,-10.639878273010254,0.0,0.0,1.0069650411605835
3221,249.75539625853546,2.141874313354492,0.0,0.0,1.0068429708480835
3222,375.4624807864322,-15.24130630493164,0.0,0.0,1.006717562675476
3223,210.1978360703381,0.56266188621521,0.0,0.0,1.0066055059432983
3224,268.51892879208464,13.260895729064941,0.0,0.0,1.0065196752548218
3225,531.1490647710502,-14.196592330932617,0.0,0.0,1.0064212083816528
3226,362.3521393311505,12.310922622680664,0.0,0.0,1.006354808807373
3227,397.5091834773279,-20.18680191040039,0.0,0.0,1.0062724351882935
3228,321.3101247191397,-18.714624404907227,0.0,0.0,1.0061463117599487
3229,225.4934885507268,10.40252685546875,0.0,0.0,1.00605309009552
3230,167.68724498386453,2.34989333152771,0.0,0.0,1.0059722661972046
3231,299.80394166396206,-5.527355194091797,0.0,0.0,1.0058788061141968
3232,271.0080395775786,17.762441635131836,0.0,0.0,1.0058116912841797
3233,227.57533126999954,-3.4740891456604004,0.0,0.0,1.0057402849197388
3234,236.60381424917838,-3.93821382522583,0.0,0.0,1.0056661367416382
3235,730.6957780383963,-13.124689102172852,0.0,0.0,1.0055875778198242
3236,301.8156916132176,7.390714645385742,0.0,0.0,1.0055289268493652
3237,458.9876572208671,-5.066673278808594,0.0,0.0,1.0054699182510376
3238,353.8678865394141,8.480058670043945,0.0,0.0,1.0054339170455933
3239,192.16773587923402,17.246002197265625,0.0,0.0,1.0054343938827515
3240,201.81102433497864,-5.793994903564453,0.0,0.0,1.0054265260696411
3241,271.9627703315189,13.010388374328613,0.0,0.0,1.005435585975647
3242,294.30347358413223,-4.878866195678711,0.0,0.0,1.0054306983947754
3243,213.38120946166973,-13.356724739074707,0.0,0.0,1.0053826570510864
3244,665.6611118820312,20.3288631439209,0.0,0.0,1.005380630493164
3245,630.8061740196998,-0.37282371520996094,0.0,0.0,1.0053781270980835
3246,263.44045758742055,10.506882667541504,0.0,0.0,1.0054211616516113
3247,335.48318551622,15.239480018615723,0.0,0.0,1.0054987668991089
3248,440.9794731984874,24.53568458557129,0.0,0.0,1.0056136846542358
3249,225.75397530019282,-7.181554794311523,0.0,0.0,1.0057004690170288
3250,211.5755351004944,-3.791245460510254,0.0,0.0,1.0057703256607056
3251,329.2767658074241,30.625926971435547,0.0,0.0,1.0059040784835815
3252,556.5011060726474,1.0963659286499023,0.0,0.0,1.0060263872146606
3253,696.6897992382418,-17.431076049804688,0.0,0.0,1.0060982704162598
3254,213.75292615334376,15.397019386291504,0.0,0.0,1.0062304735183716
3255,200.25006826861033,3.8793106079101562,0.0,0.0,1.0063596963882446
3256,253.98066016706602,6.29774808883667,0.0,0.0,1.006493330001831
3257,286.8018344376102,4.7126336097717285,0.0,0.0,1.0066213607788086
3258,194.4914389113431,8.1143159866333,0.0,0.0,1.0067640542984009
3259,279.43973572400864,-7.7982707023620605,0.0,0.0,1.0068753957748413
3260,268.59727521713495,-2.4614505767822266,0.0,0.0,1.0069726705551147
3261,252.5893575338803,-39.31200408935547,0.0,0.0,1.0069926977157593
3262,177.95577218269435,14.58576774597168,0.0,0.0,1.007077693939209
3263,349.43882003568746,-6.853935241699219,0.0,0.0,1.0071460008621216
3264,172.18063888971034,1.5609049797058105,0.0,0.0,1.0072110891342163
3265,133.601261701148,-2.1533849239349365,0.0,0.0,1.0072675943374634
3266,493.80753502693,-17.663923263549805,0.0,0.0,1.0072838068008423
3267,658.9201772360341,-12.861063003540039,0.0,0.0,1.007279634475708
3268,210.18393660645336,1.4931116104125977,0.0,0.0,1.007278561592102
3269,685.108034900571,0.08938980102539062,0.0,0.0,1.0072776079177856
3270,179.1258584261226,23.778656005859375,0.0,0.0,1.0073134899139404
3271,198.9191078870326,18.181968688964844,0.0,0.0,1.0073788166046143
3272,246.68173498763485,-1.366342544555664,0.0,0.0,1.0074361562728882
3273,337.4357442769137,14.907196998596191,0.0,0.0,1.0075336694717407
3274,182.64141689614513,1.7802410125732422,0.0,0.0,1.0076252222061157
3275,466.66733556567044,15.86427116394043,0.0,0.0,1.0077266693115234
3276,255.52089472982993,16.037551879882812,0.0,0.0,1.007863163948059
3277,590.9584498279539,-9.815546035766602,0.0,0.0,1.007971167564392
3278,309.2613512182385,-4.9914937019348145,0.0,0.0,1.0080584287643433
3279,209.47271312609516,-0.9133214950561523,0.0,0.0,1.0081344842910767
3280,455.27018631376865,6.995552062988281,0.0,0.0,1.008211612701416
3281,487.1264504320668,-21.521268844604492,0.0,0.0,1.008251667022705
3282,240.3767541967649,1.5837080478668213,0.0,0.0,1.0082930326461792
3283,226.37421685436416,-5.349471569061279,0.0,0.0,1.008315920829773
3284,243.15451007518203,12.126792907714844,0.0,0.0,1.0083781480789185
3285,918.8289850199826,-5.700226306915283,0.0,0.0,1.008423924446106
3286,407.44920197163685,-7.58065938949585,0.0,0.0,1.0084477663040161
3287,204.31491974196888,13.525437355041504,0.0,0.0,1.0084965229034424
3288,259.98368543679624,-9.353928565979004,0.0,0.0,1.0085269212722778
3289,299.34334987475876,12.100763320922852,0.0,0.0,1.0085797309875488
3290,252.17301549168758,-0.9732470512390137,0.0,0.0,1.0086256265640259
3291,239.9013627307915,25.877552032470703,0.0,0.0,1.0087097883224487
3292,271.9387027297667,-23.525741577148438,0.0,0.0,1.0087636709213257
3293,677.9411907249812,-25.583799362182617,0.0,0.0,1.008774995803833
3294,375.6901880117342,8.999650955200195,0.0,0.0,1.0088095664978027
3295,290.17312953758136,16.164579391479492,0.0,0.0,1.0088659524917603
3296,233.18453643199675,-7.168935775756836,0.0,0.0,1.0089054107666016
3297,507.7436080504561,-35.80609130859375,0.0,0.0,1.0088833570480347
3298,233.11086097825856,-6.464506149291992,0.0,0.0,1.0088380575180054
3299,365.5572971040047,20.87135124206543,0.0,0.0,1.0088558197021484
3300,319.0185123821372,-8.892805099487305,0.0,0.0,1.0088549852371216
3301,578.5027963797988,-25.15740394592285,0.0,0.0,1.0088192224502563
3302,651.8835215308694,-13.89134407043457,0.0,0.0,1.0087531805038452
3303,469.1388467618877,-9.326743125915527,0.0,0.0,1.0086814165115356
3304,664.962618457794,-3.947474479675293,0.0,0.0,1.008607268333435
3305,940.4453217970995,12.6133451461792,0.0,0.0,1.0085490942001343
3306,304.669467658439,15.6386137008667,0.0,0.0,1.0085253715515137
3307,274.54897537824195,16.122848510742188,0.0,0.0,1.008544683456421
3308,566.7939831678527,-14.434776306152344,0.0,0.0,1.0085469484329224
3309,481.96773034851685,11.475013732910156,0.0,0.0,1.008567452430725
3310,251.7217178147784,13.605255126953125,0.0,0.0,1.0086239576339722
3311,772.3391498686161,18.892648696899414,0.0,0.0,1.0086987018585205
3312,607.079248253748,-2.0088367462158203,0.0,0.0,1.0087617635726929
3313,333.9063164275357,20.00826644897461,0.0,0.0,1.0088763236999512
3314,394.9335509731794,9.542764663696289,0.0,0.0,1.0089980363845825
3315,366.3595511940449,30.242530822753906,0.0,0.0,1.0091642141342163
3316,525.4723184213963,-29.829696655273438,0.0,0.0,1.0092707872390747
3317,477.42708109898194,-15.260405540466309,0.0,0.0,1.009352207183838
3318,374.95731120333295,-13.176260948181152,0.0,0.0,1.0094069242477417
3319,544.469952186979,-5.2095866203308105,0.0,0.0,1.0094479322433472
3320,458.4348986144268,-8.519659042358398,0.0,0.0,1.009475588798523
3321,276.14293769608366,22.01483154296875,0.0,0.0,1.0095371007919312
3322,607.0332375097014,-4.421637058258057,0.0,0.0,1.009586215019226
3323,706.6373321184674,-5.020965576171875,0.0,0.0,1.0096222162246704
3324,254.22709919890207,-15.389108657836914,0.0,0.0,1.0096102952957153
3325,322.39238926164444,18.964466094970703,0.0,0.0,1.0096677541732788
3326,461.31745281211363,3.138218879699707,0.0,0.0,1.0097229480743408
3327,478.0633109712924,-2.6074819564819336,0.0,0.0,1.0097627639770508
3328,499.1368226278474,-12.82937240600586,0.0,0.0,1.0097869634628296
3329,426.4071803522186,-2.4702725410461426,0.0,0.0,1.0098060369491577
3330,459.26357508359627,-15.850336074829102,0.0,0.0,1.00981605052948
3331,578.1856660952125,9.167469024658203,0.0,0.0,1.0098401308059692
3332,471.1121254763708,3.221799850463867,0.0,0.0,1.009867548942566
3333,388.0966374067764,15.678449630737305,0.0,0.0,1.009926676750183
3334,407.2817871387914,-25.527137756347656,0.0,0.0,1.009917974472046
3335,251.44601336112535,-17.819805145263672,0.0,0.0,1.0098849534988403
3336,609.5931813246488,20.184402465820312,0.0,0.0,1.0098932981491089
3337,365.2613519298614,-15.044075965881348,0.0,0.0,1.0098644495010376
3338,760.3150448786329,-26.295618057250977,0.0,0.0,1.009799838066101
3339,537.4355078034121,16.979942321777344,0.0,0.0,1.0097557306289673
3340,458.57178545808074,24.792194366455078,0.0,0.0,1.0097460746765137
3341,358.75438812005336,13.033613204956055,0.0,0.0,1.009752631187439
3342,531.5067311514202,22.969560623168945,0.0,0.0,1.0098100900650024
3343,423.3284846936966,-1.812331199645996,0.0,0.0,1.0098609924316406
3344,482.9849945131102,-2.7244114875793457,0.0,0.0,1.009903073310852
3345,336.8834817394775,0.2907071113586426,0.0,0.0,1.0099419355392456
3346,544.3976932572092,-1.0772943496704102,0.0,0.0,1.0099750757217407
3347,358.73697340749465,-5.001147270202637,0.0,0.0,1.0099900960922241
3348,274.768677835416,-6.634913444519043,0.0,0.0,1.0099917650222778
3349,705.8954434509691,41.80654525756836,0.0,0.0,1.010098934173584
3350,149.68090125664108,-25.067245483398438,0.0,0.0,1.0101531744003296
3351,383.4064019312811,21.659137725830078,0.0,0.0,1.0102505683898926
3352,667.3510897621148,31.26943016052246,0.0,0.0,1.01042640209198
3353,439.4147736671573,11.29725456237793,0.0,0.0,1.0106130838394165
3354,333.184909129862,-2.416264057159424,0.0,0.0,1.0107780694961548
3355,327.1113369764251,-34.93296813964844,0.0,0.0,1.0108627080917358
3356,427.32815837662736,-17.442012786865234,0.0,0.0,1.0109180212020874
3357,401.8800794795716,-0.49568796157836914,0.0,0.0,1.0109668970108032
3358,360.31886934864644,-8.15369987487793,0.0,0.0,1.0110012292861938
3359,430.50907972937546,17.532745361328125,0.0,0.0,1.0111035108566284
3360,384.8522558847115,-14.674633026123047,0.0,0.0,1.0111753940582275
3361,354.9180745609791,11.777379989624023,0.0,0.0,1.0112630128860474
3362,159.52162563682077,23.35967254638672,0.0,0.0,1.0114234685897827
3363,452.83249774488,9.029608726501465,0.0,0.0,1.0115946531295776
3364,330.9746061246405,2.2646265029907227,0.0,0.0,1.011752963066101
3365,357.4077718877231,22.345869064331055,0.0,0.0,1.011916995048523
3366,357.9871937808449,-10.253274917602539,0.0,0.0,1.0120506286621094
3367,324.4609576771014,17.509706497192383,0.0,0.0,1.0122095346450806
3368,459.5361284068906,1.8945484161376953,0.0,0.0,1.0123590230941772
3369,394.5584284159698,23.454803466796875,0.0,0.0,1.012526035308838
3370,618.585190169336,7.397704601287842,0.0,0.0,1.012682318687439
3371,528.3491784132264,7.952483177185059,0.0,0.0,1.0128296613693237
3372,363.6396448403425,14.542966842651367,0.0,0.0,1.0129750967025757
3373,415.5272537429895,37.54179382324219,0.0,0.0,1.0131598711013794
3374,560.4147149560754,1.1773910522460938,0.0,0.0,1.0133298635482788
3375,315.1658925286428,4.070565223693848,0.0,0.0,1.01348876953125
3376,294.8551907804659,-1.436704397201538,0.0,0.0,1.0136297941207886
3377,271.4051015748484,-14.89233684539795,0.0,0.0,1.013738751411438
3378,460.76415028599183,6.924017906188965,0.0,0.0,1.0138444900512695
3379,445.9564320754189,-3.8416004180908203,0.0,0.0,1.0139353275299072
3380,387.6274546511091,-14.683856964111328,0.0,0.0,1.0139704942703247
3381,364.4840515766911,-1.8926000595092773,0.0,0.0,1.0139981508255005
3382,732.5178796841556,22.080780029296875,0.0,0.0,1.014074683189392
3383,620.6582688793386,-11.567623138427734,0.0,0.0,1.01410973072052
3384,473.7221666490437,10.65394401550293,0.0,0.0,1.0141544342041016
3385,107.12674527582486,1.975717544555664,0.0,0.0,1.014198660850525
3386,473.8660448785703,2.1833834648132324,0.0,0.0,1.014243483543396
3387,453.6748874633894,13.525989532470703,0.0,0.0,1.0143181085586548
3388,504.2957479738535,6.100835800170898,0.0,0.0,1.0144044160842896
3389,140.76881571620592,-8.205183029174805,0.0,0.0,1.014469027519226
3390,270.86052531867307,18.151201248168945,0.0,0.0,1.014560341835022
3391,678.4176603229565,-23.808956146240234,0.0,0.0,1.0145912170410156
3392,442.6288291454184,2.821554183959961,0.0,0.0,1.0146278142929077
3393,270.5362226549792,-13.891372680664062,0.0,0.0,1.0146270990371704
3394,364.38947674590884,2.1191210746765137,0.0,0.0,1.0146340131759644
3395,488.24162330144395,-10.590675354003906,0.0,0.0,1.0146318674087524
3396,552.9697061593644,-1.8362998962402344,0.0,0.0,1.0146275758743286
3397,794.7056924620836,-13.972471237182617,0.0,0.0,1.0146114826202393
3398,506.46109126621917,0.44241905212402344,0.0,0.0,1.014597773551941
3399,628.0533238692742,-36.781822204589844,0.0,0.0,1.0145506858825684
3400,467.44465968241883,-7.334352970123291,0.0,0.0,1.0144919157028198
3401,388.88019796132926,36.62336730957031,0.0,0.0,1.014485478401184
3402,290.65334263108525,-17.81730079650879,0.0,0.0,1.0144532918930054
3403,454.657198969597,-14.530633926391602,0.0,0.0,1.0144133567810059
3404,275.6648844910309,14.093010902404785,0.0,0.0,1.0144215822219849
3405,313.52171463430193,-8.562267303466797,0.0,0.0,1.0143961906433105
3406,353.2575324909665,-15.250303268432617,0.0,0.0,1.0143358707427979
3407,294.84507376761456,2.6896419525146484,0.0,0.0,1.0142884254455566
3408,457.6273548601125,18.074735641479492,0.0,0.0,1.0142817497253418
3409,299.14264335434393,-13.880603790283203,0.0,0.0,1.0142539739608765
3410,375.1515409609217,9.79134750366211,0.0,0.0,1.0142453908920288
3411,557.0123597351151,2.0699148178100586,0.0,0.0,1.0142419338226318
3412,372.42493755680675,-11.12578296661377,0.0,0.0,1.0142152309417725
3413,587.4529559380618,5.848053932189941,0.0,0.0,1.014204978942871
3414,512.71532963435,-25.784465789794922,0.0,0.0,1.0141103267669678
3415,208.60896080687166,-14.493623733520508,0.0,0.0,1.0140002965927124
3416,369.4729503588312,5.2657389640808105,0.0,0.0,1.013905644416809
3417,244.23382178551404,5.951489448547363,0.0,0.0,1.0138553380966187
3418,521.8463982586159,-21.865116119384766,0.0,0.0,1.0137873888015747
3419,342.7030652078877,12.8213529586792,0.0,0.0,1.0137643814086914
3420,240.2561053702492,-11.861570358276367,0.0,0.0,1.0137300491333008
3421,441.21625135443225,8.255475997924805,0.0,0.0,1.0137203931808472
3422,369.3604863374025,7.347440242767334,0.0,0.0,1.0137231349945068
3423,153.22848525141464,-8.602973937988281,0.0,0.0,1.013710856437683
3424,326.1661518134764,4.126291275024414,0.0,0.0,1.0137077569961548
3425,286.41534039044376,-16.621767044067383,0.0,0.0,1.0136765241622925
3426,494.05273164319533,14.961244583129883,0.0,0.0,1.0136808156967163
3427,68.05307679392412,-19.04539680480957,0.0,0.0,1.0136233568191528
3428,323.84717236314543,3.7509355545043945,0.0,0.0,1.013584852218628
3429,101.19376444034096,-4.731711387634277,0.0,0.0,1.0135345458984375
3430,193.46262136411383,2.323303699493408,0.0,0.0,1.013495683670044
3431,282.5893923848219,4.389608383178711,0.0,0.0,1.013468623161316
3432,234.08715128006827,-3.728475570678711,0.0,0.0,1.0134377479553223
3433,409.44931184704774,-5.825168609619141,0.0,0.0,1.0134061574935913
3434,293.325267757622,3.6374940872192383,0.0,0.0,1.0133861303329468
3435,320.1710139835913,-2.225027084350586,0.0,0.0,1.0133639574050903
3436,493.24776733931714,-21.398345947265625,0.0,0.0,1.0133150815963745
3437,119.85564748074279,-16.08762550354004,0.0,0.0,1.0132226943969727
3438,255.47886156707344,-0.5679116249084473,0.0,0.0,1.0131378173828125
3439,322.870389433125,-6.2753987312316895,0.0,0.0,1.0130542516708374
3440,421.72783984104666,-13.258596420288086,0.0,0.0,1.0129324197769165
3441,289.2721528777187,-6.434019565582275,0.0,0.0,1.0128116607666016
3442,358.55868442033113,-18.68828582763672,0.0,0.0,1.0126866102218628
3443,327.1691849750581,-13.702852249145508,0.0,0.0,1.0125370025634766
3444,326.7023568389662,-25.0942325592041,0.0,0.0,1.0123108625411987
3445,310.819980494894,-14.88680362701416,0.0,0.0,1.0120750665664673
3446,326.17466843591853,-15.582157135009766,0.0,0.0,1.0118497610092163
3447,72.69046335297914,14.620774269104004,0.0,0.0,1.0116794109344482
3448,278.41196050813,10.602852821350098,0.0,0.0,1.0115526914596558
3449,204.22120684082495,-3.7190027236938477,0.0,0.0,1.0114322900772095
3450,301.7377909680896,30.512863159179688,0.0,0.0,1.0113979578018188
3451,278.3863080660929,-20.5723934173584,0.0,0.0,1.011329174041748
3452,475.30669116099006,-5.705005645751953,0.0,0.0,1.011251449584961
3453,368.86542749597976,-0.8214106559753418,0.0,0.0,1.0111805200576782
3454,517.7571094597109,29.215717315673828,0.0,0.0,1.0112119913101196
3455,337.2423412190772,-15.846467971801758,0.0,0.0,1.0112076997756958
3456,319.0135472645284,4.709196090698242,0.0,0.0,1.0112212896347046
3457,278.14481981524165,-8.708404541015625,0.0,0.0,1.0112239122390747
3458,240.2200176296772,3.8930625915527344,0.0,0.0,1.0112299919128418
3459,231.8287114066605,8.464605331420898,0.0,0.0,1.0112595558166504
3460,313.1852398578718,-16.163509368896484,0.0,0.0,1.0112452507019043
3461,451.44006568718254,-51.23274230957031,0.0,0.0,1.0111790895462036
3462,257.95489735770934,-15.597362518310547,0.0,0.0,1.0110942125320435
3463,353.2118611995068,14.466903686523438,0.0,0.0,1.0110464096069336
3464,307.13105390699934,-8.84416389465332,0.0,0.0,1.0109777450561523
3465,285.41635713771035,18.218955993652344,0.0,0.0,1.0109530687332153
3466,348.2676524462626,16.507659912109375,0.0,0.0,1.0109542608261108
3467,251.85260298593607,11.258832931518555,0.0,0.0,1.0109748840332031
3468,263.75566163190535,-8.439513206481934,0.0,0.0,1.0109699964523315
3469,230.04825530213367,-6.598690509796143,0.0,0.0,1.010947346687317
3470,224.76953614289368,7.185588836669922,0.0,0.0,1.0109481811523438
3471,207.9909039143561,1.000939130783081,0.0,0.0,1.010949969291687
3472,284.24038684724457,10.735607147216797,0.0,0.0,1.010973334312439
3473,286.2524467865431,-5.225489139556885,0.0,0.0,1.010977864265442
3474,374.4711352434338,-11.370528221130371,0.0,0.0,1.0109621286392212
3475,265.98664132086566,4.96270751953125,0.0,0.0,1.0109620094299316
3476,218.86803213385534,-23.234783172607422,0.0,0.0,1.0109082460403442
3477,311.80466644182604,-22.733802795410156,0.0,0.0,1.0108424425125122
3478,390.46622924324,0.539003849029541,0.0,0.0,1.0107837915420532
3479,290.13324273643343,10.928363800048828,0.0,0.0,1.0107439756393433
3480,258.79260959228253,2.3072853088378906,0.0,0.0,1.0107101202011108
3481,519.9797676421088,19.709569931030273,0.0,0.0,1.0107030868530273
3482,388.36587102239776,-10.04948616027832,0.0,0.0,1.0106756687164307
3483,460.9412974076141,22.995548248291016,0.0,0.0,1.0106927156448364
3484,208.2156797522341,-3.2589383125305176,0.0,0.0,1.0107017755508423
3485,290.0436243575511,32.30657196044922,0.0,0.0,1.010793685913086
3486,325.34578710904026,14.575510025024414,0.0,0.0,1.0108951330184937
3487,291.15181180943694,13.693498611450195,0.0,0.0,1.011038899421692
3488,329.1676639040942,2.878051280975342,0.0,0.0,1.0111720561981201
3489,305.8519443306426,1.4039664268493652,0.0,0.0,1.0112961530685425
3490,384.63148760201256,4.999352931976318,0.0,0.0,1.011412501335144
3491,343.07119040545297,9.137239456176758,0.0,0.0,1.0115364789962769
3492,11.182566628592818,0.8650527000427246,0.0,0.0,1.0116513967514038
3493,356.72335214836465,9.0925931930542,0.0,0.0,1.01176917552948
3494,320.6247368185504,-12.6643705368042,0.0,0.0,1.0118621587753296
3495,289.84247166547124,-0.5297660827636719,0.0,0.0,1.0119456052780151
3496,278.4299802373934,-7.375148773193359,0.0,0.0,1.0120134353637695
3497,403.6150258937288,10.467860221862793,0.0,0.0,1.0120896100997925
3498,310.50721668404395,-13.356736183166504,0.0,0.0,1.0121406316757202
3499,405.9852343098564,-9.525670051574707,0.0,0.0,1.012168049812317
3500,348.9527616654285,12.434225082397461,0.0,0.0,1.012213110923767
3501,437.67116366502364,-18.625507354736328,0.0,0.0,1.0122135877609253
3502,358.2132979860537,6.908661842346191,0.0,0.0,1.0122313499450684
3503,239.05895808056678,10.439531326293945,0.0,0.0,1.0122612714767456
3504,466.40237121847946,-13.892060279846191,0.0,0.0,1.0122531652450562
3505,223.7942099664467,7.130435943603516,0.0,0.0,1.01226007938385
3506,350.45510787344574,15.700212478637695,0.0,0.0,1.012315034866333
3507,482.96340293933525,-2.0770158767700195,0.0,0.0,1.0123618841171265
3508,294.64867598848724,14.13769245147705,0.0,0.0,1.0124114751815796
3509,439.57845633328344,29.646806716918945,0.0,0.0,1.0125285387039185
3510,275.8301782369382,18.015439987182617,0.0,0.0,1.0126999616622925
3511,448.561799915022,1.9896764755249023,0.0,0.0,1.0128567218780518
3512,445.90962050248237,3.8364272117614746,0.0,0.0,1.0130029916763306
3513,587.0753933806382,-57.59196472167969,0.0,0.0,1.0130680799484253
3514,590.0667312782608,19.12859535217285,0.0,0.0,1.0131434202194214
3515,252.20064783821263,-38.511863708496094,0.0,0.0,1.0131388902664185
3516,397.9873735430211,-9.162220001220703,0.0,0.0,1.0131102800369263
3517,459.4741913256577,2.642160415649414,0.0,0.0,1.0130900144577026
3518,508.8864917639439,-2.1796722412109375,0.0,0.0,1.0130659341812134
3519,332.53759887409217,4.707485675811768,0.0,0.0,1.0130573511123657
3520,229.73566398217085,-7.585900783538818,0.0,0.0,1.0130304098129272
3521,584.7578531641781,-12.041019439697266,0.0,0.0,1.0129884481430054
3522,279.27141446557283,3.444737434387207,0.0,0.0,1.0129588842391968
3523,601.3175629667343,9.94600772857666,0.0,0.0,1.0129404067993164
3524,466.1307280778653,22.687103271484375,0.0,0.0,1.0129621028900146
3525,196.157351555247,1.884408950805664,0.0,0.0,1.0129846334457397
3526,267.8494096145765,17.900487899780273,0.0,0.0,1.0130342245101929
3527,580.612051731941,1.3140134811401367,0.0,0.0,1.0130802392959595
3528,960.3022117429514,-38.586997985839844,0.0,0.0,1.0130819082260132
3529,344.48397396564485,8.543889999389648,0.0,0.0,1.0131044387817383
3530,411.50514157769817,6.490499496459961,0.0,0.0,1.013134241104126
3531,341.22324875927364,-11.769124984741211,0.0,0.0,1.013144612312317
3532,580.864542755543,-40.24592208862305,0.0,0.0,1.0130358934402466
3533,492.18852438638567,-10.869251251220703,0.0,0.0,1.012919545173645
3534,161.71217970481325,-9.044437408447266,0.0,0.0,1.0127958059310913
3535,294.27241661905634,-16.903512954711914,0.0,0.0,1.0126506090164185
3536,292.5970159837169,-7.388392448425293,0.0,0.0,1.0125077962875366
3537,404.7666613481662,-22.7539005279541,0.0,0.0,1.012351393699646
3538,275.45174067362757,1.0093088150024414,0.0,0.0,1.0122135877609253
3539,131.68790890328196,12.599793434143066,0.0,0.0,1.0121029615402222
3540,295.617171858027,37.051673889160156,0.0,0.0,1.0120950937271118
3541,209.54214161606149,4.759959697723389,0.0,0.0,1.0121015310287476
3542,270.85391626988405,5.877408981323242,0.0,0.0,1.0121265649795532
3543,161.75763718913188,0.30109739303588867,0.0,0.0,1.0121492147445679
3544,382.34897917987104,4.203222274780273,0.0,0.0,1.0121777057647705
3545,259.9078890858683,-1.7855606079101562,0.0,0.0,1.012198805809021
3546,359.3121658213037,14.762455940246582,0.0,0.0,1.0122429132461548
3547,480.27155473285967,-13.474807739257812,0.0,0.0,1.0122647285461426
3548,279.85024088312184,9.003609657287598,0.0,0.0,1.0123010873794556
3549,297.6998553251386,12.660037994384766,0.0,0.0,1.0123707056045532
3550,314.6815332215504,-21.82550811767578,0.0,0.0,1.0123924016952515
3551,360.22266289298676,9.28585147857666,0.0,0.0,1.0124181509017944
3552,160.94353579977886,-4.828977584838867,0.0,0.0,1.0124273300170898
3553,143.10587211529543,25.505264282226562,0.0,0.0,1.0125168561935425
3554,300.0266845852127,24.174640655517578,0.0,0.0,1.0126591920852661
3555,366.45867042685904,3.8789777755737305,0.0,0.0,1.0127965211868286
3556,245.90976705600298,17.62964630126953,0.0,0.0,1.0129694938659668
3557,321.4410912486684,-3.8095006942749023,0.0,0.0,1.0131174325942993
3558,492.1244281649976,-26.628284454345703,0.0,0.0,1.0132057666778564
3559,444.2063542723728,8.219290733337402,0.0,0.0,1.0133017301559448
3560,195.1350831114889,-12.350055694580078,0.0,0.0,1.013372778892517
3561,352.6507469467083,-23.124555587768555,0.0,0.0,1.0133856534957886
3562,387.4528611917599,-6.582706928253174,0.0,0.0,1.0133885145187378
3563,178.41061858566204,5.96986198425293,0.0,0.0,1.0134044885635376
3564,196.88499451115456,-30.7961368560791,0.0,0.0,1.0133696794509888
3565,480.70936477328667,-10.390420913696289,0.0,0.0,1.0133147239685059
3566,132.70424353628522,0.8937218189239502,0.0,0.0,1.013269066810608
3567,299.0973010095627,-16.286752700805664,0.0,0.0,1.0132020711898804
3568,205.67371433494353,-4.618425369262695,0.0,0.0,1.0131314992904663
3569,407.76014504614903,16.76767921447754,0.0,0.0,1.0131042003631592
3570,368.99407489914194,14.799485206604004,0.0,0.0,1.013090968132019
3571,271.9849642771921,-3.2749505043029785,0.0,0.0,1.0130687952041626
3572,523.4691833993162,22.83395767211914,0.0,0.0,1.0130916833877563
3573,197.0458756283369,-2.666630268096924,0.0,0.0,1.0131077766418457
3574,301.21018589948346,-5.867159366607666,0.0,0.0,1.0131043195724487
3575,590.2282714703986,21.63677215576172,0.0,0.0,1.01313316822052
3576,253.0757048739951,2.6706364154815674,0.0,0.0,1.0131679773330688
3577,280.3407724090548,-2.4923324584960938,0.0,0.0,1.0131911039352417
3578,162.75784591350552,-10.417665481567383,0.0,0.0,1.0132012367248535
3579,153.5023380061542,10.62980842590332,0.0,0.0,1.0132263898849487
3580,478.4756156877972,-2.270000457763672,0.0,0.0,1.0132461786270142
3581,300.3786548017809,-10.452495574951172,0.0,0.0,1.0132485628128052
3582,187.78209769884964,16.635181427001953,0.0,0.0,1.01327645778656
3583,337.432372012275,-53.52042007446289,0.0,0.0,1.0132039785385132
3584,164.85902778069496,0.3604011535644531,0.0,0.0,1.0131402015686035
3585,410.82030757058686,-10.222951889038086,0.0,0.0,1.0130599737167358
3586,312.4907188151238,8.291139602661133,0.0,0.0,1.0130010843276978
3587,360.37971604334115,-22.4163875579834,0.0,0.0,1.012890100479126
3588,340.8619375002894,21.570560455322266,0.0,0.0,1.012843132019043
3589,140.81654446704516,13.262310981750488,0.0,0.0,1.0128328800201416
3590,246.68474148329773,-22.00848960876465,0.0,0.0,1.0127936601638794
3591,135.09856643179123,4.583600997924805,0.0,0.0,1.0127698183059692
3592,292.51693531580236,1.3439130783081055,0.0,0.0,1.0127509832382202
3593,157.96643277504745,-2.55654239654541,0.0,0.0,1.0127277374267578
3594,420.0463824202572,2.774259567260742,0.0,0.0,1.012711524963379
3595,492.2668906666215,11.292866706848145,0.0,0.0,1.0127099752426147
3596,293.6135718742735,4.405996799468994,0.0,0.0,1.0127253532409668
3597,347.8206877475984,-35.96595001220703,0.0,0.0,1.012668251991272
3598,409.45574688343845,21.086957931518555,0.0,0.0,1.0126399993896484
3599,265.23600208509794,4.9943695068359375,0.0,0.0,1.0126316547393799
3600,144.2559496755161,1.398554801940918,0.0,0.0,1.0126270055770874
3601,295.90622425557683,-9.204553604125977,0.0,0.0,1.0125981569290161
3602,292.1277070416563,-14.50904655456543,0.0,0.0,1.012515902519226
3603,206.31793723287336,9.435523986816406,0.0,0.0,1.0124692916870117
3604,479.43784397188995,15.812124252319336,0.0,0.0,1.0124564170837402
3605,262.6847476282729,8.75545883178711,0.0,0.0,1.0124753713607788
3606,319.84942181965533,16.209781646728516,0.0,0.0,1.012534499168396
3607,259.0281925438978,-7.874248504638672,0.0,0.0,1.0125690698623657
3608,460.45714204689165,-1.258702278137207,0.0,0.0,1.0125983953475952
3609,331.66217627863045,-32.19049835205078,0.0,0.0,1.0125867128372192
3610,445.8613194340288,-14.158227920532227,0.0,0.0,1.012550711631775
3611,343.4259540335549,1.6039719581604004,0.0,0.0,1.0125203132629395
3612,264.99813507473436,10.136114120483398,0.0,0.0,1.0125212669372559
3613,215.95111980725144,5.24777889251709,0.0,0.0,1.0125292539596558
3614,157.77204745215522,12.887008666992188,0.0,0.0,1.0125800371170044
3615,446.16357377942796,-10.604225158691406,0.0,0.0,1.0125967264175415
3616,316.1647646847967,6.679488658905029,0.0,0.0,1.0126322507858276
3617,283.1503538718097,-30.938690185546875,0.0,0.0,1.0125786066055298
3618,185.24899698237923,32.75082778930664,0.0,0.0,1.0127134323120117
3619,201.32491637223293,24.29127311706543,0.0,0.0,1.0129088163375854
3620,166.44714783866888,-30.775026321411133,0.0,0.0,1.0130349397659302
3621,199.28779870222618,2.2752461433410645,0.0,0.0,1.0131564140319824
3622,333.163037553355,4.096107482910156,0.0,0.0,1.0132741928100586
3623,322.7672983184945,13.439444541931152,0.0,0.0,1.013405203819275
3624,325.7499981692322,19.827945709228516,0.0,0.0,1.0135806798934937
3625,260.36954004717734,16.778120040893555,0.0,0.0,1.0137828588485718
3626,311.2138016776817,-1.0583581924438477,0.0,0.0,1.0139626264572144
3627,202.0266331814591,14.255603790283203,0.0,0.0,1.0141514539718628
3628,190.91874673471926,-7.194393157958984,0.0,0.0,1.014306902885437
3629,278.8752754648949,20.705825805664062,0.0,0.0,1.0145093202590942
3630,587.389119787421,1.680276870727539,0.0,0.0,1.0146948099136353
3631,152.24821025187373,0.745701789855957,0.0,0.0,1.0148636102676392
3632,182.32976630058593,-19.29582405090332,0.0,0.0,1.014967441558838
3633,132.09494276568518,-11.095382690429688,0.0,0.0,1.0150220394134521
3634,393.00498975494423,28.9464054107666,0.0,0.0,1.015148639678955
3635,254.74955834621136,-3.5889639854431152,0.0,0.0,1.0152548551559448
3636,258.2907384517109,-5.03705358505249,0.0,0.0,1.0153316259384155
3637,264.72597890190684,-9.231294631958008,0.0,0.0,1.015394926071167
3638,139.4692189518153,1.023320198059082,0.0,0.0,1.015454649925232
3639,131.92084764212206,9.933429718017578,0.0,0.0,1.0155439376831055
3640,198.4229764605016,12.637364387512207,0.0,0.0,1.015653371810913
3641,418.4255616525895,5.173615455627441,0.0,0.0,1.0157604217529297
3642,357.30012522406804,3.233351945877075,0.0,0.0,1.015864610671997
3643,360.94468965100117,-3.1224493980407715,0.0,0.0,1.015952229499817
3644,279.6030633833559,-9.332524299621582,0.0,0.0,1.0160102844238281
3645,206.73305238867255,2.260753631591797,0.0,0.0,1.0160671472549438
3646,389.1141859119697,-21.013835906982422,0.0,0.0,1.0160911083221436
3647,324.6460532706739,22.212249755859375,0.0,0.0,1.0161525011062622
3648,308.84627141376234,-4.899446964263916,0.0,0.0,1.016200065612793
3649,128.72989749364763,9.646431922912598,0.0,0.0,1.016278624534607
3650,522.853069322184,-43.23481750488281,0.0,0.0,1.0162628889083862
3651,328.4304955792928,14.770519256591797,0.0,0.0,1.0162774324417114
3652,557.1732102172462,-6.235658645629883,0.0,0.0,1.0162776708602905
3653,135.5320225661232,-22.588550567626953,0.0,0.0,1.0162259340286255
3654,199.5169079170838,14.410844802856445,0.0,0.0,1.0162147283554077
3655,243.50018283454608,1.3379883766174316,0.0,0.0,1.0162070989608765
3656,295.7963746285928,18.03030776977539,0.0,0.0,1.016236662864685
3657,354.5449607187603,-13.069070816040039,0.0,0.0,1.0162475109100342
3658,126.896822852665,-4.528636455535889,0.0,0.0,1.0162359476089478
3659,895.7472744263775,-59.096771240234375,0.0,0.0,1.0161796808242798
3660,205.94471299269438,3.285871982574463,0.0,0.0,1.016132116317749
3661,185.1772575074945,4.665027141571045,0.0,0.0,1.0161031484603882
3662,293.15306577173817,13.524392127990723,0.0,0.0,1.0161356925964355
3663,503.5178775727794,1.0053353309631348,0.0,0.0,1.0161669254302979
3664,295.2060175575861,-15.294361114501953,0.0,0.0,1.0161656141281128
3665,622.283280744954,7.68510627746582,0.0,0.0,1.0161744356155396
3666,356.7320467373836,-32.387794494628906,0.0,0.0,1.0161290168762207
3667,239.78832281844552,0.9253964424133301,0.0,0.0,1.0160900354385376
3668,291.0852318812347,-23.551645278930664,0.0,0.0,1.0160045623779297
3669,276.9212780633995,-2.491830348968506,0.0,0.0,1.015921950340271
3670,238.53937308488264,-4.153410911560059,0.0,0.0,1.0158355236053467
3671,182.28637410832326,-2.3793115615844727,0.0,0.0,1.0157480239868164
3672,208.15415766396544,-0.8260254859924316,0.0,0.0,1.0156679153442383
3673,179.96776766877866,-7.469480991363525,0.0,0.0,1.015584111213684
3674,153.6139427729464,3.008908271789551,0.0,0.0,1.0155173540115356
3675,352.33470099819203,10.323134422302246,0.0,0.0,1.015487790107727
3676,419.4825208912137,-10.99439525604248,0.0,0.0,1.015449047088623
3677,180.24774121678703,-8.629859924316406,0.0,0.0,1.015393614768982
3678,393.9334079209858,-20.861682891845703,0.0,0.0,1.0152963399887085
3679,441.2498487535904,-2.909071922302246,0.0,0.0,1.0152021646499634
3680,127.82594392590038,4.592688083648682,0.0,0.0,1.015128493309021
3681,518.2405775378735,29.70480728149414,0.0,0.0,1.0150893926620483
3682,127.66844535792204,-0.42720913887023926,0.0,0.0,1.015053629875183
3683,427.8172310175796,11.330641746520996,0.0,0.0,1.0150362253189087
3684,215.6551283850339,9.95326042175293,0.0,0.0,1.0150331258773804
3685,104.53503620740999,14.106985092163086,0.0,0.0,1.0150785446166992
3686,530.556659860831,10.041547775268555,0.0,0.0,1.0151392221450806
3687,266.250534369656,-10.472176551818848,0.0,0.0,1.015175700187683
3688,670.3307503665828,-12.485297203063965,0.0,0.0,1.0151928663253784
3689,436.2459859807067,-10.399576187133789,0.0,0.0,1.0151921510696411
3690,166.81762748515445,-10.498207092285156,0.0,0.0,1.0151783227920532
3691,194.0409588762149,-17.510013580322266,0.0,0.0,1.0151408910751343
3692,238.08793096692347,-0.31350040435791016,0.0,0.0,1.0151071548461914
3693,525.0829772238416,-37.646446228027344,0.0,0.0,1.0149754285812378
3694,136.97394078238534,-0.6729152202606201,0.0,0.0,1.0148553848266602
3695,381.6513714364086,30.70472526550293,0.0,0.0,1.0147905349731445
3696,177.68427233254914,32.82981872558594,0.0,0.0,1.0147929191589355
3697,171.1966048580957,5.226641654968262,0.0,0.0,1.0148006677627563
3698,413.8573976946067,-14.4657564163208,0.0,0.0,1.0147937536239624
3699,186.1057743208927,-5.445940017700195,0.0,0.0,1.0147722959518433
3700,349.7399686462472,-2.9517111778259277,0.0,0.0,1.0147480964660645
3701,350.33345321244894,0.13646697998046875,0.0,0.0,1.014726996421814
3702,256.83778769980904,15.149982452392578,0.0,0.0,1.0147234201431274
3703,265.7925828619563,19.520305633544922,0.0,0.0,1.0147513151168823
3704,162.8355748310116,4.432198524475098,0.0,0.0,1.0147968530654907
3705,208.02365884613704,-7.6385579109191895,0.0,0.0,1.0148216485977173
3706,550.6734152236808,-0.5496854782104492,0.0,0.0,1.0148426294326782
3707,175.09908250005265,5.980949878692627,0.0,0.0,1.0148667097091675
3708,154.76989175128483,11.667855262756348,0.0,0.0,1.014922022819519
3709,182.7462475606052,14.398965835571289,0.0,0.0,1.014999508857727
3710,112.57817035416338,1.4295778274536133,0.0,0.0,1.0150771141052246
3711,236.72473878338047,7.82694149017334,0.0,0.0,1.015163540840149
3712,134.09069539465796,-27.406749725341797,0.0,0.0,1.0151973962783813
3713,148.04706552216712,-14.645074844360352,0.0,0.0,1.0152028799057007
3714,157.04095208126458,20.596254348754883,0.0,0.0,1.0152498483657837
3715,502.930839183852,22.707338333129883,0.0,0.0,1.0153279304504395
3716,387.790358414686,33.434322357177734,0.0,0.0,1.015464425086975
3717,147.0099568439031,2.284503936767578,0.0,0.0,1.0155917406082153
3718,310.7194682029301,-14.140472412109375,0.0,0.0,1.0156731605529785
3719,318.60591488936507,-9.174087524414062,0.0,0.0,1.015730381011963
3720,281.3602987666731,-7.8955583572387695,0.0,0.0,1.015744686126709
3721,185.9648604733583,1.2298099994659424,0.0,0.0,1.0157623291015625
3722,548.8068636679959,45.71072006225586,0.0,0.0,1.0158346891403198
3723,703.0370502051084,0.3445892333984375,0.0,0.0,1.01590096950531
3724,103.69694092329287,-2.017354965209961,0.0,0.0,1.0159519910812378
3725,589.1379245882819,18.78270721435547,0.0,0.0,1.01605224609375
3726,145.4999331641583,19.494701385498047,0.0,0.0,1.016191005706787
3727,542.7264372487753,-32.951988220214844,0.0,0.0,1.0162514448165894
3728,153.50493153859105,-11.43032455444336,0.0,0.0,1.0162702798843384
3729,159.312135934109,5.62601375579834,0.0,0.0,1.0163006782531738
3730,592.4900997496909,21.854259490966797,0.0,0.0,1.0163618326187134
3731,147.34415391742456,-26.304752349853516,0.0,0.0,1.016365647315979
3732,384.3322763178614,-0.9948830604553223,0.0,0.0,1.016367793083191
3733,113.35723419576117,-6.269715309143066,0.0,0.0,1.016355037689209
3734,391.73360190211196,27.851343154907227,0.0,0.0,1.0163904428482056
3735,160.20301891349104,-16.6926326751709,0.0,0.0,1.0163683891296387
3736,422.78509034563285,-4.588356018066406,0.0,0.0,1.0163339376449585
3737,336.0794241577913,-9.406126976013184,0.0,0.0,1.016292691230774
3738,330.45432015147117,-10.818923950195312,0.0,0.0,1.0162237882614136
3739,355.27842392005215,51.74848937988281,0.0,0.0,1.0162564516067505
3740,164.2843823122309,-25.779306411743164,0.0,0.0,1.0162324905395508
3741,193.0653723528361,18.657108306884766,0.0,0.0,1.016230583190918
3742,447.8191183036007,-7.910815238952637,0.0,0.0,1.0162216424942017
3743,209.94816707775703,-5.344097137451172,0.0,0.0,1.0161978006362915
3744,308.9073800341692,-24.596725463867188,0.0,0.0,1.016095757484436
3745,177.7114474364448,-1.2495555877685547,0.0,0.0,1.0159971714019775
3746,46.3170936232878,4.129874229431152,0.0,0.0,1.015926480293274
3747,200.39240338845755,11.13805866241455,0.0,0.0,1.0158885717391968
3748,162.76797217502698,5.120381832122803,0.0,0.0,1.0158711671829224
3749,249.78886346502287,-11.592910766601562,0.0,0.0,1.0158170461654663
3750,266.2479240266131,13.011500358581543,0.0,0.0,1.0158241987228394
3751,145.83227676292347,8.226359367370605,0.0,0.0,1.0158534049987793
3752,309.08717002822885,-0.9067573547363281,0.0,0.0,1.0158768892288208
3753,122.91120152604343,12.15998649597168,0.0,0.0,1.0159276723861694
3754,528.3960109051593,-6.345163822174072,0.0,0.0,1.015965223312378
3755,362.240598257246,7.412013530731201,0.0,0.0,1.0160093307495117
3756,451.66276911454673,30.36225128173828,0.0,0.0,1.0161051750183105
3757,353.18134488880145,8.201622009277344,0.0,0.0,1.0162204504013062
3758,588.3460356156595,-13.866974830627441,0.0,0.0,1.016292929649353
3759,125.1687275150167,-6.954648017883301,0.0,0.0,1.0163406133651733
3760,215.2004339822808,-20.02793312072754,0.0,0.0,1.016365885734558
3761,357.1942877718938,17.911222457885742,0.0,0.0,1.0164192914962769
3762,356.63557213283553,15.07734489440918,0.0,0.0,1.016500473022461
3763,86.39509746880277,9.825765609741211,0.0,0.0,1.0166064500808716
3764,228.12557354913585,2.2635765075683594,0.0,0.0,1.0167065858840942
3765,376.5439091251164,38.853031158447266,0.0,0.0,1.0168489217758179
3766,323.22481600137235,-0.7873506546020508,0.0,0.0,1.016973614692688
3767,365.9457011487776,7.362245082855225,0.0,0.0,1.0170942544937134
3768,374.8825082211833,-28.584514617919922,0.0,0.0,1.0171469449996948
3769,569.0231712436631,43.982261657714844,0.0,0.0,1.017275094985962
3770,417.21998494106333,-20.947620391845703,0.0,0.0,1.0173453092575073
3771,768.5876184683858,45.77833557128906,0.0,0.0,1.0174683332443237
3772,511.05168203184024,-22.31201934814453,0.0,0.0,1.0175236463546753
3773,405.7714298436649,-37.957366943359375,0.0,0.0,1.017504096031189
3774,398.66408765807773,14.319165229797363,0.0,0.0,1.0175045728683472
3775,186.679924281516,19.84604263305664,0.0,0.0,1.0175474882125854
3776,144.93543287546603,-5.856731414794922,0.0,0.0,1.017573356628418
3777,273.55636863300236,18.280567169189453,0.0,0.0,1.0176386833190918
3778,62.81761223785751,-2.2979044914245605,0.0,0.0,1.0176880359649658
3779,148.40570718259832,-13.068761825561523,0.0,0.0,1.0176836252212524
3780,114.62975474061928,-6.034811973571777,0.0,0.0,1.0176630020141602
3781,427.1453180821819,45.90437316894531,0.0,0.0,1.0177558660507202
3782,302.4155318839722,-23.869199752807617,0.0,0.0,1.0177717208862305
3783,108.2491044487971,-14.505208969116211,0.0,0.0,1.017735481262207
3784,341.10857468236765,34.3268928527832,0.0,0.0,1.0177574157714844
3785,616.7717484309372,-5.064830303192139,0.0,0.0,1.0177675485610962
3786,153.43471990045057,-3.57434344291687,0.0,0.0,1.0177682638168335
3787,151.19940274734032,9.822108268737793,0.0,0.0,1.0177943706512451
3788,46.74517053775392,-18.97686767578125,0.0,0.0,1.0177277326583862
3789,425.98582964418813,-16.61065673828125,0.0,0.0,1.0176438093185425
3790,176.91528485232993,-9.895586013793945,0.0,0.0,1.0175503492355347
3791,309.95383946052823,-23.102672576904297,0.0,0.0,1.0174204111099243
3792,302.50764359355617,18.567495346069336,0.0,0.0,1.0173656940460205
3793,458.14821361878467,-1.8047432899475098,0.0,0.0,1.0173122882843018
3794,294.7497527177894,-42.408363342285156,0.0,0.0,1.0171886682510376
3795,148.71955306837285,14.686938285827637,0.0,0.0,1.0171090364456177
3796,403.9505821750847,-11.928739547729492,0.0,0.0,1.017013430595398
3797,148.03346791679346,8.776908874511719,0.0,0.0,1.0169509649276733
3798,511.34176413526967,-2.2486658096313477,0.0,0.0,1.0168910026550293
3799,154.86753947688234,18.14935302734375,0.0,0.0,1.0168696641921997
3800,264.45407094247383,23.185993194580078,0.0,0.0,1.016901969909668
3801,277.52091092761316,20.934356689453125,0.0,0.0,1.0169731378555298
3802,511.3963794100396,-0.8224382400512695,0.0,0.0,1.0170364379882812
3803,540.0543891242799,22.23369789123535,0.0,0.0,1.0171273946762085
3804,566.7677550462556,-15.861037254333496,0.0,0.0,1.017176628112793
3805,337.71686489003946,1.9348125457763672,0.0,0.0,1.017224669456482
3806,307.8645216355988,28.950634002685547,0.0,0.0,1.017316222190857
3807,163.1204568144912,17.527015686035156,0.0,0.0,1.0174375772476196
3808,347.3250325666719,-36.43785095214844,0.0,0.0,1.0175107717514038
3809,131.81995379085296,-4.140641212463379,0.0,0.0,1.0175650119781494
3810,442.8772588491457,7.966917991638184,0.0,0.0,1.0176210403442383
3811,125.96190476797942,-1.1615676879882812,0.0,0.0,1.0176671743392944
3812,298.0033800274177,-11.150932312011719,0.0,0.0,1.0176981687545776
3813,177.9761279220277,-14.068978309631348,0.0,0.0,1.0177092552185059
3814,445.26687736073336,12.612443923950195,0.0,0.0,1.0177491903305054
3815,186.36237592268898,-1.4972724914550781,0.0,0.0,1.0177830457687378
3816,148.14382105281993,36.224308013916016,0.0,0.0,1.0178955793380737
3817,237.2891085788805,-15.366689682006836,0.0,0.0,1.0179787874221802
3818,421.21971632653657,-24.155330657958984,0.0,0.0,1.0180121660232544
3819,521.6305629085377,6.810502529144287,0.0,0.0,1.0180530548095703
3820,107.86938033200394,-10.84585952758789,0.0,0.0,1.0180549621582031
3821,402.0887033478049,20.529991149902344,0.0,0.0,1.0180859565734863
3822,127.10603203473588,5.100607872009277,0.0,0.0,1.0181254148483276
3823,310.7249731680663,10.32756519317627,0.0,0.0,1.0181914567947388
3824,336.4833868251751,-26.561893463134766,0.0,0.0,1.0182321071624756
3825,166.0886344161915,4.044722557067871,0.0,0.0,1.0182809829711914
3826,454.40489217987465,-32.23505783081055,0.0,0.0,1.0182981491088867
3827,343.2456370769008,-12.989418029785156,0.0,0.0,1.0182946920394897
3828,332.373139686419,-21.122970581054688,0.0,0.0,1.0182372331619263
3829,319.92912957507184,13.318490982055664,0.0,0.0,1.018242359161377
3830,229.90453601145092,-9.218986511230469,0.0,0.0,1.0182310342788696
3831,207.88746904287117,10.935827255249023,0.0,0.0,1.0182387828826904
3832,249.54905217637457,-22.145999908447266,0.0,0.0,1.0182150602340698
3833,179.11119610200117,-12.861021041870117,0.0,0.0,1.0181771516799927
3834,421.87089657773095,11.724409103393555,0.0,0.0,1.018175721168518
3835,443.2803186790226,19.309682846069336,0.0,0.0,1.0182045698165894
3836,212.31488186419415,16.436229705810547,0.0,0.0,1.018244743347168
3837,170.47881346295105,20.170276641845703,0.0,0.0,1.0183204412460327
3838,237.25678807201206,-11.314458847045898,0.0,0.0,1.0183820724487305
3839,297.65659333587786,1.4180035591125488,0.0,0.0,1.0184398889541626
3840,169.06617507292725,-12.264036178588867,0.0,0.0,1.018466830253601
3841,745.2389030504772,-3.2061376571655273,0.0,0.0,1.0184862613677979
3842,265.1672801750515,-35.09505844116211,0.0,0.0,1.01845121383667
3843,714.9768095350615,-34.32289505004883,0.0,0.0,1.0183690786361694
3844,344.13670342780637,18.05331039428711,0.0,0.0,1.0183452367782593
3845,410.32748288416235,-19.377418518066406,0.0,0.0,1.0183072090148926
3846,345.695363736969,-15.510477066040039,0.0,0.0,1.0182603597640991
3847,285.8672453115105,-3.733706474304199,0.0,0.0,1.0182138681411743
3848,515.8739515861275,4.364503383636475,0.0,0.0,1.0181763172149658
3849,111.23753388862134,5.303948402404785,0.0,0.0,1.018159031867981
3850,271.6569665153248,-12.708534240722656,0.0,0.0,1.018108606338501
3851,548.2807242639484,2.5423011779785156,0.0,0.0,1.0180655717849731
3852,585.320790906813,0.3652186393737793,0.0,0.0,1.0180275440216064
3853,335.34203651407387,-16.427309036254883,0.0,0.0,1.0179601907730103
3854,515.3538935967982,12.605998992919922,0.0,0.0,1.0179362297058105
3855,421.0825020426152,1.4733991622924805,0.0,0.0,1.0179177522659302
3856,267.46430520943693,-17.097549438476562,0.0,0.0,1.017846703529358
3857,292.5740898073809,-26.34173583984375,0.0,0.0,1.0177468061447144
3858,292.0902646744289,-27.980642318725586,0.0,0.0,1.017628788948059
3859,573.8628610521688,-27.05929183959961,0.0,0.0,1.017469048500061
3860,124.3616981983691,3.1878180503845215,0.0,0.0,1.0173333883285522
3861,292.3549581976851,7.190915107727051,0.0,0.0,1.017224907875061
3862,223.59966966241987,-14.975091934204102,0.0,0.0,1.01710045337677
3863,146.86560903199089,49.25161361694336,0.0,0.0,1.0171140432357788
3864,337.1459227114231,6.876950740814209,0.0,0.0,1.0171418190002441
3865,130.61472409514977,-2.3858604431152344,0.0,0.0,1.0171544551849365
3866,353.01787179054725,-17.25395965576172,0.0,0.0,1.0171401500701904
3867,153.71188136238834,2.8207345008850098,0.0,0.0,1.01712965965271
3868,216.3886106793594,5.088704586029053,0.0,0.0,1.017130732536316
3869,359.67631375702547,-1.918961524963379,0.0,0.0,1.017127275466919
3870,172.5532342744734,-8.935064315795898,0.0,0.0,1.017092227935791
3871,171.595520984057,20.548662185668945,0.0,0.0,1.0171173810958862
3872,421.82346809621504,-5.099855422973633,0.0,0.0,1.017130970954895
3873,109.39663806004978,2.135671377182007,0.0,0.0,1.0171488523483276
3874,121.06367533502365,9.227068901062012,0.0,0.0,1.0172241926193237
3875,446.5676673049605,9.353191375732422,0.0,0.0,1.0173089504241943
3876,193.02571132186836,-8.251914978027344,0.0,0.0,1.0173611640930176
3877,232.04822747612894,-32.78200912475586,0.0,0.0,1.0173454284667969
3878,560.683575765247,15.563278198242188,0.0,0.0,1.0173735618591309
3879,424.1902028011249,3.141234874725342,0.0,0.0,1.0174068212509155
3880,167.55824926036175,-19.54190444946289,0.0,0.0,1.017396330833435
3881,151.93687148108896,-4.968145847320557,0.0,0.0,1.017372488975525
3882,231.2570502911773,1.4556169509887695,0.0,0.0,1.0173534154891968
3883,364.69880914668204,-42.09477996826172,0.0,0.0,1.0172942876815796
3884,149.43487971578554,-36.15789794921875,0.0,0.0,1.0171822309494019
3885,349.7686709082807,8.557132720947266,0.0,0.0,1.0170890092849731
3886,218.3918726493907,-16.964075088500977,0.0,0.0,1.01697838306427
3887,381.734891234162,-0.04229307174682617,0.0,0.0,1.0168787240982056
3888,127.68124171852017,32.01987838745117,0.0,0.0,1.0168591737747192
3889,241.3874294459368,22.88381004333496,0.0,0.0,1.016919732093811
3890,511.303375461305,3.636213779449463,0.0,0.0,1.0169832706451416
3891,295.06912690571716,-6.58859395980835,0.0,0.0,1.0170265436172485
3892,273.3976918971035,51.70394515991211,0.0,0.0,1.0172303915023804
3893,374.9551254555346,13.201127052307129,0.0,0.0,1.0174437761306763
3894,518.1313567696135,-12.155862808227539,0.0,0.0,1.0176053047180176
3895,280.79153390456514,-9.386417388916016,0.0,0.0,1.0177243947982788
3896,320.88628470399647,-18.422229766845703,0.0,0.0,1.0177985429763794
3897,371.41213573466024,-4.271231174468994,0.0,0.0,1.0178545713424683
3898,318.8712335763436,-1.7773523330688477,0.0,0.0,1.0179023742675781
3899,332.81555834830834,-7.2425007820129395,0.0,0.0,1.0179346799850464
3900,220.6694259455976,5.86059045791626,0.0,0.0,1.0179733037948608
3901,433.25741230930345,3.338170051574707,0.0,0.0,1.0180153846740723
3902,632.5864110002674,-40.93892288208008,0.0,0.0,1.0180171728134155
3903,249.4569936506792,-8.809087753295898,0.0,0.0,1.0180087089538574
3904,132.38703925008005,12.209787368774414,0.0,0.0,1.0180383920669556
3905,323.1425789528944,21.99122428894043,0.0,0.0,1.018130898475647
3906,269.8004599653136,-14.517759323120117,0.0,0.0,1.0181686878204346
3907,420.61254083831636,1.3294963836669922,0.0,0.0,1.0182057619094849
3908,219.62488710275352,-13.092144966125488,0.0,0.0,1.018216848373413
3909,261.71333745768436,-11.909493446350098,0.0,0.0,1.0181970596313477
3910,463.6798724762339,18.504383087158203,0.0,0.0,1.018202781677246
3911,287.16385530523524,-1.3683428764343262,0.0,0.0,1.0182052850723267
3912,198.7413593814482,4.79738187789917,0.0,0.0,1.0182175636291504
3913,165.65242677743078,13.742145538330078,0.0,0.0,1.0182470083236694
3914,146.83263753682212,-8.68006420135498,0.0,0.0,1.0182520151138306
3915,314.6171683793346,5.416017055511475,0.0,0.0,1.0182651281356812
3916,186.18629538813613,-13.128189086914062,0.0,0.0,1.018257737159729
3917,324.5554195914624,-7.980490207672119,0.0,0.0,1.0182275772094727
3918,120.02481501466451,26.073110580444336,0.0,0.0,1.0182347297668457
3919,280.0065969433847,14.736934661865234,0.0,0.0,1.0182795524597168
3920,285.64360889227,23.851755142211914,0.0,0.0,1.0183802843093872
3921,387.1843820431673,-8.42969799041748,0.0,0.0,1.0184530019760132
3922,338.37403683116344,6.148575305938721,0.0,0.0,1.0185312032699585
3923,107.06466649964048,14.092988967895508,0.0,0.0,1.0186344385147095
3924,487.5006615521837,-5.901974678039551,0.0,0.0,1.0187201499938965
3925,174.4509375310824,-7.8129496574401855,0.0,0.0,1.0187715291976929
3926,680.6479553675908,-8.196020126342773,0.0,0.0,1.018800973892212
3927,386.02817571286766,-23.146804809570312,0.0,0.0,1.0187832117080688
3928,183.44396908469793,7.443500995635986,0.0,0.0,1.0187773704528809
3929,515.8432008916858,-3.1521072387695312,0.0,0.0,1.018764853477478
3930,302.80930486060737,-16.865314483642578,0.0,0.0,1.0187368392944336
3931,145.56849940398777,6.233746528625488,0.0,0.0,1.0187283754348755
3932,624.1068906159753,-16.12862777709961,0.0,0.0,1.0187007188796997
3933,217.6596878505699,-8.31336498260498,0.0,0.0,1.0186657905578613
3934,1136.7222972087177,-11.87628173828125,0.0,0.0,1.0186220407485962
3935,213.6809859371329,-34.87158203125,0.0,0.0,1.0184916257858276
3936,247.8514115669421,9.622282028198242,0.0,0.0,1.018393874168396
3937,714.4731469375412,-56.66232681274414,0.0,0.0,1.0181740522384644
3938,314.3814436180727,37.88932800292969,0.0,0.0,1.017997145652771
3939,222.6047224899124,-29.45195770263672,0.0,0.0,1.017729640007019
3940,457.0499246735576,66.37155151367188,0.0,0.0,1.0175584554672241
3941,242.82452087197566,-8.015424728393555,0.0,0.0,1.01738440990448
3942,265.2382138217746,-25.28179931640625,0.0,0.0,1.0171997547149658
3943,203.87108408861354,-14.675788879394531,0.0,0.0,1.0169850587844849
3944,137.95074779653297,9.284171104431152,0.0,0.0,1.0168131589889526
3945,240.86295304651318,2.6697726249694824,0.0,0.0,1.016668438911438
3946,194.86431219751773,10.920598983764648,0.0,0.0,1.0165501832962036
3947,473.34736953347686,-28.636516571044922,0.0,0.0,1.0163884162902832
3948,247.91217382041188,-2.656693458557129,0.0,0.0,1.0162402391433716
3949,183.33341604898712,-10.030464172363281,0.0,0.0,1.0160894393920898
3950,331.03577739089206,-35.42021942138672,0.0,0.0,1.0158253908157349
3951,312.6210685132587,4.733105659484863,0.0,0.0,1.0155974626541138
3952,257.89580385881465,22.304805755615234,0.0,0.0,1.0154412984848022
3953,667.6062526805626,-13.499446868896484,0.0,0.0,1.0152872800827026
3954,277.8719067032556,8.446669578552246,0.0,0.0,1.0151606798171997
3955,256.4718100450488,1.732853889465332,0.0,0.0,1.0150521993637085
3956,313.02576502983453,-12.700006484985352,0.0,0.0,1.0149356126785278
3957,184.05990748915048,15.447038650512695,0.0,0.0,1.014859676361084
3958,320.98018094086706,9.167659759521484,0.0,0.0,1.0147993564605713
3959,363.9906254986371,-27.026107788085938,0.0,0.0,1.0147100687026978
3960,210.85625389393707,3.872061252593994,0.0,0.0,1.0146393775939941
3961,199.53327316334392,-21.346782684326172,0.0,0.0,1.0144953727722168
3962,303.4452159895688,-3.2876405715942383,0.0,0.0,1.01435387134552
3963,301.7338622578953,-7.002993106842041,0.0,0.0,1.0142232179641724
3964,212.07818217745006,11.296817779541016,0.0,0.0,1.0141270160675049
3965,519.9765861923654,-12.740799903869629,0.0,0.0,1.0140239000320435
3966,158.58331897718114,4.1701273918151855,0.0,0.0,1.0139424800872803
3967,381.09113064354904,-5.284031867980957,0.0,0.0,1.0138558149337769
3968,190.0919281400977,-0.09751653671264648,0.0,0.0,1.013777732849121
3969,362.3042963195979,-13.995105743408203,0.0,0.0,1.0136743783950806
3970,368.62312729110533,3.764991283416748,0.0,0.0,1.0135931968688965
3971,355.72661704199686,-11.23019790649414,0.0,0.0,1.01349937915802
3972,207.64048862833008,13.643632888793945,0.0,0.0,1.013460636138916
3973,175.32798917935173,-14.866995811462402,0.0,0.0,1.0133846998214722
3974,173.42822627218172,0.565739631652832,0.0,0.0,1.0133180618286133
3975,234.45161643283805,11.276388168334961,0.0,0.0,1.0133038759231567
3976,363.9361262564454,10.444639205932617,0.0,0.0,1.0133106708526611
3977,238.60767674409342,10.528803825378418,0.0,0.0,1.0133339166641235
3978,349.7190386094403,26.302318572998047,0.0,0.0,1.013400912284851
3979,311.02657143797217,-6.476709365844727,0.0,0.0,1.013447642326355
3980,166.4208029297514,1.0997841358184814,0.0,0.0,1.0134919881820679
3981,266.4036725981456,-11.727189064025879,0.0,0.0,1.0135098695755005
3982,333.8658063790683,19.389667510986328,0.0,0.0,1.0135544538497925
3983,276.30880198830204,3.938065528869629,0.0,0.0,1.0136033296585083
3984,248.67529319964905,4.0445637702941895,0.0,0.0,1.0136605501174927
3985,191.04805765402887,-13.00799560546875,0.0,0.0,1.0136909484863281
3986,271.96739162992844,-12.796428680419922,0.0,0.0,1.0137022733688354
3987,219.3216233883856,12.996674537658691,0.0,0.0,1.0137485265731812
3988,275.04605334318927,-10.437738418579102,0.0,0.0,1.0137709379196167
3989,343.5312952413492,22.92172622680664,0.0,0.0,1.0138424634933472
3990,227.09520410856175,-33.18234634399414,0.0,0.0,1.0138696432113647
3991,438.2004546115916,3.670405387878418,0.0,0.0,1.0139012336730957
3992,327.2170375907454,-4.965049743652344,0.0,0.0,1.0139235258102417
3993,294.3284082008009,-28.95162582397461,0.0,0.0,1.0138639211654663
3994,335.6229932529739,-11.460594177246094,0.0,0.0,1.0137916803359985
3995,541.6327473498618,-24.549758911132812,0.0,0.0,1.013666033744812
3996,249.1544981886152,7.587344169616699,0.0,0.0,1.0135694742202759
3997,197.89311825008195,-4.153606414794922,0.0,0.0,1.0134763717651367
3998,341.5456540913329,6.989382743835449,0.0,0.0,1.013401985168457
3999,288.15521725028174,14.905473709106445,0.0,0.0,1.013377070426941
4000,406.35133937285747,12.098810195922852,0.0,0.0,1.013366937637329
4001,252.72840432976008,-8.464158058166504,0.0,0.0,1.0133436918258667
4002,142.06930554457261,-0.9189715385437012,0.0,0.0,1.0133215188980103
4003,166.4793083442715,0.1385211944580078,0.0,0.0,1.0133018493652344
4004,173.37642023590973,-15.1116943359375,0.0,0.0,1.01324462890625
4005,159.10031572603887,-6.016406059265137,0.0,0.0,1.013177752494812
4006,136.63857821408976,-9.899063110351562,0.0,0.0,1.013074278831482
4007,376.98219802185093,5.7828850746154785,0.0,0.0,1.012995719909668
4008,709.5247753424553,-5.38584041595459,0.0,0.0,1.0129166841506958
4009,326.4535213177528,7.755590915679932,0.0,0.0,1.0128620862960815
4010,287.1136106508503,-9.869128227233887,0.0,0.0,1.0127952098846436
4011,105.24257773893618,-0.21970343589782715,0.0,0.0,1.0127345323562622
4012,268.5784080120439,-0.11740541458129883,0.0,0.0,1.012679934501648
4013,302.4080685595159,32.57306671142578,0.0,0.0,1.0126851797103882
4014,432.1907977834739,11.71609115600586,0.0,0.0,1.0127018690109253
4015,281.4047218208618,10.873842239379883,0.0,0.0,1.012740969657898
4016,320.1754122924784,-2.559451103210449,0.0,0.0,1.012771725654602
4017,515.3846487046325,-1.5097894668579102,0.0,0.0,1.0127973556518555
4018,207.30321337627169,-4.988816261291504,0.0,0.0,1.012803554534912
4019,151.80490920525972,-4.700535297393799,0.0,0.0,1.0127978324890137
4020,344.9198334774697,-6.367831230163574,0.0,0.0,1.01278555393219
4021,110.2735447162946,14.905881881713867,0.0,0.0,1.0128039121627808
4022,184.6561294754114,-26.720539093017578,0.0,0.0,1.012757420539856
4023,111.10248464517274,14.688862800598145,0.0,0.0,1.0127593278884888
4024,94.70060695623611,-2.471129894256592,0.0,0.0,1.012757420539856
4025,178.92079172766165,23.446529388427734,0.0,0.0,1.0127941370010376
4026,133.43901362732808,-6.881443977355957,0.0,0.0,1.0128154754638672
4027,116.53065486420661,-8.574872970581055,0.0,0.0,1.012824535369873
4028,356.6627413525363,-31.701278686523438,0.0,0.0,1.0128012895584106
4029,158.46188693706176,7.890773773193359,0.0,0.0,1.0127915143966675
4030,282.4420131962318,2.014732837677002,0.0,0.0,1.0127869844436646
4031,102.30142199638021,-4.001948356628418,0.0,0.0,1.01276695728302
4032,126.35693344942877,-10.520030975341797,0.0,0.0,1.012708067893982
4033,105.61343087068249,7.836030960083008,0.0,0.0,1.012681007385254
4034,390.3103062339869,34.63689422607422,0.0,0.0,1.0127180814743042
4035,112.39187920185333,-2.830859661102295,0.0,0.0,1.0127421617507935
4036,82.43302401261636,3.234447479248047,0.0,0.0,1.012772798538208
4037,161.641884754479,-0.039565086364746094,0.0,0.0,1.0128000974655151
4038,408.93795655234675,-18.39844512939453,0.0,0.0,1.0128077268600464
4039,105.25839393759566,-1.1279621124267578,0.0,0.0,1.0128109455108643
4040,129.90241350409903,11.858560562133789,0.0,0.0,1.0128453969955444
4041,323.34240491302717,2.9360275268554688,0.0,0.0,1.0128837823867798
4042,305.36135337792876,7.775108814239502,0.0,0.0,1.012938141822815
4043,107.43508391511142,5.031822681427002,0.0,0.0,1.0130037069320679
4044,130.39923482352597,-15.847400665283203,0.0,0.0,1.0130280256271362
4045,361.5101367366979,-7.634123802185059,0.0,0.0,1.0130313634872437
4046,467.91847617448843,-2.479177474975586,0.0,0.0,1.0130295753479004
4047,173.48862167495125,5.03391170501709,0.0,0.0,1.0130447149276733
4048,53.881559040865014,16.505111694335938,0.0,0.0,1.0131077766418457
4049,406.63582066666174,5.234280586242676,0.0,0.0,1.0131745338439941
4050,504.0232508357523,42.0806770324707,0.0,0.0,1.0133055448532104
4051,458.4282399618201,17.921911239624023,0.0,0.0,1.013456106185913
4052,397.01842413736364,0.9714269638061523,0.0,0.0,1.0135928392410278
4053,451.62815423079286,4.866851806640625,0.0,0.0,1.0137265920639038
4054,241.54188811856926,14.979195594787598,0.0,0.0,1.0138682126998901
4055,116.78455278531875,36.368892669677734,0.0,0.0,1.0140379667282104
4056,180.51215895195358,0.3491330146789551,0.0,0.0,1.0141911506652832
4057,295.1258055487808,-22.59376335144043,0.0,0.0,1.014291524887085
4058,207.7838250018304,13.825502395629883,0.0,0.0,1.014396071434021
4059,335.1295658730146,10.183141708374023,0.0,0.0,1.0145114660263062
4060,145.83114520824313,6.610746383666992,0.0,0.0,1.01462984085083
4061,177.13334653996054,12.999094009399414,0.0,0.0,1.0147687196731567
4062,198.84912300473974,-8.323823928833008,0.0,0.0,1.01487135887146
4063,92.04977532456074,14.460491180419922,0.0,0.0,1.0150188207626343
4064,394.8527816596053,-21.174917221069336,0.0,0.0,1.0151277780532837
4065,148.30442333625413,-16.156204223632812,0.0,0.0,1.0151748657226562
4066,378.9836711585034,-13.293204307556152,0.0,0.0,1.0151841640472412
4067,439.611058403224,-6.917967319488525,0.0,0.0,1.0151656866073608
4068,408.21993050811824,-26.20124053955078,0.0,0.0,1.015097737312317
4069,340.1874030051223,-14.006099700927734,0.0,0.0,1.0150179862976074
4070,320.61858844823763,4.2369537353515625,0.0,0.0,1.0149554014205933
4071,403.81988944640113,17.48489761352539,0.0,0.0,1.0149316787719727
4072,306.1268183280664,-5.674807548522949,0.0,0.0,1.0148967504501343
4073,438.86930116229826,37.786136627197266,0.0,0.0,1.0149328708648682
4074,433.22858177918266,-3.716949462890625,0.0,0.0,1.0149606466293335
4075,420.3837402286111,-15.125850677490234,0.0,0.0,1.014946699142456
4076,296.2446120845366,-30.3421688079834,0.0,0.0,1.0149139165878296
4077,193.11839402781703,-6.809037208557129,0.0,0.0,1.0148636102676392
4078,322.1939196541095,-18.26345443725586,0.0,0.0,1.014762282371521
4079,89.68578253240065,-8.247966766357422,0.0,0.0,1.0146374702453613
4080,118.33021757194362,-1.3821430206298828,0.0,0.0,1.0145201683044434
4081,421.6902041584381,-20.164838790893555,0.0,0.0,1.0143793821334839
4082,84.08751481474025,-9.880914688110352,0.0,0.0,1.0142362117767334
4083,473.77380874312104,-69.10388946533203,0.0,0.0,1.0139766931533813
4084,307.61037000433396,-2.9711031913757324,0.0,0.0,1.0137392282485962
4085,308.21877204064674,10.613998413085938,0.0,0.0,1.013548493385315
4086,89.35987797825855,11.985051155090332,0.0,0.0,1.013403058052063
4087,476.04997909534467,-0.7770767211914062,0.0,0.0,1.0132709741592407
4088,127.01679539492406,5.269021987915039,0.0,0.0,1.0131727457046509
4089,358.8263755627928,19.76166534423828,0.0,0.0,1.0131016969680786
4090,356.47665526619005,-7.134820461273193,0.0,0.0,1.0130285024642944
4091,126.90736001382936,20.119539260864258,0.0,0.0,1.0130187273025513
4092,549.3712922576875,-15.311598777770996,0.0,0.0,1.012984275817871
4093,243.1018707732977,-8.64404296875,0.0,0.0,1.012930989265442
4094,295.17418395200923,5.36063289642334,0.0,0.0,1.012895941734314
4095,179.89129104622023,-18.852121353149414,0.0,0.0,1.012800693511963
4096,104.09430369606488,-2.416832685470581,0.0,0.0,1.0127061605453491
4097,312.35018088387676,-53.04331588745117,0.0,0.0,1.012486457824707
4098,397.9072415208681,8.364021301269531,0.0,0.0,1.0123001337051392
4099,414.48584664941524,7.71242094039917,0.0,0.0,1.0121411085128784
4100,265.512144718143,-13.224555969238281,0.0,0.0,1.0119519233703613
4101,307.70333672944633,10.519914627075195,0.0,0.0,1.011807918548584
4102,335.08639838155455,8.869558334350586,0.0,0.0,1.0117011070251465
4103,266.14471029206385,3.4798550605773926,0.0,0.0,1.0116138458251953
4104,420.75441451321205,23.782108306884766,0.0,0.0,1.0115917921066284
4105,345.2995688579798,-5.828635215759277,0.0,0.0,1.0115647315979004
4106,247.26637134762677,-11.666277885437012,0.0,0.0,1.0114997625350952
4107,296.28412915669827,4.812392234802246,0.0,0.0,1.0114489793777466
4108,342.844089957808,17.892454147338867,0.0,0.0,1.0114456415176392
4109,292.40903795064764,-13.52042007446289,0.0,0.0,1.0114203691482544
4110,316.04890979535173,3.331637382507324,0.0,0.0,1.0114030838012695
4111,335.62006002059485,-9.784070014953613,0.0,0.0,1.0113660097122192
4112,133.36179080959835,33.50832748413086,0.0,0.0,1.0113869905471802
4113,414.2645655716574,-1.4693236351013184,0.0,0.0,1.011403203010559
4114,331.52283343403803,9.788301467895508,0.0,0.0,1.0114620923995972
4115,290.8030103434156,-5.745782852172852,0.0,0.0,1.011488437652588
4116,356.34170094066616,13.479426383972168,0.0,0.0,1.011540174484253
4117,533.4922886161743,-11.26557731628418,0.0,0.0,1.0115708112716675
4118,420.41410389553414,-33.147125244140625,0.0,0.0,1.0115349292755127
4119,391.55632138767385,30.78955078125,0.0,0.0,1.0115512609481812
4120,195.47861585358132,27.598526000976562,0.0,0.0,1.0116748809814453
4121,308.11546052371983,10.960180282592773,0.0,0.0,1.011813998222351
4122,487.5331084863904,-6.162955284118652,0.0,0.0,1.0119282007217407
4123,315.35238991796064,-9.154555320739746,0.0,0.0,1.0119935274124146
4124,148.87584842857493,-33.450843811035156,0.0,0.0,1.0120172500610352
4125,457.10971464598333,-28.962406158447266,0.0,0.0,1.0119656324386597
4126,420.6635836190686,-9.824413299560547,0.0,0.0,1.0119051933288574
4127,44.816142171975365,8.114025115966797,0.0,0.0,1.0118751525878906
4128,655.239854446632,63.78791046142578,0.0,0.0,1.0119684934616089
4129,349.2686840709825,8.77890396118164,0.0,0.0,1.0120759010314941
4130,335.5439177224566,-15.38010311126709,0.0,0.0,1.0121279954910278
4131,318.83613574790223,-27.68008804321289,0.0,0.0,1.01210355758667
4132,100.21010486510279,4.27105712890625,0.0,0.0,1.0120936632156372
4133,262.9542867517133,10.638317108154297,0.0,0.0,1.0120984315872192
4134,304.52560356865575,12.450023651123047,0.0,0.0,1.0121232271194458
4135,119.4700612258665,-2.133470058441162,0.0,0.0,1.0121382474899292
4136,196.04879586573614,-27.357481002807617,0.0,0.0,1.0120576620101929
4137,156.44762277827553,6.481657028198242,0.0,0.0,1.0119990110397339
4138,44.94195950688038,-4.696435451507568,0.0,0.0,1.0119216442108154
4139,324.85186932860194,34.11574172973633,0.0,0.0,1.0118950605392456
4140,421.5323363082447,6.91630744934082,0.0,0.0,1.011883020401001
4141,341.09484649341465,-35.109588623046875,0.0,0.0,1.0117965936660767
4142,466.0745356624296,25.91559410095215,0.0,0.0,1.0117573738098145
4143,174.26231523822014,9.267860412597656,0.0,0.0,1.01173734664917
4144,282.33473744286573,1.9658474922180176,0.0,0.0,1.0117241144180298
4145,142.55075894823455,-4.682605743408203,0.0,0.0,1.0116925239562988
4146,170.0684032080259,24.847286224365234,0.0,0.0,1.011698842048645
4147,157.9488165495807,-7.1007843017578125,0.0,0.0,1.0116760730743408
4148,237.73925783135664,13.849298477172852,0.0,0.0,1.0116981267929077
4149,197.77258889292656,-17.590553283691406,0.0,0.0,1.0116584300994873
4150,353.2629097067722,4.619899749755859,0.0,0.0,1.0116350650787354
4151,342.6899680363151,15.763620376586914,0.0,0.0,1.0116543769836426
4152,204.83429130636281,10.181594848632812,0.0,0.0,1.0116798877716064
4153,328.25588482347433,7.671143054962158,0.0,0.0,1.0117322206497192
4154,233.52310137384748,21.011884689331055,0.0,0.0,1.0118640661239624
4155,344.00078371766347,-18.873659133911133,0.0,0.0,1.0119469165802002
4156,371.7670851804659,14.990700721740723,0.0,0.0,1.0120643377304077
4157,268.43805052742584,-4.084417343139648,0.0,0.0,1.0121577978134155
4158,282.0507642269028,7.428447723388672,0.0,0.0,1.0122618675231934
4159,271.97646870403105,9.058364868164062,0.0,0.0,1.0123867988586426
4160,361.6676633746296,-20.23291015625,0.0,0.0,1.012463927268982
4161,115.83391484685625,-0.048230886459350586,0.0,0.0,1.0125333070755005
4162,355.7537804422954,17.85877227783203,0.0,0.0,1.0126270055770874
4163,265.8088313202045,-3.676095962524414,0.0,0.0,1.0127006769180298
4164,266.65203371891107,-3.676077365875244,0.0,0.0,1.0127588510513306
4165,366.1634009452679,13.69095230102539,0.0,0.0,1.0128616094589233
4166,234.98561813868807,-30.588054656982422,0.0,0.0,1.0128417015075684
4167,375.18691548931463,-42.455055236816406,0.0,0.0,1.0127431154251099
4168,195.47809494673623,-18.768611907958984,0.0,0.0,1.0126004219055176
4169,253.369251571911,7.448146820068359,0.0,0.0,1.0124841928482056
4170,128.10716287367634,8.402853012084961,0.0,0.0,1.0123988389968872
4171,403.7190418631213,-39.407222747802734,0.0,0.0,1.0122801065444946
4172,260.2314250715362,-7.079172611236572,0.0,0.0,1.0121550559997559
4173,250.3221918554559,-1.5491881370544434,0.0,0.0,1.012038230895996
4174,274.68794464114603,-14.65040111541748,0.0,0.0,1.0119094848632812
4175,216.59766709636295,2.4540224075317383,0.0,0.0,1.0118013620376587
4176,250.71882644667178,23.749698638916016,0.0,0.0,1.0117664337158203
4177,231.62947472104918,-18.127857208251953,0.0,0.0,1.0116796493530273
4178,251.16588073852935,-2.84816837310791,0.0,0.0,1.011595368385315
4179,164.42722047082694,-18.049238204956055,0.0,0.0,1.0114964246749878
4180,359.0571126941553,0.9379510879516602,0.0,0.0,1.0114083290100098
4181,235.67788250544632,-14.129613876342773,0.0,0.0,1.0112686157226562
4182,182.69797857148703,-27.036710739135742,0.0,0.0,1.0110827684402466
4183,242.90295537720192,19.93683624267578,0.0,0.0,1.010965347290039
4184,286.778275254955,-7.196329116821289,0.0,0.0,1.0108476877212524
4185,207.36203927793997,-11.763628959655762,0.0,0.0,1.0107239484786987
4186,231.05534503434683,-2.4693827629089355,0.0,0.0,1.0106041431427002
4187,211.00067661845486,13.080997467041016,0.0,0.0,1.0105265378952026
4188,249.23092323076585,7.881577968597412,0.0,0.0,1.0104726552963257
4189,250.13103303298988,6.4291534423828125,0.0,0.0,1.0104398727416992
4190,203.37135903288168,13.998838424682617,0.0,0.0,1.010445475578308
4191,346.96737424192406,-2.7299418449401855,0.0,0.0,1.0104448795318604
4192,281.4794890580036,-7.693260192871094,0.0,0.0,1.0104374885559082
4193,249.08027189116862,-37.058624267578125,0.0,0.0,1.010404109954834
4194,257.1546532373605,0.6764707565307617,0.0,0.0,1.0103764533996582
4195,227.818322339222,3.3041210174560547,0.0,0.0,1.0103570222854614
4196,326.2481698744021,-54.71057891845703,0.0,0.0,1.0102325677871704
4197,212.16942195628042,1.6569819450378418,0.0,0.0,1.0101267099380493
4198,289.44657448273165,19.814960479736328,0.0,0.0,1.0100693702697754
4199,328.19501260308306,59.145484924316406,0.0,0.0,1.0102205276489258
4200,377.1590100783928,-19.90184211730957,0.0,0.0,1.0103057622909546
4201,365.9458243709938,-13.385085105895996,0.0,0.0,1.0103651285171509
4202,262.4491955293497,38.79623031616211,0.0,0.0,1.0105324983596802
4203,273.35491089452154,17.553565979003906,0.0,0.0,1.010720133781433
4204,393.972569515221,17.620689392089844,0.0,0.0,1.01094388961792
4205,221.448799111678,-4.218675136566162,0.0,0.0,1.011132836341858
4206,379.8343671643302,11.263668060302734,0.0,0.0,1.0113245248794556
4207,505.142173783849,6.188022613525391,0.0,0.0,1.0115052461624146
4208,307.0707102130236,-10.675907135009766,0.0,0.0,1.011651873588562
4209,341.0845474841628,19.5400333404541,0.0,0.0,1.0118259191513062
4210,650.9927706629683,-49.607627868652344,0.0,0.0,1.0119165182113647
4211,330.45729252671515,-6.194759845733643,0.0,0.0,1.011987328529358
4212,297.1989228287322,-26.628820419311523,0.0,0.0,1.0120060443878174
4213,265.1122216846368,7.2222490310668945,0.0,0.0,1.0120432376861572
4214,377.6253441303877,10.09538745880127,0.0,0.0,1.012093424797058
4215,246.2309039977043,18.381816864013672,0.0,0.0,1.0121997594833374
4216,302.97168451355157,-4.6471405029296875,0.0,0.0,1.0122836828231812
4217,431.1779540706522,36.460227966308594,0.0,0.0,1.0124741792678833
4218,596.501239343832,-6.041108131408691,0.0,0.0,1.0126323699951172
4219,243.44080505960642,1.432814121246338,0.0,0.0,1.0127768516540527
4220,512.534939658509,-27.074825286865234,0.0,0.0,1.012841820716858
4221,314.26668319437675,10.212525367736816,0.0,0.0,1.012923240661621
4222,258.770827299058,2.6398868560791016,0.0,0.0,1.0130010843276978
4223,454.8519408559165,5.522284507751465,0.0,0.0,1.0130873918533325
4224,237.93235607900812,2.2364072799682617,0.0,0.0,1.0131703615188599
4225,354.5978640485024,10.310152053833008,0.0,0.0,1.0132746696472168
4226,293.4091502094425,-39.565269470214844,0.0,0.0,1.013320803642273
4227,468.02683862320765,-3.4934754371643066,0.0,0.0,1.013358235359192
4228,277.1280479842958,5.52304220199585,0.0,0.0,1.0134040117263794
4229,469.156203124886,-19.48545265197754,0.0,0.0,1.013425350189209
4230,312.6419041026684,-21.04839324951172,0.0,0.0,1.013421654701233
4231,336.11762460912536,0.5623736381530762,0.0,0.0,1.0134197473526
4232,246.7891534248806,10.611491203308105,0.0,0.0,1.0134385824203491
4233,425.1153589359279,-29.544462203979492,0.0,0.0,1.0134090185165405
4234,331.47481823996355,33.23292541503906,0.0,0.0,1.013431191444397
4235,477.3281049712147,-1.2773857116699219,0.0,0.0,1.0134471654891968
4236,253.63998924360158,-9.373109817504883,0.0,0.0,1.0134387016296387
4237,402.13648543672775,25.395275115966797,0.0,0.0,1.0134690999984741
4238,245.7627497094216,27.44188690185547,0.0,0.0,1.0135577917099
4239,311.3167984494084,8.486808776855469,0.0,0.0,1.0136690139770508
4240,287.3990497748452,-8.185516357421875,0.0,0.0,1.0137486457824707
4241,430.4997494924872,17.531776428222656,0.0,0.0,1.0138517618179321
4242,292.0081799487316,1.3815784454345703,0.0,0.0,1.013949990272522
4243,319.5131506705479,-8.598165512084961,0.0,0.0,1.0140178203582764
4244,347.46689182915463,-34.58538055419922,0.0,0.0,1.0140169858932495
4245,522.7982048806323,-0.2702770233154297,0.0,0.0,1.014015793800354
4246,231.34806068516644,2.229184150695801,0.0,0.0,1.0140186548233032
4247,381.8829706409902,-16.485849380493164,0.0,0.0,1.013996958732605
4248,259.80601917449565,-5.228217124938965,0.0,0.0,1.0139700174331665
4249,301.05906473476955,-8.45261001586914,0.0,0.0,1.0139285326004028
4250,269.0679830060497,0.5664782524108887,0.0,0.0,1.0138925313949585
4251,308.4637418690735,-19.553985595703125,0.0,0.0,1.0138238668441772
4252,266.3870780480435,-8.240856170654297,0.0,0.0,1.0137300491333008
4253,286.96654926864846,-17.355623245239258,0.0,0.0,1.0135842561721802
4254,283.1060930830386,18.28413963317871,0.0,0.0,1.013520359992981
4255,285.0777010472293,12.156213760375977,0.0,0.0,1.0134836435317993
4256,312.1560375686361,-23.634002685546875,0.0,0.0,1.0133613348007202
4257,263.54467626049063,14.288164138793945,0.0,0.0,1.0132769346237183
4258,301.6354491161179,22.621829986572266,0.0,0.0,1.0132523775100708
4259,275.74968713818856,-15.576695442199707,0.0,0.0,1.0132001638412476
4260,363.88145707940896,-16.954856872558594,0.0,0.0,1.0131107568740845
4261,289.3890397940976,-1.5402140617370605,0.0,0.0,1.0130256414413452
4262,267.0372729506842,-4.35532283782959,0.0,0.0,1.012935996055603
4263,314.6311289297082,31.50759506225586,0.0,0.0,1.0129014253616333
4264,305.4085043507594,8.284820556640625,0.0,0.0,1.0128828287124634
4265,261.4315078272981,-19.41232681274414,0.0,0.0,1.0128496885299683
4266,266.7516054229189,-1.0855817794799805,0.0,0.0,1.0128177404403687
4267,390.29145847581077,15.652349472045898,0.0,0.0,1.0128288269042969
4268,302.3923589203186,35.464351654052734,0.0,0.0,1.0128741264343262
4269,345.21690165790994,-28.472434997558594,0.0,0.0,1.0128198862075806
4270,255.80837929252786,10.477968215942383,0.0,0.0,1.0127843618392944
4271,258.9731358036526,-2.0820469856262207,0.0,0.0,1.0127464532852173
4272,305.6838874800762,-10.271998405456543,0.0,0.0,1.012685775756836
4273,420.5171587237702,8.978144645690918,0.0,0.0,1.0126460790634155
4274,362.516990741881,-35.76142120361328,0.0,0.0,1.0125198364257812
4275,182.12949737993182,8.87388801574707,0.0,0.0,1.0124303102493286
4276,314.77908303953836,-7.176387310028076,0.0,0.0,1.0123401880264282
4277,253.6977622197682,2.03680419921875,0.0,0.0,1.0122661590576172
4278,318.3630543473183,26.63092803955078,0.0,0.0,1.0123170614242554
4279,329.36069444027675,-22.690534591674805,0.0,0.0,1.0123212337493896
4280,293.1100569835562,13.267882347106934,0.0,0.0,1.012357234954834
4281,358.17371337618835,22.652326583862305,0.0,0.0,1.0124419927597046
4282,306.7478066824586,18.74329376220703,0.0,0.0,1.0125483274459839
4283,200.46782786152085,-20.019128799438477,0.0,0.0,1.0126065015792847
4284,238.9052294817927,-10.709304809570312,0.0,0.0,1.0126248598098755
4285,289.7047800746809,-5.145215034484863,0.0,0.0,1.0126343965530396
4286,238.63226888998423,-12.452142715454102,0.0,0.0,1.0125902891159058
4287,302.92569461598276,-8.266002655029297,0.0,0.0,1.0125304460525513
4288,240.5224801538923,-13.037954330444336,0.0,0.0,1.0124452114105225
4289,293.6067854405024,-27.102685928344727,0.0,0.0,1.0123313665390015
4290,309.1989813221571,20.932540893554688,0.0,0.0,1.0123056173324585
4291,302.22517629625065,2.1203737258911133,0.0,0.0,1.0122902393341064
4292,245.19654344176328,-2.0155582427978516,0.0,0.0,1.0122750997543335
4293,340.47825087193195,4.1841888427734375,0.0,0.0,1.012271761894226
4294,416.320982433242,34.405216217041016,0.0,0.0,1.0123487710952759
4295,279.35981758937453,-12.009521484375,0.0,0.0,1.0124047994613647
4296,239.4995099140949,-15.710872650146484,0.0,0.0,1.0124015808105469
4297,334.4355707912299,-8.318734169006348,0.0,0.0,1.012381911277771
4298,348.4822551421981,1.7731871604919434,0.0,0.0,1.012365698814392
4299,313.8060750396733,9.218180656433105,0.0,0.0,1.0123716592788696
4300,226.56923686355387,-18.074237823486328,0.0,0.0,1.0123231410980225
4301,306.60429758104027,-2.2507543563842773,0.0,0.0,1.0122756958007812
4302,281.11327655368365,-1.397918701171875,0.0,0.0,1.0122299194335938
4303,287.3268227997791,12.45212173461914,0.0,0.0,1.0122040510177612
4304,279.51717785088334,8.27800464630127,0.0,0.0,1.0122073888778687
4305,311.984448202087,2.249847412109375,0.0,0.0,1.012212872505188
4306,270.95479027711355,0.8536839485168457,0.0,0.0,1.0122194290161133
4307,314.58872872626193,-36.374664306640625,0.0,0.0,1.0121530294418335
4308,215.72338455183788,-8.283161163330078,0.0,0.0,1.0120782852172852
4309,287.82844823330936,4.365425109863281,0.0,0.0,1.012018084526062
4310,247.31223696049315,-10.066478729248047,0.0,0.0,1.0119366645812988
4311,327.15390742274775,-3.1502890586853027,0.0,0.0,1.0118582248687744
4312,325.4044106615223,6.041938781738281,0.0,0.0,1.0117954015731812
4313,264.42170317256114,1.3757734298706055,0.0,0.0,1.0117417573928833
4314,333.52360261610033,40.7430305480957,0.0,0.0,1.0118217468261719
4315,290.4216928657322,15.809612274169922,0.0,0.0,1.0119333267211914
4316,279.59487852266926,12.313608169555664,0.0,0.0,1.0120569467544556
4317,296.71114695773383,-11.943038940429688,0.0,0.0,1.012142539024353
4318,408.6675003790302,18.346851348876953,0.0,0.0,1.0122607946395874
4319,281.7142404228536,7.5471062660217285,0.0,0.0,1.0123827457427979
4320,322.8380352788149,21.682344436645508,0.0,0.0,1.0125349760055542
4321,296.4605055512043,11.028533935546875,0.0,0.0,1.0126919746398926
4322,303.9203394738486,-8.910327911376953,0.0,0.0,1.0128076076507568
4323,288.98693921176124,11.339693069458008,0.0,0.0,1.012942910194397
4324,405.1976086663543,26.530311584472656,0.0,0.0,1.0131276845932007
4325,301.1271712363484,-21.207374572753906,0.0,0.0,1.0132390260696411
4326,314.01209268896815,-3.0626354217529297,0.0,0.0,1.0133357048034668
4327,323.29579283812114,7.788956165313721,0.0,0.0,1.0134471654891968
4328,349.4778775210071,-35.159950256347656,0.0,0.0,1.013492465019226
4329,256.6190178574303,-21.31769561767578,0.0,0.0,1.0134800672531128
4330,317.8943118614891,-18.461383819580078,0.0,0.0,1.013437032699585
4331,259.1063639212994,-21.57669448852539,0.0,0.0,1.013359546661377
4332,305.7502066002282,-1.103851318359375,0.0,0.0,1.0132880210876465
4333,339.4151779791722,-15.214912414550781,0.0,0.0,1.0131932497024536
4334,332.26358159206757,20.566423416137695,0.0,0.0,1.0131638050079346
4335,311.64438421194336,24.131885528564453,0.0,0.0,1.0132114887237549
4336,269.1292200234057,31.767902374267578,0.0,0.0,1.0133832693099976
4337,311.9831952261188,-35.00965118408203,0.0,0.0,1.0134772062301636
4338,336.3451218230778,5.558000564575195,0.0,0.0,1.0135658979415894
4339,346.1879974436779,4.145126819610596,0.0,0.0,1.0136557817459106
4340,394.1845911664951,34.170936584472656,0.0,0.0,1.0138128995895386
4341,358.28156208329017,27.14164161682129,0.0,0.0,1.0139912366867065
4342,290.11882622003907,10.851175308227539,0.0,0.0,1.0141613483428955
4343,363.8522207330724,15.307914733886719,0.0,0.0,1.0143340826034546
4344,295.4246912998523,22.063640594482422,0.0,0.0,1.0145149230957031
4345,303.4476443671404,-7.6605730056762695,0.0,0.0,1.0146502256393433
4346,278.6995987557744,-3.9327831268310547,0.0,0.0,1.0147665739059448
4347,308.91148630009616,-12.771453857421875,0.0,0.0,1.0148358345031738
4348,328.4769578192121,1.254969596862793,0.0,0.0,1.014899730682373
4349,335.312597978512,-2.9598851203918457,0.0,0.0,1.0149521827697754
4350,328.8587103590081,2.782238245010376,0.0,0.0,1.0150076150894165
4351,356.3672439645432,-6.2415337562561035,0.0,0.0,1.0150355100631714
4352,308.5985819372599,-20.05440902709961,0.0,0.0,1.014985203742981
4353,412.8634998871803,4.025761604309082,0.0,0.0,1.0149503946304321
4354,322.8257790053947,33.31597137451172,0.0,0.0,1.014992117881775
4355,324.97350345752835,-21.488012313842773,0.0,0.0,1.0149928331375122
4356,401.0948771466859,14.702795028686523,0.0,0.0,1.0150243043899536
4357,290.79514597110733,-19.489118576049805,0.0,0.0,1.0150147676467896
4358,372.6411338706618,4.0545549392700195,0.0,0.0,1.0150129795074463
4359,342.3387081879133,10.51024055480957,0.0,0.0,1.0150266885757446
4360,317.4566378123517,-5.2701416015625,0.0,0.0,1.015030026435852
4361,286.28017445108617,-1.1701536178588867,0.0,0.0,1.0150316953659058
4362,294.6905884979745,-4.525940895080566,0.0,0.0,1.0150195360183716
4363,381.89071622404606,8.57015609741211,0.0,0.0,1.0150176286697388
4364,324.1385611715417,-14.901596069335938,0.0,0.0,1.014975666999817
4365,285.64816649449256,-16.992794036865234,0.0,0.0,1.0149115324020386
4366,352.40080289733345,-14.629014015197754,0.0,0.0,1.0148338079452515
4367,373.4484076206082,-13.860608100891113,0.0,0.0,1.0147418975830078
4368,317.81087654708807,-12.168047904968262,0.0,0.0,1.0146225690841675
4369,350.14075978057616,-22.472761154174805,0.0,0.0,1.0144795179367065
4370,408.97276536727117,21.60527229309082,0.0,0.0,1.0143885612487793
4371,434.35992618384813,-7.0841593742370605,0.0,0.0,1.0142836570739746
4372,338.722781061868,-9.279468536376953,0.0,0.0,1.0141619443893433
4373,324.63903786976437,7.796451568603516,0.0,0.0,1.0140811204910278
4374,363.76507467740834,2.8942108154296875,0.0,0.0,1.0140151977539062
4375,364.22353277513537,19.025175094604492,0.0,0.0,1.0140043497085571
4376,470.5124038003179,2.623781204223633,0.0,0.0,1.013996958732605
4377,213.3069988944253,-7.539512634277344,0.0,0.0,1.013973593711853
4378,463.42365046030386,-3.424778938293457,0.0,0.0,1.0139484405517578
4379,396.93851824776016,26.577621459960938,0.0,0.0,1.0140079259872437
4380,322.4574197715417,-10.366671562194824,0.0,0.0,1.0140138864517212
4381,497.6209163849166,-0.9376873970031738,0.0,0.0,1.0140169858932495
4382,487.0935385413582,28.360572814941406,0.0,0.0,1.0140739679336548
4383,322.8957643018298,-6.96563196182251,0.0,0.0,1.0141161680221558
4384,447.39046989902647,-0.7436943054199219,0.0,0.0,1.014153003692627
4385,328.81281488716235,6.8024091720581055,0.0,0.0,1.0141996145248413
4386,314.42915656573695,-25.268089294433594,0.0,0.0,1.0141297578811646
4387,519.4652219235628,-2.7794017791748047,0.0,0.0,1.0140631198883057
4388,313.1992113892134,-1.9401235580444336,0.0,0.0,1.0139964818954468
4389,357.60711270688046,15.052070617675781,0.0,0.0,1.013989806175232
4390,377.34910670940945,26.10793113708496,0.0,0.0,1.0140751600265503
4391,268.2524439774506,4.613927841186523,0.0,0.0,1.014161229133606
4392,403.3088498809065,4.802489280700684,0.0,0.0,1.01425039768219
4393,401.54276720541526,8.21755599975586,0.0,0.0,1.014344573020935
4394,341.2698341337638,-2.0890517234802246,0.0,0.0,1.0144264698028564
4395,370.77765489085454,3.42462158203125,0.0,0.0,1.0145131349563599
4396,446.77090514501714,-10.963115692138672,0.0,0.0,1.014581322669983
4397,442.9123361386138,6.5281662940979,0.0,0.0,1.0146539211273193
4398,403.4897690795661,21.43804359436035,0.0,0.0,1.0147711038589478
4399,430.2923602727795,30.75372886657715,0.0,0.0,1.0149303674697876
4400,355.4962655573545,11.802700996398926,0.0,0.0,1.015102505683899
4401,318.1953067941413,-13.674903869628906,0.0,0.0,1.0152146816253662
4402,366.9713684794792,23.425304412841797,0.0,0.0,1.0154005289077759
4403,403.166702680911,3.621044158935547,0.0,0.0,1.015572190284729
4404,582.291936301375,-29.270015716552734,0.0,0.0,1.0156785249710083
4405,417.1081985341634,-8.682077407836914,0.0,0.0,1.0157634019851685
4406,572.3333789997653,3.016551971435547,0.0,0.0,1.015847086906433
4407,337.01086253579325,-18.158885955810547,0.0,0.0,1.0158801078796387
4408,327.71892668098496,-3.253909111022949,0.0,0.0,1.015903115272522
4409,463.4554541467076,-14.772079467773438,0.0,0.0,1.015886902809143
4410,404.419251637642,-7.180471420288086,0.0,0.0,1.0158604383468628
4411,387.61187150462564,-4.562100887298584,0.0,0.0,1.0158227682113647
4412,401.30475581086097,23.551790237426758,0.0,0.0,1.0158675909042358
4413,371.6714917800263,35.31734085083008,0.0,0.0,1.0159574747085571
4414,460.9798020258337,-23.979320526123047,0.0,0.0,1.0159982442855835
4415,527.4411319385083,-35.100975036621094,0.0,0.0,1.0159893035888672
4416,513.8950423699164,30.723121643066406,0.0,0.0,1.0160325765609741
4417,110.96711935846766,-22.432634353637695,0.0,0.0,1.0160088539123535
4418,262.70051275868497,-2.1695756912231445,0.0,0.0,1.0159832239151
4419,476.4809568034213,23.698043823242188,0.0,0.0,1.0160104036331177
4420,410.9994552232309,17.887462615966797,0.0,0.0,1.0160692930221558
4421,332.2763855193536,8.967292785644531,0.0,0.0,1.016142725944519
4422,363.6220895022217,-10.192596435546875,0.0,0.0,1.0161917209625244
4423,369.0047411347485,28.09280014038086,0.0,0.0,1.0162718296051025
4424,294.61310156787215,12.448080062866211,0.0,0.0,1.0163836479187012
4425,299.29329526067613,-6.914755344390869,0.0,0.0,1.016457200050354
4426,323.97393027358004,-3.702549457550049,0.0,0.0,1.0165172815322876
4427,465.9002881757918,-20.880701065063477,0.0,0.0,1.0165108442306519
4428,288.53215000421545,-7.85998010635376,0.0,0.0,1.0164893865585327
4429,207.45524035612564,19.400360107421875,0.0,0.0,1.016520619392395
4430,331.4228555128055,-39.12400817871094,0.0,0.0,1.0164450407028198
4431,411.24270974307825,22.447216033935547,0.0,0.0,1.0164238214492798
4432,315.3559819000178,23.032936096191406,0.0,0.0,1.0164532661437988
4433,614.999518973248,-69.45271301269531,0.0,0.0,1.0164202451705933
4434,447.5824397607786,-16.679868698120117,0.0,0.0,1.0163694620132446
4435,249.58777727160705,-1.588202714920044,0.0,0.0,1.0163205862045288
4436,284.6299619588538,4.6780314445495605,0.0,0.0,1.016289234161377
4437,173.734260314706,-16.95240020751953,0.0,0.0,1.016238808631897
4438,242.3917966730322,-13.502912521362305,0.0,0.0,1.0161716938018799
4439,259.4489249569337,-0.1915454864501953,0.0,0.0,1.0161107778549194
4440,353.10109683553463,24.282312393188477,0.0,0.0,1.0160914659500122
4441,267.2865088025984,-5.481289863586426,0.0,0.0,1.0160579681396484
4442,334.9252261699718,-7.52229642868042,0.0,0.0,1.016016960144043
4443,387.2950859415614,-7.865869998931885,0.0,0.0,1.0159622430801392
4444,235.38233780490128,-7.523802757263184,0.0,0.0,1.0158896446228027
4445,315.8341410464961,-4.869454860687256,0.0,0.0,1.0158168077468872
4446,255.23658734801137,-19.125240325927734,0.0,0.0,1.0157166719436646
4447,260.6283938553242,7.161182880401611,0.0,0.0,1.0156432390213013
4448,475.24565793569064,11.628531455993652,0.0,0.0,1.0155912637710571
4449,446.0939731272231,-12.359951972961426,0.0,0.0,1.0155259370803833
4450,342.1482743766139,33.43546676635742,0.0,0.0,1.0155128240585327
4451,296.744010292531,1.1838369369506836,0.0,0.0,1.015504002571106
4452,250.89239663814354,9.349885940551758,0.0,0.0,1.0155171155929565
4453,312.60926748583086,10.375021934509277,0.0,0.0,1.0155454874038696
4454,240.37469693384412,-10.139799118041992,0.0,0.0,1.0155510902404785
4455,566.4257033411754,44.10300064086914,0.0,0.0,1.0156104564666748
4456,249.31404728975025,4.190201282501221,0.0,0.0,1.0156763792037964
4457,437.0133824892669,-0.44392919540405273,0.0,0.0,1.0157335996627808
4458,365.8544514821145,-38.937225341796875,0.0,0.0,1.015701174736023
4459,321.559871649681,-28.476530075073242,0.0,0.0,1.015616774559021
4460,326.73623447090665,-6.395875930786133,0.0,0.0,1.0155268907546997
4461,305.9922020183587,0.1925358772277832,0.0,0.0,1.015447735786438
4462,263.69431437600804,36.487545013427734,0.0,0.0,1.0155134201049805
4463,245.08843009615947,7.695352554321289,0.0,0.0,1.0155878067016602
4464,271.9986484219945,3.5118961334228516,0.0,0.0,1.0156617164611816
4465,387.7540600889001,4.001796245574951,0.0,0.0,1.0157333612442017
4466,286.409889223232,-27.997774124145508,0.0,0.0,1.0157356262207031
4467,295.50837268320134,0.5344810485839844,0.0,0.0,1.0157378911972046
4468,367.5740283137825,24.319080352783203,0.0,0.0,1.0157777070999146
4469,119.19131399006946,4.09091854095459,0.0,0.0,1.0158215761184692
4470,306.2388035215792,15.433258056640625,0.0,0.0,1.0159187316894531
4471,273.19233939481484,-5.993170738220215,0.0,0.0,1.0160008668899536
4472,298.29350850525117,11.158790588378906,0.0,0.0,1.0160937309265137
4473,329.6404459581707,31.194429397583008,0.0,0.0,1.016252875328064
4474,366.89056477483007,-10.43075942993164,0.0,0.0,1.016379714012146
4475,358.55763117498594,-45.68556213378906,0.0,0.0,1.0164583921432495
4476,290.22068687513433,8.182310104370117,0.0,0.0,1.0165547132492065
4477,306.9760114004308,-6.8382887840271,0.0,0.0,1.0166329145431519
4478,287.08170042669093,9.661613464355469,0.0,0.0,1.0167251825332642
4479,303.35500747995644,23.293960571289062,0.0,0.0,1.016849160194397
4480,328.26671538986284,2.4386157989501953,0.0,0.0,1.0169638395309448
4481,251.02703155575338,19.313739776611328,0.0,0.0,1.0171427726745605
4482,306.11205256286195,17.57770538330078,0.0,0.0,1.017349362373352
4483,296.50684772931805,19.13874053955078,0.0,0.0,1.0175824165344238
4484,322.14501328772457,22.103530883789062,0.0,0.0,1.0178323984146118
4485,266.6869467408842,-1.3918347358703613,0.0,0.0,1.0180549621582031
4486,321.72947980718146,-7.755673408508301,0.0,0.0,1.0182260274887085
4487,371.5177604622349,21.260173797607422,0.0,0.0,1.018417477607727
4488,327.8419163851297,-26.266910552978516,0.0,0.0,1.018518090248108
4489,314.4956590031818,-0.9073095321655273,0.0,0.0,1.01860511302948
4490,404.8530594473035,12.737310409545898,0.0,0.0,1.0187104940414429
4491,344.6469551340412,2.354185104370117,0.0,0.0,1.0188113451004028
4492,487.860423916015,-52.69149398803711,0.0,0.0,1.018875241279602
4493,313.1983336724481,-17.7764835357666,0.0,0.0,1.0188974142074585
4494,249.33460008653898,-19.029027938842773,0.0,0.0,1.0188854932785034
4495,370.7536881423332,-18.317420959472656,0.0,0.0,1.0188575983047485
4496,369.78122229653286,-11.784317016601562,0.0,0.0,1.0188088417053223
4497,267.8678574782271,-5.162960052490234,0.0,0.0,1.018751621246338
4498,289.0999648754076,12.178540229797363,0.0,0.0,1.0187331438064575
4499,343.36536289085916,1.0425329208374023,0.0,0.0,1.0187182426452637
4500,168.23656320269032,2.379892349243164,0.0,0.0,1.0187095403671265
4501,304.29720490962893,9.915740013122559,0.0,0.0,1.0187299251556396
4502,327.6316696130784,-10.81845760345459,0.0,0.0,1.0187143087387085
4503,292.3480901123848,20.111238479614258,0.0,0.0,1.0187296867370605
4504,495.21662552718175,8.104684829711914,0.0,0.0,1.0187572240829468
4505,344.5270355243989,-5.135404586791992,0.0,0.0,1.0187691450119019
4506,330.47024317806637,-17.409563064575195,0.0,0.0,1.018738865852356
4507,322.2184780314718,3.007122039794922,0.0,0.0,1.0187156200408936
4508,351.06064973654964,6.267168045043945,0.0,0.0,1.0187093019485474
4509,345.59611105609116,-10.067909240722656,0.0,0.0,1.0186783075332642
4510,337.4743947485475,-11.27083969116211,0.0,0.0,1.0186315774917603
4511,392.80057674796734,-6.063205718994141,0.0,0.0,1.0185813903808594
4512,289.976220129501,24.009519577026367,0.0,0.0,1.0185915231704712
4513,346.9672874774917,-42.94073486328125,0.0,0.0,1.0185209512710571
4514,377.5417538557087,-15.895916938781738,0.0,0.0,1.0184330940246582
4515,327.45613206496006,-9.436946868896484,0.0,0.0,1.0183311700820923
4516,350.9874618255017,35.34901809692383,0.0,0.0,1.0183488130569458
4517,339.9908656539746,-13.963571548461914,0.0,0.0,1.0183264017105103
4518,342.1432261773552,-17.022994995117188,0.0,0.0,1.0182695388793945
4519,287.31008522484643,8.202853202819824,0.0,0.0,1.0182451009750366
4520,468.29265236473367,-18.580598831176758,0.0,0.0,1.0181879997253418
4521,372.9659936360145,-10.117925643920898,0.0,0.0,1.0181083679199219
4522,318.70365905859313,-4.7681565284729,0.0,0.0,1.0180283784866333
4523,369.1675403015498,-5.929981708526611,0.0,0.0,1.0179433822631836
4524,201.7832325576458,22.717327117919922,0.0,0.0,1.0179072618484497
4525,304.21550076468037,5.620366096496582,0.0,0.0,1.0178838968276978
4526,331.77064494222714,9.75314998626709,0.0,0.0,1.0178914070129395
4527,482.7647837621644,52.36895751953125,0.0,0.0,1.0179325342178345
4528,316.8435937611484,-18.246143341064453,0.0,0.0,1.017921805381775
4529,260.98624043633134,12.958782196044922,0.0,0.0,1.0179523229599
4530,325.9146011538332,-1.6603717803955078,0.0,0.0,1.0179773569107056
4531,385.4215091427638,25.48873519897461,0.0,0.0,1.0180522203445435
4532,289.9842632025759,-20.57839012145996,0.0,0.0,1.018086552619934
4533,360.64463550621366,0.8167152404785156,0.0,0.0,1.0181176662445068
4534,341.68503549771293,-9.605497360229492,0.0,0.0,1.0181224346160889
4535,386.3154145047881,5.699098587036133,0.0,0.0,1.0181325674057007
4536,341.05856458521566,-12.472513198852539,0.0,0.0,1.018115758895874
4537,222.44138590138314,-14.41798210144043,0.0,0.0,1.0180473327636719
4538,302.804712792835,-8.94113540649414,0.0,0.0,1.0179697275161743
4539,411.4410040207125,16.890626907348633,0.0,0.0,1.0179424285888672
4540,327.63813257213354,-17.067825317382812,0.0,0.0,1.0179063081741333
4541,284.4863790152482,8.937042236328125,0.0,0.0,1.0178993940353394
4542,320.77409357649634,2.4695353507995605,0.0,0.0,1.0178966522216797
4543,284.16142134162374,-2.3420538902282715,0.0,0.0,1.0178890228271484
4544,280.82122469109515,17.05492401123047,0.0,0.0,1.017930507659912
4545,459.32447635306,-5.630756855010986,0.0,0.0,1.0179548263549805
4546,239.59591603005774,-13.800409317016602,0.0,0.0,1.0179400444030762
4547,335.6143114978884,-1.385894775390625,0.0,0.0,1.0179227590560913
4548,322.16430417328087,1.061403751373291,0.0,0.0,1.0179105997085571
4549,270.8614881339898,-0.15447139739990234,0.0,0.0,1.0178989171981812
4550,319.4946190977594,28.353849411010742,0.0,0.0,1.0179320573806763
4551,308.8030293136577,-7.00145149230957,0.0,0.0,1.0179299116134644
4552,261.332785285423,-18.56727409362793,0.0,0.0,1.0178989171981812
4553,250.60544093597292,12.8818359375,0.0,0.0,1.0178934335708618
4554,309.64437744128776,9.812406539916992,0.0,0.0,1.0179082155227661
4555,338.4545710018015,40.38325119018555,0.0,0.0,1.018035650253296
4556,236.81062232637137,-1.039717197418213,0.0,0.0,1.0181447267532349
4557,288.97984121989475,-12.8868408203125,0.0,0.0,1.0182229280471802
4558,333.42987722672547,-32.15155029296875,0.0,0.0,1.0182075500488281
4559,241.35532474506806,1.7336530685424805,0.0,0.0,1.0181957483291626
4560,301.3832383828654,-10.739436149597168,0.0,0.0,1.0181750059127808
4561,294.6272569851661,-17.197265625,0.0,0.0,1.0181207656860352
4562,273.2562962343216,-22.14361000061035,0.0,0.0,1.0180164575576782
4563,243.61168648516747,2.4632349014282227,0.0,0.0,1.017927646636963
4564,241.0591526754107,8.128128051757812,0.0,0.0,1.0178632736206055
4565,281.8001229025541,-8.592611312866211,0.0,0.0,1.0177751779556274
4566,226.36659303014466,-9.741449356079102,0.0,0.0,1.0176841020584106
4567,290.3565596971894,-14.221315383911133,0.0,0.0,1.0175504684448242
4568,252.6380538413982,8.054512977600098,0.0,0.0,1.0174437761306763
4569,303.7074781755324,-26.848989486694336,0.0,0.0,1.0173064470291138
4570,299.8160962946441,-31.249404907226562,0.0,0.0,1.0171095132827759
4571,257.4416170496826,9.48452377319336,0.0,0.0,1.0169585943222046
4572,250.86774646132667,2.1252334117889404,0.0,0.0,1.0168282985687256
4573,347.9892678650214,7.727091312408447,0.0,0.0,1.016734004020691
4574,291.0732577014296,1.6066391468048096,0.0,0.0,1.016652226448059
4575,289.15654817648243,-4.860779285430908,0.0,0.0,1.016566276550293
4576,238.3715565310307,1.159008502960205,0.0,0.0,1.0164910554885864
4577,291.6840563989397,-25.024194717407227,0.0,0.0,1.016381025314331
4578,312.6633732431441,2.353997230529785,0.0,0.0,1.0162898302078247
4579,302.7926862918165,16.781597137451172,0.0,0.0,1.0162369012832642
4580,188.83836419900086,1.329375982284546,0.0,0.0,1.0161916017532349
4581,274.55911286232947,4.708085060119629,0.0,0.0,1.0161662101745605
4582,302.848958553395,11.733953475952148,0.0,0.0,1.016182541847229
4583,228.78146433866493,-29.322162628173828,0.0,0.0,1.0161360502243042
4584,284.59681566565956,19.549884796142578,0.0,0.0,1.0161389112472534
4585,246.86117199161072,-0.6948838233947754,0.0,0.0,1.0161398649215698
4586,277.80605922157685,3.8142619132995605,0.0,0.0,1.016148567199707
4587,238.74272795313365,13.808935165405273,0.0,0.0,1.0161772966384888
4588,286.2469176591121,0.03547525405883789,0.0,0.0,1.0162029266357422
4589,364.2829522345233,-25.26272964477539,0.0,0.0,1.016195297241211
4590,293.4548484067238,-22.89443016052246,0.0,0.0,1.0161609649658203
4591,255.8773590373484,-14.663710594177246,0.0,0.0,1.0160692930221558
4592,264.6344184414665,-37.20635986328125,0.0,0.0,1.015946865081787
4593,249.35104493027754,9.610715866088867,0.0,0.0,1.0158532857894897
4594,205.71634551374078,4.366199970245361,0.0,0.0,1.0157837867736816
4595,230.1329746027001,-5.621659278869629,0.0,0.0,1.0157089233398438
4596,240.8460169981324,9.776176452636719,0.0,0.0,1.0157002210617065
4597,355.2114361280969,-0.5676698684692383,0.0,0.0,1.015692114830017
4598,353.1613292896364,2.0283899307250977,0.0,0.0,1.0156912803649902
4599,272.7097869486389,0.5704712867736816,0.0,0.0,1.0156930685043335
4600,211.0601574119025,13.824121475219727,0.0,0.0,1.0157450437545776
4601,308.4505222786716,11.582375526428223,0.0,0.0,1.0158166885375977
4602,310.70409009214063,-4.693406105041504,0.0,0.0,1.015867829322815
4603,229.73637541205002,7.107977867126465,0.0,0.0,1.0159423351287842
4604,279.1673016293742,4.094791412353516,0.0,0.0,1.0160245895385742
4605,260.589104989478,-10.214996337890625,0.0,0.0,1.0160731077194214
4606,375.35242906214586,-1.609093189239502,0.0,0.0,1.0161138772964478
4607,279.7588652724674,5.93868350982666,0.0,0.0,1.0161622762680054
4608,274.66904273268375,10.627948760986328,0.0,0.0,1.0162358283996582
4609,289.07153561878414,14.40351390838623,0.0,0.0,1.0163382291793823
4610,316.4769292008742,0.2700033187866211,0.0,0.0,1.0164307355880737
4611,279.31223153788994,11.662790298461914,0.0,0.0,1.0165367126464844
4612,254.9457705000412,-4.246952056884766,0.0,0.0,1.0166164636611938
4613,249.5072976144521,7.492859840393066,0.0,0.0,1.0167057514190674
4614,363.0596782624298,-6.775673866271973,0.0,0.0,1.0167711973190308
4615,226.11709351372954,-2.4245548248291016,0.0,0.0,1.0168218612670898
4616,288.76068154036676,8.27926254272461,0.0,0.0,1.0168958902359009
4617,262.4357168920076,-10.353372573852539,0.0,0.0,1.0169382095336914
4618,307.96798180455005,18.442256927490234,0.0,0.0,1.017029881477356
4619,288.24060764187834,-8.975013732910156,0.0,0.0,1.017088532447815
4620,215.11837743400247,-9.408845901489258,0.0,0.0,1.0171148777008057
4621,280.7876565967009,-25.16991424560547,0.0,0.0,1.017074465751648
4622,271.06297986119336,5.388854503631592,0.0,0.0,1.0170432329177856
4623,326.16015296973444,4.118430137634277,0.0,0.0,1.017020344734192
4624,309.4648055838019,22.85449981689453,0.0,0.0,1.017072319984436
4625,359.0587031408011,10.772327423095703,0.0,0.0,1.0171438455581665
4626,309.7040614446643,-6.224557876586914,0.0,0.0,1.0171869993209839
4627,363.74477773154916,18.290922164916992,0.0,0.0,1.0173064470291138
4628,317.33168872404565,16.01225471496582,0.0,0.0,1.0174452066421509
4629,297.55414830596783,-12.775126457214355,0.0,0.0,1.017530918121338
4630,268.0895392610409,-19.787433624267578,0.0,0.0,1.0175538063049316
4631,372.91706705771946,33.13169479370117,0.0,0.0,1.0176578760147095
4632,334.9894888025937,-31.289031982421875,0.0,0.0,1.0177236795425415
4633,354.23870339369506,-29.997447967529297,0.0,0.0,1.0177115201950073
4634,316.9674499462736,-14.190666198730469,0.0,0.0,1.0176780223846436
4635,308.42281258565157,24.03168296813965,0.0,0.0,1.017688274383545
4636,300.57018632718115,6.814140319824219,0.0,0.0,1.0177208185195923
4637,349.1453465273727,-20.963598251342773,0.0,0.0,1.0177117586135864
4638,289.742468508426,6.917747974395752,0.0,0.0,1.0177232027053833
4639,401.2783012347461,-20.115154266357422,0.0,0.0,1.0176925659179688
4640,303.06701905485994,-2.9934442043304443,0.0,0.0,1.0176595449447632
4641,348.53737206238014,-8.274627685546875,0.0,0.0,1.0176118612289429
4642,353.8112940846328,-18.87476921081543,0.0,0.0,1.0175279378890991
4643,315.3312507570363,-10.652915954589844,0.0,0.0,1.0174325704574585
4644,369.82476116722415,-27.43999481201172,0.0,0.0,1.017285704612732
4645,353.01857807190146,-8.04672908782959,0.0,0.0,1.0171432495117188
4646,305.01963438979686,-4.986420154571533,0.0,0.0,1.0169967412948608
4647,346.6309870032341,18.349666595458984,0.0,0.0,1.016897201538086
4648,311.3157200746326,12.549093246459961,0.0,0.0,1.0168273448944092
4649,298.65573143450194,-11.214118957519531,0.0,0.0,1.0167454481124878
4650,316.2228803134058,-4.326035976409912,0.0,0.0,1.0166648626327515
4651,328.1878597001953,17.667207717895508,0.0,0.0,1.0166244506835938
4652,327.2313728618304,8.53355598449707,0.0,0.0,1.016600251197815
4653,365.11602462433507,-0.6975846290588379,0.0,0.0,1.016577124595642
4654,323.1939330982003,-0.16349363327026367,0.0,0.0,1.016554832458496
4655,214.09766173640034,7.243956565856934,0.0,0.0,1.0165600776672363
4656,345.65844953992166,-22.4385986328125,0.0,0.0,1.016511082649231
4657,360.7592800048991,12.541044235229492,0.0,0.0,1.0164846181869507
4658,321.8274175932446,10.80125617980957,0.0,0.0,1.0164928436279297
4659,364.4062491301726,7.7895989418029785,0.0,0.0,1.016530156135559
4660,324.2460563669036,-22.364418029785156,0.0,0.0,1.0165181159973145
4661,343.6747592065022,-18.527790069580078,0.0,0.0,1.0164679288864136
4662,350.0411637662327,-12.697385787963867,0.0,0.0,1.0163884162902832
4663,286.0589709940775,8.00796890258789,0.0,0.0,1.0163358449935913
4664,326.1602503772042,33.466854095458984,0.0,0.0,1.0163425207138062
4665,313.14181581932525,10.982032775878906,0.0,0.0,1.016380786895752
4666,364.76360149142016,4.037593841552734,0.0,0.0,1.01642644405365
4667,303.42457981894603,-2.0143251419067383,0.0,0.0,1.016465187072754
4668,315.1588865054445,-26.21221160888672,0.0,0.0,1.0164361000061035
4669,474.8383379966472,2.3853893280029297,0.0,0.0,1.0164145231246948
4670,397.1448264094557,-5.5772199630737305,0.0,0.0,1.0163835287094116
4671,331.99245455136986,2.9252266883850098,0.0,0.0,1.0163617134094238
4672,326.9912975621581,10.560331344604492,0.0,0.0,1.016374111175537
4673,320.0337434347672,12.666802406311035,0.0,0.0,1.0164295434951782
4674,336.93450804564094,-10.481529235839844,0.0,0.0,1.0164483785629272
4675,255.180199141645,12.67274284362793,0.0,0.0,1.0164858102798462
4676,350.0732879619583,10.446174621582031,0.0,0.0,1.0165470838546753
4677,442.89888740107693,19.782047271728516,0.0,0.0,1.0166358947753906
4678,391.5542810431942,-10.837639808654785,0.0,0.0,1.0166925191879272
4679,385.0661675798539,-5.815553665161133,0.0,0.0,1.016729712486267
4680,310.8881144531385,1.259777545928955,0.0,0.0,1.0167654752731323
4681,269.69912106821704,13.993362426757812,0.0,0.0,1.0168575048446655
4682,383.3419498585032,-8.179964065551758,0.0,0.0,1.0169163942337036
4683,255.53086835428522,-8.259538650512695,0.0,0.0,1.016950011253357
4684,331.3996875615117,16.93647575378418,0.0,0.0,1.0170201063156128
4685,298.9583520328154,14.47923469543457,0.0,0.0,1.0171067714691162
4686,343.51135143472413,18.210716247558594,0.0,0.0,1.0172301530838013
4687,205.68863925402974,-6.736270427703857,0.0,0.0,1.0173124074935913
4688,321.71417665876646,23.571056365966797,0.0,0.0,1.0174493789672852
4689,426.5512852961123,23.92959213256836,0.0,0.0,1.0176327228546143
4690,329.0372139446282,13.98001480102539,0.0,0.0,1.017837643623352
4691,295.004483332826,19.56839370727539,0.0,0.0,1.0180832147598267
4692,261.40908703345156,-11.310333251953125,0.0,0.0,1.0182733535766602
4693,219.3160112241021,5.654160499572754,0.0,0.0,1.0184588432312012
4694,231.93103979199455,-3.8918874263763428,0.0,0.0,1.0186139345169067
4695,434.85108455699327,6.698503494262695,0.0,0.0,1.0187684297561646
4696,421.28563816240563,37.72370529174805,0.0,0.0,1.0190054178237915
4697,302.1540821725814,5.692972183227539,0.0,0.0,1.0192347764968872
4698,255.26128620558407,-0.31059789657592773,0.0,0.0,1.019439697265625
4699,351.3518068142216,-7.6686224937438965,0.0,0.0,1.019611120223999
4700,302.20682754007254,35.169219970703125,0.0,0.0,1.0198239088058472
4701,314.4535861341475,-6.757226467132568,0.0,0.0,1.0199949741363525
4702,445.01478372022814,7.151517868041992,0.0,0.0,1.0201681852340698
4703,370.7495569636765,15.354717254638672,0.0,0.0,1.020371913909912
4704,239.6679566778431,-21.680511474609375,0.0,0.0,1.0204787254333496
4705,573.9700149184547,24.92323112487793,0.0,0.0,1.0206369161605835
4706,461.4732164846348,-24.43303108215332,0.0,0.0,1.0207394361495972
4707,220.13698822602927,-4.785855293273926,0.0,0.0,1.0208196640014648
4708,288.4356652838243,-11.893278121948242,0.0,0.0,1.0208640098571777
4709,366.8688175047971,-5.194198131561279,0.0,0.0,1.0208936929702759
4710,303.386323348246,5.03757381439209,0.0,0.0,1.0209323167800903
4711,301.21752981751615,4.913837909698486,0.0,0.0,1.0209782123565674
4712,214.36931513162443,8.685013771057129,0.0,0.0,1.0210517644882202
4713,233.00061639843744,-13.334124565124512,0.0,0.0,1.0210825204849243
4714,303.73167892098115,-0.142303466796875,0.0,0.0,1.021109700202942
4715,297.2318291593408,-15.160297393798828,0.0,0.0,1.02108633518219
4716,183.2385035995478,-2.941493034362793,0.0,0.0,1.0210548639297485
4717,313.3636864762121,2.0074214935302734,0.0,0.0,1.0210312604904175
4718,158.61894649129553,0.5489997863769531,0.0,0.0,1.0210130214691162
4719,251.90356215155674,-0.6033008098602295,0.0,0.0,1.0209954977035522
4720,635.6952805960694,-13.356122016906738,0.0,0.0,1.0209485292434692
4721,398.9027867496286,-17.226329803466797,0.0,0.0,1.0208640098571777
4722,211.0547304180467,8.110536575317383,0.0,0.0,1.0208101272583008
4723,191.80004253948255,-18.11142349243164,0.0,0.0,1.020707130432129
4724,253.36205783525108,-2.2994747161865234,0.0,0.0,1.0206098556518555
4725,326.6922503048635,16.74829864501953,0.0,0.0,1.0205446481704712
4726,460.0526097105973,-21.14171028137207,0.0,0.0,1.020438551902771
4727,773.0480999495579,17.674480438232422,0.0,0.0,1.0203590393066406
4728,244.1202951729179,-0.09341049194335938,0.0,0.0,1.0202867984771729
4729,279.61738241280824,12.657142639160156,0.0,0.0,1.0202523469924927
4730,296.719982338688,-0.3396596908569336,0.0,0.0,1.0202211141586304
4731,554.8692576344355,9.466008186340332,0.0,0.0,1.020206332206726
4732,402.2469856830539,17.63054847717285,0.0,0.0,1.020230770111084
4733,467.5590001973869,25.29901123046875,0.0,0.0,1.0203003883361816
4734,333.12531903261134,-11.148441314697266,0.0,0.0,1.020335078239441
4735,169.02777947442547,-7.827266693115234,0.0,0.0,1.020344614982605
4736,129.61573565699533,-0.6019382476806641,0.0,0.0,1.0203520059585571
4737,171.0143348045281,0.7248749732971191,0.0,0.0,1.020359992980957
4738,357.06010164462185,-0.7108354568481445,0.0,0.0,1.0203648805618286
4739,486.14122323057666,14.688304901123047,0.0,0.0,1.0203944444656372
4740,303.4664441016998,18.37775993347168,0.0,0.0,1.020453929901123
4741,190.7616535998155,21.990459442138672,0.0,0.0,1.020553469657898
4742,474.0657943298089,-1.7911090850830078,0.0,0.0,1.0206393003463745
4743,173.50023920200204,-14.866344451904297,0.0,0.0,1.0206674337387085
4744,465.2260580284997,14.907510757446289,0.0,0.0,1.0207204818725586
4745,259.137741744217,21.08599090576172,0.0,0.0,1.0208330154418945
4746,366.4361223636136,17.126134872436523,0.0,0.0,1.0209602117538452
4747,348.2916952224368,0.35508251190185547,0.0,0.0,1.0210751295089722
4748,218.71416706544275,-6.105888366699219,0.0,0.0,1.0211678743362427
4749,223.56635970064747,-8.337797164916992,0.0,0.0,1.0212231874465942
4750,356.0898090453248,10.738702774047852,0.0,0.0,1.0212842226028442
4751,301.9971825750797,-7.1356611251831055,0.0,0.0,1.0213273763656616
4752,322.10019827013923,0.77740478515625,0.0,0.0,1.0213676691055298
4753,225.8068232582602,17.061487197875977,0.0,0.0,1.0214731693267822
4754,225.92361879399107,2.382593870162964,0.0,0.0,1.0215753316879272
4755,259.85956263120664,-10.127487182617188,0.0,0.0,1.0216479301452637
4756,304.49575705518504,20.92461585998535,0.0,0.0,1.021751880645752
4757,226.8146760080626,10.704828262329102,0.0,0.0,1.02187979221344
4758,300.73232609858536,-18.737272262573242,0.0,0.0,1.021959662437439
4759,448.82046314464804,-7.964270114898682,0.0,0.0,1.022019386291504
4760,333.40603721999844,19.739160537719727,0.0,0.0,1.022117257118225
4761,194.24126398996714,-20.474693298339844,0.0,0.0,1.0221461057662964
4762,201.94400934132344,5.219031810760498,0.0,0.0,1.0221823453903198
4763,316.36198270052574,-5.464873313903809,0.0,0.0,1.022204041481018
4764,434.2974782066766,-1.781999111175537,0.0,0.0,1.0222200155258179
4765,328.76958418329855,8.8394775390625,0.0,0.0,1.0222519636154175
4766,158.57389198519968,9.344137191772461,0.0,0.0,1.0223135948181152
4767,337.3358529500821,3.481212615966797,0.0,0.0,1.0223768949508667
4768,243.87644762344274,-2.211092948913574,0.0,0.0,1.0224295854568481
4769,321.92724287792714,-12.494302749633789,0.0,0.0,1.0224381685256958
4770,195.01228483611007,-14.979415893554688,0.0,0.0,1.0224043130874634
4771,233.91010363571374,12.764678001403809,0.0,0.0,1.0224061012268066
4772,334.03856729825856,18.07028579711914,0.0,0.0,1.0224369764328003
4773,499.1020978814716,12.180185317993164,0.0,0.0,1.022490382194519
4774,366.57452847691087,-0.9245388507843018,0.0,0.0,1.0225363969802856
4775,328.13891833530715,-17.135347366333008,0.0,0.0,1.0225563049316406
4776,67.44282365382665,-8.87397289276123,0.0,0.0,1.0225616693496704
4777,294.229773878003,-4.3238301277160645,0.0,0.0,1.0225533246994019
4778,503.3166517194447,-2.898499011993408,0.0,0.0,1.0225411653518677
4779,111.89646615858611,15.719968795776367,0.0,0.0,1.0225448608398438
4780,359.9164581100994,-10.630653381347656,0.0,0.0,1.0225244760513306
4781,374.922202663064,-7.779433727264404,0.0,0.0,1.0224870443344116
4782,170.97960254529684,8.584515571594238,0.0,0.0,1.022469162940979
4783,198.09456166224643,-18.670534133911133,0.0,0.0,1.0224276781082153
4784,346.5942725087907,-4.077404022216797,0.0,0.0,1.0223795175552368
4785,332.6397456979765,-29.52872657775879,0.0,0.0,1.0222901105880737
4786,476.3071298880082,4.101229667663574,0.0,0.0,1.022215485572815
4787,382.82155817848013,1.3883543014526367,0.0,0.0,1.0221515893936157
4788,354.4307284066285,-14.60413932800293,0.0,0.0,1.022056221961975
4789,290.2776900040601,10.608856201171875,0.0,0.0,1.021998643875122
4790,223.65083426279668,3.7985527515411377,0.0,0.0,1.0219652652740479
4791,361.3689633775409,11.190322875976562,0.0,0.0,1.021959900856018
4792,182.75754649261268,-16.66675567626953,0.0,0.0,1.0219004154205322
4793,331.0050964145904,12.670206069946289,0.0,0.0,1.0218778848648071
4794,313.08956886778276,12.936690330505371,0.0,0.0,1.021888256072998
4795,288.88120628531124,-13.705354690551758,0.0,0.0,1.0218755006790161
4796,224.75187980314092,2.797112464904785,0.0,0.0,1.0218697786331177
4797,375.4835809785142,12.86599063873291,0.0,0.0,1.0218957662582397
4798,443.9191480612879,-12.881830215454102,0.0,0.0,1.0219007730484009
4799,200.06151219538629,16.698862075805664,0.0,0.0,1.0219424962997437
4800,278.97253725817984,20.027507781982422,0.0,0.0,1.0220125913619995
4801,365.59502876749326,-0.9026470184326172,0.0,0.0,1.0220733880996704
4802,366.1536001138133,6.564428329467773,0.0,0.0,1.0221424102783203
4803,184.65031446261298,-9.219690322875977,0.0,0.0,1.0221742391586304
4804,516.3015461261695,4.399084091186523,0.0,0.0,1.0222114324569702
4805,408.54052198549635,-13.823747634887695,0.0,0.0,1.0222059488296509
4806,283.87366704292634,-30.820892333984375,0.0,0.0,1.0221612453460693
4807,565.1133281055362,6.027922630310059,0.0,0.0,1.0221375226974487
4808,348.5645854409889,-13.273853302001953,0.0,0.0,1.0221000909805298
4809,274.74174820784015,-47.394004821777344,0.0,0.0,1.0219392776489258
4810,466.44688213789675,-17.029748916625977,0.0,0.0,1.0217599868774414
4811,170.74469150223803,3.760964870452881,0.0,0.0,1.0216052532196045
4812,253.01194869784655,6.141273498535156,0.0,0.0,1.0214818716049194
4813,478.50512304394414,-26.33463478088379,0.0,0.0,1.0213121175765991
4814,283.424099493746,7.521062850952148,0.0,0.0,1.021177887916565
4815,170.24963835636083,3.6287102699279785,0.0,0.0,1.0210615396499634
4816,376.2153406541053,-9.380298614501953,0.0,0.0,1.0209277868270874
4817,113.07799212298042,-5.832098007202148,0.0,0.0,1.0207816362380981
4818,151.02403507721587,2.2308082580566406,0.0,0.0,1.0206550359725952
4819,486.80575760902667,2.6864967346191406,0.0,0.0,1.020544171333313
4820,276.18708822885185,12.185404777526855,0.0,0.0,1.020483374595642
4821,370.6989794634206,2.7507753372192383,0.0,0.0,1.020439863204956
4822,377.62980259923637,44.37255859375,0.0,0.0,1.020444393157959
4823,393.4372442257187,-15.268295288085938,0.0,0.0,1.0204185247421265
4824,739.6331629971365,28.190807342529297,0.0,0.0,1.0204262733459473
4825,428.48112806233866,-1.908888339996338,0.0,0.0,1.020429253578186
4826,423.8214209965338,10.960644721984863,0.0,0.0,1.0204511880874634
4827,299.8298753233926,13.152117729187012,0.0,0.0,1.0205235481262207
4828,330.33789495790785,-11.399802207946777,0.0,0.0,1.020556092262268
4829,632.2930248825184,-9.208412170410156,0.0,0.0,1.020565152168274
4830,292.23394609089354,4.430036544799805,0.0,0.0,1.0205838680267334
4831,878.9738287581828,-9.571821212768555,0.0,0.0,1.0205835103988647
4832,767.2329884691837,-75.63302612304688,0.0,0.0,1.0204720497131348
4833,320.6024319611626,19.862857818603516,0.0,0.0,1.0204161405563354
4834,696.2960321838062,6.657689571380615,0.0,0.0,1.020379900932312
4835,738.6772354329513,20.505741119384766,0.0,0.0,1.0203717947006226
4836,427.00189714076953,7.405027389526367,0.0,0.0,1.0203803777694702
4837,176.05071077165223,8.1549654006958,0.0,0.0,1.0204263925552368
4838,140.3287331685175,25.99190902709961,0.0,0.0,1.0205157995224
4839,568.0387794496709,10.386661529541016,0.0,0.0,1.0206098556518555
4840,412.2423738831485,-20.270828247070312,0.0,0.0,1.0206634998321533
4841,503.8730768261226,-24.831335067749023,0.0,0.0,1.0206667184829712
4842,299.35372429057475,8.871451377868652,0.0,0.0,1.0206903219223022
4843,357.46131210673775,-12.562620162963867,0.0,0.0,1.0206804275512695
4844,372.6257103595763,7.4489006996154785,0.0,0.0,1.020703673362732
4845,382.8312256504213,14.517444610595703,0.0,0.0,1.020751953125
4846,431.58864660358535,-1.282240867614746,0.0,0.0,1.0207923650741577
4847,381.0929494242956,-15.584490776062012,0.0,0.0,1.0207878351211548
4848,166.21451617964513,21.13259506225586,0.0,0.0,1.0208055973052979
4849,601.7264085662698,-48.179046630859375,0.0,0.0,1.0207420587539673
4850,353.11614899988444,-6.272402763366699,0.0,0.0,1.0206732749938965
4851,385.23975157263664,-0.6297249794006348,0.0,0.0,1.0206102132797241
4852,317.2283340708256,3.486466646194458,0.0,0.0,1.0205656290054321
4853,373.78957138186195,-22.703800201416016,0.0,0.0,1.0204792022705078
4854,454.27093796043187,-38.56597137451172,0.0,0.0,1.0203272104263306
4855,442.2616046175087,-8.95669174194336,0.0,0.0,1.0201752185821533
4856,549.5170932547824,-21.00130844116211,0.0,0.0,1.0200072526931763
4857,551.0870095794211,-11.660552978515625,0.0,0.0,1.0198469161987305
4858,512.883437828767,11.39184856414795,0.0,0.0,1.019728660583496
4859,262.44325174914985,-0.7212295532226562,0.0,0.0,1.019620418548584
4860,298.83997167580986,-9.67691421508789,0.0,0.0,1.0195021629333496
4861,262.59156297644614,-10.88011646270752,0.0,0.0,1.0193562507629395
4862,212.75013852434304,2.704099416732788,0.0,0.0,1.0192354917526245
4863,404.9477047363792,-0.30889368057250977,0.0,0.0,1.019126296043396
4864,209.9615274618068,-18.10070037841797,0.0,0.0,1.0189388990402222
4865,381.45866001761567,11.990882873535156,0.0,0.0,1.0187898874282837
4866,296.22295652322856,-17.726245880126953,0.0,0.0,1.0185977220535278
4867,325.5937090932564,17.379329681396484,0.0,0.0,1.0184870958328247
4868,286.55299192291375,10.16750717163086,0.0,0.0,1.0184268951416016
4869,249.34215340015595,6.696375846862793,0.0,0.0,1.0183874368667603
4870,307.9329672328032,32.98884963989258,0.0,0.0,1.0184040069580078
4871,229.9156205542324,7.349952697753906,0.0,0.0,1.0184352397918701
4872,280.6033246980205,5.357261657714844,0.0,0.0,1.0184732675552368
4873,385.13006466581805,6.429988384246826,0.0,0.0,1.0185233354568481
4874,411.8298171090205,19.026124954223633,0.0,0.0,1.0186127424240112
4875,308.75999717293536,11.508932113647461,0.0,0.0,1.0187249183654785
4876,273.8568285543137,-18.818260192871094,0.0,0.0,1.0187679529190063
4877,342.6012727073649,0.6210322380065918,0.0,0.0,1.0188074111938477
4878,252.12889602576053,-2.578488349914551,0.0,0.0,1.018835425376892
4879,328.55161375001586,-43.77953338623047,0.0,0.0,1.0187627077102661
4880,379.43476477881694,2.966550350189209,0.0,0.0,1.0187081098556519
4881,282.1232653048465,-9.039400100708008,0.0,0.0,1.0186406373977661
4882,288.56708777699663,-18.900196075439453,0.0,0.0,1.018532633781433
4883,331.381108033562,-13.172323226928711,0.0,0.0,1.018395185470581
4884,406.25949838152104,26.042329788208008,0.0,0.0,1.0183268785476685
4885,443.94459240922333,-8.821008682250977,0.0,0.0,1.0182396173477173
4886,292.6076971440188,-12.192955017089844,0.0,0.0,1.0181392431259155
4887,264.29847031846185,-12.49744987487793,0.0,0.0,1.0180143117904663
4888,320.268487973488,0.3891315460205078,0.0,0.0,1.017903208732605
4889,259.22072528220906,-7.753115653991699,0.0,0.0,1.0177764892578125
4890,303.5890666595628,-7.681828498840332,0.0,0.0,1.017645001411438
4891,345.06295965229936,-8.619882583618164,0.0,0.0,1.0175093412399292
4892,336.29694284262536,-30.205289840698242,0.0,0.0,1.0173152685165405
4893,344.06539242368075,-3.663212299346924,0.0,0.0,1.0171324014663696
4894,320.4032909516375,4.913443088531494,0.0,0.0,1.0169862508773804
4895,289.233459098871,-2.7896265983581543,0.0,0.0,1.0168452262878418
4896,363.29691121006533,9.42201042175293,0.0,0.0,1.0167280435562134
4897,120.43767190571761,-9.147443771362305,0.0,0.0,1.0165945291519165
4898,285.4970287200634,-3.482858180999756,0.0,0.0,1.0164618492126465
4899,494.3220560462965,36.10016632080078,0.0,0.0,1.016395926475525
4900,140.94278173298446,-2.2958784103393555,0.0,0.0,1.016326904296875
4901,260.37024848349887,-3.805600166320801,0.0,0.0,1.0162557363510132
4902,450.48807111277745,-35.53236770629883,0.0,0.0,1.0161372423171997
4903,237.3663203202195,-1.1892566680908203,0.0,0.0,1.016027808189392
4904,417.2702374075597,7.261338710784912,0.0,0.0,1.015944004058838
4905,382.1283450889258,-0.9432392120361328,0.0,0.0,1.015866994857788
4906,317.7440593985843,-16.787704467773438,0.0,0.0,1.0157569646835327
4907,260.65014418148206,-30.157785415649414,0.0,0.0,1.0155787467956543
4908,241.7979858410845,7.084038257598877,0.0,0.0,1.0154341459274292
4909,287.85086797490055,1.344411849975586,0.0,0.0,1.0153061151504517
4910,210.55394517148457,15.401493072509766,0.0,0.0,1.0152589082717896
4911,293.0265460557663,5.107152938842773,0.0,0.0,1.015222191810608
4912,273.4879804252924,0.37374019622802734,0.0,0.0,1.0151901245117188
4913,290.6598073035212,-13.549928665161133,0.0,0.0,1.0151292085647583
4914,273.4571115139762,-26.927629470825195,0.0,0.0,1.0149903297424316
4915,198.48805000844888,-2.3981714248657227,0.0,0.0,1.0148606300354004
4916,76.60809844591202,-8.235787391662598,0.0,0.0,1.0147061347961426
4917,215.11097442089093,5.531811714172363,0.0,0.0,1.0145760774612427
4918,150.0456135279295,7.869395732879639,0.0,0.0,1.0144821405410767
4919,102.64403937666752,-1.7119241952896118,0.0,0.0,1.0143944025039673
4920,91.89556101054572,-6.765990734100342,0.0,0.0,1.0142803192138672
4921,179.31311694345692,11.797842025756836,0.0,0.0,1.0142091512680054
4922,241.90983736364035,6.059076309204102,0.0,0.0,1.0141613483428955
4923,265.8313027008143,-14.197474479675293,0.0,0.0,1.014076828956604
4924,342.38271391959796,3.1007394790649414,0.0,0.0,1.0140081644058228
4925,244.73180629603675,-1.6343932151794434,0.0,0.0,1.0139440298080444
4926,105.89393635309132,-3.628089427947998,0.0,0.0,1.0138763189315796
4927,310.3014213885105,-0.04899883270263672,0.0,0.0,1.0138150453567505
4928,105.51040909191963,-1.0593353509902954,0.0,0.0,1.013755440711975
4929,91.9987691426853,5.310086250305176,0.0,0.0,1.0137193202972412
4930,296.57630350543985,-7.5363078117370605,0.0,0.0,1.0136638879776
4931,299.51386929168655,-2.902663230895996,0.0,0.0,1.01360285282135
4932,324.3679092778589,-15.483757019042969,0.0,0.0,1.0135234594345093
4933,377.68954044434633,-0.915565013885498,0.0,0.0,1.0134508609771729
4934,280.8815011052062,3.933286190032959,0.0,0.0,1.0133976936340332
4935,266.6897451274678,-11.236289024353027,0.0,0.0,1.0133227109909058
4936,229.80437442793294,-2.6057190895080566,0.0,0.0,1.0132485628128052
4937,313.41490075172885,-3.6906661987304688,0.0,0.0,1.0131727457046509
4938,166.642640407258,1.3564229011535645,0.0,0.0,1.0131080150604248
4939,298.369924964371,11.151440620422363,0.0,0.0,1.0130703449249268
4940,224.03283420376917,-26.837080001831055,0.0,0.0,1.012959361076355
4941,368.6539715428165,-8.133193016052246,0.0,0.0,1.012840747833252
4942,315.2551178957726,-2.145256996154785,0.0,0.0,1.0127276182174683
4943,233.87173441425344,-10.057769775390625,0.0,0.0,1.0126057863235474
4944,477.2117871387755,11.231904029846191,0.0,0.0,1.0125240087509155
4945,199.6150762018944,6.0193562507629395,0.0,0.0,1.0124634504318237
4946,296.95800509935725,17.040084838867188,0.0,0.0,1.012446403503418
4947,256.8033214345963,3.6369824409484863,0.0,0.0,1.0124382972717285
4948,197.53014361902933,-23.95855712890625,0.0,0.0,1.0123618841171265
4949,284.19495022129865,0.846318244934082,0.0,0.0,1.0122946500778198
4950,334.2006189003666,8.596689224243164,0.0,0.0,1.012251853942871
4951,265.8503922622005,-16.48126983642578,0.0,0.0,1.0121757984161377
4952,74.9500022261112,4.69874382019043,0.0,0.0,1.0121315717697144
4953,271.6254474054292,9.115032196044922,0.0,0.0,1.0121008157730103
4954,80.2799615327054,-6.10314416885376,0.0,0.0,1.012044072151184
4955,273.2930456580339,1.2839255332946777,0.0,0.0,1.0119953155517578
4956,113.52439366239894,2.9615936279296875,0.0,0.0,1.0119562149047852
4957,339.7429545387729,13.945270538330078,0.0,0.0,1.0119482278823853
4958,230.11951203824276,-11.880407333374023,0.0,0.0,1.0119203329086304
4959,84.86757926063083,-3.95359206199646,0.0,0.0,1.0118809938430786
4960,280.5353445210469,2.5116958618164062,0.0,0.0,1.0118521451950073
4961,297.69868650465196,-21.57118797302246,0.0,0.0,1.011773943901062
4962,261.08750519559,4.087458610534668,0.0,0.0,1.0117144584655762
4963,193.26861242751465,-1.4778289794921875,0.0,0.0,1.0116544961929321
4964,307.2802128062575,-0.19634151458740234,0.0,0.0,1.0116002559661865
4965,60.5172955031007,-6.447002410888672,0.0,0.0,1.0115405321121216
4966,84.41167041287741,8.11667251586914,0.0,0.0,1.0115090608596802
4967,247.07690660096898,1.4888863563537598,0.0,0.0,1.0114837884902954
4968,58.66193146668939,2.3877463340759277,0.0,0.0,1.011472225189209
4969,276.2546254048951,1.293196201324463,0.0,0.0,1.011465311050415
4970,71.33556261139265,-10.752799987792969,0.0,0.0,1.0114294290542603
4971,271.99330561147985,1.0323376655578613,0.0,0.0,1.0113993883132935
4972,88.61949071697347,10.702417373657227,0.0,0.0,1.011419653892517
4973,238.7523211696813,2.7688934803009033,0.0,0.0,1.0114485025405884
4974,215.44441198196708,-9.895566940307617,0.0,0.0,1.0114558935165405
4975,91.3852883925158,10.629262924194336,0.0,0.0,1.0115121603012085
4976,94.2496783599048,11.711358070373535,0.0,0.0,1.0115909576416016
4977,130.46504139870666,-15.874767303466797,0.0,0.0,1.0115985870361328
4978,74.37904883600874,27.552104949951172,0.0,0.0,1.0116537809371948
4979,72.44319237366206,-12.201824188232422,0.0,0.0,1.011630892753601
4980,92.24647149846506,-4.003967761993408,0.0,0.0,1.011597990989685
4981,68.9581519032219,-0.7066655158996582,0.0,0.0,1.01156485080719
4982,57.04393868520759,1.4348416328430176,0.0,0.0,1.0115383863449097
4983,99.30831163177285,-7.424641132354736,0.0,0.0,1.011489748954773
4984,42.39160888627142,-0.035149335861206055,0.0,0.0,1.0114456415176392
4985,274.12812358455625,23.130008697509766,0.0,0.0,1.0114847421646118
4986,62.749889339983305,10.107620239257812,0.0,0.0,1.0115580558776855
4987,83.7974870195846,0.5323450565338135,0.0,0.0,1.0116251707077026
4988,197.2259733233384,14.596189498901367,0.0,0.0,1.0117378234863281
4989,259.22805634813795,5.956628799438477,0.0,0.0,1.0118510723114014
4990,268.0485894731822,-5.76883602142334,0.0,0.0,1.0119324922561646
4991,376.48112479384434,-11.255664825439453,0.0,0.0,1.0119835138320923
4992,250.43579097861436,-2.711155652999878,0.0,0.0,1.0120207071304321
4993,65.78506372387751,7.213833808898926,0.0,0.0,1.012088418006897
4994,312.7902536390938,-11.40090560913086,0.0,0.0,1.0121270418167114
4995,58.7768677576351,5.534341812133789,0.0,0.0,1.0121840238571167
4996,81.8311353460778,-2.8163046836853027,0.0,0.0,1.0122274160385132
4997,130.75804313702767,-3.6243948936462402,0.0,0.0,1.012251377105713
4998,292.3538409469592,-11.838722229003906,0.0,0.0,1.0122512578964233
4999,197.94746411415136,1.9220759868621826,0.0,0.0,1.0122603178024292
5000,60.562037050220034,-12.013620376586914,0.0,0.0,1.0122243165969849
