episode,reward,actor_loss,critic_loss,mean_value,mean_sigma
1,29.892772053968127,-0.3451848030090332,0.0,0.0,0.9738696217536926
2,5.744127195343351,-5.152215957641602,0.0,0.0,0.97349613904953
3,11.981171936743102,6.327867031097412,0.0,0.0,0.9734761118888855
4,6.615243650835255,0.08078670501708984,0.0,0.0,0.9734814763069153
5,3.2822593202203656,-7.600686073303223,0.0,0.0,0.9733511805534363
6,12.63191613505347,5.436642169952393,0.0,0.0,0.9733349680900574
7,18.115575791532184,-2.2628660202026367,0.0,0.0,0.9733026027679443
8,20.783429987652912,2.928671360015869,0.0,0.0,0.973301351070404
9,13.570956704993675,3.7344136238098145,0.0,0.0,0.9733864665031433
10,16.26673832328057,-3.231321096420288,0.0,0.0,0.9734277725219727
11,63.456185001394324,13.90130615234375,0.0,0.0,0.9735698699951172
12,11.381343367424277,3.0843536853790283,0.0,0.0,0.9737250804901123
13,21.410728025115645,-1.264967679977417,0.0,0.0,0.9738437533378601
14,33.497403476825454,-0.7559442520141602,0.0,0.0,0.9739378094673157
15,118.70650274015358,-2.536703109741211,0.0,0.0,0.9740148186683655
16,45.084643473288295,17.00332260131836,0.0,0.0,0.9741820693016052
17,45.843252316751965,2.1309566497802734,0.0,0.0,0.9743452668190002
18,75.90867594228918,-15.166492462158203,0.0,0.0,0.97443026304245
19,23.6382586420792,-7.6134538650512695,0.0,0.0,0.9744231700897217
20,7.88188834914502,7.248871326446533,0.0,0.0,0.9744663238525391
21,184.99303064964965,19.28047752380371,0.0,0.0,0.9745720028877258
22,77.00613289099469,-2.5284461975097656,0.0,0.0,0.9746562838554382
23,63.031866279130824,-0.11429691314697266,0.0,0.0,0.9747293591499329
24,37.95906326398461,-5.091151714324951,0.0,0.0,0.9747769832611084
25,23.04407824569206,7.354715347290039,0.0,0.0,0.9748829007148743
26,176.05946002176717,-25.536487579345703,0.0,0.0,0.9749009013175964
27,146.94133420628313,17.533287048339844,0.0,0.0,0.974999725818634
28,119.27766595000617,-5.448938846588135,0.0,0.0,0.9750682711601257
29,193.64280095967595,13.904380798339844,0.0,0.0,0.9751660227775574
30,155.34096042612677,-0.8096268177032471,0.0,0.0,0.9752581715583801
31,148.46822313768587,15.655001640319824,0.0,0.0,0.9754268527030945
32,83.38976259362927,5.459827423095703,0.0,0.0,0.975602924823761
33,83.98915015049785,-3.730339527130127,0.0,0.0,0.9757525324821472
34,142.04633242026463,-17.024410247802734,0.0,0.0,0.9758408665657043
35,124.74105676550502,1.1598312854766846,0.0,0.0,0.9759295582771301
36,57.382230722911956,-9.223519325256348,0.0,0.0,0.9759659171104431
37,8.908630660303382,8.555726051330566,0.0,0.0,0.9760312438011169
38,142.14077093094198,-4.252604007720947,0.0,0.0,0.9760756492614746
39,117.44732469093547,2.3752951622009277,0.0,0.0,0.9761263728141785
40,133.72905723999992,8.916339874267578,0.0,0.0,0.9761963486671448
41,166.0354456813401,-4.560741424560547,0.0,0.0,0.9762474894523621
42,81.12543898423016,14.051065444946289,0.0,0.0,0.9763553738594055
43,84.17801195330435,-11.78778076171875,0.0,0.0,0.9764166474342346
44,88.03546350069091,-6.550102710723877,0.0,0.0,0.9764522910118103
45,190.55010951474281,-18.729328155517578,0.0,0.0,0.976447582244873
46,189.80684758239343,-10.52470588684082,0.0,0.0,0.9764191508293152
47,112.0224311219225,-15.63317584991455,0.0,0.0,0.9763417840003967
48,65.57724708665317,-4.716565132141113,0.0,0.0,0.9762563705444336
49,104.4158905951128,-18.6540470123291,0.0,0.0,0.9761287569999695
50,230.40863219925382,-1.72418212890625,0.0,0.0,0.9760093092918396
51,66.36698789712793,-16.63837432861328,0.0,0.0,0.9758197665214539
52,168.88243875043344,-12.407651901245117,0.0,0.0,0.9756214022636414
53,183.08179355356506,-7.3628692626953125,0.0,0.0,0.9754223227500916
54,180.7328493790134,-1.9771411418914795,0.0,0.0,0.9752381443977356
55,199.60606349657704,8.351454734802246,0.0,0.0,0.9750927090644836
56,105.25113462171842,-5.709439277648926,0.0,0.0,0.974949300289154
57,121.13803166788348,-19.018218994140625,0.0,0.0,0.9747695922851562
58,54.844256042051754,-2.8081960678100586,0.0,0.0,0.9745886921882629
59,28.01593784715817,-5.719365119934082,0.0,0.0,0.9743857979774475
60,188.64239081519884,12.040824890136719,0.0,0.0,0.9742515683174133
61,118.25501215657724,16.71504020690918,0.0,0.0,0.9741784930229187
62,26.409617122780055,5.075721740722656,0.0,0.0,0.9741310477256775
63,195.9639660729864,4.844923973083496,0.0,0.0,0.9741039872169495
64,99.24097869526105,-10.091054916381836,0.0,0.0,0.974032461643219
65,18.776427523722553,-5.913181781768799,0.0,0.0,0.9739367365837097
66,177.87006205961112,-2.505307197570801,0.0,0.0,0.9738454818725586
67,9.529255477427952,0.525935173034668,0.0,0.0,0.9737647175788879
68,50.609793599949896,-21.868043899536133,0.0,0.0,0.9735705256462097
69,83.8248340341728,6.21955680847168,0.0,0.0,0.9734429717063904
70,70.01192834171373,-0.7367057800292969,0.0,0.0,0.9733232855796814
71,183.7053619143866,0.3903449773788452,0.0,0.0,0.9732222557067871
72,195.94518309476246,-12.775297164916992,0.0,0.0,0.973111093044281
73,31.820476042600284,-19.06732940673828,0.0,0.0,0.9729764461517334
74,70.21835809917467,13.590027809143066,0.0,0.0,0.9728875160217285
75,8.527102636521388,-8.700141906738281,0.0,0.0,0.972758948802948
76,102.30520259161787,-13.25201416015625,0.0,0.0,0.972622811794281
77,216.69231408997067,3.839888572692871,0.0,0.0,0.972507655620575
78,299.97845162560606,8.077373504638672,0.0,0.0,0.9724233746528625
79,52.54526224057378,-4.594032287597656,0.0,0.0,0.9723334312438965
80,261.17211125016263,-1.84128999710083,0.0,0.0,0.9722513556480408
81,78.45409564299013,0.5125472545623779,0.0,0.0,0.9721776843070984
82,94.70261916147841,-1.2697482109069824,0.0,0.0,0.972109317779541
83,122.09445458938056,18.021472930908203,0.0,0.0,0.9720766544342041
84,221.5480968787739,-9.403382301330566,0.0,0.0,0.9720231890678406
85,110.21144877637708,0.14265775680541992,0.0,0.0,0.9719743132591248
86,90.51904188920781,-3.72941255569458,0.0,0.0,0.9719203114509583
87,217.98677756922433,8.765190124511719,0.0,0.0,0.971889317035675
88,184.6164857525534,6.274946689605713,0.0,0.0,0.9718752503395081
89,154.27327121125828,-2.4772286415100098,0.0,0.0,0.9718567728996277
90,76.34238955932996,11.194306373596191,0.0,0.0,0.9718685746192932
91,65.45480421110643,8.511570930480957,0.0,0.0,0.9718992114067078
92,8.873388643002448,9.139344215393066,0.0,0.0,0.9719707369804382
93,221.46252290332802,7.2745513916015625,0.0,0.0,0.9720525741577148
94,85.0607340787931,-6.340554714202881,0.0,0.0,0.9721057415008545
95,65.66359884464933,-3.983689785003662,0.0,0.0,0.9721450805664062
96,90.44545335916294,-1.2356575727462769,0.0,0.0,0.9721778035163879
97,80.7832710427534,-4.572794437408447,0.0,0.0,0.9721953868865967
98,79.38953393697987,6.256640434265137,0.0,0.0,0.9722337126731873
99,73.26405977450165,-0.5550668239593506,0.0,0.0,0.9722673296928406
100,242.8493678142166,5.049285888671875,0.0,0.0,0.9723072648048401
101,81.571326747414,-0.47600317001342773,0.0,0.0,0.9723418354988098
102,85.9925283457213,4.040389537811279,0.0,0.0,0.9723825454711914
103,278.04853509288256,-9.978940963745117,0.0,0.0,0.9724100232124329
104,97.31062885522432,5.0533342361450195,0.0,0.0,0.9724450707435608
105,221.5847028251112,13.062639236450195,0.0,0.0,0.9725246429443359
106,301.5221838436346,-2.556995391845703,0.0,0.0,0.9725945591926575
107,253.58651422968322,-20.49285888671875,0.0,0.0,0.9726219177246094
108,215.2710611463105,8.149497985839844,0.0,0.0,0.9726583957672119
109,196.17743485867558,7.0442352294921875,0.0,0.0,0.9727048873901367
110,205.52541098923103,-7.564058303833008,0.0,0.0,0.9727315902709961
111,73.35642359924029,7.876943588256836,0.0,0.0,0.9727901816368103
112,324.5535315495226,22.025001525878906,0.0,0.0,0.9728732109069824
113,208.41945433813424,6.574297904968262,0.0,0.0,0.9729641079902649
114,231.19705935124915,-15.382802963256836,0.0,0.0,0.9730105996131897
115,226.44508482883253,-0.1960906982421875,0.0,0.0,0.9730527997016907
116,216.89177701515155,-12.965608596801758,0.0,0.0,0.9730572700500488
117,216.30928289742883,6.049246788024902,0.0,0.0,0.9730779528617859
118,208.82847623759994,-5.700652122497559,0.0,0.0,0.9730830192565918
119,187.3672536164538,3.650233268737793,0.0,0.0,0.9730944633483887
120,216.2302635205155,-4.607467174530029,0.0,0.0,0.9730916619300842
121,100.2847811969999,3.1358039379119873,0.0,0.0,0.9730961918830872
122,229.38975143082857,9.301125526428223,0.0,0.0,0.9731171131134033
123,40.45227947667632,-5.395967483520508,0.0,0.0,0.9731207489967346
124,193.20353750722305,15.93082046508789,0.0,0.0,0.9731554985046387
125,208.77095330182016,18.31139373779297,0.0,0.0,0.9732378125190735
126,235.77492025308925,13.243795394897461,0.0,0.0,0.9733532071113586
127,192.46688901685528,-5.221616744995117,0.0,0.0,0.9734460711479187
128,219.4615285002143,-7.8011155128479,0.0,0.0,0.9735028147697449
129,132.7703549432703,5.297689437866211,0.0,0.0,0.9735660552978516
130,185.13812325852567,-15.597405433654785,0.0,0.0,0.9735941886901855
131,229.86376765158937,12.435824394226074,0.0,0.0,0.9736555218696594
132,193.7427722810215,-2.5620484352111816,0.0,0.0,0.9737018942832947
133,234.01543385546717,-23.40245246887207,0.0,0.0,0.9736952185630798
134,298.80313398565227,-12.645455360412598,0.0,0.0,0.9736590385437012
135,244.81698981310888,-19.47332763671875,0.0,0.0,0.9735846519470215
136,271.25800605022835,-9.955635070800781,0.0,0.0,0.9734871983528137
137,85.40939698663608,4.320545673370361,0.0,0.0,0.9734185338020325
138,290.5383039946143,-6.237501621246338,0.0,0.0,0.9733490943908691
139,59.63920260036617,21.002883911132812,0.0,0.0,0.9733424186706543
140,206.21256654480328,5.109753131866455,0.0,0.0,0.9733428955078125
141,189.33454848484166,-4.995851993560791,0.0,0.0,0.9733263850212097
142,192.8975496924261,-9.861200332641602,0.0,0.0,0.9732945561408997
143,168.1184679905436,-5.9544572830200195,0.0,0.0,0.9732524752616882
144,248.88207553643565,-3.3787550926208496,0.0,0.0,0.9732044339179993
145,216.063555140957,-4.959463119506836,0.0,0.0,0.9731447696685791
146,118.35976529469738,-6.231014251708984,0.0,0.0,0.9730667471885681
147,215.24079499600296,-19.647838592529297,0.0,0.0,0.9729626178741455
148,234.0249166495463,-5.951418876647949,0.0,0.0,0.9728519320487976
149,207.61070713067684,5.979986190795898,0.0,0.0,0.9727711081504822
150,212.3613675965722,-10.946033477783203,0.0,0.0,0.9726637005805969
151,201.96886071387354,-5.135491847991943,0.0,0.0,0.9725558161735535
152,215.40687244546336,7.355938911437988,0.0,0.0,0.9724798202514648
153,220.2729267577716,3.133296012878418,0.0,0.0,0.9724170565605164
154,234.47102524047745,11.996175765991211,0.0,0.0,0.972398042678833
155,218.35282711007898,2.2078170776367188,0.0,0.0,0.972386360168457
156,200.903021872647,-10.860038757324219,0.0,0.0,0.9723513126373291
157,203.89725202082136,-4.52541971206665,0.0,0.0,0.9723107814788818
158,256.5148292893181,-15.088164329528809,0.0,0.0,0.9722431302070618
159,204.2975669442169,4.3599982261657715,0.0,0.0,0.97218918800354
160,204.67660596441087,-4.130250453948975,0.0,0.0,0.9721301198005676
161,252.9965603384381,16.451581954956055,0.0,0.0,0.9721201062202454
162,220.03713689557404,-7.616845607757568,0.0,0.0,0.9720919132232666
163,227.56441082520612,-3.038907051086426,0.0,0.0,0.9720566868782043
164,261.8172242473653,-0.6303989887237549,0.0,0.0,0.9720222353935242
165,193.58812984573945,-7.510797500610352,0.0,0.0,0.9719735980033875
166,231.26531682181258,21.65386199951172,0.0,0.0,0.9719743728637695
167,209.37625972565456,21.298805236816406,0.0,0.0,0.9720337986946106
168,207.3507343489693,9.582761764526367,0.0,0.0,0.9721161723136902
169,243.1062224505671,9.072832107543945,0.0,0.0,0.972210705280304
170,220.5882369405855,1.4625859260559082,0.0,0.0,0.9723026156425476
171,248.73283897844928,-6.7749433517456055,0.0,0.0,0.9723723530769348
172,197.88756945706905,17.201217651367188,0.0,0.0,0.9724676012992859
173,182.76671961429327,9.490303039550781,0.0,0.0,0.972586452960968
174,175.71484190281058,-3.059154987335205,0.0,0.0,0.9726858735084534
175,201.1690048254244,17.599781036376953,0.0,0.0,0.972825825214386
176,93.65499125243359,-16.01848030090332,0.0,0.0,0.9728572964668274
177,238.3714618006356,4.452722549438477,0.0,0.0,0.9729011654853821
178,209.95159558423146,1.9055414199829102,0.0,0.0,0.9729492664337158
179,153.9105913214835,1.0759949684143066,0.0,0.0,0.9729959964752197
180,98.06445395393109,-7.364590167999268,0.0,0.0,0.9729935526847839
181,242.6012653573128,3.9833078384399414,0.0,0.0,0.9730022549629211
182,235.1172869382149,-2.0707995891571045,0.0,0.0,0.9730051159858704
183,214.91139538666084,-15.406668663024902,0.0,0.0,0.9729854464530945
184,73.3886103864485,1.6027674674987793,0.0,0.0,0.9729745984077454
185,220.50902921234578,-14.23560905456543,0.0,0.0,0.9729194641113281
186,211.91195586020572,5.452813625335693,0.0,0.0,0.9728819727897644
187,202.47664027175637,10.767290115356445,0.0,0.0,0.9728803634643555
188,230.69340538272712,-18.784515380859375,0.0,0.0,0.972827136516571
189,233.05626148139729,-10.126409530639648,0.0,0.0,0.9727596640586853
190,199.38330650639725,-18.121246337890625,0.0,0.0,0.9726603031158447
191,168.31388027687674,0.8906631469726562,0.0,0.0,0.9725735187530518
192,256.11879012518983,-11.641435623168945,0.0,0.0,0.9724693298339844
193,176.49007309319563,-19.184856414794922,0.0,0.0,0.972324550151825
194,229.90906415696645,4.916162014007568,0.0,0.0,0.97220778465271
195,211.46494280438503,6.113426208496094,0.0,0.0,0.9721245169639587
196,195.5149470197719,-3.971421241760254,0.0,0.0,0.9720352292060852
197,214.8832005843175,3.044025421142578,0.0,0.0,0.971967875957489
198,189.277978635941,2.5150814056396484,0.0,0.0,0.9719112515449524
199,224.36708186564033,-3.763225793838501,0.0,0.0,0.9718486666679382
200,191.78073923422698,10.259461402893066,0.0,0.0,0.9718347191810608
201,73.66935206104031,1.872053861618042,0.0,0.0,0.9718294143676758
202,150.11775527109535,-4.862978935241699,0.0,0.0,0.9718074798583984
203,116.04958247953712,-12.992162704467773,0.0,0.0,0.9717546105384827
204,183.71961617704315,8.26938533782959,0.0,0.0,0.9717259407043457
205,153.6426393860825,1.334749698638916,0.0,0.0,0.9717040657997131
206,151.21251685735973,-0.39887142181396484,0.0,0.0,0.9716854691505432
207,191.01414242432898,28.434001922607422,0.0,0.0,0.9717313647270203
208,143.35664076630965,2.754514694213867,0.0,0.0,0.9717833399772644
209,124.45656097255284,0.3466529846191406,0.0,0.0,0.9718315601348877
210,65.84427769922947,-0.2814967632293701,0.0,0.0,0.9718729853630066
211,206.75410002280626,-27.095314025878906,0.0,0.0,0.9718575477600098
212,190.48534475626,-18.340557098388672,0.0,0.0,0.9717877507209778
213,156.10245854716968,-31.92829132080078,0.0,0.0,0.97163325548172
214,251.37497905540835,-12.303951263427734,0.0,0.0,0.9714563488960266
215,143.66573330498804,19.013704299926758,0.0,0.0,0.9713845252990723
216,240.87252825676217,-35.73162078857422,0.0,0.0,0.9712295532226562
217,196.4435835161856,8.005318641662598,0.0,0.0,0.971108615398407
218,201.31535022929813,-9.138275146484375,0.0,0.0,0.9709745049476624
219,182.40130486905164,15.714678764343262,0.0,0.0,0.9708900451660156
220,188.20181445515033,4.934031963348389,0.0,0.0,0.9708262085914612
221,185.68430225693575,-7.101137161254883,0.0,0.0,0.9707538485527039
222,214.6467410035256,-8.99772834777832,0.0,0.0,0.9706709980964661
223,213.38886706772112,-9.36591625213623,0.0,0.0,0.9705774784088135
224,258.47168669709845,-13.435087203979492,0.0,0.0,0.9704673290252686
225,201.3141300412267,7.519473075866699,0.0,0.0,0.9703908562660217
226,209.55634493929986,8.687517166137695,0.0,0.0,0.9703454375267029
227,198.64525267647193,5.3783183097839355,0.0,0.0,0.9703250527381897
228,142.93338146373966,-0.09966540336608887,0.0,0.0,0.9703055024147034
229,197.46064608950496,1.0380995273590088,0.0,0.0,0.9702913165092468
230,223.18698033972387,8.423419952392578,0.0,0.0,0.9703051447868347
231,184.22043933276476,24.560466766357422,0.0,0.0,0.9703869223594666
232,185.80363762870738,-4.669788360595703,0.0,0.0,0.9704489707946777
233,138.92844402277657,8.609076499938965,0.0,0.0,0.970538318157196
234,175.98287456091649,-15.934268951416016,0.0,0.0,0.9705753326416016
235,205.38357883775615,-4.912497520446777,0.0,0.0,0.9705951809883118
236,186.6331674921044,-3.4035654067993164,0.0,0.0,0.9706048965454102
237,155.58499819095329,9.271047592163086,0.0,0.0,0.9706371426582336
238,190.0343361157913,22.984195709228516,0.0,0.0,0.9707390666007996
239,185.40553493347147,-2.3684778213500977,0.0,0.0,0.9708247780799866
240,180.73186471102724,2.2545998096466064,0.0,0.0,0.9709117412567139
241,182.71400869777062,6.422947406768799,0.0,0.0,0.9710100293159485
242,178.98037595063772,-13.66871166229248,0.0,0.0,0.9710345268249512
243,180.52204761673636,-34.15701675415039,0.0,0.0,0.9709656834602356
244,173.6988251821145,-2.524735450744629,0.0,0.0,0.9708960652351379
245,187.46273482465958,2.7010374069213867,0.0,0.0,0.9708376526832581
246,181.7886155037756,29.001232147216797,0.0,0.0,0.9708521366119385
247,197.3808499520334,1.8332905769348145,0.0,0.0,0.9708725810050964
248,254.86481424812277,1.4726676940917969,0.0,0.0,0.9708941578865051
249,154.80914911236687,-25.073768615722656,0.0,0.0,0.970856249332428
250,169.90409740329548,16.291095733642578,0.0,0.0,0.9708631634712219
251,198.5504754524034,15.289936065673828,0.0,0.0,0.9709188342094421
252,198.49850846911235,-11.237064361572266,0.0,0.0,0.9709393978118896
253,200.92426239074211,6.128532886505127,0.0,0.0,0.970975399017334
254,172.39326027334857,-29.538257598876953,0.0,0.0,0.9709336161613464
255,232.50146658101576,-3.2392334938049316,0.0,0.0,0.9708883762359619
256,183.61546457234843,-7.449069976806641,0.0,0.0,0.9708296656608582
257,179.04254109427907,15.692584991455078,0.0,0.0,0.9708313941955566
258,193.85841522790076,-5.813479423522949,0.0,0.0,0.9708206653594971
259,187.42632177116587,-8.448742866516113,0.0,0.0,0.970789909362793
260,158.5781756136482,6.865630149841309,0.0,0.0,0.9707812666893005
261,235.634566761142,-18.895618438720703,0.0,0.0,0.9707329869270325
262,216.74874440403258,17.6273136138916,0.0,0.0,0.9707340598106384
263,198.24807405822315,-1.6331543922424316,0.0,0.0,0.9707289338111877
264,232.48962921572377,2.6228837966918945,0.0,0.0,0.9707320332527161
265,163.11787795644466,-11.102323532104492,0.0,0.0,0.9707154631614685
266,185.90439156420638,-11.676704406738281,0.0,0.0,0.9706622958183289
267,192.2262948439559,21.21579933166504,0.0,0.0,0.9706723093986511
268,160.65477606019925,10.435651779174805,0.0,0.0,0.9707088470458984
269,164.50080524055963,-1.1288995742797852,0.0,0.0,0.9707388877868652
270,188.31198304791528,-6.775975704193115,0.0,0.0,0.9707522392272949
271,180.00655203854944,10.702960014343262,0.0,0.0,0.9707972407341003
272,187.53670259469106,9.930747985839844,0.0,0.0,0.9708616733551025
273,185.1737114851764,-5.3016438484191895,0.0,0.0,0.9709084033966064
274,176.34170551295566,-14.186355590820312,0.0,0.0,0.9709245562553406
275,183.2106107569519,-12.886098861694336,0.0,0.0,0.9708791375160217
276,166.44818148742235,3.7793898582458496,0.0,0.0,0.9708471894264221
277,198.52686237371057,3.8164310455322266,0.0,0.0,0.9708311557769775
278,181.3269936673523,17.643905639648438,0.0,0.0,0.9708525538444519
279,167.00901144866066,-12.24049186706543,0.0,0.0,0.9708480834960938
280,170.42016431211232,-8.257296562194824,0.0,0.0,0.9708234667778015
281,219.23699390526775,10.714702606201172,0.0,0.0,0.9708341956138611
282,182.71945997680095,-1.0264484882354736,0.0,0.0,0.9708411693572998
283,211.10871532845363,-8.712503433227539,0.0,0.0,0.9708184599876404
284,207.84987500833597,5.6601972579956055,0.0,0.0,0.9708132147789001
285,187.9025219486888,-4.292207717895508,0.0,0.0,0.9708001017570496
286,202.4965975763798,-4.42183256149292,0.0,0.0,0.9707772731781006
287,209.61379701041625,5.8828020095825195,0.0,0.0,0.9707716107368469
288,182.45870895291657,-2.479404926300049,0.0,0.0,0.9707602858543396
289,181.65863490049935,-16.492982864379883,0.0,0.0,0.9706981778144836
290,221.2979489444858,14.067113876342773,0.0,0.0,0.9706775546073914
291,223.12501001583223,-13.321348190307617,0.0,0.0,0.9706359505653381
292,167.85640229524049,19.46849822998047,0.0,0.0,0.9706260561943054
293,187.56751023687673,-22.656829833984375,0.0,0.0,0.9705474972724915
294,169.99515202379982,14.892396926879883,0.0,0.0,0.9705121517181396
295,190.7506682321578,-4.560763359069824,0.0,0.0,0.970466673374176
296,206.28636035161568,-20.89398956298828,0.0,0.0,0.9703919887542725
297,211.14719630914811,17.393512725830078,0.0,0.0,0.9703782200813293
298,233.38361313947973,4.314695835113525,0.0,0.0,0.970374584197998
299,202.6047096614775,0.20909619331359863,0.0,0.0,0.9703726768493652
300,166.41655839183218,10.164552688598633,0.0,0.0,0.970400869846344
301,157.23597469763516,-12.055989265441895,0.0,0.0,0.9704000353813171
302,144.5479596974207,5.166784286499023,0.0,0.0,0.9704092144966125
303,192.91292325583862,-8.169018745422363,0.0,0.0,0.9703951478004456
304,179.39924947793114,0.7148561477661133,0.0,0.0,0.9703846573829651
305,190.04058486176464,-2.693239450454712,0.0,0.0,0.9703705310821533
306,211.07435506183043,27.45041847229004,0.0,0.0,0.9704295992851257
307,158.72464683267415,-19.954727172851562,0.0,0.0,0.9704369902610779
308,183.98818716399492,9.494561195373535,0.0,0.0,0.970475971698761
309,196.34051767979344,-0.9714255332946777,0.0,0.0,0.9705092310905457
310,172.55061811305313,-16.69422149658203,0.0,0.0,0.9704914093017578
311,220.06288605677634,14.896346092224121,0.0,0.0,0.9705159664154053
312,190.22380470138745,12.924901962280273,0.0,0.0,0.9705629348754883
313,190.17079701547428,12.203964233398438,0.0,0.0,0.9706432223320007
314,191.8616590130387,-26.194530487060547,0.0,0.0,0.9706408381462097
315,180.1603611271294,7.345911979675293,0.0,0.0,0.9706552624702454
316,220.22686973253343,0.7289109230041504,0.0,0.0,0.9706697463989258
317,205.40618907277732,2.929856777191162,0.0,0.0,0.9706887602806091
318,220.5078780995323,14.554941177368164,0.0,0.0,0.9707502722740173
319,181.98285008415843,9.513230323791504,0.0,0.0,0.9708386063575745
320,184.3515474629843,-17.6226806640625,0.0,0.0,0.9708773493766785
321,199.2076832097911,5.543004035949707,0.0,0.0,0.9709311127662659
322,192.903076383339,-26.701093673706055,0.0,0.0,0.9709234833717346
323,188.12343680372854,-3.6417150497436523,0.0,0.0,0.970909833908081
324,168.3407903943686,21.852161407470703,0.0,0.0,0.9709280133247375
325,213.39489323803932,19.373409271240234,0.0,0.0,0.9709842205047607
326,188.43817133804401,2.2639989852905273,0.0,0.0,0.9710404872894287
327,185.00015889497274,3.343252658843994,0.0,0.0,0.9711011052131653
328,171.247341739396,7.175616264343262,0.0,0.0,0.9711745381355286
329,194.10464323900692,-20.868854522705078,0.0,0.0,0.9711785316467285
330,173.69547706136046,-17.91993522644043,0.0,0.0,0.9711247086524963
331,196.92341614014762,-1.3980014324188232,0.0,0.0,0.9710705876350403
332,172.1438955592566,14.114887237548828,0.0,0.0,0.971061646938324
333,87.62614982661512,-22.383338928222656,0.0,0.0,0.9710224270820618
334,172.23420600428213,-6.064358711242676,0.0,0.0,0.9709725379943848
335,177.17164159317738,-24.880125045776367,0.0,0.0,0.9708648324012756
336,177.67617422908813,-11.543335914611816,0.0,0.0,0.9707472920417786
337,184.42585483229567,-11.489808082580566,0.0,0.0,0.970603883266449
338,179.5383690017452,17.578447341918945,0.0,0.0,0.9705147743225098
339,187.6206461272268,3.182201862335205,0.0,0.0,0.9704435467720032
340,163.018120338473,-4.496964454650879,0.0,0.0,0.9703671932220459
341,180.35587348506613,11.245014190673828,0.0,0.0,0.9703205227851868
342,70.04490414374037,-9.698912620544434,0.0,0.0,0.9702288508415222
343,171.1030974205605,-8.008760452270508,0.0,0.0,0.9701281189918518
344,193.09951195662993,-19.836170196533203,0.0,0.0,0.9699686169624329
345,172.9942650766795,-16.159011840820312,0.0,0.0,0.9697787165641785
346,136.11883869736175,-3.2671144008636475,0.0,0.0,0.9695960879325867
347,179.4486487697177,-9.561358451843262,0.0,0.0,0.9694032669067383
348,190.59387932424886,8.840774536132812,0.0,0.0,0.9692516326904297
349,121.55890004217494,-8.429981231689453,0.0,0.0,0.9690914750099182
350,189.5156934086102,7.647338390350342,0.0,0.0,0.968972384929657
351,183.8887067488642,-28.442588806152344,0.0,0.0,0.9687969088554382
352,236.049188489433,-5.387600898742676,0.0,0.0,0.968627393245697
353,186.97450859356456,4.662988662719727,0.0,0.0,0.9684829115867615
354,133.60315684569883,-17.058547973632812,0.0,0.0,0.9683076739311218
355,178.32255943393884,6.783974647521973,0.0,0.0,0.9681792259216309
356,178.98931188882108,-10.680501937866211,0.0,0.0,0.9680351614952087
357,179.690082849745,3.134737968444824,0.0,0.0,0.9679139256477356
358,170.72197965805506,-16.9926700592041,0.0,0.0,0.9677597880363464
359,98.29367333477802,12.612013816833496,0.0,0.0,0.9676573872566223
360,55.373109812804636,-7.7223968505859375,0.0,0.0,0.9675410389900208
361,160.08084639487637,7.847219944000244,0.0,0.0,0.9674637317657471
362,199.58211972343088,-0.15296101570129395,0.0,0.0,0.9673941135406494
363,164.64022683927914,-11.704580307006836,0.0,0.0,0.9672927856445312
364,247.5534473904821,11.979270935058594,0.0,0.0,0.9672279953956604
365,179.1540604109792,-4.808049201965332,0.0,0.0,0.9671592712402344
366,231.56009739311563,-11.204768180847168,0.0,0.0,0.9670789241790771
367,188.29768755697748,8.136604309082031,0.0,0.0,0.9670279026031494
368,218.29410592665172,7.482830047607422,0.0,0.0,0.9670031666755676
369,194.24433258607897,25.051082611083984,0.0,0.0,0.9670484662055969
370,168.71774190193312,5.179275035858154,0.0,0.0,0.9670987129211426
371,178.5453045899844,5.69114875793457,0.0,0.0,0.9671568870544434
372,174.40037929771756,9.949728012084961,0.0,0.0,0.9672414660453796
373,163.83182194890065,-4.900312423706055,0.0,0.0,0.9673007130622864
374,180.67344946303348,-17.60355567932129,0.0,0.0,0.9673044085502625
375,177.5535798988142,-3.1640706062316895,0.0,0.0,0.9672989845275879
376,181.1176449515786,-9.424625396728516,0.0,0.0,0.9672734141349792
377,73.009545267266,-7.645906448364258,0.0,0.0,0.9672300815582275
378,0.9885215507931249,6.1825971603393555,0.0,0.0,0.9672117829322815
379,172.49690484253273,-0.28772473335266113,0.0,0.0,0.9671950340270996
380,69.8636995796417,-8.674901962280273,0.0,0.0,0.9671546816825867
381,60.222298196655565,10.722223281860352,0.0,0.0,0.9671384692192078
382,206.0411807934561,4.32025671005249,0.0,0.0,0.9671328067779541
383,189.94323379673233,-5.8454909324646,0.0,0.0,0.9671115875244141
384,207.31274381096148,-4.538941383361816,0.0,0.0,0.9670813679695129
385,150.1653533155684,4.518482208251953,0.0,0.0,0.9670674204826355
386,182.04150972712046,4.733615398406982,0.0,0.0,0.9670612215995789
387,87.4437085706225,-1.9142765998840332,0.0,0.0,0.9670522212982178
388,66.18508466652253,8.733336448669434,0.0,0.0,0.9670738577842712
389,144.41439888536533,-20.26987648010254,0.0,0.0,0.9670522809028625
390,255.94216298105036,-1.001180648803711,0.0,0.0,0.9670278429985046
391,169.83586223307287,13.986852645874023,0.0,0.0,0.9670645594596863
392,166.9586273012264,16.96621322631836,0.0,0.0,0.9671381115913391
393,138.01468876093764,4.471541404724121,0.0,0.0,0.9672128558158875
394,154.115234918097,-20.621097564697266,0.0,0.0,0.9672098159790039
395,166.07468431773037,-10.313728332519531,0.0,0.0,0.9671860337257385
396,159.80775028430654,13.77148151397705,0.0,0.0,0.9671987891197205
397,136.23767404756737,-31.8907527923584,0.0,0.0,0.9671236872673035
398,112.86205095110346,-26.142658233642578,0.0,0.0,0.967012882232666
399,202.92842268315167,4.119038105010986,0.0,0.0,0.9669217467308044
400,154.56220476558698,13.495685577392578,0.0,0.0,0.966873824596405
401,160.34829539124408,-15.8525390625,0.0,0.0,0.9667746424674988
402,265.86967264794595,19.070600509643555,0.0,0.0,0.9667556881904602
403,198.43906395517507,5.058689594268799,0.0,0.0,0.966744601726532
404,176.24118973588654,-7.511211395263672,0.0,0.0,0.9667033553123474
405,199.0517568170593,-3.240941047668457,0.0,0.0,0.9666593074798584
406,179.19326928368508,-2.031489133834839,0.0,0.0,0.9666159152984619
407,188.77569422638646,-3.075754165649414,0.0,0.0,0.9665696024894714
408,196.9005710158715,-3.0246143341064453,0.0,0.0,0.9665219783782959
409,248.92923118167917,3.749079704284668,0.0,0.0,0.9664883017539978
410,226.47582717824872,-6.644556045532227,0.0,0.0,0.9664424061775208
411,188.90082850918733,12.688645362854004,0.0,0.0,0.966425895690918
412,1.380902985451376,9.676604270935059,0.0,0.0,0.9664797186851501
413,192.67823905442455,-15.346887588500977,0.0,0.0,0.9664772152900696
414,185.3215181089693,-11.905502319335938,0.0,0.0,0.9664394855499268
415,178.30722017231426,-2.363237142562866,0.0,0.0,0.9664009213447571
416,237.84436615518507,10.250503540039062,0.0,0.0,0.966387927532196
417,162.5937340734353,22.026493072509766,0.0,0.0,0.9664409756660461
418,173.78436785985642,-0.49906444549560547,0.0,0.0,0.9664875864982605
419,202.40368933117844,19.167186737060547,0.0,0.0,0.9665675759315491
420,173.23657560300342,10.115901947021484,0.0,0.0,0.9666644930839539
421,179.24876244772562,-17.25029945373535,0.0,0.0,0.9666884541511536
422,174.62195358369567,9.021707534790039,0.0,0.0,0.9667283892631531
423,161.97727872712454,2.2987966537475586,0.0,0.0,0.96677166223526
424,147.614785321678,-0.39225244522094727,0.0,0.0,0.9668096899986267
425,175.50076962158795,17.939529418945312,0.0,0.0,0.9669073224067688
426,95.97964082328224,-14.496711730957031,0.0,0.0,0.9669525623321533
427,140.79486702564353,2.769707202911377,0.0,0.0,0.9670045375823975
428,169.10185325953393,1.1832740306854248,0.0,0.0,0.9670548439025879
429,177.43366643123917,-4.831080913543701,0.0,0.0,0.9670884609222412
430,178.43427961925087,-11.370899200439453,0.0,0.0,0.9670939445495605
431,179.2981136145234,0.5137450695037842,0.0,0.0,0.9671010375022888
432,174.69357312149086,-3.4916625022888184,0.0,0.0,0.967099130153656
433,171.78413395414483,6.1731157302856445,0.0,0.0,0.9671111106872559
434,179.10690240439186,18.116146087646484,0.0,0.0,0.9671609997749329
435,168.3770242291065,-4.6344733238220215,0.0,0.0,0.9671903252601624
436,210.61403013800054,-4.337446689605713,0.0,0.0,0.9672074317932129
437,173.48569463248398,23.742515563964844,0.0,0.0,0.9672839641571045
438,200.4310333963814,-15.577831268310547,0.0,0.0,0.9672966003417969
439,191.07647264205218,17.820674896240234,0.0,0.0,0.9673466086387634
440,168.84727719840367,-13.63421630859375,0.0,0.0,0.9673669934272766
441,190.93979624586416,-7.516680717468262,0.0,0.0,0.9673541188240051
442,133.2435045018065,6.248129367828369,0.0,0.0,0.9673647284507751
443,12.695678027546608,-0.9577286243438721,0.0,0.0,0.96737140417099
444,180.7908955424722,9.258584976196289,0.0,0.0,0.967395007610321
445,215.66072717529238,-19.484790802001953,0.0,0.0,0.9673842787742615
446,175.6871181218061,7.491225242614746,0.0,0.0,0.9673890471458435
447,173.6901057399063,10.992121696472168,0.0,0.0,0.9674251675605774
448,190.03512269584937,-3.5690395832061768,0.0,0.0,0.9674497246742249
449,179.95558251869033,4.110099792480469,0.0,0.0,0.9674890637397766
450,181.02926591490998,-9.820980072021484,0.0,0.0,0.9675068259239197
451,181.26528801069878,13.472747802734375,0.0,0.0,0.9675589203834534
452,176.58376994142589,4.221636772155762,0.0,0.0,0.9676170349121094
453,166.8504796917135,8.574565887451172,0.0,0.0,0.9676979184150696
454,246.41497252099157,-9.121983528137207,0.0,0.0,0.9677470326423645
455,266.58656610722005,4.282068252563477,0.0,0.0,0.9677984714508057
456,162.88511659771532,-0.06172823905944824,0.0,0.0,0.9678446650505066
457,187.55573860966413,7.558805465698242,0.0,0.0,0.9679099917411804
458,243.37622839838411,15.083320617675781,0.0,0.0,0.9679920077323914
459,202.93943900365082,21.874923706054688,0.0,0.0,0.9681355357170105
460,181.9986061100168,19.496482849121094,0.0,0.0,0.9683220386505127
461,172.83636892404823,5.809738636016846,0.0,0.0,0.9685068130493164
462,220.96639324917763,6.518488883972168,0.0,0.0,0.9686933159828186
463,229.80041774161378,10.638798713684082,0.0,0.0,0.9688773155212402
464,215.45704511466295,14.099586486816406,0.0,0.0,0.9690730571746826
465,85.34167615136137,-12.781489372253418,0.0,0.0,0.9692208170890808
466,148.61345895619283,-0.3113529682159424,0.0,0.0,0.9693534970283508
467,160.04227843383325,5.077430725097656,0.0,0.0,0.9694893956184387
468,97.64602264470258,-2.844632148742676,0.0,0.0,0.9696040749549866
469,0.9141340956315389,1.4887747764587402,0.0,0.0,0.9697177410125732
470,79.18995088611925,-4.867877006530762,0.0,0.0,0.9697952270507812
471,116.14595743550407,-8.559825897216797,0.0,0.0,0.9698481559753418
472,156.1885742075609,-9.578369140625,0.0,0.0,0.9698716998100281
473,188.1587412764165,6.438803672790527,0.0,0.0,0.9699023365974426
474,203.92252370093541,9.825728416442871,0.0,0.0,0.9699574112892151
475,128.96135539663612,-1.6105318069458008,0.0,0.0,0.970003068447113
476,260.0785327826178,6.692002296447754,0.0,0.0,0.9700539708137512
477,214.5091143601481,1.5669498443603516,0.0,0.0,0.9701017737388611
478,147.14530236805976,2.9882051944732666,0.0,0.0,0.9701507687568665
479,150.22785447281996,-22.606536865234375,0.0,0.0,0.9701489806175232
480,135.217257472766,-21.953001022338867,0.0,0.0,0.9700965881347656
481,168.42424531838378,10.160989761352539,0.0,0.0,0.9700791239738464
482,170.2688264952861,6.9851813316345215,0.0,0.0,0.970085859298706
483,241.08851972754024,16.38949203491211,0.0,0.0,0.9701323509216309
484,193.77196347962453,13.600643157958984,0.0,0.0,0.9702213406562805
485,100.22641050950334,-0.9569382667541504,0.0,0.0,0.9702993035316467
486,106.71086459618591,-5.801370620727539,0.0,0.0,0.9703550338745117
487,302.5250679442232,-4.330920219421387,0.0,0.0,0.9703963398933411
488,304.48987545364486,-4.9870500564575195,0.0,0.0,0.9704268574714661
489,169.11736229209478,5.257638931274414,0.0,0.0,0.9704697132110596
490,152.38479382154517,-3.0612401962280273,0.0,0.0,0.9705021381378174
491,353.0892037259777,4.451124668121338,0.0,0.0,0.9705359935760498
492,181.15760377723845,-7.5148162841796875,0.0,0.0,0.9705498814582825
493,280.1315939418395,-1.148256778717041,0.0,0.0,0.9705608487129211
494,247.68464070878701,11.606395721435547,0.0,0.0,0.9705892205238342
495,168.43938496482994,-5.644562721252441,0.0,0.0,0.9706032276153564
496,182.76384032134158,14.134042739868164,0.0,0.0,0.9706405997276306
497,174.16010578125207,-10.820184707641602,0.0,0.0,0.9706327319145203
498,179.13674151441955,-1.3158631324768066,0.0,0.0,0.9706211686134338
499,186.76915390397326,13.503374099731445,0.0,0.0,0.9706423878669739
500,193.50536682594398,5.211040019989014,0.0,0.0,0.9706742167472839
501,330.630278873335,-5.748382568359375,0.0,0.0,0.9706935882568359
502,291.95344006403957,16.770566940307617,0.0,0.0,0.9707329273223877
503,176.91341055849819,-27.042539596557617,0.0,0.0,0.9707410335540771
504,224.02747478416097,-39.618377685546875,0.0,0.0,0.9706795811653137
505,286.40352113923404,16.706615447998047,0.0,0.0,0.9706759452819824
506,322.5553023378988,9.563003540039062,0.0,0.0,0.9706907272338867
507,234.88772368139917,0.6933426856994629,0.0,0.0,0.9707052707672119
508,8.156587666444088,0.7147026062011719,0.0,0.0,0.9707209467887878
509,337.99191716381375,36.458290100097656,0.0,0.0,0.9707886576652527
510,406.48479305954623,14.343015670776367,0.0,0.0,0.9708637595176697
511,164.94387404790336,-8.70911979675293,0.0,0.0,0.9709110260009766
512,399.82302231923495,20.379459381103516,0.0,0.0,0.9709921479225159
513,297.9756117293778,-6.240774154663086,0.0,0.0,0.9710537791252136
514,114.91943870357329,-7.982922077178955,0.0,0.0,0.9710869789123535
515,120.60040361433765,-11.825322151184082,0.0,0.0,0.9710877537727356
516,272.0884175366867,-19.468177795410156,0.0,0.0,0.9710469245910645
517,324.87711454496366,12.894729614257812,0.0,0.0,0.9710307121276855
518,166.2250565620136,14.493595123291016,0.0,0.0,0.9710564017295837
519,340.52084416374976,-15.250937461853027,0.0,0.0,0.9710392951965332
520,370.0618402242591,9.989869117736816,0.0,0.0,0.9710375666618347
521,294.84421808198243,17.4345703125,0.0,0.0,0.9710543751716614
522,280.07524306001824,-5.274355888366699,0.0,0.0,0.9710615277290344
523,378.51690940584626,-14.780713081359863,0.0,0.0,0.9710561633110046
524,98.03117065633425,-2.888561248779297,0.0,0.0,0.9710432887077332
525,368.0729741186254,-10.475290298461914,0.0,0.0,0.9710221290588379
526,341.2831021837716,-0.7480254173278809,0.0,0.0,0.9710009694099426
527,261.6076310391392,4.983040809631348,0.0,0.0,0.970990002155304
528,280.1223644028576,8.090986251831055,0.0,0.0,0.9709932208061218
529,282.688097950483,-2.8104989528656006,0.0,0.0,0.970992386341095
530,317.8348740386926,8.086345672607422,0.0,0.0,0.9710065722465515
531,269.7573787820726,0.47739243507385254,0.0,0.0,0.9710200428962708
532,170.6707913146398,10.488899230957031,0.0,0.0,0.9710567593574524
533,317.5748525011882,-26.896747589111328,0.0,0.0,0.9710554480552673
534,255.0330999073607,6.727004528045654,0.0,0.0,0.9710693955421448
535,282.55818318279324,2.368687629699707,0.0,0.0,0.9710855484008789
536,358.5143753884946,-24.145206451416016,0.0,0.0,0.9710732102394104
537,142.44417268118053,-9.126046180725098,0.0,0.0,0.9710434079170227
538,256.5380476910026,-8.855890274047852,0.0,0.0,0.9710028767585754
539,239.77563313094012,-8.300335884094238,0.0,0.0,0.9709546566009521
540,416.3828987931699,17.604633331298828,0.0,0.0,0.9709367752075195
541,295.72407456428465,-7.955682277679443,0.0,0.0,0.9708976149559021
542,4.082538867928486,-6.121757984161377,0.0,0.0,0.9708049893379211
543,340.6364760475001,8.616010665893555,0.0,0.0,0.970733642578125
544,345.80562385350834,-5.6942949295043945,0.0,0.0,0.9706618189811707
545,307.5269321521418,19.055524826049805,0.0,0.0,0.9706351161003113
546,299.35747993997745,-8.672508239746094,0.0,0.0,0.9706003069877625
547,309.9784810696191,-5.998256206512451,0.0,0.0,0.9705584645271301
548,107.11004070531325,-4.253664016723633,0.0,0.0,0.9705076813697815
549,218.84132338194863,-3.574815034866333,0.0,0.0,0.9704530835151672
550,104.56443073055686,11.203767776489258,0.0,0.0,0.9704325795173645
551,326.2543738603654,1.3606266975402832,0.0,0.0,0.9704175591468811
552,110.14263868540922,-1.1813843250274658,0.0,0.0,0.9704012274742126
553,113.72900645701392,-0.6056166887283325,0.0,0.0,0.9703852534294128
554,370.68036799166083,-1.9600334167480469,0.0,0.0,0.9703685641288757
555,303.29097108055976,-13.589408874511719,0.0,0.0,0.9703283905982971
556,172.84078692425894,1.2853918075561523,0.0,0.0,0.9702960848808289
557,234.85261432925853,-14.5383939743042,0.0,0.0,0.9702255725860596
558,253.50645972186493,-10.851348876953125,0.0,0.0,0.9701430797576904
559,96.75495755728926,-1.9693150520324707,0.0,0.0,0.9700629711151123
560,140.12767417732056,0.8523304462432861,0.0,0.0,0.9699933528900146
561,159.05259851829814,4.023434162139893,0.0,0.0,0.9699400067329407
562,288.0664343995054,4.970155715942383,0.0,0.0,0.969897449016571
563,310.4417789117117,0.07966470718383789,0.0,0.0,0.9698594212532043
564,126.47208802341692,-6.747852325439453,0.0,0.0,0.969810962677002
565,285.55570935348675,-10.93406867980957,0.0,0.0,0.9697439074516296
566,92.37028137597555,14.680807113647461,0.0,0.0,0.9697186350822449
567,508.98140986496503,1.3563709259033203,0.0,0.0,0.9696977734565735
568,1.4645444457822472,-12.694253921508789,0.0,0.0,0.9696215987205505
569,304.5059025360389,-20.297143936157227,0.0,0.0,0.9695279002189636
570,223.4118790023446,0.0815582275390625,0.0,0.0,0.9694439768791199
571,96.5612675070072,-15.944321632385254,0.0,0.0,0.9693110585212708
572,278.1641314457042,-2.5545172691345215,0.0,0.0,0.9691877365112305
573,310.59741986349627,1.8938016891479492,0.0,0.0,0.9690802693367004
574,344.35218587562554,-9.047065734863281,0.0,0.0,0.9689709544181824
575,453.10973736482134,21.51793098449707,0.0,0.0,0.9689027667045593
576,-0.7927323210397388,8.865655899047852,0.0,0.0,0.9688990116119385
577,239.50598111679182,-1.0972681045532227,0.0,0.0,0.9688941836357117
578,287.2331114535282,10.0390625,0.0,0.0,0.968909502029419
579,289.2918956298773,6.162134647369385,0.0,0.0,0.9689330458641052
580,458.5478245859322,-4.365466117858887,0.0,0.0,0.9689481854438782
581,335.80461150489583,2.7585225105285645,0.0,0.0,0.9689688682556152
582,147.94537805788727,8.629855155944824,0.0,0.0,0.9690025448799133
583,282.3460061050832,6.529770851135254,0.0,0.0,0.9690413475036621
584,94.33972025650665,3.1538610458374023,0.0,0.0,0.9690913558006287
585,280.8451155828563,3.1621007919311523,0.0,0.0,0.9691444039344788
586,-0.6048142803813927,5.395694732666016,0.0,0.0,0.9692307114601135
587,147.60626030625346,4.496480464935303,0.0,0.0,0.9693228602409363
588,288.4067358199004,11.276901245117188,0.0,0.0,0.9694388508796692
589,348.83268476014064,-19.504274368286133,0.0,0.0,0.969504177570343
590,264.8084390469318,-2.8565335273742676,0.0,0.0,0.9695584774017334
591,134.7035148659851,-9.586587905883789,0.0,0.0,0.9695854187011719
592,460.4629759333145,37.91160202026367,0.0,0.0,0.9696804881095886
593,290.7477404508203,-6.47320556640625,0.0,0.0,0.9697518348693848
594,326.28506689377855,-11.059292793273926,0.0,0.0,0.9698038101196289
595,0.08122140928737887,-6.565020561218262,0.0,0.0,0.9698306918144226
596,-0.2609249191373175,1.1915853023529053,0.0,0.0,0.969860315322876
597,276.85776814771975,-8.179346084594727,0.0,0.0,0.9698758125305176
598,184.6187279960387,8.904350280761719,0.0,0.0,0.9699099063873291
599,257.5984229712433,-5.623108863830566,0.0,0.0,0.9699293971061707
600,305.67592553591186,-1.6425254344940186,0.0,0.0,0.9699442982673645
601,475.8267437337947,-4.372681140899658,0.0,0.0,0.9699530005455017
602,-0.22628627442025784,-1.5729031562805176,0.0,0.0,0.9699510931968689
603,292.53889987566123,10.35722827911377,0.0,0.0,0.9699789881706238
604,298.3543806107888,10.405179023742676,0.0,0.0,0.9700220227241516
605,1.205051271983963,-0.39304447174072266,0.0,0.0,0.9700575470924377
606,494.71488042447083,-18.3348445892334,0.0,0.0,0.970065176486969
607,0.059580003783882285,5.050543785095215,0.0,0.0,0.9701204299926758
608,511.7352803442306,3.6047348976135254,0.0,0.0,0.9701762199401855
609,402.9712350124939,-1.79339599609375,0.0,0.0,0.9702251553535461
610,451.50041805600426,-27.896347045898438,0.0,0.0,0.9702346920967102
611,-0.035914444482225916,12.27442455291748,0.0,0.0,0.970367431640625
612,1.528326819285762,-0.7530779838562012,0.0,0.0,0.9704815745353699
613,246.8700666488262,-4.982241630554199,0.0,0.0,0.9705726504325867
614,492.98231952263336,-7.504013538360596,0.0,0.0,0.9706457257270813
615,374.65126451871043,6.373346328735352,0.0,0.0,0.9707159399986267
616,187.88913993260317,-11.011404037475586,0.0,0.0,0.9707438945770264
617,556.8512164707236,7.578372001647949,0.0,0.0,0.9707827568054199
618,249.24846918880155,4.354924201965332,0.0,0.0,0.970832884311676
619,380.7742701474213,15.813858032226562,0.0,0.0,0.9709100723266602
620,274.6663813098441,2.618694305419922,0.0,0.0,0.9709868431091309
621,458.36030842893234,30.178573608398438,0.0,0.0,0.9710974097251892
622,271.5731105687075,-5.199456214904785,0.0,0.0,0.9711858630180359
623,15.287645132789319,-5.0200934410095215,0.0,0.0,0.9712522625923157
624,274.9451011731395,15.138813018798828,0.0,0.0,0.9713398814201355
625,358.70952034804344,-18.704370498657227,0.0,0.0,0.9714004397392273
626,409.4603235869333,14.523935317993164,0.0,0.0,0.9714717864990234
627,120.651711699081,-7.555747985839844,0.0,0.0,0.971508800983429
628,330.4281034632137,5.577480316162109,0.0,0.0,0.9715541005134583
629,203.46149932204247,0.6173324584960938,0.0,0.0,0.9715959429740906
630,344.7638636708725,3.376955032348633,0.0,0.0,0.9716383814811707
631,0.9684642687287159,8.128660202026367,0.0,0.0,0.9717373251914978
632,290.45329520980334,2.942140579223633,0.0,0.0,0.971834659576416
633,22.259820436855204,5.664656639099121,0.0,0.0,0.9719352722167969
634,8.494588165121264,-6.547674179077148,0.0,0.0,0.9719673991203308
635,23.25674711181855,-17.68881607055664,0.0,0.0,0.9719576835632324
636,5.004961275800745,9.630460739135742,0.0,0.0,0.9719988703727722
637,65.08524726195368,-5.277919292449951,0.0,0.0,0.9720265865325928
638,2.616516935318108,-6.693739414215088,0.0,0.0,0.9720118045806885
639,467.4397369225417,8.5665283203125,0.0,0.0,0.9720130562782288
640,0.005233971029309892,0.7921066284179688,0.0,0.0,0.9720227122306824
641,245.22825955414146,4.798686504364014,0.0,0.0,0.9720430374145508
642,258.4028667526266,-4.1184282302856445,0.0,0.0,0.9720533490180969
643,303.1730604968812,6.304759979248047,0.0,0.0,0.9720728397369385
644,563.3251404572773,9.896336555480957,0.0,0.0,0.9721097350120544
645,0.743084901070117,6.68717098236084,0.0,0.0,0.9721879363059998
646,105.75898327259819,3.837019920349121,0.0,0.0,0.9722674489021301
647,175.11798518900278,2.585817337036133,0.0,0.0,0.9723442196846008
648,399.8600029533244,-5.427271842956543,0.0,0.0,0.972406804561615
649,512.6730207922107,-8.895212173461914,0.0,0.0,0.9724525809288025
650,4.407364534859274,-5.55808687210083,0.0,0.0,0.9724504351615906
651,3.354138977394744,-7.366244316101074,0.0,0.0,0.9723973274230957
652,395.2169757910861,2.929941177368164,0.0,0.0,0.9723522067070007
653,465.52030584178107,-13.487438201904297,0.0,0.0,0.9722974300384521
654,372.7375550182197,1.3634324073791504,0.0,0.0,0.972252368927002
655,1.505837546495037,-1.7483201026916504,0.0,0.0,0.9722066521644592
656,38.509084115950614,-2.6542162895202637,0.0,0.0,0.9721572995185852
657,373.0061260897648,16.981849670410156,0.0,0.0,0.9721574187278748
658,489.2506411541728,21.26018524169922,0.0,0.0,0.9721875786781311
659,105.09998157039308,-1.9342889785766602,0.0,0.0,0.9722123742103577
660,490.7591866419564,-10.633004188537598,0.0,0.0,0.9722170829772949
661,485.7372694731553,-13.678058624267578,0.0,0.0,0.9721962809562683
662,148.2403055523234,12.200778007507324,0.0,0.0,0.9721949100494385
663,421.62354462972115,-5.909344673156738,0.0,0.0,0.9721848368644714
664,72.58691273769234,9.079019546508789,0.0,0.0,0.9721903800964355
665,81.89047249113074,3.17685866355896,0.0,0.0,0.9722041487693787
666,108.74247034955287,9.13175106048584,0.0,0.0,0.9722351431846619
667,93.00308797569186,-1.6346409320831299,0.0,0.0,0.9722590446472168
668,48.33780958714182,-2.2993240356445312,0.0,0.0,0.9722738862037659
669,386.58551177096774,3.776796817779541,0.0,0.0,0.9722958207130432
670,727.3266283041744,-9.338086128234863,0.0,0.0,0.9723075032234192
671,103.70153765432389,-14.01378345489502,0.0,0.0,0.9722838401794434
672,85.82284151838542,9.96295166015625,0.0,0.0,0.9722892642021179
673,131.69137973519264,9.856170654296875,0.0,0.0,0.9723126292228699
674,359.82800896864717,-30.320526123046875,0.0,0.0,0.9722951054573059
675,134.6142742786608,13.640182495117188,0.0,0.0,0.9723029136657715
676,36.382135097139574,-8.273923873901367,0.0,0.0,0.9722959399223328
677,1.1919439540162309,0.3274683952331543,0.0,0.0,0.9722915291786194
678,143.72848271321337,-2.177938461303711,0.0,0.0,0.9722814559936523
679,99.52543600943261,-26.917491912841797,0.0,0.0,0.9722369313240051
680,109.55504944507663,-10.932188034057617,0.0,0.0,0.9721633791923523
681,187.21519718090366,-3.884213447570801,0.0,0.0,0.9720916152000427
682,97.81817914088083,5.145589828491211,0.0,0.0,0.9720497131347656
683,133.39743015591839,4.673796653747559,0.0,0.0,0.9720212817192078
684,150.69515630062904,-0.43260860443115234,0.0,0.0,0.971994936466217
685,127.32417922320926,8.81254768371582,0.0,0.0,0.971982479095459
686,92.74369239910509,18.72539520263672,0.0,0.0,0.9720098376274109
687,149.61725495300738,12.59809398651123,0.0,0.0,0.972066342830658
688,132.16477703511032,9.974617004394531,0.0,0.0,0.9721296429634094
689,156.75486150779793,7.21304988861084,0.0,0.0,0.9722213745117188
690,5.576153496919369,-9.308880805969238,0.0,0.0,0.9722170829772949
691,80.26190987707935,2.5021655559539795,0.0,0.0,0.9722197651863098
692,260.7729653356399,5.768009185791016,0.0,0.0,0.9722285270690918
693,328.4132150797356,4.383410453796387,0.0,0.0,0.9722439646720886
694,182.49524754214875,-2.422943115234375,0.0,0.0,0.9722527861595154
695,117.05853731228432,-6.56917142868042,0.0,0.0,0.97224360704422
696,257.24731195286824,10.926238059997559,0.0,0.0,0.9722738862037659
697,101.47196083058984,9.215639114379883,0.0,0.0,0.9723425507545471
698,180.95822614795063,14.027595520019531,0.0,0.0,0.9724305272102356
699,95.63238887010745,11.487829208374023,0.0,0.0,0.9725658297538757
700,141.4350346882939,-3.1353259086608887,0.0,0.0,0.9726738929748535
701,147.12674658123623,-24.33562469482422,0.0,0.0,0.9727175831794739
702,295.82163081337023,-8.960901260375977,0.0,0.0,0.9727426171302795
703,497.497977953816,0.548189640045166,0.0,0.0,0.9727659821510315
704,119.86320870894717,14.96906566619873,0.0,0.0,0.9728290438652039
705,140.98633066086202,7.946407318115234,0.0,0.0,0.9728967547416687
706,313.61370997097765,5.498400688171387,0.0,0.0,0.9729728102684021
707,295.8310885892622,4.847128868103027,0.0,0.0,0.97304767370224
708,26.980819184548736,-18.701982498168945,0.0,0.0,0.97307950258255
709,12.087547471486022,-2.9125492572784424,0.0,0.0,0.9730978012084961
710,308.55436206892085,-32.63743591308594,0.0,0.0,0.9730508327484131
711,212.6750904855311,-7.34586238861084,0.0,0.0,0.9729915261268616
712,274.34889837801046,13.267118453979492,0.0,0.0,0.9729726314544678
713,502.6066357275589,-0.6399593353271484,0.0,0.0,0.9729543328285217
714,28.339003421246556,-6.480189323425293,0.0,0.0,0.9729307293891907
715,364.9773291368521,-19.076711654663086,0.0,0.0,0.9728673100471497
716,307.3529811213144,3.6195735931396484,0.0,0.0,0.9728161692619324
717,320.0448173665315,-5.197293281555176,0.0,0.0,0.9727627635002136
718,290.70185042053464,-14.921737670898438,0.0,0.0,0.9726695418357849
719,117.22310812460024,-11.681758880615234,0.0,0.0,0.9725733399391174
720,273.5155196721302,-3.8847243785858154,0.0,0.0,0.9724827408790588
721,182.73464015505562,-10.747917175292969,0.0,0.0,0.97238689661026
722,245.36422336206692,28.829444885253906,0.0,0.0,0.9723584055900574
723,324.1640676183487,-20.71343231201172,0.0,0.0,0.9723012447357178
724,164.9785393761455,-1.509264349937439,0.0,0.0,0.9722455143928528
725,210.02067066521542,1.0307221412658691,0.0,0.0,0.972198486328125
726,144.15900748530294,-12.038612365722656,0.0,0.0,0.9721357226371765
727,252.02129843192117,3.082904815673828,0.0,0.0,0.9720864295959473
728,189.7066232611903,0.7765767574310303,0.0,0.0,0.972042977809906
729,202.35054575552428,-10.664871215820312,0.0,0.0,0.9719824194908142
730,320.0706880423507,-7.841778755187988,0.0,0.0,0.9719140529632568
731,209.33818004352113,14.246755599975586,0.0,0.0,0.9718963503837585
732,1.1759918860187166,0.7267022132873535,0.0,0.0,0.9718855023384094
733,233.3739848388885,-4.381872177124023,0.0,0.0,0.9718701839447021
734,256.49453512570506,-12.160268783569336,0.0,0.0,0.9718355536460876
735,185.14022437735545,8.231372833251953,0.0,0.0,0.9718279838562012
736,249.2671849105058,6.709668159484863,0.0,0.0,0.9718306064605713
737,252.04226334168933,-9.95159912109375,0.0,0.0,0.9718194007873535
738,275.4631407526715,-0.2532205581665039,0.0,0.0,0.9718086123466492
739,176.04241689627656,2.9571707248687744,0.0,0.0,0.9718044400215149
740,206.502562348825,-13.050020217895508,0.0,0.0,0.9717560410499573
741,176.21589835069122,2.660189628601074,0.0,0.0,0.9717151522636414
742,177.8992369014441,6.507046222686768,0.0,0.0,0.9716918468475342
743,3.3604084958969223,-11.621862411499023,0.0,0.0,0.9715870022773743
744,183.99420461133616,-20.35365867614746,0.0,0.0,0.9714260101318359
745,162.2816052470038,6.092541217803955,0.0,0.0,0.9712951183319092
746,268.11139392190563,-22.56494903564453,0.0,0.0,0.971121609210968
747,169.0422506595705,-4.415144443511963,0.0,0.0,0.9709598422050476
748,52.25790623646863,17.292495727539062,0.0,0.0,0.9708456993103027
749,283.1346694469385,17.312440872192383,0.0,0.0,0.9707791209220886
750,230.19821659750002,2.367802858352661,0.0,0.0,0.9707226753234863
751,181.12702427256374,-9.94451904296875,0.0,0.0,0.970655620098114
752,174.8764043482447,-6.165350437164307,0.0,0.0,0.970578670501709
753,299.44437289731843,5.869223594665527,0.0,0.0,0.9705171585083008
754,164.30984424486664,0.23534250259399414,0.0,0.0,0.9704620242118835
755,170.79499935695023,-10.258482933044434,0.0,0.0,0.9703883528709412
756,194.47152425149957,5.227777481079102,0.0,0.0,0.9703314304351807
757,198.47884727379602,-6.5207085609436035,0.0,0.0,0.9702689051628113
758,331.37413574565073,-13.30903434753418,0.0,0.0,0.9701979756355286
759,324.27185454613885,-1.6865599155426025,0.0,0.0,0.9701319336891174
760,290.2777355042526,13.946191787719727,0.0,0.0,0.9700949788093567
761,186.93562220983006,4.211270332336426,0.0,0.0,0.9700716137886047
762,120.21734872154602,-3.8716883659362793,0.0,0.0,0.9700350165367126
763,356.4982013135437,0.10346603393554688,0.0,0.0,0.9700018763542175
764,260.456974236149,-10.058959007263184,0.0,0.0,0.9699459075927734
765,184.37653041607783,10.644165992736816,0.0,0.0,0.9699342846870422
766,126.77577563942995,-2.7599754333496094,0.0,0.0,0.9699146747589111
767,277.41046243784814,25.471887588500977,0.0,0.0,0.9699268341064453
768,243.42595163774732,19.530048370361328,0.0,0.0,0.9699708819389343
769,272.25886725889416,-10.69478988647461,0.0,0.0,0.9699868559837341
770,298.4424148316946,-5.181890487670898,0.0,0.0,0.9699930548667908
771,288.18183825811184,1.915834665298462,0.0,0.0,0.9700013995170593
772,268.96752633549113,0.7366962432861328,0.0,0.0,0.970009982585907
773,138.8066808644163,-9.022249221801758,0.0,0.0,0.9699977040290833
774,7.075439575720864,2.639921188354492,0.0,0.0,0.9700151085853577
775,260.3901284473297,-14.365121841430664,0.0,0.0,0.9699873924255371
776,272.66227447008873,29.2491455078125,0.0,0.0,0.9700078964233398
777,126.70679207474635,6.10732364654541,0.0,0.0,0.9700414538383484
778,146.1015553250009,8.228296279907227,0.0,0.0,0.9700865149497986
779,376.85559381465447,15.246971130371094,0.0,0.0,0.9701481461524963
780,297.7491511037985,-12.782787322998047,0.0,0.0,0.9701889157295227
781,122.30002885208627,0.10274553298950195,0.0,0.0,0.9702251553535461
782,117.20308097328592,5.468498229980469,0.0,0.0,0.9702693819999695
783,125.30783747121502,8.495984077453613,0.0,0.0,0.970331609249115
784,315.99449308707176,12.790454864501953,0.0,0.0,0.9704037308692932
785,285.2561647948238,-11.5309419631958,0.0,0.0,0.9704529643058777
786,8.890985797592055,5.510801792144775,0.0,0.0,0.9705262184143066
787,120.28601868841162,-2.5760698318481445,0.0,0.0,0.9705836176872253
788,87.0129077525639,-8.170711517333984,0.0,0.0,0.9706051349639893
789,177.5016821580394,-5.079805374145508,0.0,0.0,0.9706127047538757
790,251.00875108497118,8.086053848266602,0.0,0.0,0.9706405997276306
791,299.36021085525357,4.928761005401611,0.0,0.0,0.970672070980072
792,145.09531142318588,13.476943969726562,0.0,0.0,0.9707358479499817
793,413.7640739464697,18.150596618652344,0.0,0.0,0.9708163142204285
794,379.0963061004731,0.5763654708862305,0.0,0.0,0.9708893299102783
795,89.42117276462109,-7.85404109954834,0.0,0.0,0.9709460735321045
796,82.46000003615382,0.5988202095031738,0.0,0.0,0.9709976315498352
797,265.8033291804472,-0.06618642807006836,0.0,0.0,0.9710438847541809
798,225.63248772653736,10.543004989624023,0.0,0.0,0.9711101651191711
799,264.44235808628,20.026880264282227,0.0,0.0,0.971199095249176
800,282.08701554502164,-1.7908856868743896,0.0,0.0,0.97127765417099
801,178.84716232268568,2.907620429992676,0.0,0.0,0.9713533520698547
802,327.91125139388953,7.622989654541016,0.0,0.0,0.9714376926422119
803,299.8194362247459,-16.6142635345459,0.0,0.0,0.9714903831481934
804,307.1322578946516,1.7164878845214844,0.0,0.0,0.971541702747345
805,173.43682867883157,-14.214713096618652,0.0,0.0,0.9715621471405029
806,323.42173930378584,-14.590384483337402,0.0,0.0,0.9715493321418762
807,344.09882669462274,22.91948127746582,0.0,0.0,0.9716047644615173
808,384.97013904414615,-30.59512710571289,0.0,0.0,0.9715771675109863
809,254.99811447758526,-8.262151718139648,0.0,0.0,0.9715397357940674
810,298.0853351571038,18.157169342041016,0.0,0.0,0.9715430736541748
811,281.85986125266766,15.025766372680664,0.0,0.0,0.9715685248374939
812,328.5559736205958,9.839987754821777,0.0,0.0,0.9716060161590576
813,411.6332240802169,32.03461837768555,0.0,0.0,0.9716894030570984
814,442.30265320735083,25.40806007385254,0.0,0.0,0.9718337655067444
815,270.29082408267,-2.6099491119384766,0.0,0.0,0.9719604849815369
816,440.574489538975,8.743109703063965,0.0,0.0,0.9720811247825623
817,339.8885172002946,4.7673540115356445,0.0,0.0,0.9722000956535339
818,233.34437502719305,-7.574540138244629,0.0,0.0,0.9722933173179626
819,246.88042752928501,-2.85760760307312,0.0,0.0,0.9723742604255676
820,316.67090500064313,-6.11376953125,0.0,0.0,0.972436249256134
821,348.19154770512193,-14.231703758239746,0.0,0.0,0.9724645018577576
822,153.19020346163006,-7.8689656257629395,0.0,0.0,0.9724717736244202
823,504.15193171027795,10.163895606994629,0.0,0.0,0.9724888801574707
824,323.16353376418823,-4.721982479095459,0.0,0.0,0.9724940657615662
825,191.19008648434738,-11.997142791748047,0.0,0.0,0.9724793434143066
826,308.9189347756664,6.32773494720459,0.0,0.0,0.9724740982055664
827,230.8938665291108,2.2324390411376953,0.0,0.0,0.9724752902984619
828,377.5277184159323,31.63602638244629,0.0,0.0,0.9725322723388672
829,328.4126920902731,-4.240114212036133,0.0,0.0,0.9725794196128845
830,301.45730475834597,-12.298813819885254,0.0,0.0,0.9726001620292664
831,210.90046373050396,26.861690521240234,0.0,0.0,0.972668468952179
832,289.8565777907705,6.235506057739258,0.0,0.0,0.9727388024330139
833,39.31506963652201,-3.588056802749634,0.0,0.0,0.9727909564971924
834,272.89148240440926,-3.2772717475891113,0.0,0.0,0.9728295207023621
835,332.595902764586,-4.827037334442139,0.0,0.0,0.9728520512580872
836,384.70696216345146,-21.126310348510742,0.0,0.0,0.9728398323059082
837,284.2666091841135,19.339399337768555,0.0,0.0,0.972872793674469
838,460.5903511934963,-35.43395233154297,0.0,0.0,0.9728696942329407
839,340.48139696597894,17.7213191986084,0.0,0.0,0.9728931784629822
840,347.33706877946145,16.061553955078125,0.0,0.0,0.9729593396186829
841,323.4438775208743,6.260110855102539,0.0,0.0,0.9730280041694641
842,386.5615506954167,6.730313301086426,0.0,0.0,0.9731041789054871
843,468.0836963887376,-1.2371234893798828,0.0,0.0,0.9731705784797668
844,275.31756719142606,-3.6936516761779785,0.0,0.0,0.9732210040092468
845,73.90957598830444,13.019129753112793,0.0,0.0,0.9733007550239563
846,395.1003919198907,22.189167022705078,0.0,0.0,0.9734094142913818
847,208.00910344277028,22.283782958984375,0.0,0.0,0.9735574722290039
848,322.0478671327568,-24.58560562133789,0.0,0.0,0.9736581444740295
849,314.1505921017953,-14.893415451049805,0.0,0.0,0.9737312197685242
850,356.53448030503097,6.64813232421875,0.0,0.0,0.9738063812255859
851,215.7108278215725,13.403783798217773,0.0,0.0,0.9738962054252625
852,162.81979462055273,15.088066101074219,0.0,0.0,0.9740056395530701
853,175.443784360147,5.619647979736328,0.0,0.0,0.9741112589836121
854,409.56816757120237,28.9874267578125,0.0,0.0,0.974280595779419
855,331.16013997481747,-18.5689697265625,0.0,0.0,0.974384069442749
856,446.6428192338826,6.864342212677002,0.0,0.0,0.9744946360588074
857,283.33844347147306,24.107891082763672,0.0,0.0,0.9746430516242981
858,469.5739591633185,5.691558837890625,0.0,0.0,0.9747865796089172
859,455.67578745394326,-7.5714111328125,0.0,0.0,0.9749019742012024
860,250.68282990709636,8.403923988342285,0.0,0.0,0.9750209450721741
861,308.214693797901,14.4234619140625,0.0,0.0,0.9751505255699158
862,332.01946885173436,13.433965682983398,0.0,0.0,0.9752953052520752
863,182.52776619505514,-1.2475864887237549,0.0,0.0,0.9754247665405273
864,362.2431937436367,-2.4110450744628906,0.0,0.0,0.9755332469940186
865,328.09087544378275,14.729948043823242,0.0,0.0,0.9756646752357483
866,313.1593812340766,-6.816356182098389,0.0,0.0,0.9757727980613708
867,306.4179293780799,13.123830795288086,0.0,0.0,0.9758908152580261
868,118.89616070801813,13.207347869873047,0.0,0.0,0.9760149121284485
869,301.99429252289934,3.695610523223877,0.0,0.0,0.976137638092041
870,262.4191168573299,8.039460182189941,0.0,0.0,0.9762656688690186
871,354.0812758084891,-12.960153579711914,0.0,0.0,0.9763669967651367
872,471.02679595225493,-2.2802672386169434,0.0,0.0,0.9764533638954163
873,393.26863007993984,-7.198631286621094,0.0,0.0,0.9765188694000244
874,307.43605260383174,15.920792579650879,0.0,0.0,0.9766034483909607
875,3.3774038023651274,-3.7724387645721436,0.0,0.0,0.9766599535942078
876,380.1322645443344,-9.043289184570312,0.0,0.0,0.9766983985900879
877,294.92568027850797,12.44398307800293,0.0,0.0,0.9767566323280334
878,326.49175175634343,-18.279542922973633,0.0,0.0,0.97676020860672
879,276.4421747776944,0.7669639587402344,0.0,0.0,0.9767648577690125
880,131.35288412375817,-10.808250427246094,0.0,0.0,0.9767494797706604
881,483.6375941936824,-0.5139122009277344,0.0,0.0,0.9767349362373352
882,516.008170796693,-10.41479778289795,0.0,0.0,0.9767083525657654
883,8.646408611418575,7.569605827331543,0.0,0.0,0.9767391085624695
884,260.01003171068544,5.612200736999512,0.0,0.0,0.9767739176750183
885,169.14980379832392,-10.664872169494629,0.0,0.0,0.9767746925354004
886,378.90544792335135,-2.3444976806640625,0.0,0.0,0.9767723679542542
887,440.0261813897337,-10.121552467346191,0.0,0.0,0.9767544269561768
888,462.4913141581124,28.17241668701172,0.0,0.0,0.9767670631408691
889,347.52416188312804,-10.826921463012695,0.0,0.0,0.9767597317695618
890,246.72381991217677,-10.815454483032227,0.0,0.0,0.9767252802848816
891,424.6186286328066,0.39322376251220703,0.0,0.0,0.9766940474510193
892,311.0542487639623,9.501197814941406,0.0,0.0,0.9766800403594971
893,359.3678657176387,-7.131420135498047,0.0,0.0,0.9766561388969421
894,225.8394837479837,-8.587383270263672,0.0,0.0,0.9766249656677246
895,96.24649134559202,-4.43596076965332,0.0,0.0,0.9765831828117371
896,125.19234376444633,7.017766952514648,0.0,0.0,0.976580798625946
897,321.6979032710276,5.574785232543945,0.0,0.0,0.976595401763916
898,459.6671443174049,-19.544883728027344,0.0,0.0,0.9765817523002625
899,139.8081766611362,-1.5340890884399414,0.0,0.0,0.9765642285346985
900,223.50305542600324,-29.02960777282715,0.0,0.0,0.9765161871910095
901,123.72486591934221,17.327869415283203,0.0,0.0,0.9765096306800842
902,177.7680622102449,2.6508116722106934,0.0,0.0,0.9765060544013977
903,356.3677702141279,19.471933364868164,0.0,0.0,0.9765259623527527
904,562.3323540374383,8.296313285827637,0.0,0.0,0.9765534996986389
905,168.96589444456302,0.5461225509643555,0.0,0.0,0.9765794277191162
906,7.941046641925992,0.33838653564453125,0.0,0.0,0.9766044616699219
907,270.77430870299435,-18.11252212524414,0.0,0.0,0.9765744209289551
908,225.19713804350528,-5.495021820068359,0.0,0.0,0.9765389561653137
909,1.2070314251609726,-4.81224250793457,0.0,0.0,0.9764726758003235
910,154.3328057684051,-21.812746047973633,0.0,0.0,0.9763531684875488
911,3.4291440956836157,-2.646796226501465,0.0,0.0,0.9762219786643982
912,132.98168784502,-5.363445281982422,0.0,0.0,0.9760928153991699
913,508.8679203729263,44.37928771972656,0.0,0.0,0.9760391712188721
914,2.8716165502570083,-3.189561605453491,0.0,0.0,0.9759513735771179
915,204.50332847382532,0.18418371677398682,0.0,0.0,0.9758726954460144
916,3.734240859240227,0.15048837661743164,0.0,0.0,0.9758026599884033
917,1.4251512983289805,-1.344085693359375,0.0,0.0,0.9757333397865295
918,20.356274549752293,-8.050115585327148,0.0,0.0,0.9756402969360352
919,554.8743731644774,-5.400552749633789,0.0,0.0,0.9755492210388184
920,16.557110332178585,-8.277341842651367,0.0,0.0,0.9754395484924316
921,146.15236730711098,21.995655059814453,0.0,0.0,0.975394070148468
922,232.8824958456774,6.858253002166748,0.0,0.0,0.975369930267334
923,637.5886589774423,19.394010543823242,0.0,0.0,0.9753753542900085
924,19.203071748947643,-4.323911190032959,0.0,0.0,0.975361168384552
925,651.0036343253632,16.01431655883789,0.0,0.0,0.9753702282905579
926,7.895412189553263,-0.39393138885498047,0.0,0.0,0.9753757119178772
927,390.0376403910392,5.010860443115234,0.0,0.0,0.975394070148468
928,437.8773198006111,24.067340850830078,0.0,0.0,0.9754514098167419
929,285.16260166140046,1.2012624740600586,0.0,0.0,0.9755058884620667
930,195.7946355967923,-10.830673217773438,0.0,0.0,0.9755415320396423
931,315.38701875293305,6.855038166046143,0.0,0.0,0.9755951762199402
932,2.9420937675754066,5.457721710205078,0.0,0.0,0.9757091403007507
933,27.25190792641672,-13.098159790039062,0.0,0.0,0.9757940173149109
934,4.185083011661967,9.198980331420898,0.0,0.0,0.975925862789154
935,425.09878132619286,-10.132525444030762,0.0,0.0,0.9760246872901917
936,262.3891916670947,7.600644111633301,0.0,0.0,0.9761268496513367
937,165.44096503271913,-13.520255088806152,0.0,0.0,0.9761931896209717
938,368.2788519618094,-44.33052062988281,0.0,0.0,0.9762024879455566
939,477.18354965876176,-20.317298889160156,0.0,0.0,0.9761868119239807
940,546.714869062446,-18.213424682617188,0.0,0.0,0.9761536717414856
941,256.54165304588184,6.251434326171875,0.0,0.0,0.9761404395103455
942,152.13990759463022,-5.376359939575195,0.0,0.0,0.9761174321174622
943,416.65344588580984,-39.92078399658203,0.0,0.0,0.9760189652442932
944,3.9914342701695675,-4.337836265563965,0.0,0.0,0.9758710265159607
945,9.993940441417678,-5.9018235206604,0.0,0.0,0.9757087826728821
946,35.08700799031048,3.19694447517395,0.0,0.0,0.9755668640136719
947,171.85866448370362,-14.667176246643066,0.0,0.0,0.975416362285614
948,2.4435756370167017,3.356231689453125,0.0,0.0,0.9752965569496155
949,284.0301090060515,14.4766845703125,0.0,0.0,0.9752240777015686
950,412.72307394863185,-7.317736625671387,0.0,0.0,0.9751389622688293
951,266.6594191878127,12.118438720703125,0.0,0.0,0.9750903248786926
952,361.574381606266,1.9018797874450684,0.0,0.0,0.9750499725341797
953,142.46074397617437,32.44511795043945,0.0,0.0,0.9750566482543945
954,226.451881851618,2.882235527038574,0.0,0.0,0.9750655293464661
955,137.53944320249968,-35.504295349121094,0.0,0.0,0.9750421643257141
956,256.6841172421215,2.659691333770752,0.0,0.0,0.9750239849090576
957,8.548786447675072,1.4296338558197021,0.0,0.0,0.9750151634216309
958,3.8825434761255835,-2.348219156265259,0.0,0.0,0.9749953746795654
959,265.92276593095966,-4.240076541900635,0.0,0.0,0.9749694466590881
960,257.4030429757706,5.449877738952637,0.0,0.0,0.9749568104743958
961,468.253411681523,26.942153930664062,0.0,0.0,0.9749825596809387
962,233.92981031017814,-17.80936622619629,0.0,0.0,0.974987804889679
963,250.77456989511776,-1.5437498092651367,0.0,0.0,0.9749888777732849
964,116.49244858465119,10.212087631225586,0.0,0.0,0.9750118851661682
965,157.61647264874412,-4.027479648590088,0.0,0.0,0.9750268459320068
966,170.71453034524095,-0.3877077102661133,0.0,0.0,0.9750396609306335
967,245.8914692952721,2.6410017013549805,0.0,0.0,0.9750596880912781
968,459.5545070812667,-6.8415446281433105,0.0,0.0,0.9750704765319824
969,425.05997387132504,-3.234274387359619,0.0,0.0,0.9750752449035645
970,278.2358550045494,-13.959251403808594,0.0,0.0,0.9750358462333679
971,299.7348223312225,-0.7034964561462402,0.0,0.0,0.974998950958252
972,348.0462845895084,-18.588665008544922,0.0,0.0,0.9749366641044617
973,444.75989231561044,-24.36902618408203,0.0,0.0,0.9748435616493225
974,414.8121534781621,12.614946365356445,0.0,0.0,0.9747783541679382
975,119.31308780794994,-5.712278842926025,0.0,0.0,0.974708080291748
976,270.6901021115113,-13.456254005432129,0.0,0.0,0.9746124744415283
977,417.291919350137,-14.944854736328125,0.0,0.0,0.9745013117790222
978,140.06614969330414,15.138639450073242,0.0,0.0,0.9744377136230469
979,147.88799119724422,6.930055618286133,0.0,0.0,0.9743950366973877
980,197.6886840871895,-0.3961610794067383,0.0,0.0,0.9743555188179016
981,241.35887196503194,19.077558517456055,0.0,0.0,0.9743671417236328
982,541.668275865045,43.99042892456055,0.0,0.0,0.9744725227355957
983,233.73358403383662,2.394134521484375,0.0,0.0,0.9745708107948303
984,379.96485001670567,-8.070112228393555,0.0,0.0,0.9746494293212891
985,409.7605718941955,32.8714714050293,0.0,0.0,0.9747796058654785
986,218.98649130994397,4.4409565925598145,0.0,0.0,0.9749064445495605
987,356.3975350188642,12.134119033813477,0.0,0.0,0.9750380516052246
988,347.2370331510819,2.0695910453796387,0.0,0.0,0.9751591086387634
989,206.4374224857023,11.96220588684082,0.0,0.0,0.9752858281135559
990,508.05935767750253,18.74435806274414,0.0,0.0,0.975421130657196
991,221.40735090885758,-14.10116195678711,0.0,0.0,0.9755072593688965
992,678.9193361817679,10.48522663116455,0.0,0.0,0.9756032824516296
993,340.45666500495133,18.062572479248047,0.0,0.0,0.9757269024848938
994,473.1036992919414,0.20213079452514648,0.0,0.0,0.9758389592170715
995,207.64108449382397,11.346721649169922,0.0,0.0,0.9759557843208313
996,151.37733864414952,-2.306713342666626,0.0,0.0,0.9760573506355286
997,336.70324368036745,29.9495792388916,0.0,0.0,0.9762115478515625
998,449.310486408645,5.672836780548096,0.0,0.0,0.9763597846031189
999,286.43512605963184,19.052122116088867,0.0,0.0,0.9765181541442871
1000,547.4171194360157,12.872568130493164,0.0,0.0,0.9766740202903748
1001,319.64281324882637,3.425142288208008,0.0,0.0,0.9768185019493103
1002,489.90805685606495,-18.099342346191406,0.0,0.0,0.9769313931465149
1003,447.6445827673795,-0.8990693092346191,0.0,0.0,0.9770331382751465
1004,328.9301444836074,4.385527610778809,0.0,0.0,0.9771313667297363
1005,303.0839654076181,-33.48311233520508,0.0,0.0,0.9771820902824402
1006,299.617265749078,-22.053844451904297,0.0,0.0,0.9771809577941895
1007,345.38990003039794,-3.347748041152954,0.0,0.0,0.9771724343299866
1008,505.7166677547304,-5.411705017089844,0.0,0.0,0.9771599173545837
1009,325.58706019407094,-0.9977202415466309,0.0,0.0,0.9771459698677063
1010,502.744144599436,-29.1934757232666,0.0,0.0,0.9771031737327576
1011,184.65728424284396,-11.22276782989502,0.0,0.0,0.9770488739013672
1012,358.12687381608634,4.6199188232421875,0.0,0.0,0.9770066142082214
1013,162.09258321102664,-8.513846397399902,0.0,0.0,0.9769417643547058
1014,247.55314329953836,-3.231548309326172,0.0,0.0,0.9768766760826111
1015,553.426581928645,-15.809093475341797,0.0,0.0,0.9767789244651794
1016,650.2536818859021,-11.200356483459473,0.0,0.0,0.9766786694526672
1017,329.082556828826,-42.23341369628906,0.0,0.0,0.9765254855155945
1018,242.0819715277206,1.3507747650146484,0.0,0.0,0.9763891696929932
1019,273.35145736753987,6.389449119567871,0.0,0.0,0.9762794971466064
1020,373.5064531606123,22.456523895263672,0.0,0.0,0.9762458801269531
1021,464.63177536304113,43.584720611572266,0.0,0.0,0.9762552380561829
1022,496.05825395549283,9.432104110717773,0.0,0.0,0.9762768745422363
1023,86.00102059774339,-13.01797103881836,0.0,0.0,0.976260244846344
1024,258.7508648998252,8.814549446105957,0.0,0.0,0.9762563705444336
1025,335.23565557447864,-6.764232158660889,0.0,0.0,0.9762455821037292
1026,458.9411092825654,-6.330038547515869,0.0,0.0,0.9762226939201355
1027,150.49890543147674,-5.048041343688965,0.0,0.0,0.976189374923706
1028,831.8746197986607,32.876983642578125,0.0,0.0,0.9761936068534851
1029,366.0633195207231,-12.266845703125,0.0,0.0,0.9761793613433838
1030,625.7773450237016,42.64684295654297,0.0,0.0,0.9762201309204102
1031,443.06059154351817,-23.000308990478516,0.0,0.0,0.9762293696403503
1032,271.1091494928611,1.4050569534301758,0.0,0.0,0.9762396812438965
1033,514.4989440076964,-12.901361465454102,0.0,0.0,0.9762157797813416
1034,366.3546247186317,-5.59227991104126,0.0,0.0,0.9761843085289001
1035,275.77170353603697,-15.554044723510742,0.0,0.0,0.976125955581665
1036,278.1888352530615,-3.7434206008911133,0.0,0.0,0.9760692715644836
1037,509.9017163333513,14.535253524780273,0.0,0.0,0.9760465621948242
1038,130.94440377023292,-8.849327087402344,0.0,0.0,0.9760115742683411
1039,410.5512158373843,15.384771347045898,0.0,0.0,0.9760317802429199
1040,18.290465561404663,-5.886568069458008,0.0,0.0,0.9760348796844482
1041,389.73073067663796,-11.275930404663086,0.0,0.0,0.9760193824768066
1042,405.57919369598255,-14.838810920715332,0.0,0.0,0.9759802222251892
1043,166.65009500304262,-7.863431930541992,0.0,0.0,0.975925862789154
1044,397.07428032043583,17.544492721557617,0.0,0.0,0.9759083390235901
1045,366.5111382863294,-7.13912296295166,0.0,0.0,0.9758813977241516
1046,349.9952847246209,16.344593048095703,0.0,0.0,0.9758861660957336
1047,417.8227352171766,3.930103302001953,0.0,0.0,0.9759008288383484
1048,245.3092998053628,-5.726851463317871,0.0,0.0,0.975903332233429
1049,277.99163410430486,9.330339431762695,0.0,0.0,0.9759235382080078
1050,492.93402638800575,3.342160224914551,0.0,0.0,0.9759470820426941
1051,311.21149632865047,-1.2409729957580566,0.0,0.0,0.9759635925292969
1052,337.91647071801054,-11.418380737304688,0.0,0.0,0.9759573936462402
1053,263.903282349565,5.337253570556641,0.0,0.0,0.9759635925292969
1054,254.72798758904017,17.537857055664062,0.0,0.0,0.9760069847106934
1055,373.94140732092853,7.394278049468994,0.0,0.0,0.9760606288909912
1056,300.77716587714696,20.86205291748047,0.0,0.0,0.9761258959770203
1057,187.61361323714596,37.63477325439453,0.0,0.0,0.9762494564056396
1058,125.96243553919042,-14.851890563964844,0.0,0.0,0.9763500094413757
1059,20.35195674442536,5.047910213470459,0.0,0.0,0.97646164894104
1060,323.0222961078332,3.114809513092041,0.0,0.0,0.9765679240226746
1061,249.95091925241124,-6.96010160446167,0.0,0.0,0.9766457676887512
1062,455.6191167527378,-21.956106185913086,0.0,0.0,0.976693868637085
1063,420.3573820041259,17.308244705200195,0.0,0.0,0.9767641425132751
1064,417.74734496624035,8.016349792480469,0.0,0.0,0.9768444895744324
1065,155.29757452531553,-1.7272167205810547,0.0,0.0,0.9769107699394226
1066,162.89040826997214,-3.592660903930664,0.0,0.0,0.9769608378410339
1067,392.1173523146203,2.9134039878845215,0.0,0.0,0.9770116806030273
1068,431.57658869315964,-35.095252990722656,0.0,0.0,0.9769926071166992
1069,260.2345460650443,6.484529495239258,0.0,0.0,0.9769845604896545
1070,368.6001974305712,5.014465808868408,0.0,0.0,0.9769849181175232
1071,186.215413105705,-1.4644083976745605,0.0,0.0,0.9769814014434814
1072,223.7017557488736,18.149507522583008,0.0,0.0,0.9770042300224304
1073,204.80294673351926,7.728909969329834,0.0,0.0,0.9770428538322449
1074,303.86662193415066,-5.044426918029785,0.0,0.0,0.9770705699920654
1075,315.54014491802195,3.530099868774414,0.0,0.0,0.9771025776863098
1076,318.47332765451154,-18.53689193725586,0.0,0.0,0.9770896434783936
1077,293.9511214085337,3.7367782592773438,0.0,0.0,0.9770915508270264
1078,167.51022727054445,21.522632598876953,0.0,0.0,0.9771400094032288
1079,370.54667008121885,3.7560434341430664,0.0,0.0,0.9771906733512878
1080,308.44229972986926,-5.928037643432617,0.0,0.0,0.9772240519523621
1081,108.02420600315553,0.21642518043518066,0.0,0.0,0.9772541522979736
1082,266.4899264820898,-13.380091667175293,0.0,0.0,0.9772608876228333
1083,290.28877802862553,6.012881278991699,0.0,0.0,0.9772794246673584
1084,338.4770422049298,8.029376029968262,0.0,0.0,0.9773125648498535
1085,370.2984903995103,-15.173337936401367,0.0,0.0,0.977322518825531
1086,455.1771889370134,-4.1920270919799805,0.0,0.0,0.977325439453125
1087,352.19297733769065,14.571218490600586,0.0,0.0,0.9773502349853516
1088,259.4955228963651,-1.1863977909088135,0.0,0.0,0.9773710370063782
1089,280.2129413440185,5.9996795654296875,0.0,0.0,0.9774008393287659
1090,218.86809239182352,-1.5500407218933105,0.0,0.0,0.9774255752563477
1091,349.9827941857578,-16.51174545288086,0.0,0.0,0.9774263501167297
1092,322.34617452028175,-8.179282188415527,0.0,0.0,0.9774146676063538
1093,167.92848497670633,-10.580168724060059,0.0,0.0,0.9773774147033691
1094,242.33664067450138,-8.94931411743164,0.0,0.0,0.9773190021514893
1095,331.1775723634222,3.4476916790008545,0.0,0.0,0.9772722125053406
1096,360.44906386006653,21.803503036499023,0.0,0.0,0.9772641062736511
1097,450.26619464324915,-5.41379976272583,0.0,0.0,0.9772502779960632
1098,274.4598886272992,-10.259076118469238,0.0,0.0,0.9772111773490906
1099,371.2922474039505,-9.490537643432617,0.0,0.0,0.977162778377533
1100,358.08437642322855,-17.413362503051758,0.0,0.0,0.9771029949188232
1101,368.6838701603711,34.12420654296875,0.0,0.0,0.9770865440368652
1102,296.13885442909725,6.900556564331055,0.0,0.0,0.9770824313163757
1103,342.28283320680015,-8.82850456237793,0.0,0.0,0.9770617485046387
1104,317.37285800275134,10.78236198425293,0.0,0.0,0.977074146270752
1105,181.34261353175899,-5.832488059997559,0.0,0.0,0.9770703315734863
1106,294.70130528172666,5.419645309448242,0.0,0.0,0.9770786166191101
1107,423.41043689101457,-6.2760539054870605,0.0,0.0,0.9770784378051758
1108,37.941565989153645,4.977429389953613,0.0,0.0,0.9770872592926025
1109,299.77798988786674,1.3051550388336182,0.0,0.0,0.9770973324775696
1110,166.62153275240047,9.015276908874512,0.0,0.0,0.9771220088005066
1111,467.67689490751826,6.6901397705078125,0.0,0.0,0.9771528840065002
1112,309.6025146363991,8.96712875366211,0.0,0.0,0.9772031307220459
1113,286.5112098365077,0.35381126403808594,0.0,0.0,0.9772483706474304
1114,349.24506368585975,14.783564567565918,0.0,0.0,0.9773059487342834
1115,201.0468640589307,23.056053161621094,0.0,0.0,0.9773938059806824
1116,287.77533992473434,12.708568572998047,0.0,0.0,0.9774909019470215
1117,330.9433513725652,-3.056067943572998,0.0,0.0,0.977572500705719
1118,293.33555208030754,-0.11765003204345703,0.0,0.0,0.9776453971862793
1119,470.75352214401374,2.6424293518066406,0.0,0.0,0.977717399597168
1120,336.75605960456636,6.157400131225586,0.0,0.0,0.977796733379364
1121,301.4425940363043,4.1465559005737305,0.0,0.0,0.9778771996498108
1122,181.04302633473762,-1.1243298053741455,0.0,0.0,0.9779483675956726
1123,296.83171295185605,-4.712496280670166,0.0,0.0,0.978007972240448
1124,570.4001228398863,-13.819778442382812,0.0,0.0,0.978044331073761
1125,359.0798154288434,20.857694625854492,0.0,0.0,0.9780979156494141
1126,279.170221506547,-28.38763427734375,0.0,0.0,0.9780989289283752
1127,334.42730451122037,-12.008411407470703,0.0,0.0,0.9780896306037903
1128,162.99024046173372,0.8654725551605225,0.0,0.0,0.9780826568603516
1129,331.8541867822572,-17.462173461914062,0.0,0.0,0.9780524373054504
1130,462.03978734501675,-38.02381896972656,0.0,0.0,0.9779472947120667
1131,376.3824139013703,-6.972513198852539,0.0,0.0,0.9778426289558411
1132,229.68865053083707,6.199544906616211,0.0,0.0,0.9777569770812988
1133,369.3758946738947,-4.682346820831299,0.0,0.0,0.9776743054389954
1134,443.7784751520521,-40.14765167236328,0.0,0.0,0.977539598941803
1135,293.7091750682764,-14.399778366088867,0.0,0.0,0.9773854613304138
1136,72.2162799255616,-6.010906219482422,0.0,0.0,0.9772318005561829
1137,320.79524595469803,1.9237556457519531,0.0,0.0,0.9770973324775696
1138,131.96347484173867,-6.570517063140869,0.0,0.0,0.9769620895385742
1139,275.099340936437,-10.886521339416504,0.0,0.0,0.9768193364143372
1140,301.76569314253214,-21.20058250427246,0.0,0.0,0.9766200184822083
1141,165.31142707045117,-29.13068199157715,0.0,0.0,0.9763291478157043
1142,294.0220569838177,17.31772232055664,0.0,0.0,0.9760885238647461
1143,436.10101659861067,-20.92477035522461,0.0,0.0,0.9758493304252625
1144,422.8036649259724,8.502284049987793,0.0,0.0,0.9756462574005127
1145,337.51528885728504,0.0029311180114746094,0.0,0.0,0.9754638075828552
1146,457.8544303044052,-6.142604827880859,0.0,0.0,0.9752821326255798
1147,299.80841631114754,-1.9974145889282227,0.0,0.0,0.9751141667366028
1148,272.66911638746626,-5.761785507202148,0.0,0.0,0.97495436668396
1149,169.33885191868367,-15.909344673156738,0.0,0.0,0.9747858047485352
1150,266.0546414140341,25.35588264465332,0.0,0.0,0.9746879935264587
1151,249.94564787346803,-12.29740047454834,0.0,0.0,0.974571943283081
1152,473.98118293233426,9.502182960510254,0.0,0.0,0.9744783043861389
1153,322.88363045382283,11.209716796875,0.0,0.0,0.9744130969047546
1154,345.446232642452,1.478489875793457,0.0,0.0,0.9743576645851135
1155,325.0961932947139,-2.665186882019043,0.0,0.0,0.9743033051490784
1156,308.2846137467166,-11.586525917053223,0.0,0.0,0.974236249923706
1157,149.30091522416765,-1.738077163696289,0.0,0.0,0.9741709232330322
1158,483.3381165124065,-1.9157018661499023,0.0,0.0,0.9741094708442688
1159,367.00658747799633,3.0328164100646973,0.0,0.0,0.9740622639656067
1160,305.95557069908097,16.21215057373047,0.0,0.0,0.9740585684776306
1161,278.9619725549088,-0.48126935958862305,0.0,0.0,0.9740545153617859
1162,436.74389087261164,17.428340911865234,0.0,0.0,0.9740744233131409
1163,251.80561583476677,-12.355281829833984,0.0,0.0,0.9740723967552185
1164,278.0990275705508,-4.20377254486084,0.0,0.0,0.9740583300590515
1165,268.78159077820175,16.294410705566406,0.0,0.0,0.974065363407135
1166,282.4327157856039,9.835001945495605,0.0,0.0,0.974086344242096
1167,292.1408417181341,-3.538789749145508,0.0,0.0,0.9740948677062988
1168,279.5456714973331,-8.85037612915039,0.0,0.0,0.9740889668464661
1169,301.69324495646254,14.623007774353027,0.0,0.0,0.9741290211677551
1170,268.33690305225775,-16.896753311157227,0.0,0.0,0.9741120338439941
1171,423.52738899751927,6.009860038757324,0.0,0.0,0.9741070866584778
1172,229.17721631545376,-2.709441900253296,0.0,0.0,0.9740951061248779
1173,195.48699167346754,-8.509162902832031,0.0,0.0,0.9740684628486633
1174,293.5363276503115,12.315971374511719,0.0,0.0,0.974067747592926
1175,278.0016007093696,-9.616018295288086,0.0,0.0,0.9740466475486755
1176,295.96959397129905,6.929011344909668,0.0,0.0,0.9740421175956726
1177,250.84340692466895,-22.30964469909668,0.0,0.0,0.9740064740180969
1178,232.0638440068939,-1.7118592262268066,0.0,0.0,0.9739706516265869
1179,239.72676968743244,19.27676010131836,0.0,0.0,0.9739880561828613
1180,376.98270589824295,3.3615212440490723,0.0,0.0,0.974007785320282
1181,362.75439741329757,15.185291290283203,0.0,0.0,0.9740684628486633
1182,275.1151940798809,-3.5337862968444824,0.0,0.0,0.9741190075874329
1183,302.41725760907246,17.862918853759766,0.0,0.0,0.9741883277893066
1184,249.13726012402373,-6.564818382263184,0.0,0.0,0.9742410778999329
1185,248.9491279175152,-6.675407409667969,0.0,0.0,0.9742720723152161
1186,345.20081690061465,-14.631491661071777,0.0,0.0,0.9742650985717773
1187,511.48533969751,0.10945987701416016,0.0,0.0,0.974259078502655
1188,292.32363018979254,-30.511056900024414,0.0,0.0,0.9742177128791809
1189,301.53761511993804,7.944193363189697,0.0,0.0,0.974199116230011
1190,354.77064486049215,-7.172379493713379,0.0,0.0,0.9741713404655457
1191,369.80337179912186,7.099992752075195,0.0,0.0,0.9741528034210205
1192,363.6455545560707,36.01182556152344,0.0,0.0,0.974192202091217
1193,280.53742299392064,-5.703324794769287,0.0,0.0,0.9742157459259033
1194,233.25866644101936,0.9719879627227783,0.0,0.0,0.9742391705513
1195,281.2659570885046,5.376882553100586,0.0,0.0,0.9742693305015564
1196,238.81556852869957,1.813497543334961,0.0,0.0,0.9742982387542725
1197,229.42045833218617,-16.437583923339844,0.0,0.0,0.9743065237998962
1198,257.51859674820105,1.7296724319458008,0.0,0.0,0.9743167757987976
1199,176.55754051307406,-11.844831466674805,0.0,0.0,0.9742765426635742
1200,254.8264990249267,8.948281288146973,0.0,0.0,0.974261462688446
1201,212.76671205055553,0.9809951782226562,0.0,0.0,0.9742496609687805
1202,197.96509757473984,12.905309677124023,0.0,0.0,0.9742576479911804
1203,293.84532361306157,19.701099395751953,0.0,0.0,0.9743168950080872
1204,173.31076436841997,1.9635729789733887,0.0,0.0,0.9743743538856506
1205,226.51095260006247,14.412959098815918,0.0,0.0,0.9744526743888855
1206,230.19325585708535,11.449649810791016,0.0,0.0,0.9745579361915588
1207,181.91415523018242,4.710492134094238,0.0,0.0,0.9746695160865784
1208,244.85164088837323,-9.288313865661621,0.0,0.0,0.9747514128684998
1209,258.11120361225517,-19.601863861083984,0.0,0.0,0.9747812151908875
1210,221.59552607504702,10.720207214355469,0.0,0.0,0.9748377799987793
1211,263.89949676785886,5.441893100738525,0.0,0.0,0.9749019145965576
1212,245.18411583299246,-0.9733233451843262,0.0,0.0,0.9749590754508972
1213,174.57633723705052,-4.9277262687683105,0.0,0.0,0.9749980568885803
1214,220.4689533706013,-16.019386291503906,0.0,0.0,0.974997341632843
1215,269.7268725907273,27.16468048095703,0.0,0.0,0.9750263094902039
1216,333.6549882041586,-44.005210876464844,0.0,0.0,0.9749791622161865
1217,225.95289943746448,10.864151954650879,0.0,0.0,0.9749501347541809
1218,427.9005195674316,-11.854655265808105,0.0,0.0,0.9748973846435547
1219,165.40442656141582,-9.202178955078125,0.0,0.0,0.9748290181159973
1220,346.3921986520964,-8.780622482299805,0.0,0.0,0.9747598767280579
1221,246.41037322392754,4.37598180770874,0.0,0.0,0.9747061133384705
1222,257.4697471302363,-13.343317985534668,0.0,0.0,0.9746360182762146
1223,152.05191975329157,-0.8722844123840332,0.0,0.0,0.9745697379112244
1224,281.4724609293756,5.369953155517578,0.0,0.0,0.9745228290557861
1225,289.43764667204664,-22.44495391845703,0.0,0.0,0.9744524955749512
1226,398.1755255049589,-29.37704086303711,0.0,0.0,0.974345862865448
1227,342.0238299197931,6.619590759277344,0.0,0.0,0.9742559790611267
1228,156.9623442390537,-3.7458977699279785,0.0,0.0,0.9741676449775696
1229,298.9258846223864,27.028669357299805,0.0,0.0,0.9741464257240295
1230,342.50221171516694,-8.76964282989502,0.0,0.0,0.9741117358207703
1231,165.63366021181534,-0.20650148391723633,0.0,0.0,0.9740800857543945
1232,287.01016071523264,-5.744302749633789,0.0,0.0,0.9740417003631592
1233,116.05934217504047,9.807442665100098,0.0,0.0,0.9740407466888428
1234,260.6981772720337,19.772647857666016,0.0,0.0,0.9740874767303467
1235,310.70825567661916,-3.6684393882751465,0.0,0.0,0.9741258025169373
1236,371.29439368604255,-11.82027816772461,0.0,0.0,0.9741480946540833
1237,285.28738862873604,23.53327178955078,0.0,0.0,0.9741997718811035
1238,207.09598657116732,14.453313827514648,0.0,0.0,0.9742922186851501
1239,492.3110578851286,6.244339466094971,0.0,0.0,0.9743799567222595
1240,442.5335508936404,13.42665958404541,0.0,0.0,0.9744895100593567
1241,323.34312364694847,3.391040325164795,0.0,0.0,0.9745942950248718
1242,305.76449066587253,8.980490684509277,0.0,0.0,0.9746999740600586
1243,275.5611687086769,-9.196121215820312,0.0,0.0,0.974774181842804
1244,227.94753759375868,9.815479278564453,0.0,0.0,0.974858283996582
1245,271.1857821204006,12.498547554016113,0.0,0.0,0.9749500155448914
1246,349.67834057365434,-26.301637649536133,0.0,0.0,0.9749782085418701
1247,764.6232724804681,-9.770110130310059,0.0,0.0,0.9749903678894043
1248,171.64653405184166,-21.07512855529785,0.0,0.0,0.9749367237091064
1249,187.19911743929165,-2.54897403717041,0.0,0.0,0.9748820662498474
1250,220.54020485996875,-4.077146530151367,0.0,0.0,0.9748246669769287
1251,157.30127078524302,-2.8529434204101562,0.0,0.0,0.9747664332389832
1252,302.95952494997874,-7.937574863433838,0.0,0.0,0.9746955037117004
1253,320.5075434351362,6.000152587890625,0.0,0.0,0.974647045135498
1254,173.24353399156138,-7.4713287353515625,0.0,0.0,0.9745895266532898
1255,177.81561192138716,-11.328246116638184,0.0,0.0,0.9745111465454102
1256,166.635837140539,-5.750677585601807,0.0,0.0,0.9744272828102112
1257,179.69128685829435,-14.41470718383789,0.0,0.0,0.9743203520774841
1258,112.19348049368455,-1.946871042251587,0.0,0.0,0.9742177128791809
1259,171.90255794140896,17.82037353515625,0.0,0.0,0.9741702079772949
1260,430.60301997767493,24.61741828918457,0.0,0.0,0.9741604924201965
1261,161.8418374491968,1.6666960716247559,0.0,0.0,0.9741582870483398
1262,202.04312457447406,-10.975915908813477,0.0,0.0,0.9741311073303223
1263,145.81524761904012,1.5733222961425781,0.0,0.0,0.9741112589836121
1264,160.80942217307995,1.512129783630371,0.0,0.0,0.9740964770317078
1265,392.22117105247526,-24.202404022216797,0.0,0.0,0.9740405082702637
1266,130.83882319400175,8.282426834106445,0.0,0.0,0.9740058779716492
1267,171.10225573227893,4.918147087097168,0.0,0.0,0.973986804485321
1268,375.41953921198643,9.912458419799805,0.0,0.0,0.9739812016487122
1269,289.66130545152237,-10.635963439941406,0.0,0.0,0.9739546775817871
1270,167.4545795777233,19.76256561279297,0.0,0.0,0.9739722609519958
1271,366.8686001929288,-9.189370155334473,0.0,0.0,0.9739763736724854
1272,194.68203769308866,-4.855155944824219,0.0,0.0,0.9739720225334167
1273,152.09041606438078,3.591336250305176,0.0,0.0,0.9739775657653809
1274,390.2707705717504,3.6571497917175293,0.0,0.0,0.9739890098571777
1275,186.2113494348611,4.343968391418457,0.0,0.0,0.9740066528320312
1276,462.6196971499873,20.280914306640625,0.0,0.0,0.9740555882453918
1277,189.66040734084245,8.726032257080078,0.0,0.0,0.9741266369819641
1278,166.08872597159151,9.20018482208252,0.0,0.0,0.9742103219032288
1279,228.46483963537744,1.1483056545257568,0.0,0.0,0.9742875099182129
1280,290.23500526925295,18.321395874023438,0.0,0.0,0.9744040369987488
1281,258.79948156440594,11.182901382446289,0.0,0.0,0.9745276570320129
1282,229.14988677470782,-8.051612854003906,0.0,0.0,0.9746251106262207
1283,177.62082232953878,18.952272415161133,0.0,0.0,0.974783718585968
1284,366.4444554758991,4.26146936416626,0.0,0.0,0.9749320149421692
1285,186.36039929785971,0.9500827789306641,0.0,0.0,0.9750671982765198
1286,277.69453197311714,4.408055305480957,0.0,0.0,0.9751977324485779
1287,358.7424890631472,24.879772186279297,0.0,0.0,0.9753563404083252
1288,356.7075453469516,-22.834630966186523,0.0,0.0,0.9754592776298523
1289,186.15093939009373,0.5386242866516113,0.0,0.0,0.975553035736084
1290,383.45810296446837,7.903436183929443,0.0,0.0,0.9756572842597961
1291,181.51364663827124,-5.006800651550293,0.0,0.0,0.9757401347160339
1292,252.96226355975216,10.524658203125,0.0,0.0,0.9758326411247253
1293,465.48679115759455,-15.729690551757812,0.0,0.0,0.9758972525596619
1294,219.97333614474405,-5.599855422973633,0.0,0.0,0.975943386554718
1295,181.99929010655885,8.117053985595703,0.0,0.0,0.976006031036377
1296,346.10065594865154,-0.7959847450256348,0.0,0.0,0.9760618209838867
1297,172.15394647829868,13.804887771606445,0.0,0.0,0.9761331677436829
1298,245.83112946219998,0.9897775650024414,0.0,0.0,0.9761990904808044
1299,268.5516094770984,17.45149803161621,0.0,0.0,0.9763054847717285
1300,189.05276725335082,21.559246063232422,0.0,0.0,0.976457417011261
1301,197.00359373011372,-5.427798748016357,0.0,0.0,0.9765831828117371
1302,348.4550670649494,15.208276748657227,0.0,0.0,0.9767253994941711
1303,166.9506939975619,-1.4591007232666016,0.0,0.0,0.9768502116203308
1304,496.32685638604494,-10.535662651062012,0.0,0.0,0.9769513010978699
1305,195.84758160688347,-0.7416009902954102,0.0,0.0,0.9770393371582031
1306,355.98960420397043,-5.731540203094482,0.0,0.0,0.9771116375923157
1307,183.86280153116488,-7.8883819580078125,0.0,0.0,0.977165937423706
1308,435.2153268391147,-0.8044543266296387,0.0,0.0,0.9772140383720398
1309,276.2228863788406,0.5617947578430176,0.0,0.0,0.97725909948349
1310,205.42753126394436,-18.90808868408203,0.0,0.0,0.9772573113441467
1311,328.99530119723806,-20.191835403442383,0.0,0.0,0.9772111773490906
1312,134.58812243568173,0.0676569938659668,0.0,0.0,0.9771695137023926
1313,357.72574797875245,21.226547241210938,0.0,0.0,0.9771983623504639
1314,145.76422814185278,-4.081045150756836,0.0,0.0,0.9772152304649353
1315,363.24308075959203,8.098941802978516,0.0,0.0,0.9772420525550842
1316,179.22564357002886,-19.824079513549805,0.0,0.0,0.9772281646728516
1317,220.9335688257024,-7.2062249183654785,0.0,0.0,0.9771961569786072
1318,339.87939496249936,-24.29714584350586,0.0,0.0,0.97711580991745
1319,270.4502853284787,6.708385467529297,0.0,0.0,0.9770579934120178
1320,208.91384468481291,-21.623476028442383,0.0,0.0,0.9769418835639954
1321,387.12039470220157,-22.623477935791016,0.0,0.0,0.9768125414848328
1322,141.73170623710982,-12.057180404663086,0.0,0.0,0.9766742587089539
1323,373.59765041136035,-19.54275131225586,0.0,0.0,0.9765157699584961
1324,338.8786919878552,36.026954650878906,0.0,0.0,0.9764310717582703
1325,408.24528797121513,2.0044002532958984,0.0,0.0,0.9763571619987488
1326,105.38760165401376,-2.44171142578125,0.0,0.0,0.9762840867042542
1327,150.03156128657,-7.367953300476074,0.0,0.0,0.9761900305747986
1328,155.7776395417784,-1.38319730758667,0.0,0.0,0.9761012196540833
1329,91.17896242308836,1.0926527976989746,0.0,0.0,0.976025402545929
1330,102.42971155997188,3.071767807006836,0.0,0.0,0.9759700894355774
1331,118.29972441302026,4.3112993240356445,0.0,0.0,0.975928008556366
1332,237.11224268226806,-7.669406414031982,0.0,0.0,0.975877583026886
1333,90.52694885669055,-1.6537985801696777,0.0,0.0,0.9758257865905762
1334,284.61529357817653,5.331676959991455,0.0,0.0,0.9757925868034363
1335,152.0023432348017,18.172344207763672,0.0,0.0,0.9757996201515198
1336,92.0920626703553,-3.5962440967559814,0.0,0.0,0.9758003354072571
1337,88.63170741303652,-6.957258224487305,0.0,0.0,0.9757716655731201
1338,122.77480099608158,9.150315284729004,0.0,0.0,0.9757616519927979
1339,147.61319756143936,11.217917442321777,0.0,0.0,0.9757937788963318
1340,189.35415334006797,-7.580489158630371,0.0,0.0,0.975813090801239
1341,323.0145983275468,-14.871222496032715,0.0,0.0,0.9758149981498718
1342,292.58648623966917,-2.149827241897583,0.0,0.0,0.9758133888244629
1343,160.8838201670963,0.6251802444458008,0.0,0.0,0.9758138060569763
1344,81.49072041297453,-12.782206535339355,0.0,0.0,0.9757769107818604
1345,122.97615352241434,0.9819152355194092,0.0,0.0,0.975747287273407
1346,167.29618762666738,-7.201818943023682,0.0,0.0,0.9756873250007629
1347,372.7492837182228,-5.194680213928223,0.0,0.0,0.9756197333335876
1348,215.3677200438954,-40.42787551879883,0.0,0.0,0.9754807353019714
1349,275.92403122656094,-22.276033401489258,0.0,0.0,0.9753122329711914
1350,210.1767005100647,-0.12192821502685547,0.0,0.0,0.9751603007316589
1351,410.19406814941334,3.525859832763672,0.0,0.0,0.9750301241874695
1352,239.1304799166104,10.089679718017578,0.0,0.0,0.974928617477417
1353,179.75879221694433,12.313429832458496,0.0,0.0,0.974860429763794
1354,317.82774601538824,23.995996475219727,0.0,0.0,0.9748270511627197
1355,296.45905280779743,10.803573608398438,0.0,0.0,0.9748217463493347
1356,333.92903674001263,12.113630294799805,0.0,0.0,0.9748363494873047
1357,578.4333400086799,7.692709445953369,0.0,0.0,0.9748663902282715
1358,303.4091277217403,10.530571937561035,0.0,0.0,0.9749264717102051
1359,103.1436599620108,1.8997256755828857,0.0,0.0,0.9749894142150879
1360,170.75976572159345,-7.246940612792969,0.0,0.0,0.9750292301177979
1361,288.4488912397291,-2.692399024963379,0.0,0.0,0.9750559329986572
1362,386.35923091577735,-16.002084732055664,0.0,0.0,0.9750542640686035
1363,222.99147291982902,1.6589632034301758,0.0,0.0,0.9750569462776184
1364,256.0280779125726,29.71329689025879,0.0,0.0,0.975121021270752
1365,121.71353875526165,1.6648998260498047,0.0,0.0,0.9751822352409363
1366,230.32413934154118,-9.73703384399414,0.0,0.0,0.975222647190094
1367,180.98745577339153,-9.223701477050781,0.0,0.0,0.9752327799797058
1368,214.1759461521102,7.0315704345703125,0.0,0.0,0.9752534031867981
1369,269.2334806854083,9.35529899597168,0.0,0.0,0.975283682346344
1370,151.20386776434424,4.4708251953125,0.0,0.0,0.9753291010856628
1371,343.89235802867876,-25.395570755004883,0.0,0.0,0.9753115177154541
1372,308.4919976960175,13.041152954101562,0.0,0.0,0.9753198623657227
1373,161.48898041983273,2.654670238494873,0.0,0.0,0.9753350615501404
1374,153.51163357334877,5.211679458618164,0.0,0.0,0.9753623008728027
1375,438.98227388380866,-10.638141632080078,0.0,0.0,0.9753778576850891
1376,453.0587991263277,9.689545631408691,0.0,0.0,0.9754151701927185
1377,270.71013521934094,-1.559765338897705,0.0,0.0,0.9754428863525391
1378,250.80723778881716,-10.089922904968262,0.0,0.0,0.975454568862915
1379,235.79657698042,18.8489990234375,0.0,0.0,0.9755253791809082
1380,221.0223332550545,-11.778467178344727,0.0,0.0,0.9755640029907227
1381,185.86734259457253,-18.538270950317383,0.0,0.0,0.9755735397338867
1382,218.33398302547795,-0.9563498497009277,0.0,0.0,0.9755802154541016
1383,294.2629043479797,2.0708274841308594,0.0,0.0,0.9755889773368835
1384,365.4933269951935,24.568946838378906,0.0,0.0,0.9756348729133606
1385,449.97128233416356,-11.544352531433105,0.0,0.0,0.9756545424461365
1386,377.0879559533579,12.127822875976562,0.0,0.0,0.9756987690925598
1387,184.60093308763547,14.173771858215332,0.0,0.0,0.975762665271759
1388,584.097130207412,25.77170181274414,0.0,0.0,0.9758830666542053
1389,277.274217287595,-11.229719161987305,0.0,0.0,0.9759604334831238
1390,289.077564729335,14.402674674987793,0.0,0.0,0.9760482907295227
1391,259.0054014720874,11.171798706054688,0.0,0.0,0.976149320602417
1392,318.97378379314057,-15.257840156555176,0.0,0.0,0.9762234687805176
1393,204.69200428026755,3.340920925140381,0.0,0.0,0.976298987865448
1394,160.74535258486935,12.326631546020508,0.0,0.0,0.9764066338539124
1395,143.71250870693288,15.922560691833496,0.0,0.0,0.9765772819519043
1396,222.80124060887192,-0.6052343845367432,0.0,0.0,0.9767304062843323
1397,141.52817600714073,-13.888330459594727,0.0,0.0,0.9768321514129639
1398,186.66012220632814,1.8984649181365967,0.0,0.0,0.9769279360771179
1399,119.73557621296732,-4.722194671630859,0.0,0.0,0.9769955277442932
1400,150.24365040483806,3.9857685565948486,0.0,0.0,0.9770639538764954
1401,159.35806885093595,-10.631535530090332,0.0,0.0,0.9770957827568054
1402,128.37381121189,7.101110458374023,0.0,0.0,0.9771525859832764
1403,91.40154052112038,-9.234193801879883,0.0,0.0,0.9771769046783447
1404,106.1359582330671,1.012587547302246,0.0,0.0,0.9772031307220459
1405,73.07352286330297,8.291335105895996,0.0,0.0,0.977250874042511
1406,64.09203649205892,-5.261123180389404,0.0,0.0,0.9772693514823914
1407,113.66930192807824,-10.070222854614258,0.0,0.0,0.9772409796714783
1408,89.02680404171153,-7.036194801330566,0.0,0.0,0.9771942496299744
1409,59.986048311444506,7.2455902099609375,0.0,0.0,0.9771717190742493
1410,145.77954995218255,-1.7914338111877441,0.0,0.0,0.9771421551704407
1411,126.77957632260585,7.251585006713867,0.0,0.0,0.977139413356781
1412,102.02204864492394,7.656149864196777,0.0,0.0,0.9771580696105957
1413,65.62558917048112,8.591211318969727,0.0,0.0,0.9772194027900696
1414,98.57611302292662,-12.823592185974121,0.0,0.0,0.9772444367408752
1415,68.72484042951534,-6.833820819854736,0.0,0.0,0.9772469997406006
1416,133.73779777136173,-11.580371856689453,0.0,0.0,0.977225124835968
1417,96.19365716463066,1.7751188278198242,0.0,0.0,0.9772114157676697
1418,77.77799368204234,4.857671737670898,0.0,0.0,0.9772152900695801
1419,126.23132802793232,-0.13207626342773438,0.0,0.0,0.9772184491157532
1420,91.68638256052282,5.410701751708984,0.0,0.0,0.9772395491600037
1421,107.95282625394886,-7.083373546600342,0.0,0.0,0.9772289395332336
1422,121.79066960197284,-4.5717668533325195,0.0,0.0,0.9772087931632996
1423,106.22345613716975,4.3127970695495605,0.0,0.0,0.9772076606750488
1424,278.0862449280232,7.520267963409424,0.0,0.0,0.9772383570671082
1425,106.11640928113805,15.362055778503418,0.0,0.0,0.9773051142692566
1426,163.30649771493503,8.444012641906738,0.0,0.0,0.9773876667022705
1427,192.1100259770766,3.2950639724731445,0.0,0.0,0.9774704575538635
1428,238.42635416375424,11.1062650680542,0.0,0.0,0.9776058197021484
1429,209.47433543563622,10.670116424560547,0.0,0.0,0.9777641296386719
1430,329.7237077663264,-2.4221372604370117,0.0,0.0,0.977902889251709
1431,276.00824944101896,7.726698875427246,0.0,0.0,0.978053092956543
1432,187.48032383678364,-18.333154678344727,0.0,0.0,0.9781343340873718
1433,312.0518910948099,1.190762996673584,0.0,0.0,0.9782099723815918
1434,223.70933408040423,26.693593978881836,0.0,0.0,0.9783287048339844
1435,181.68726340020658,-2.2775182723999023,0.0,0.0,0.9784300923347473
1436,284.8107337119909,14.973396301269531,0.0,0.0,0.9785430431365967
1437,146.6308832543936,10.529380798339844,0.0,0.0,0.9786643385887146
1438,182.08453644356302,15.373461723327637,0.0,0.0,0.9788015484809875
1439,174.37237670094763,4.6985650062561035,0.0,0.0,0.9789376258850098
1440,95.44360211084529,6.4279656410217285,0.0,0.0,0.9790685176849365
1441,77.42945336547467,10.976505279541016,0.0,0.0,0.9792420864105225
1442,113.13123591432654,4.976912021636963,0.0,0.0,0.9794175028800964
1443,137.28679021002614,-21.37420654296875,0.0,0.0,0.9795143008232117
1444,151.60370061332392,-1.6641149520874023,0.0,0.0,0.9795961380004883
1445,101.70921200861525,-8.94715690612793,0.0,0.0,0.9796216487884521
1446,139.99307094284077,-27.355867385864258,0.0,0.0,0.979560375213623
1447,96.09780996456576,0.8634672164916992,0.0,0.0,0.9795079231262207
1448,89.26342588857428,-1.3997125625610352,0.0,0.0,0.9794526100158691
1449,421.80594309955376,-20.48523712158203,0.0,0.0,0.9793652892112732
1450,135.9542611638679,-7.043727874755859,0.0,0.0,0.9792680144309998
1451,218.2254838174101,3.302590847015381,0.0,0.0,0.9791876673698425
1452,237.07308528301914,19.262434005737305,0.0,0.0,0.9791715145111084
1453,111.08301120922384,10.348287582397461,0.0,0.0,0.9791849255561829
1454,135.80026710017998,4.406370162963867,0.0,0.0,0.9792109131813049
1455,64.95196921155706,2.335819959640503,0.0,0.0,0.9792475700378418
1456,89.74899427094017,9.970755577087402,0.0,0.0,0.9793140292167664
1457,297.89263777940755,-7.815907955169678,0.0,0.0,0.9793594479560852
1458,93.20397975229696,0.050252437591552734,0.0,0.0,0.9794005751609802
1459,252.77659877526304,-5.712017059326172,0.0,0.0,0.9794273376464844
1460,143.59865615206022,-9.202245712280273,0.0,0.0,0.9794085025787354
1461,126.9599555490484,5.725882053375244,0.0,0.0,0.9794061183929443
1462,129.7958604091677,10.562138557434082,0.0,0.0,0.9794216156005859
1463,120.19753390830166,-7.435015678405762,0.0,0.0,0.9794151782989502
1464,111.96128375479647,-20.963428497314453,0.0,0.0,0.9793044924736023
1465,331.83392894454306,-13.183252334594727,0.0,0.0,0.9791764616966248
1466,104.68892517691404,-12.912527084350586,0.0,0.0,0.9790318012237549
1467,174.68237628701266,23.913272857666016,0.0,0.0,0.9789207577705383
1468,131.00401321970628,-6.409148216247559,0.0,0.0,0.9788004755973816
1469,299.41452588801735,-2.8026123046875,0.0,0.0,0.9786893725395203
1470,145.0533794874562,2.1259570121765137,0.0,0.0,0.9785947203636169
1471,111.1034863723197,-3.689866304397583,0.0,0.0,0.9784958958625793
1472,105.07949312225276,7.482481956481934,0.0,0.0,0.9784162640571594
1473,333.4346943946848,19.470714569091797,0.0,0.0,0.9783832430839539
1474,517.3475546544172,19.65648651123047,0.0,0.0,0.9783837199211121
1475,331.28601883742954,6.28605318069458,0.0,0.0,0.9783937931060791
1476,446.6002348422513,8.612064361572266,0.0,0.0,0.9784179329872131
1477,355.1181723274596,22.321517944335938,0.0,0.0,0.9784770011901855
1478,355.45699201215047,4.03242826461792,0.0,0.0,0.9785370826721191
1479,416.9177736613432,28.175386428833008,0.0,0.0,0.9786555767059326
1480,151.2384812995104,8.266952514648438,0.0,0.0,0.9787842631340027
1481,249.22138581376822,24.738908767700195,0.0,0.0,0.9789447784423828
1482,333.1871475351951,-8.609006881713867,0.0,0.0,0.9790622591972351
1483,174.80510396344434,3.117624282836914,0.0,0.0,0.9791771769523621
1484,428.0117537441539,1.2336277961730957,0.0,0.0,0.9792830944061279
1485,359.7732739784481,-23.21377182006836,0.0,0.0,0.9793460965156555
1486,309.16360083956147,3.419341564178467,0.0,0.0,0.9794073104858398
1487,382.66583531483946,-10.531011581420898,0.0,0.0,0.9794426560401917
1488,239.35396360110312,-1.2386140823364258,0.0,0.0,0.9794719219207764
1489,489.1575279932604,2.9300551414489746,0.0,0.0,0.9795041084289551
1490,353.6524377464197,6.810553550720215,0.0,0.0,0.979543924331665
1491,268.96862776620793,-6.642748832702637,0.0,0.0,0.9795680046081543
1492,424.5792267578032,-14.49261474609375,0.0,0.0,0.9795658588409424
1493,310.6242734732811,-17.604660034179688,0.0,0.0,0.9795357584953308
1494,264.5486822587851,-3.0628623962402344,0.0,0.0,0.9795039296150208
1495,307.9735328764653,12.181148529052734,0.0,0.0,0.9794936180114746
1496,361.35629924587215,13.269643783569336,0.0,0.0,0.979513943195343
1497,356.301054329409,-16.128414154052734,0.0,0.0,0.9795039296150208
1498,313.31360400889713,-3.5333251953125,0.0,0.0,0.9794912338256836
1499,332.7948370690721,18.848373413085938,0.0,0.0,0.9795028567314148
1500,347.3291262311588,-0.035617828369140625,0.0,0.0,0.9795131683349609
1501,294.6667024907698,11.249244689941406,0.0,0.0,0.9795444011688232
1502,305.23863381497654,-7.063105583190918,0.0,0.0,0.9795569777488708
1503,263.6821410970326,-10.617886543273926,0.0,0.0,0.9795498251914978
1504,319.7197552014022,-18.471628189086914,0.0,0.0,0.979527473449707
1505,271.2918436586052,19.129314422607422,0.0,0.0,0.9795427918434143
1506,312.46814255335437,0.1278696060180664,0.0,0.0,0.9795567393302917
1507,300.0402059434052,19.11174774169922,0.0,0.0,0.9796127676963806
1508,345.4528381465671,12.897380828857422,0.0,0.0,0.9796876311302185
1509,306.38411135749874,9.672971725463867,0.0,0.0,0.9797744750976562
1510,309.2681747641018,-3.1348814964294434,0.0,0.0,0.9798455238342285
1511,321.75330583985703,2.174057960510254,0.0,0.0,0.9799132943153381
1512,375.6758239763659,1.7430200576782227,0.0,0.0,0.9799766540527344
1513,142.0302800619882,8.416313171386719,0.0,0.0,0.9800558686256409
1514,179.31907152226668,6.090843200683594,0.0,0.0,0.9801333546638489
1515,152.82308875939177,30.119810104370117,0.0,0.0,0.9802295565605164
1516,184.1070098127171,-3.867126941680908,0.0,0.0,0.9803128242492676
1517,337.9735816393731,14.49521255493164,0.0,0.0,0.9804090857505798
1518,90.03446776407398,13.923506736755371,0.0,0.0,0.9805313944816589
1519,256.7547996977729,7.6985182762146,0.0,0.0,0.9806526303291321
1520,210.4548032955833,8.795923233032227,0.0,0.0,0.9807748794555664
1521,439.4764629506792,-9.228372573852539,0.0,0.0,0.9808726906776428
1522,328.78914440859415,27.98711395263672,0.0,0.0,0.9810270667076111
1523,240.94061730780948,-9.003731727600098,0.0,0.0,0.9811431765556335
1524,247.9851710963338,-10.951904296875,0.0,0.0,0.9812275767326355
1525,459.0952245641634,0.2590456008911133,0.0,0.0,0.9813039898872375
1526,155.52602095545146,8.703590393066406,0.0,0.0,0.9813978672027588
1527,91.57929130495863,-7.650918483734131,0.0,0.0,0.9814648628234863
1528,149.02919490291592,-6.990442276000977,0.0,0.0,0.9815160632133484
1529,147.31745256424497,12.630925178527832,0.0,0.0,0.9815841317176819
1530,109.20933779325567,-21.202739715576172,0.0,0.0,0.981605589389801
1531,106.02581473230498,5.13677978515625,0.0,0.0,0.9816311001777649
1532,129.51218744522475,10.311532974243164,0.0,0.0,0.9816734194755554
1533,115.73044723825751,1.203923225402832,0.0,0.0,0.9817153811454773
1534,118.65926464133057,20.83134651184082,0.0,0.0,0.9817748665809631
1535,169.41637574653717,3.2211055755615234,0.0,0.0,0.9818341135978699
1536,154.1640899627539,-17.6231746673584,0.0,0.0,0.9818486571311951
1537,144.83503949607285,-22.64828109741211,0.0,0.0,0.9818171858787537
1538,86.24578068561533,-9.737262725830078,0.0,0.0,0.9817729592323303
1539,275.3758194930817,10.377975463867188,0.0,0.0,0.981743335723877
1540,405.9319025493163,13.894848823547363,0.0,0.0,0.981736958026886
1541,282.506814850183,-39.45133972167969,0.0,0.0,0.9816460013389587
1542,208.09235657784174,17.39389419555664,0.0,0.0,0.9815880656242371
1543,173.62381403256552,-14.424459457397461,0.0,0.0,0.9815033078193665
1544,240.1698286653973,-11.93106460571289,0.0,0.0,0.9813963770866394
1545,109.80037799519768,5.204310894012451,0.0,0.0,0.9813138842582703
1546,115.63534421811747,-4.123088359832764,0.0,0.0,0.9812285304069519
1547,157.4023484765137,-9.10455322265625,0.0,0.0,0.98114013671875
1548,111.01343508953177,-36.984275817871094,0.0,0.0,0.9809584021568298
1549,118.55744000429951,2.3611323833465576,0.0,0.0,0.9807977676391602
1550,211.33094995454067,12.032811164855957,0.0,0.0,0.9806761145591736
1551,136.22087550613608,-8.248316764831543,0.0,0.0,0.9805493354797363
1552,164.28836600459616,-16.3907470703125,0.0,0.0,0.9804039597511292
1553,110.1607154540345,-6.205278396606445,0.0,0.0,0.9802581667900085
1554,253.89168464049453,11.850266456604004,0.0,0.0,0.9801494479179382
1555,146.15858106345456,-16.610515594482422,0.0,0.0,0.9800043106079102
1556,320.10662248874485,4.4571213722229,0.0,0.0,0.9798833727836609
1557,204.5539875976195,9.162630081176758,0.0,0.0,0.9798031449317932
1558,139.37500877994887,16.360095977783203,0.0,0.0,0.9797889590263367
1559,403.12357791759456,9.438373565673828,0.0,0.0,0.9797928929328918
1560,257.85508275854795,-4.873114585876465,0.0,0.0,0.9797887206077576
1561,192.55673223841814,-9.741571426391602,0.0,0.0,0.9797665476799011
1562,372.7717913172099,4.541529178619385,0.0,0.0,0.9797673225402832
1563,221.5156149474369,26.19618034362793,0.0,0.0,0.9798067212104797
1564,330.3829751522427,16.170486450195312,0.0,0.0,0.9798684120178223
1565,599.370082440001,7.473596572875977,0.0,0.0,0.9799315929412842
1566,484.9621289167141,-8.417189598083496,0.0,0.0,0.97998046875
1567,494.4444311043403,-5.001935005187988,0.0,0.0,0.9800141453742981
1568,385.03209845834976,0.38955116271972656,0.0,0.0,0.9800453782081604
1569,181.17823688488113,-3.5435409545898438,0.0,0.0,0.9800658226013184
1570,250.90612386516744,-7.792505264282227,0.0,0.0,0.9800715446472168
1571,352.4746262803739,-29.17083168029785,0.0,0.0,0.9800372123718262
1572,382.93285471041054,-11.942244529724121,0.0,0.0,0.9799838066101074
1573,320.5235394726719,-20.054622650146484,0.0,0.0,0.9798908233642578
1574,330.97016094730947,2.1721534729003906,0.0,0.0,0.9798102378845215
1575,387.2200497416787,24.038002014160156,0.0,0.0,0.9797806143760681
1576,319.23070076986085,7.562747955322266,0.0,0.0,0.9797813296318054
1577,379.1978903579498,-9.032580375671387,0.0,0.0,0.979769229888916
1578,367.3038706461941,5.87188720703125,0.0,0.0,0.9797642827033997
1579,333.9737018870266,2.902585029602051,0.0,0.0,0.9797654747962952
1580,350.63097669547756,-11.817733764648438,0.0,0.0,0.9797469973564148
1581,402.0042778593103,13.289645195007324,0.0,0.0,0.9797530174255371
1582,427.02260734320737,-14.210865020751953,0.0,0.0,0.9797369837760925
1583,411.9427435065162,5.904871463775635,0.0,0.0,0.9797301292419434
1584,445.1763529428642,-8.829050064086914,0.0,0.0,0.9797074198722839
1585,236.45910450104483,3.1904563903808594,0.0,0.0,0.9796929955482483
1586,404.23778017943397,-14.319290161132812,0.0,0.0,0.9796667098999023
1587,365.03321449107335,-10.420719146728516,0.0,0.0,0.9796262383460999
1588,335.5782279120565,-2.8152146339416504,0.0,0.0,0.9795846939086914
1589,261.61384491229256,-19.242835998535156,0.0,0.0,0.9795182347297668
1590,228.61924502335071,5.4413299560546875,0.0,0.0,0.9794716238975525
1591,296.6653949964913,4.885732650756836,0.0,0.0,0.9794390797615051
1592,343.89392887687137,-21.532962799072266,0.0,0.0,0.9793635010719299
1593,339.07875875029504,7.417093753814697,0.0,0.0,0.9793115258216858
1594,336.1145030696397,2.213273048400879,0.0,0.0,0.97926926612854
1595,295.11517166805015,0.7282533645629883,0.0,0.0,0.9792323112487793
1596,414.0843102669977,-33.60252380371094,0.0,0.0,0.979180097579956
1597,195.9838466411453,8.21714973449707,0.0,0.0,0.9791615605354309
1598,271.543223529264,-9.966294288635254,0.0,0.0,0.9791237711906433
1599,323.4296517286216,-4.9947309494018555,0.0,0.0,0.9790804386138916
1600,264.4613586772579,8.330965995788574,0.0,0.0,0.9790690541267395
1601,243.94411363508536,-27.951984405517578,0.0,0.0,0.9789988994598389
1602,254.53885621836164,2.419015884399414,0.0,0.0,0.9789411425590515
1603,319.0927001834384,-24.944725036621094,0.0,0.0,0.9788519740104675
1604,209.3009697569275,-17.897872924804688,0.0,0.0,0.9787418246269226
1605,194.82949705263772,6.8283233642578125,0.0,0.0,0.9786611199378967
1606,252.97805473721618,13.171123504638672,0.0,0.0,0.9786153435707092
1607,444.9825089851967,-28.801197052001953,0.0,0.0,0.9785322546958923
1608,238.84025944807166,-2.821491003036499,0.0,0.0,0.9784526824951172
1609,277.1078702507331,-20.708995819091797,0.0,0.0,0.9783489108085632
1610,316.32316894802426,6.513025760650635,0.0,0.0,0.97828608751297
1611,223.9109412855519,5.271243095397949,0.0,0.0,0.9782429337501526
1612,271.6310266690383,-0.43163442611694336,0.0,0.0,0.9782034754753113
1613,341.0306383134732,-1.890054702758789,0.0,0.0,0.9781651496887207
1614,193.099610099401,-9.456811904907227,0.0,0.0,0.9781158566474915
1615,182.83682475401494,0.9970529079437256,0.0,0.0,0.9780744910240173
1616,264.08906309982984,27.62960433959961,0.0,0.0,0.9781249165534973
1617,282.7708153316799,7.195922374725342,0.0,0.0,0.9781842231750488
1618,346.3188041268456,-14.222665786743164,0.0,0.0,0.9782037734985352
1619,310.252375629891,14.156993865966797,0.0,0.0,0.9782404899597168
1620,182.29291566736157,-7.383309841156006,0.0,0.0,0.9782570004463196
1621,285.1410527191724,-25.820350646972656,0.0,0.0,0.9782199859619141
1622,356.8047898591113,-7.554924011230469,0.0,0.0,0.9781715273857117
1623,349.6380494621987,10.546246528625488,0.0,0.0,0.9781482815742493
1624,333.6957110274842,-20.274085998535156,0.0,0.0,0.9781021475791931
1625,297.8302827291529,34.35072326660156,0.0,0.0,0.9781524538993835
1626,331.7360580574017,2.4927124977111816,0.0,0.0,0.9782013893127441
1627,235.1219003958568,25.68660545349121,0.0,0.0,0.978306770324707
1628,309.3695510571454,4.215101718902588,0.0,0.0,0.9784117341041565
1629,280.57990987888263,4.078761100769043,0.0,0.0,0.9785113334655762
1630,314.7327244562527,-5.046551704406738,0.0,0.0,0.9785893559455872
1631,293.91167830148805,-28.943273544311523,0.0,0.0,0.9786252975463867
1632,190.18066467163516,9.501001358032227,0.0,0.0,0.9787092804908752
1633,330.7764353947705,-3.9151577949523926,0.0,0.0,0.9787772297859192
1634,246.23586814648934,3.848013401031494,0.0,0.0,0.9788446426391602
1635,295.3526889515599,1.9625415802001953,0.0,0.0,0.9789087772369385
1636,399.3082958318498,26.04656982421875,0.0,0.0,0.9790166020393372
1637,291.36620142605113,-1.388916015625,0.0,0.0,0.9791108965873718
1638,261.4869800877682,8.116153717041016,0.0,0.0,0.9792144298553467
1639,322.9436771902359,6.028512954711914,0.0,0.0,0.9793185591697693
1640,265.5655407118709,-7.399705410003662,0.0,0.0,0.9793900847434998
1641,291.0728140888593,11.419084548950195,0.0,0.0,0.9794856905937195
1642,296.3362044541789,3.056978702545166,0.0,0.0,0.979577362537384
1643,195.10247413752344,6.735384941101074,0.0,0.0,0.979671061038971
1644,199.0173237167909,-6.633440971374512,0.0,0.0,0.9797409176826477
1645,390.62639586157144,-18.086788177490234,0.0,0.0,0.979783296585083
1646,250.03401756106044,-4.402236461639404,0.0,0.0,0.9798114895820618
1647,253.57402542650183,15.060922622680664,0.0,0.0,0.9798760414123535
1648,399.62009338363737,-4.0657219886779785,0.0,0.0,0.9799264073371887
1649,438.27629912033615,-13.297256469726562,0.0,0.0,0.979954183101654
1650,303.8069745357144,-7.29108190536499,0.0,0.0,0.9799559712409973
1651,128.58107424234393,9.451152801513672,0.0,0.0,0.9799908995628357
1652,339.0771747178743,24.285526275634766,0.0,0.0,0.9800536632537842
1653,137.89380633808133,5.323293685913086,0.0,0.0,0.9801270961761475
1654,232.71407195642846,3.526829242706299,0.0,0.0,0.9802009463310242
1655,292.54116678448577,4.734495639801025,0.0,0.0,0.980278730392456
1656,226.39246733720768,-7.928156852722168,0.0,0.0,0.9803311228752136
1657,209.26342643669864,-5.221372604370117,0.0,0.0,0.9803701043128967
1658,116.51825706715282,-2.597182273864746,0.0,0.0,0.9803963303565979
1659,494.88745247549866,2.403512954711914,0.0,0.0,0.9804254174232483
1660,313.9398488432968,-17.150985717773438,0.0,0.0,0.9804183840751648
1661,116.02544747245777,1.4432849884033203,0.0,0.0,0.9804214835166931
1662,388.70001156650704,-21.978233337402344,0.0,0.0,0.9803619980812073
1663,136.70714357420655,-16.974079132080078,0.0,0.0,0.9802560806274414
1664,357.42585098751607,-9.772560119628906,0.0,0.0,0.9801385402679443
1665,195.41256783207592,-3.9475865364074707,0.0,0.0,0.9800216555595398
1666,136.87646607394964,-3.588071346282959,0.0,0.0,0.9799063801765442
1667,136.95596398140992,-16.669973373413086,0.0,0.0,0.9797682762145996
1668,141.5188406914801,12.612558364868164,0.0,0.0,0.9796736836433411
1669,155.1575053852609,-20.790355682373047,0.0,0.0,0.9794705510139465
1670,123.56198138335337,6.699796676635742,0.0,0.0,0.9793033599853516
1671,117.02460600597603,-12.536409378051758,0.0,0.0,0.9791193008422852
1672,208.26866902132653,9.556669235229492,0.0,0.0,0.9789672493934631
1673,347.5453890687747,14.282337188720703,0.0,0.0,0.9788424968719482
1674,129.3810860252544,-13.51518440246582,0.0,0.0,0.9786834716796875
1675,106.84610418978093,7.502201080322266,0.0,0.0,0.9785553812980652
1676,275.45194679165553,23.556743621826172,0.0,0.0,0.9784977436065674
1677,301.5972290713159,-7.116306304931641,0.0,0.0,0.978430449962616
1678,151.85816458387015,-11.908126831054688,0.0,0.0,0.9783477187156677
1679,263.2248134798103,-4.728813648223877,0.0,0.0,0.9782670140266418
1680,390.0661896861387,24.474597930908203,0.0,0.0,0.9782384037971497
1681,378.35656761019743,3.1796510219573975,0.0,0.0,0.9782190322875977
1682,395.52236822001055,6.219576835632324,0.0,0.0,0.9782112240791321
1683,418.1894687386455,-13.117712020874023,0.0,0.0,0.9781796932220459
1684,348.5008228685346,7.0789103507995605,0.0,0.0,0.9781694412231445
1685,509.9049431199939,-7.614238739013672,0.0,0.0,0.9781431555747986
1686,410.57391560830746,-25.02827262878418,0.0,0.0,0.9780705571174622
1687,432.0789810966917,-50.59394836425781,0.0,0.0,0.9779391288757324
1688,248.4641178183792,13.568624496459961,0.0,0.0,0.9778397679328918
1689,472.3890971892058,11.358209609985352,0.0,0.0,0.9777657985687256
1690,251.75877924578026,20.411781311035156,0.0,0.0,0.977755606174469
1691,294.2632750953863,5.842561721801758,0.0,0.0,0.9777603149414062
1692,471.56901914745333,29.12640380859375,0.0,0.0,0.9778358936309814
1693,282.20593869171364,-12.644365310668945,0.0,0.0,0.9778739809989929
1694,249.6435288702504,-19.139692306518555,0.0,0.0,0.9778687953948975
1695,262.53998738472035,-8.485128402709961,0.0,0.0,0.9778461456298828
1696,281.73627838533156,10.275167465209961,0.0,0.0,0.9778427481651306
1697,306.51204993298876,-3.9465317726135254,0.0,0.0,0.9778305888175964
1698,303.60281835338174,-19.71686363220215,0.0,0.0,0.9777801632881165
1699,320.4942092747912,-7.897656440734863,0.0,0.0,0.9777183532714844
1700,279.95845834759115,-12.86583423614502,0.0,0.0,0.9776174426078796
1701,366.4903800927157,-9.324947357177734,0.0,0.0,0.9775053858757019
1702,253.60526941353987,5.337928295135498,0.0,0.0,0.9774147868156433
1703,300.7807472609628,-17.972288131713867,0.0,0.0,0.977303683757782
1704,266.0297558436094,-1.030439853668213,0.0,0.0,0.9772007465362549
1705,231.8690989168786,-5.829448223114014,0.0,0.0,0.9771010875701904
1706,120.83319868130421,-5.399606227874756,0.0,0.0,0.9770033359527588
1707,302.8534795167291,11.251424789428711,0.0,0.0,0.9769461750984192
1708,301.3405623441789,-5.135018348693848,0.0,0.0,0.9768808484077454
1709,214.69581221809858,1.6794676780700684,0.0,0.0,0.976824939250946
1710,236.90197812617623,-6.628663539886475,0.0,0.0,0.9767654538154602
1711,283.0819908569098,4.961724281311035,0.0,0.0,0.9767217636108398
1712,270.58013220133995,3.984571695327759,0.0,0.0,0.9766938090324402
1713,269.91395731138414,-6.9743218421936035,0.0,0.0,0.9766559600830078
1714,263.17716851815516,-1.9162349700927734,0.0,0.0,0.9766170978546143
1715,347.06296262780234,-29.745769500732422,0.0,0.0,0.9764798283576965
1716,271.0103653755458,15.44952392578125,0.0,0.0,0.9763851761817932
1717,272.93617634278104,-4.035662651062012,0.0,0.0,0.976290225982666
1718,354.0390734719361,-2.770735740661621,0.0,0.0,0.9762000441551208
1719,305.79643400784477,-21.480628967285156,0.0,0.0,0.9760844111442566
1720,218.55229859252586,9.591909408569336,0.0,0.0,0.9759942889213562
1721,224.13526769919187,-10.149261474609375,0.0,0.0,0.9758930206298828
1722,202.51943581075145,3.030405044555664,0.0,0.0,0.9758071899414062
1723,343.4731413268525,-1.7885127067565918,0.0,0.0,0.9757258296012878
1724,359.69970182848664,7.253439903259277,0.0,0.0,0.9756779670715332
1725,318.304671577067,-9.900674819946289,0.0,0.0,0.9756140112876892
1726,116.0213516124587,-11.573136329650879,0.0,0.0,0.9755301475524902
1727,168.6197819073346,17.377002716064453,0.0,0.0,0.9754910469055176
1728,281.62151212208386,-13.623710632324219,0.0,0.0,0.975416898727417
1729,303.33991400424134,0.9245433807373047,0.0,0.0,0.9753512740135193
1730,239.4536933821445,-8.968506813049316,0.0,0.0,0.9752728939056396
1731,253.80719914133869,6.5434699058532715,0.0,0.0,0.9752144813537598
1732,222.97064710738576,1.0399904251098633,0.0,0.0,0.9751632809638977
1733,245.21774541808117,-6.483761787414551,0.0,0.0,0.9750946164131165
1734,274.65619934296484,17.930381774902344,0.0,0.0,0.9750658869743347
1735,151.85964987273755,12.927480697631836,0.0,0.0,0.9750618934631348
1736,434.964952598962,-14.030662536621094,0.0,0.0,0.975032389163971
1737,395.0010315251166,17.441747665405273,0.0,0.0,0.9750597476959229
1738,233.66489702228458,-1.2774324417114258,0.0,0.0,0.9750824570655823
1739,103.35601030429787,4.960892677307129,0.0,0.0,0.9751150608062744
1740,267.97362716354314,13.61498737335205,0.0,0.0,0.9751739501953125
1741,301.9783634366696,-9.12203598022461,0.0,0.0,0.9752157330513
1742,118.82015079197154,-6.18434476852417,0.0,0.0,0.9752402901649475
1743,310.10816117515935,30.78762435913086,0.0,0.0,0.9753172397613525
1744,379.327002509507,-32.730716705322266,0.0,0.0,0.9753190875053406
1745,267.96638889219884,9.768871307373047,0.0,0.0,0.9753429293632507
1746,240.0752968063142,-6.189573287963867,0.0,0.0,0.9753512740135193
1747,109.61175564540854,6.432479381561279,0.0,0.0,0.9753769040107727
1748,364.41398851848464,-1.5350232124328613,0.0,0.0,0.9753977656364441
1749,276.95591656941633,4.138583183288574,0.0,0.0,0.9754278659820557
1750,322.5050975824222,2.8662540912628174,0.0,0.0,0.9754588007926941
1751,366.72672033624957,9.724695205688477,0.0,0.0,0.975507915019989
1752,247.46270022669128,3.668297290802002,0.0,0.0,0.9755595326423645
1753,229.76054693689628,-19.0748291015625,0.0,0.0,0.9755620360374451
1754,297.2700418503703,18.21092987060547,0.0,0.0,0.9755902886390686
1755,299.20714748689846,20.577791213989258,0.0,0.0,0.9756605625152588
1756,252.8663158927499,0.10246610641479492,0.0,0.0,0.9757232666015625
1757,417.7541616065884,7.743221282958984,0.0,0.0,0.9757998585700989
1758,106.88934217361682,-26.63471031188965,0.0,0.0,0.9757719039916992
1759,386.4943694887991,-31.578012466430664,0.0,0.0,0.9756605625152588
1760,296.3585275805307,4.203350067138672,0.0,0.0,0.9755672812461853
1761,370.77395843498607,-10.797584533691406,0.0,0.0,0.9754661917686462
1762,315.1898674694223,6.716111183166504,0.0,0.0,0.975386381149292
1763,407.3436227780736,12.495397567749023,0.0,0.0,0.9753401875495911
1764,361.25267196909107,2.450590133666992,0.0,0.0,0.9753065705299377
1765,279.2908461821182,-5.017508506774902,0.0,0.0,0.9752593040466309
1766,255.42259404986288,9.190752983093262,0.0,0.0,0.9752289652824402
1767,238.91561423554106,-22.59572982788086,0.0,0.0,0.9751505255699158
1768,441.07177057778904,-22.86664390563965,0.0,0.0,0.9750372767448425
1769,349.1263557409441,4.165233612060547,0.0,0.0,0.974940299987793
1770,284.1614639784931,-14.558996200561523,0.0,0.0,0.9748337864875793
1771,426.6303805337671,-9.24920654296875,0.0,0.0,0.9747239947319031
1772,240.8101794661586,8.356710433959961,0.0,0.0,0.974635899066925
1773,171.33160971174945,11.622356414794922,0.0,0.0,0.9745912551879883
1774,338.7146579927727,-8.575671195983887,0.0,0.0,0.9745299220085144
1775,399.5397786042102,-3.309173583984375,0.0,0.0,0.9744663238525391
1776,379.59492684799477,-5.347724437713623,0.0,0.0,0.9744002223014832
1777,342.1355580616132,4.542421340942383,0.0,0.0,0.9743490219116211
1778,238.78746578475526,-21.161067962646484,0.0,0.0,0.9742732048034668
1779,237.14205992835087,-3.36258602142334,0.0,0.0,0.9741940498352051
1780,144.79202850841597,6.676006317138672,0.0,0.0,0.9741446375846863
1781,442.40289306304356,2.336273193359375,0.0,0.0,0.9741058945655823
1782,397.9544749458107,-10.743163108825684,0.0,0.0,0.9740334153175354
1783,247.10918261373297,13.522599220275879,0.0,0.0,0.9740156531333923
1784,318.42494956661477,29.72256851196289,0.0,0.0,0.9741001129150391
1785,277.06469827291056,-11.465200424194336,0.0,0.0,0.9741480946540833
1786,375.67969352852646,-4.369601249694824,0.0,0.0,0.9741805195808411
1787,223.48402546009677,4.504331111907959,0.0,0.0,0.9742160439491272
1788,137.4723958789311,-2.7465667724609375,0.0,0.0,0.9742391705513
1789,316.29810073112395,-20.27597427368164,0.0,0.0,0.9742148518562317
1790,372.3106894365187,9.571352005004883,0.0,0.0,0.9742021560668945
1791,224.56979767336736,0.4387836456298828,0.0,0.0,0.9741914868354797
1792,113.9474167133534,-7.793056964874268,0.0,0.0,0.9741582274436951
1793,292.4624785870237,3.416256904602051,0.0,0.0,0.9741355776786804
1794,355.62747994967566,-1.6372418403625488,0.0,0.0,0.9741129875183105
1795,195.09006128009077,-14.1685791015625,0.0,0.0,0.9740686416625977
1796,402.7430056916873,-10.076497077941895,0.0,0.0,0.9740168452262878
1797,421.3989914684626,18.935270309448242,0.0,0.0,0.9739990830421448
1798,378.8261046431064,22.54588508605957,0.0,0.0,0.9740293025970459
1799,432.0493434768956,10.308027267456055,0.0,0.0,0.9740734100341797
1800,300.0028402164703,9.670040130615234,0.0,0.0,0.9741315841674805
1801,398.020726091307,-11.475037574768066,0.0,0.0,0.9741625785827637
1802,428.95009579422845,-7.139917373657227,0.0,0.0,0.9741750359535217
1803,398.05598144552073,-23.990272521972656,0.0,0.0,0.9741337299346924
1804,270.93258695686296,5.809945583343506,0.0,0.0,0.9741063117980957
1805,427.38306221755863,-7.536528587341309,0.0,0.0,0.9740672707557678
1806,337.8669147686031,6.405672550201416,0.0,0.0,0.9740508198738098
1807,366.6661550230386,13.39136791229248,0.0,0.0,0.9740567803382874
1808,383.32035594779387,12.784918785095215,0.0,0.0,0.974076509475708
1809,416.88100393113507,-22.024398803710938,0.0,0.0,0.9740455746650696
1810,403.4625179267279,-23.96743392944336,0.0,0.0,0.9739851951599121
1811,394.861170860896,8.668499946594238,0.0,0.0,0.9739498496055603
1812,284.6405288148769,-4.5445427894592285,0.0,0.0,0.9739120006561279
1813,277.5110424035218,-13.680652618408203,0.0,0.0,0.973853349685669
1814,273.7446710000941,19.02084732055664,0.0,0.0,0.9738338589668274
1815,400.55290027903413,-10.233851432800293,0.0,0.0,0.9737960696220398
1816,300.6622331060895,-23.23684310913086,0.0,0.0,0.9736976027488708
1817,273.7549150717822,1.0300304889678955,0.0,0.0,0.9736101627349854
1818,399.8768947569571,2.7680530548095703,0.0,0.0,0.9735371470451355
1819,10.840163167601212,10.713349342346191,0.0,0.0,0.9735009670257568
1820,371.4790870498272,15.708105087280273,0.0,0.0,0.9735062122344971
1821,364.2753783393521,16.021923065185547,0.0,0.0,0.973544180393219
1822,401.75127749566417,-9.65255355834961,0.0,0.0,0.9735608100891113
1823,7.342444069527829,12.793559074401855,0.0,0.0,0.9736163020133972
1824,413.3102189432181,31.383880615234375,0.0,0.0,0.9737143516540527
1825,370.9123370584916,5.428869247436523,0.0,0.0,0.9738170504570007
1826,119.23977911316533,-1.0811035633087158,0.0,0.0,0.9739043712615967
1827,395.7795739421117,-0.4646034240722656,0.0,0.0,0.9739819169044495
1828,114.77271954179726,-2.3724303245544434,0.0,0.0,0.9740453362464905
1829,398.9628314327922,2.386044979095459,0.0,0.0,0.9741079211235046
1830,384.7221956053784,0.33814334869384766,0.0,0.0,0.9741649031639099
1831,127.1215497320291,-4.884202480316162,0.0,0.0,0.9741966128349304
1832,11.274969939531593,-10.386307716369629,0.0,0.0,0.974194347858429
1833,408.72815625527164,-21.580781936645508,0.0,0.0,0.9741538166999817
1834,128.43239555937936,14.344659805297852,0.0,0.0,0.9741556644439697
1835,392.80462323805136,14.795480728149414,0.0,0.0,0.9741804003715515
1836,369.4245639031305,-8.436403274536133,0.0,0.0,0.9741885662078857
1837,394.6909295903021,6.541454315185547,0.0,0.0,0.9742100834846497
1838,396.30115249111316,3.0150833129882812,0.0,0.0,0.9742336273193359
1839,254.14142966117524,0.5755705833435059,0.0,0.0,0.974256694316864
1840,300.7301022469092,-7.192473411560059,0.0,0.0,0.974262535572052
1841,374.43069386496524,-11.906566619873047,0.0,0.0,0.9742457270622253
1842,364.54245516471747,16.292434692382812,0.0,0.0,0.974259614944458
1843,384.62140412947537,6.243850231170654,0.0,0.0,0.9742874503135681
1844,413.48903336983415,-17.901939392089844,0.0,0.0,0.9742835164070129
1845,403.10241898316883,-8.670049667358398,0.0,0.0,0.9742645621299744
1846,383.78216816157084,-10.77927017211914,0.0,0.0,0.9742318987846375
1847,377.60322352660313,-4.827334403991699,0.0,0.0,0.9741909503936768
1848,388.3156601435619,-15.41048812866211,0.0,0.0,0.9741148352622986
1849,291.30666114585205,0.6506881713867188,0.0,0.0,0.9740467667579651
1850,362.52365571311196,6.478579998016357,0.0,0.0,0.9739999771118164
1851,414.45146969766677,-6.023067951202393,0.0,0.0,0.9739487767219543
1852,410.5434564457019,-0.9888482093811035,0.0,0.0,0.9738988876342773
1853,403.7401119668685,18.194974899291992,0.0,0.0,0.9738882184028625
1854,288.91301058109667,-0.2520899772644043,0.0,0.0,0.9738780856132507
1855,325.9570550342582,-31.16967010498047,0.0,0.0,0.9738147258758545
1856,398.63456300380454,-23.84583854675293,0.0,0.0,0.9737227559089661
1857,514.2853088287402,-50.101806640625,0.0,0.0,0.9735439419746399
1858,408.6217606376582,-21.15311622619629,0.0,0.0,0.9733424782752991
1859,427.3236220927256,7.229426860809326,0.0,0.0,0.9731702208518982
1860,298.02107601343755,-36.726226806640625,0.0,0.0,0.9729592204093933
1861,387.0890729754892,11.054288864135742,0.0,0.0,0.9727838039398193
1862,429.0486254183226,5.153568267822266,0.0,0.0,0.9726417660713196
1863,367.0877104054779,27.6373291015625,0.0,0.0,0.9725656509399414
1864,382.2851613295463,17.28676414489746,0.0,0.0,0.9725262522697449
1865,520.0617751728428,-3.1455063819885254,0.0,0.0,0.9724812507629395
1866,377.5510454379803,15.12624740600586,0.0,0.0,0.9724752306938171
1867,126.23047605093656,1.3100433349609375,0.0,0.0,0.9724724292755127
1868,129.47099261350203,14.523223876953125,0.0,0.0,0.9725067615509033
1869,447.44694985838623,27.929397583007812,0.0,0.0,0.9725828170776367
1870,399.9721317178383,9.428760528564453,0.0,0.0,0.9726710915565491
1871,121.28395767497088,0.6865286827087402,0.0,0.0,0.9727533459663391
1872,362.98308408021103,9.101310729980469,0.0,0.0,0.9728388786315918
1873,357.72937956319186,-11.174887657165527,0.0,0.0,0.9729035496711731
1874,119.2861589956274,0.7577929496765137,0.0,0.0,0.9729640483856201
1875,115.64325049225532,5.401941776275635,0.0,0.0,0.9730343222618103
1876,477.12843336195795,-4.748188018798828,0.0,0.0,0.9730918407440186
1877,312.6200742594878,11.89802360534668,0.0,0.0,0.9731763005256653
1878,539.0940931953256,18.350643157958984,0.0,0.0,0.9732767939567566
1879,190.76336233928396,8.543689727783203,0.0,0.0,0.9733819365501404
1880,401.57601034855526,-10.260273933410645,0.0,0.0,0.9734601378440857
1881,401.79329077298206,-14.778913497924805,0.0,0.0,0.9734691977500916
1882,244.4727786208081,-31.031490325927734,0.0,0.0,0.9734223484992981
1883,417.24038211775616,6.284558296203613,0.0,0.0,0.9733936190605164
1884,164.16409768555047,-24.74103546142578,0.0,0.0,0.973324716091156
1885,442.79860924525275,-12.462337493896484,0.0,0.0,0.9732348918914795
1886,155.47979630425897,3.9088380336761475,0.0,0.0,0.9731642603874207
1887,191.22025084567372,-6.316917419433594,0.0,0.0,0.9730831980705261
1888,149.47190212560935,2.075556755065918,0.0,0.0,0.973016083240509
1889,415.7455881212056,-5.2466654777526855,0.0,0.0,0.9729488492012024
1890,487.7334887632013,-7.382754802703857,0.0,0.0,0.9728711247444153
1891,205.08773660325028,-15.265954971313477,0.0,0.0,0.9727771282196045
1892,437.8977446223033,-3.6082875728607178,0.0,0.0,0.9726871848106384
1893,437.4625196357706,-22.503751754760742,0.0,0.0,0.9725742936134338
1894,430.4360694073068,25.879961013793945,0.0,0.0,0.972533643245697
1895,440.8893416230652,7.067021369934082,0.0,0.0,0.9725082516670227
1896,169.4185870559756,10.444913864135742,0.0,0.0,0.9725072383880615
1897,141.498643004247,-4.588909149169922,0.0,0.0,0.972495973110199
1898,141.32095227033543,2.5797715187072754,0.0,0.0,0.9724926948547363
1899,235.33457008201566,7.884231090545654,0.0,0.0,0.9725107550621033
1900,190.36510903264787,-8.320718765258789,0.0,0.0,0.9724993705749512
1901,172.89179061916164,7.90239143371582,0.0,0.0,0.9724998474121094
1902,410.5314595355451,-19.55324935913086,0.0,0.0,0.9724733829498291
1903,385.52975152839934,6.460428237915039,0.0,0.0,0.9724607467651367
1904,411.6599654859709,-8.835691452026367,0.0,0.0,0.9724321365356445
1905,142.86933110110886,6.354764461517334,0.0,0.0,0.9724245071411133
1906,322.12012166669564,1.1255860328674316,0.0,0.0,0.9724195003509521
1907,169.48087705239843,-0.43936848640441895,0.0,0.0,0.9724137187004089
1908,421.59505277812156,-4.152364730834961,0.0,0.0,0.9723976254463196
1909,347.22208470640015,-12.825094223022461,0.0,0.0,0.9723532199859619
1910,195.43366523256825,-9.805261611938477,0.0,0.0,0.972274124622345
1911,549.0410401139291,11.90228271484375,0.0,0.0,0.972238302230835
1912,265.68193450060977,15.241397857666016,0.0,0.0,0.972235381603241
1913,153.8710604746298,-23.531639099121094,0.0,0.0,0.9721977710723877
1914,265.1759452987348,19.795604705810547,0.0,0.0,0.9721925854682922
1915,146.818476296852,-3.325648307800293,0.0,0.0,0.9721800684928894
1916,156.20505208342996,28.740036010742188,0.0,0.0,0.9722049236297607
1917,158.33955467342486,-4.447644233703613,0.0,0.0,0.9722194671630859
1918,238.50581599359296,-7.631362438201904,0.0,0.0,0.9722137451171875
1919,414.3721589900068,17.303049087524414,0.0,0.0,0.9722357392311096
1920,360.1028760036285,-0.48821544647216797,0.0,0.0,0.9722550511360168
1921,121.3272746625157,14.55260944366455,0.0,0.0,0.9723148345947266
1922,150.49545437751894,24.42837142944336,0.0,0.0,0.972410261631012
1923,478.36480776381006,4.308844089508057,0.0,0.0,0.9724995493888855
1924,120.11648763486066,-0.7793595790863037,0.0,0.0,0.9725773334503174
1925,109.94426638693679,15.890727996826172,0.0,0.0,0.9726915955543518
1926,117.21239256451096,1.7446718215942383,0.0,0.0,0.9728031158447266
1927,252.14885943621613,21.196659088134766,0.0,0.0,0.9729382395744324
1928,104.08199873187259,2.35520076751709,0.0,0.0,0.9730679392814636
1929,150.07334904150807,-12.194137573242188,0.0,0.0,0.9731468558311462
1930,91.18093962859285,-3.9619791507720947,0.0,0.0,0.9732114672660828
1931,114.1032898045252,16.89677619934082,0.0,0.0,0.9733391404151917
1932,104.64521682063072,-8.50148868560791,0.0,0.0,0.9734405875205994
1933,232.21912002912035,12.115680694580078,0.0,0.0,0.9735703468322754
1934,346.7845715813304,26.367589950561523,0.0,0.0,0.9737431406974792
1935,113.74768250322471,-0.3337264060974121,0.0,0.0,0.9738967418670654
1936,147.2849919540787,11.496162414550781,0.0,0.0,0.9740672707557678
1937,325.6199664170913,-5.9804182052612305,0.0,0.0,0.9742096066474915
1938,264.1044054557567,0.4230990409851074,0.0,0.0,0.9743397831916809
1939,117.64805385997397,-15.139593124389648,0.0,0.0,0.9744055271148682
1940,101.57390824335693,-6.512800693511963,0.0,0.0,0.974442720413208
1941,178.86246195599725,-6.631232261657715,0.0,0.0,0.9744620323181152
1942,114.44973803158129,23.427005767822266,0.0,0.0,0.9745407104492188
1943,276.2367393398345,-15.254249572753906,0.0,0.0,0.9745941162109375
1944,100.46635962782027,6.281033992767334,0.0,0.0,0.9746562838554382
1945,169.4160294128266,-7.295444965362549,0.0,0.0,0.9746987223625183
1946,322.260319649511,-17.347614288330078,0.0,0.0,0.9747073650360107
1947,234.71836640094176,-5.949790000915527,0.0,0.0,0.9747043251991272
1948,99.85016135473893,7.986473560333252,0.0,0.0,0.9747090339660645
1949,420.049895700423,8.456735610961914,0.0,0.0,0.9747271537780762
1950,424.6467416143858,15.095664978027344,0.0,0.0,0.9747664928436279
1951,95.58509179106396,-4.850810527801514,0.0,0.0,0.9747797846794128
1952,130.13768749017348,8.923270225524902,0.0,0.0,0.974821150302887
1953,119.27096794999744,10.175651550292969,0.0,0.0,0.974898636341095
1954,422.8925313368664,-0.12291288375854492,0.0,0.0,0.9749690890312195
1955,272.6319837175839,4.109272003173828,0.0,0.0,0.9750402569770813
1956,417.6101726369582,20.03014373779297,0.0,0.0,0.9751565456390381
1957,286.2826317778075,18.040992736816406,0.0,0.0,0.9753146171569824
1958,406.6822126001897,-3.0591678619384766,0.0,0.0,0.9754502773284912
1959,402.92007007696515,-24.722915649414062,0.0,0.0,0.9755116105079651
1960,419.8539443439135,-10.00625991821289,0.0,0.0,0.9755546450614929
1961,256.376870666177,4.8187360763549805,0.0,0.0,0.9755997061729431
1962,275.4982462795635,-17.893733978271484,0.0,0.0,0.9756183624267578
1963,299.6284950540423,-13.610796928405762,0.0,0.0,0.9756088256835938
1964,451.8300189860679,-9.352728843688965,0.0,0.0,0.9755826592445374
1965,343.500673527835,16.794404983520508,0.0,0.0,0.9755863547325134
1966,385.2300456275911,17.763059616088867,0.0,0.0,0.9756180644035339
1967,427.09430102628573,12.970466613769531,0.0,0.0,0.9756653308868408
1968,416.65991665319916,13.882213592529297,0.0,0.0,0.975740373134613
1969,419.36193421023484,0.6890881061553955,0.0,0.0,0.9758092761039734
1970,113.28256446815328,7.276885986328125,0.0,0.0,0.9758833050727844
1971,123.77951329556828,2.1017308235168457,0.0,0.0,0.9759547710418701
1972,474.96359459332064,-15.978788375854492,0.0,0.0,0.9759939312934875
1973,213.47307660808374,-34.8431510925293,0.0,0.0,0.9759817719459534
1974,112.03404431626831,-0.23989009857177734,0.0,0.0,0.9759699702262878
1975,387.11401765364826,-1.6436161994934082,0.0,0.0,0.9759535193443298
1976,107.68504928457678,-6.72504186630249,0.0,0.0,0.9759265780448914
1977,90.95608624487767,-5.698087215423584,0.0,0.0,0.9758844971656799
1978,223.77355742589356,4.854257106781006,0.0,0.0,0.9758527874946594
1979,110.11613965578545,-11.865848541259766,0.0,0.0,0.9757972359657288
1980,452.42632356513616,-29.731103897094727,0.0,0.0,0.9756999611854553
1981,115.09789994609338,-5.274283409118652,0.0,0.0,0.9756037592887878
1982,399.7890744168939,-5.15981388092041,0.0,0.0,0.9755041599273682
1983,437.03109249632564,-6.99068021774292,0.0,0.0,0.9753999710083008
1984,460.72849181265263,-6.200499534606934,0.0,0.0,0.9752893447875977
1985,181.47518800559,0.1052560806274414,0.0,0.0,0.9751906394958496
1986,440.24514815422083,2.8627123832702637,0.0,0.0,0.975104570388794
1987,415.80539437650435,-21.102890014648438,0.0,0.0,0.9749857783317566
1988,364.050902243445,-18.190879821777344,0.0,0.0,0.9748380780220032
1989,416.76100167241503,-2.7965612411499023,0.0,0.0,0.974698543548584
1990,432.11160428762275,15.964122772216797,0.0,0.0,0.9746022820472717
1991,403.6779648293872,-17.747657775878906,0.0,0.0,0.9744448661804199
1992,364.77189561917254,6.591711521148682,0.0,0.0,0.9743133187294006
1993,360.8155075137583,-18.214492797851562,0.0,0.0,0.9741584658622742
1994,115.57576358709515,-10.20792293548584,0.0,0.0,0.9739972949028015
1995,299.5813373914592,0.3693366050720215,0.0,0.0,0.9738526940345764
1996,506.6335218215503,-14.789047241210938,0.0,0.0,0.9736983180046082
1997,373.7674064317216,9.824129104614258,0.0,0.0,0.9735849499702454
1998,117.60759379235955,1.1113057136535645,0.0,0.0,0.9734870791435242
1999,378.8293919085122,-16.421661376953125,0.0,0.0,0.9733729958534241
2000,127.09372159753724,-13.053994178771973,0.0,0.0,0.9732306003570557
2001,489.4456787189678,-0.37633466720581055,0.0,0.0,0.9731011986732483
2002,122.26154280600791,3.4413716793060303,0.0,0.0,0.9729925990104675
2003,111.88826623047156,-13.824762344360352,0.0,0.0,0.9728768467903137
2004,115.59999000599188,-23.52290153503418,0.0,0.0,0.9727189540863037
2005,362.11709586208036,-4.971890449523926,0.0,0.0,0.9725656509399414
2006,112.31352030579211,-9.36921215057373,0.0,0.0,0.9724096655845642
2007,351.3999277674826,-9.702642440795898,0.0,0.0,0.9722598195075989
2008,104.65719217752083,-4.526364803314209,0.0,0.0,0.9721014499664307
2009,113.1532168317548,-4.677720546722412,0.0,0.0,0.971933901309967
2010,391.703388331141,8.534631729125977,0.0,0.0,0.9717955589294434
2011,99.66032134161364,-1.9186582565307617,0.0,0.0,0.971667468547821
2012,100.70751180552587,-6.29734468460083,0.0,0.0,0.9715340733528137
2013,375.30064005002305,-2.6386189460754395,0.0,0.0,0.9714086651802063
2014,105.53175783179904,6.793251037597656,0.0,0.0,0.9713079929351807
2015,96.15853497029812,2.7023119926452637,0.0,0.0,0.9712285399436951
2016,100.29980727866375,4.933710098266602,0.0,0.0,0.9711642265319824
2017,106.98788628443617,7.276506423950195,0.0,0.0,0.9711129069328308
2018,100.8107305805397,-10.963233947753906,0.0,0.0,0.9710339903831482
2019,340.9244627793621,-16.092252731323242,0.0,0.0,0.9709126949310303
2020,93.22923306346092,2.7562918663024902,0.0,0.0,0.970809280872345
2021,109.5118761454205,-3.4402639865875244,0.0,0.0,0.9707114696502686
2022,127.10626103690198,-2.1920599937438965,0.0,0.0,0.9706192016601562
2023,365.1752428895392,-18.11018180847168,0.0,0.0,0.9705038666725159
2024,99.78125136590293,-14.259841918945312,0.0,0.0,0.9703596234321594
2025,407.5748492364405,-6.187211990356445,0.0,0.0,0.9702183604240417
2026,391.7346812280371,-9.062383651733398,0.0,0.0,0.970076858997345
2027,96.12276203656911,-22.2731876373291,0.0,0.0,0.9699084162712097
2028,120.39228702888478,-7.088573932647705,0.0,0.0,0.9697456359863281
2029,109.78681900491935,2.109280586242676,0.0,0.0,0.9696061611175537
2030,393.8479050095487,-26.801828384399414,0.0,0.0,0.9694215655326843
2031,107.3186034463618,-1.030256748199463,0.0,0.0,0.9692540168762207
2032,102.09128102995115,2.845560073852539,0.0,0.0,0.9691106677055359
2033,362.74474487627504,5.939222812652588,0.0,0.0,0.9689928889274597
2034,260.1365435506654,-44.3369140625,0.0,0.0,0.9687902331352234
2035,99.69509154717035,-0.7372574806213379,0.0,0.0,0.9686069488525391
2036,337.83196743027287,17.93645668029785,0.0,0.0,0.9685017466545105
2037,333.04077497203343,-25.76136589050293,0.0,0.0,0.9683725237846375
2038,431.6058865420754,10.854233741760254,0.0,0.0,0.9682745933532715
2039,352.90823494877037,4.164892673492432,0.0,0.0,0.968200147151947
2040,522.9550710424795,-7.55417537689209,0.0,0.0,0.968123733997345
2041,572.1493269739162,11.482305526733398,0.0,0.0,0.968071460723877
2042,380.46257790623906,27.881450653076172,0.0,0.0,0.968083918094635
2043,375.59840291404106,6.228817939758301,0.0,0.0,0.9681077599525452
2044,637.6619129948662,20.432785034179688,0.0,0.0,0.968155562877655
2045,415.3425428673664,-7.809519290924072,0.0,0.0,0.9681841731071472
2046,357.34125868424144,6.6915435791015625,0.0,0.0,0.9682185649871826
2047,10.843509604180863,2.046713352203369,0.0,0.0,0.9682561755180359
2048,379.10403629627683,-2.180008888244629,0.0,0.0,0.9682872295379639
2049,331.10059890046483,0.9615707397460938,0.0,0.0,0.968317985534668
2050,413.1597242146868,-10.84605598449707,0.0,0.0,0.9683334827423096
2051,462.40018558562974,16.5274600982666,0.0,0.0,0.9683663249015808
2052,146.81946045449564,-8.278912544250488,0.0,0.0,0.9683859944343567
2053,439.8309566917531,23.294694900512695,0.0,0.0,0.9684694409370422
2054,360.7173434547989,9.776857376098633,0.0,0.0,0.9685527682304382
2055,469.58064646009063,-27.111831665039062,0.0,0.0,0.968580961227417
2056,495.4497689848265,-13.544583320617676,0.0,0.0,0.9685764908790588
2057,591.1392977332389,9.737025260925293,0.0,0.0,0.968588650226593
2058,352.3768269481642,-3.0192651748657227,0.0,0.0,0.9685947299003601
2059,100.9471520780263,-0.9095320701599121,0.0,0.0,0.9685969352722168
2060,535.3800388440765,7.143476486206055,0.0,0.0,0.9686139225959778
2061,342.60463697594196,-0.05159950256347656,0.0,0.0,0.9686312675476074
2062,280.45095739038237,-10.004398345947266,0.0,0.0,0.968625009059906
2063,304.09761082618905,21.42008399963379,0.0,0.0,0.9686434864997864
2064,349.42271593893537,6.104278564453125,0.0,0.0,0.9686698317527771
2065,311.56528865422445,26.066028594970703,0.0,0.0,0.9687541127204895
2066,338.53279404706075,-9.924880981445312,0.0,0.0,0.9688177108764648
2067,598.2461116167907,31.15201187133789,0.0,0.0,0.9689175486564636
2068,363.8124402014877,16.65382957458496,0.0,0.0,0.9690372347831726
2069,352.71541880611255,5.624899864196777,0.0,0.0,0.9691575169563293
2070,527.7158197287351,-9.374231338500977,0.0,0.0,0.9692489504814148
2071,438.218902849036,14.55866813659668,0.0,0.0,0.9693587422370911
2072,299.70822627569333,-24.880813598632812,0.0,0.0,0.9694214463233948
2073,305.4420969350281,13.761079788208008,0.0,0.0,0.9694958329200745
2074,414.3160236883136,-5.859378814697266,0.0,0.0,0.9695548415184021
2075,142.0921612562637,-4.803170680999756,0.0,0.0,0.969595193862915
2076,521.4104059881709,-15.738238334655762,0.0,0.0,0.9696120619773865
2077,490.71996344448905,23.274024963378906,0.0,0.0,0.9696381092071533
2078,240.7944110145685,-4.906789302825928,0.0,0.0,0.9696471691131592
2079,539.2208633674204,-3.6533870697021484,0.0,0.0,0.9696511626243591
2080,362.936138012975,12.211224555969238,0.0,0.0,0.9696797728538513
2081,466.3126465652178,25.20708465576172,0.0,0.0,0.9697359204292297
2082,543.3373475165549,-18.522510528564453,0.0,0.0,0.9697661399841309
2083,487.40856236030555,4.460724830627441,0.0,0.0,0.9698010087013245
2084,334.37927852146396,-1.5180015563964844,0.0,0.0,0.9698318839073181
2085,275.47156218172483,-24.52740478515625,0.0,0.0,0.9698172211647034
2086,538.1618016956842,23.546653747558594,0.0,0.0,0.9698445796966553
2087,251.44670343028196,-7.842355728149414,0.0,0.0,0.9698574542999268
2088,479.6926815346928,0.8419265747070312,0.0,0.0,0.9698702692985535
2089,369.30817979139715,-20.369537353515625,0.0,0.0,0.9698343276977539
2090,453.9875462509852,0.5358676910400391,0.0,0.0,0.9698023796081543
2091,402.3228726425286,-11.724478721618652,0.0,0.0,0.9697475433349609
2092,538.3389054614206,12.835257530212402,0.0,0.0,0.9697187542915344
2093,512.7088501865705,3.236767292022705,0.0,0.0,0.9696961045265198
2094,505.5207385829253,-48.860626220703125,0.0,0.0,0.9696332812309265
2095,559.6692857213873,17.844844818115234,0.0,0.0,0.9696083068847656
2096,265.11029980405647,-17.907625198364258,0.0,0.0,0.9695618748664856
2097,257.90383843990713,21.129268646240234,0.0,0.0,0.9695515632629395
2098,335.0929273709413,22.506181716918945,0.0,0.0,0.9695711135864258
2099,537.5093626670101,-28.4913272857666,0.0,0.0,0.9695356488227844
2100,350.64688319115265,3.207719326019287,0.0,0.0,0.9695115685462952
2101,305.49779705929416,-14.75308609008789,0.0,0.0,0.9694766998291016
2102,365.69220159295537,12.46127700805664,0.0,0.0,0.9694637656211853
2103,233.62672498575571,-22.485157012939453,0.0,0.0,0.9694120287895203
2104,469.0751905965353,5.114232063293457,0.0,0.0,0.9693768620491028
2105,888.275730710581,22.124727249145508,0.0,0.0,0.9693596959114075
2106,245.65860127889187,12.229814529418945,0.0,0.0,0.9693593978881836
2107,1137.0348870314199,24.70746612548828,0.0,0.0,0.969373881816864
2108,229.73608244576857,-8.683119773864746,0.0,0.0,0.9693743586540222
2109,364.6701186480615,2.1680030822753906,0.0,0.0,0.9693781733512878
2110,534.6487795449519,10.846159934997559,0.0,0.0,0.9693994522094727
2111,374.2093664515482,-8.545845031738281,0.0,0.0,0.9693939685821533
2112,200.35405374706417,10.452386856079102,0.0,0.0,0.9693991541862488
2113,483.52847131417985,-16.2637939453125,0.0,0.0,0.969376802444458
2114,402.839686983833,-20.824554443359375,0.0,0.0,0.9693172574043274
2115,523.9925120751933,-25.589353561401367,0.0,0.0,0.9692298769950867
2116,288.4303412734737,2.6780428886413574,0.0,0.0,0.9691562056541443
2117,585.4714028069966,-3.3952255249023438,0.0,0.0,0.969085693359375
2118,671.7229997361563,34.8831901550293,0.0,0.0,0.9690729975700378
2119,380.4554474249884,-30.971515655517578,0.0,0.0,0.968980073928833
2120,538.5148816324979,-9.145563125610352,0.0,0.0,0.9688842296600342
2121,511.11549130166776,-0.8323383331298828,0.0,0.0,0.9687970280647278
2122,189.9788672778424,6.2625274658203125,0.0,0.0,0.9687316417694092
2123,637.2967379901138,-2.9824228286743164,0.0,0.0,0.968664824962616
2124,320.49405542332875,-13.97341251373291,0.0,0.0,0.9685735106468201
2125,109.9829238061198,7.541762351989746,0.0,0.0,0.9685050845146179
2126,573.8758776755601,-33.59093475341797,0.0,0.0,0.968397319316864
2127,636.9941241430547,41.74634552001953,0.0,0.0,0.9683701395988464
2128,371.33331864260566,-3.5959997177124023,0.0,0.0,0.9683408141136169
2129,617.0847275217436,-16.815994262695312,0.0,0.0,0.9682907462120056
2130,346.2794068430452,5.8124189376831055,0.0,0.0,0.9682548642158508
2131,544.452802560554,-8.592639923095703,0.0,0.0,0.9682067036628723
2132,377.6356021874138,3.0900685787200928,0.0,0.0,0.9681693911552429
2133,441.19255113940915,11.828422546386719,0.0,0.0,0.9681541919708252
2134,591.4170031633791,7.339974403381348,0.0,0.0,0.9681501984596252
2135,559.5936901879207,-0.6414790153503418,0.0,0.0,0.9681470990180969
2136,381.88339670133075,27.056304931640625,0.0,0.0,0.9682056903839111
2137,548.9587713013874,-18.341693878173828,0.0,0.0,0.9682262539863586
2138,427.57703846423664,34.00245666503906,0.0,0.0,0.968283474445343
2139,663.4519054976113,-26.282909393310547,0.0,0.0,0.9682859778404236
2140,377.82527062493216,-3.6277124881744385,0.0,0.0,0.9682764410972595
2141,642.9985854093295,-1.1565842628479004,0.0,0.0,0.9682657122612
2142,599.6408707084904,-2.3573455810546875,0.0,0.0,0.968252420425415
2143,402.52781066983533,-8.276777267456055,0.0,0.0,0.9682178497314453
2144,361.58113849992407,21.913501739501953,0.0,0.0,0.968235433101654
2145,603.5845688280659,-30.27199935913086,0.0,0.0,0.9682185053825378
2146,434.49813452334394,-19.332199096679688,0.0,0.0,0.9681724905967712
2147,540.9068507800672,1.2071037292480469,0.0,0.0,0.9681324362754822
2148,335.4314615939434,11.313775062561035,0.0,0.0,0.9681243300437927
2149,615.8687047272127,2.7733030319213867,0.0,0.0,0.9681189656257629
2150,384.6652389887033,-8.558680534362793,0.0,0.0,0.9680941700935364
2151,390.82168566535864,-8.66122055053711,0.0,0.0,0.9680467247962952
2152,326.2867853141659,14.359298706054688,0.0,0.0,0.9680233001708984
2153,383.9205180420902,8.314002990722656,0.0,0.0,0.9680256843566895
2154,376.3553532473939,8.324315071105957,0.0,0.0,0.9680489897727966
2155,326.74944416399944,5.72421407699585,0.0,0.0,0.9680814743041992
2156,65.365874136731,-7.123734474182129,0.0,0.0,0.9680917263031006
2157,1.6036033420453086,-3.6331229209899902,0.0,0.0,0.968082845211029
2158,517.2526620484202,-13.329139709472656,0.0,0.0,0.968052089214325
2159,4.034659750542204,4.580782413482666,0.0,0.0,0.9680668711662292
2160,300.50602440609543,-2.608725070953369,0.0,0.0,0.968076229095459
2161,458.3524295538483,-7.142207145690918,0.0,0.0,0.9680750370025635
2162,411.5914620830841,12.14818000793457,0.0,0.0,0.9681099057197571
2163,361.04471390865154,-16.652667999267578,0.0,0.0,0.968112051486969
2164,365.841856232035,32.479698181152344,0.0,0.0,0.9681757092475891
2165,359.5001942797222,8.364169120788574,0.0,0.0,0.9682496190071106
2166,409.29839018163545,-1.130819320678711,0.0,0.0,0.9683098793029785
2167,362.9243342366385,12.616249084472656,0.0,0.0,0.9683780074119568
2168,309.11885188265063,0.6111164093017578,0.0,0.0,0.9684419631958008
2169,3.214985385652169,-1.4038591384887695,0.0,0.0,0.9684887528419495
2170,370.40349414162233,-19.792865753173828,0.0,0.0,0.9684895873069763
2171,403.09017408220234,5.766847610473633,0.0,0.0,0.9685044288635254
2172,265.645904051841,-12.010795593261719,0.0,0.0,0.9685046672821045
2173,391.4853866556765,14.523681640625,0.0,0.0,0.968533456325531
2174,258.78416194951507,-25.15287971496582,0.0,0.0,0.9685235023498535
2175,437.1787487411213,14.320615768432617,0.0,0.0,0.9685328602790833
2176,407.45751338114405,5.356285572052002,0.0,0.0,0.9685518741607666
2177,294.72412566249903,-14.327266693115234,0.0,0.0,0.9685541987419128
2178,441.53004574262735,-15.90742015838623,0.0,0.0,0.9685050845146179
2179,341.5138955934681,-20.302284240722656,0.0,0.0,0.9684188961982727
2180,390.0915800998625,5.424367427825928,0.0,0.0,0.9683549404144287
2181,389.66961374719455,-6.985633850097656,0.0,0.0,0.9682846069335938
2182,0.7255973683129722,1.76957368850708,0.0,0.0,0.968226969242096
2183,0.21604809826010518,0.5058755874633789,0.0,0.0,0.9681797623634338
2184,623.8383212304846,-1.4959568977355957,0.0,0.0,0.9681339263916016
2185,419.46731146284634,-29.39011573791504,0.0,0.0,0.9679214954376221
2186,-0.5473753655527969,-0.6765904426574707,0.0,0.0,0.967723548412323
2187,-1.144481156090287,2.152958393096924,0.0,0.0,0.967557430267334
2188,409.6520226611522,11.110786437988281,0.0,0.0,0.9674322605133057
2189,2.784652955972695,8.160933494567871,0.0,0.0,0.9673734307289124
2190,408.8870689857259,-18.232559204101562,0.0,0.0,0.9672773480415344
2191,401.9141605240001,-14.538681030273438,0.0,0.0,0.9671406149864197
2192,392.80140903383835,-11.576432228088379,0.0,0.0,0.9670012593269348
2193,150.67297936845415,9.964917182922363,0.0,0.0,0.9668886661529541
2194,1.0085318510655972,1.8372139930725098,0.0,0.0,0.9667999744415283
2195,2.233051167468447,-1.1778151988983154,0.0,0.0,0.966716468334198
2196,417.0087679942177,-1.3736214637756348,0.0,0.0,0.9666388630867004
2197,313.5289591745377,8.315736770629883,0.0,0.0,0.966590404510498
2198,54.93066998475667,-14.259832382202148,0.0,0.0,0.9664939045906067
2199,-1.311291473832836,-1.8701636791229248,0.0,0.0,0.9663916230201721
2200,310.14811678301334,-23.793487548828125,0.0,0.0,0.966239869594574
2201,429.13590853828117,-10.774751663208008,0.0,0.0,0.9660829901695251
2202,13.871463032428409,-1.7708204984664917,0.0,0.0,0.965936005115509
2203,360.7098613854839,-32.77643585205078,0.0,0.0,0.9657419323921204
2204,318.5085044142824,34.0373420715332,0.0,0.0,0.9656465649604797
2205,8.034544959345952,-7.564757347106934,0.0,0.0,0.9655278325080872
2206,400.61743839800266,4.5986433029174805,0.0,0.0,0.9654271006584167
2207,172.88385701917204,-11.540420532226562,0.0,0.0,0.9653080105781555
2208,0.6598184254518711,5.03450870513916,0.0,0.0,0.965233564376831
2209,396.1873810244113,4.231823444366455,0.0,0.0,0.9651716351509094
2210,469.82967520259757,19.995513916015625,0.0,0.0,0.9651502966880798
2211,418.2333245926537,12.327826499938965,0.0,0.0,0.9651710391044617
2212,431.69169062541647,-7.28096342086792,0.0,0.0,0.9651671051979065
2213,423.31150021212807,23.72437286376953,0.0,0.0,0.9651979804039001
2214,401.40808091687416,-10.131126403808594,0.0,0.0,0.9652060866355896
2215,403.23588113536647,-24.270641326904297,0.0,0.0,0.9651662707328796
2216,229.96052178600158,5.169405937194824,0.0,0.0,0.9651464819908142
2217,-1.0668493161112218,12.51586627960205,0.0,0.0,0.9652186036109924
2218,636.5080679354418,8.401151657104492,0.0,0.0,0.9652959704399109
2219,0.04840281298572724,-2.1195359230041504,0.0,0.0,0.9653535485267639
2220,0.3212551135783268,-0.8932833671569824,0.0,0.0,0.9653983116149902
2221,-0.7740379681036329,0.9372444152832031,0.0,0.0,0.9654452204704285
2222,-1.1488609491494357,-2.2127878665924072,0.0,0.0,0.9654746055603027
2223,425.037756496054,19.153095245361328,0.0,0.0,0.9655354022979736
2224,180.55852465180067,1.9223222732543945,0.0,0.0,0.9655917286872864
2225,-1.583339009023419,8.433148384094238,0.0,0.0,0.9657238125801086
2226,-1.190662806604108,-4.825056076049805,0.0,0.0,0.9658041000366211
2227,-1.39096210870402,-4.938260078430176,0.0,0.0,0.9658288359642029
2228,-1.2150298970942137,0.8142658472061157,0.0,0.0,0.9658586382865906
2229,-1.221413771856331,9.448121070861816,0.0,0.0,0.9659075140953064
2230,-1.0385886736761476,-2.5730209350585938,0.0,0.0,0.9659340381622314
2231,88.8323294504427,2.8366057872772217,0.0,0.0,0.9659650921821594
2232,-2.016944057392495,1.5338459014892578,0.0,0.0,0.9660036563873291
2233,387.08837857444547,31.545928955078125,0.0,0.0,0.966106116771698
2234,-1.5189388343592012,-0.866931676864624,0.0,0.0,0.9661946296691895
2235,0.9751677999405386,-4.503663063049316,0.0,0.0,0.9662504196166992
2236,-1.5144352776035357,-6.013091564178467,0.0,0.0,0.9662722945213318
2237,-1.917944349560434,-9.432531356811523,0.0,0.0,0.9662391543388367
2238,-1.1265094459578195,-3.945265054702759,0.0,0.0,0.9661798477172852
2239,-0.4243419849047896,-7.64044189453125,0.0,0.0,0.9660718441009521
2240,-2.5649767642537253,-1.7555384635925293,0.0,0.0,0.9659650921821594
2241,116.6811065338737,2.3241939544677734,0.0,0.0,0.9658762812614441
2242,-2.5656891146375878,0.22833633422851562,0.0,0.0,0.9657983183860779
2243,-0.9659023178034065,2.400174856185913,0.0,0.0,0.9657408595085144
2244,-2.371417451273009,-3.688213348388672,0.0,0.0,0.9656696915626526
2245,-1.9181904130080527,-2.6086907386779785,0.0,0.0,0.9655852913856506
2246,-2.6222728553368717,1.5566644668579102,0.0,0.0,0.9655141830444336
2247,97.49277310671732,15.713034629821777,0.0,0.0,0.9654965400695801
2248,-2.233255938826561,-2.528228282928467,0.0,0.0,0.9654319286346436
2249,-1.9005117725993146,5.052656173706055,0.0,0.0,0.96538907289505
2250,-1.0086425984962388,-3.5417211055755615,0.0,0.0,0.9653220772743225
2251,-2.4779401692849596,-1.5667848587036133,0.0,0.0,0.9652525782585144
2252,-1.4312178789673193,3.6030149459838867,0.0,0.0,0.9651999473571777
2253,-2.013551640574239,2.6164209842681885,0.0,0.0,0.9651628136634827
2254,0.04130976459622526,-3.3501367568969727,0.0,0.0,0.9651147723197937
2255,-0.6891131833004198,-1.00518798828125,0.0,0.0,0.965064525604248
2256,-1.6386603121534413,0.340501070022583,0.0,0.0,0.965020477771759
2257,-1.1553048576353695,1.990058422088623,0.0,0.0,0.9649948477745056
2258,-1.9193296007438818,-9.040630340576172,0.0,0.0,0.9649435877799988
2259,-1.8559280675091316,-0.6861028671264648,0.0,0.0,0.9648950695991516
2260,-0.8564425972131413,-5.224641799926758,0.0,0.0,0.9648143649101257
2261,-1.5457662158938126,-1.1529369354248047,0.0,0.0,0.9647327065467834
2262,-1.163597950007372,-1.8806370496749878,0.0,0.0,0.9646492004394531
2263,-1.699536515054947,-2.2931792736053467,0.0,0.0,0.9645630717277527
2264,-2.0413123106899285,3.6248269081115723,0.0,0.0,0.9645217061042786
2265,651.9850929230153,27.513294219970703,0.0,0.0,0.9645586609840393
2266,-1.9875858935936728,3.5684664249420166,0.0,0.0,0.9646091461181641
2267,662.4858807444144,-1.2840485572814941,0.0,0.0,0.9646525382995605
2268,-1.4259395297638207,-0.652611255645752,0.0,0.0,0.9646892547607422
2269,-1.6640962242190618,-9.69260025024414,0.0,0.0,0.9646732211112976
2270,-1.8465329938037494,7.423498630523682,0.0,0.0,0.9646980166435242
2271,-2.217957039145606,-1.3928327560424805,0.0,0.0,0.9647089838981628
2272,-1.3327905479759707,1.5800971984863281,0.0,0.0,0.9647273421287537
2273,-0.44425586404394024,-1.0185123682022095,0.0,0.0,0.9647396206855774
2274,-1.1179786042122675,8.49286937713623,0.0,0.0,0.9647924304008484
2275,-1.8707556118790147,-1.6200892925262451,0.0,0.0,0.9648146033287048
2276,361.1450107604955,-26.557910919189453,0.0,0.0,0.9647853970527649
2277,-0.7131642939531857,-5.871047019958496,0.0,0.0,0.9647305607795715
2278,-1.5641034119094968,10.356605529785156,0.0,0.0,0.9647388458251953
2279,-2.053986307872089,-0.4269561767578125,0.0,0.0,0.9647447466850281
2280,-2.2554098738257133,1.8461253643035889,0.0,0.0,0.9647653698921204
2281,-0.5872352681447164,3.433887004852295,0.0,0.0,0.9647952914237976
2282,-1.4808214527020662,3.054032802581787,0.0,0.0,0.9648411273956299
2283,-1.2656410106200806,-4.989445686340332,0.0,0.0,0.9648566246032715
2284,-1.828168705984703,6.248392581939697,0.0,0.0,0.9649512767791748
2285,622.7475347477899,-6.930068492889404,0.0,0.0,0.965026319026947
2286,-0.9830237418783878,0.5386817455291748,0.0,0.0,0.9650993943214417
2287,-0.6916469277434345,2.327352285385132,0.0,0.0,0.9651761651039124
2288,-1.7825896945216722,4.895472526550293,0.0,0.0,0.9652695059776306
2289,-1.3297056157710263,-7.6415815353393555,0.0,0.0,0.9652771949768066
2290,-1.3126646705163387,-5.811594009399414,0.0,0.0,0.9652342796325684
2291,-2.1089579179514777,-5.297701358795166,0.0,0.0,0.9651142954826355
2292,-1.6316244659485384,2.0287535190582275,0.0,0.0,0.965015709400177
2293,-0.4970141318479586,-0.13123154640197754,0.0,0.0,0.9649259448051453
2294,-2.107709480389194,2.846497058868408,0.0,0.0,0.9648551940917969
2295,-2.334373018432444,3.4805543422698975,0.0,0.0,0.9648118615150452
2296,-2.088127588383843,-6.417947769165039,0.0,0.0,0.9647429585456848
2297,-1.642514488076318,2.2743873596191406,0.0,0.0,0.9646996855735779
2298,-2.4559263526336172,3.5320188999176025,0.0,0.0,0.9646863341331482
2299,-0.3722186251773034,-3.3940019607543945,0.0,0.0,0.9646544456481934
2300,-1.6900136577384193,6.2695112228393555,0.0,0.0,0.9646808505058289
2301,-2.006281530534307,2.3080203533172607,0.0,0.0,0.9647189974784851
2302,-2.0365172195327212,-2.796177625656128,0.0,0.0,0.9647324681282043
2303,-2.4499839665902545,-2.3065872192382812,0.0,0.0,0.9647141098976135
2304,-1.951353116162481,4.594244003295898,0.0,0.0,0.9647194743156433
2305,-2.1376796554317443,-1.3095591068267822,0.0,0.0,0.9647192358970642
2306,-1.8637780990575532,-2.8830506801605225,0.0,0.0,0.9647030830383301
2307,-1.9371727359736324,-0.19861578941345215,0.0,0.0,0.9646870493888855
2308,-2.3543643337193796,-8.611166000366211,0.0,0.0,0.964630663394928
2309,-2.151745816672566,9.546795845031738,0.0,0.0,0.9646568894386292
2310,-2.20681358375003,-3.4292523860931396,0.0,0.0,0.9646575450897217
2311,-1.1674520291912533,4.275568962097168,0.0,0.0,0.9646914601325989
2312,-1.7199561047369476,-4.517685890197754,0.0,0.0,0.9646778702735901
2313,-2.440370380912022,3.6781649589538574,0.0,0.0,0.9646914005279541
2314,-1.7981712939627021,-6.017488479614258,0.0,0.0,0.9646145701408386
2315,-1.5907735805775327,-0.15829038619995117,0.0,0.0,0.9645442962646484
2316,-2.1390088247554306,-3.9397192001342773,0.0,0.0,0.9644529223442078
2317,-1.6904374243108817,-0.5080597400665283,0.0,0.0,0.9643643498420715
2318,-1.9462968875635906,4.153979301452637,0.0,0.0,0.9643434882164001
2319,-1.9633807459096007,-2.457850933074951,0.0,0.0,0.9642970561981201
2320,-1.5477926426290227,3.4520466327667236,0.0,0.0,0.9642987847328186
2321,-2.369178051553933,0.5696816444396973,0.0,0.0,0.9643040299415588
2322,-2.4748632033721485,0.19233906269073486,0.0,0.0,0.9643096923828125
2323,-2.3673924333249223,-5.331006050109863,0.0,0.0,0.9642950892448425
2324,-1.2038642314598205,5.029393196105957,0.0,0.0,0.9643214344978333
2325,-1.7447758088306835,-4.1704559326171875,0.0,0.0,0.9643220901489258
2326,-2.416023144285065,-3.5473124980926514,0.0,0.0,0.9643006324768066
2327,-1.8404184442441287,1.1251312494277954,0.0,0.0,0.9642884135246277
2328,-1.1247935900234136,3.5837960243225098,0.0,0.0,0.9642928242683411
2329,-1.8349878960279518,-4.122257232666016,0.0,0.0,0.9642568230628967
2330,-0.9346442023722861,12.48910903930664,0.0,0.0,0.9642760157585144
2331,-1.59638865560146,-6.995091438293457,0.0,0.0,0.9642519950866699
2332,-2.2313449462720616,-3.3075737953186035,0.0,0.0,0.9642054438591003
2333,-2.1207490003886784,4.0638580322265625,0.0,0.0,0.9641794562339783
2334,-1.6030605913849802,-4.459904670715332,0.0,0.0,0.9641233086585999
2335,-1.6351086803976853,-1.5948238372802734,0.0,0.0,0.964066743850708
2336,-2.3348229474811237,3.7324342727661133,0.0,0.0,0.9640378355979919
2337,-2.5565006554596645,6.702942848205566,0.0,0.0,0.9640370011329651
2338,-2.2365643249832923,-2.304445266723633,0.0,0.0,0.9640154838562012
2339,-1.2920505496675698,-4.598524570465088,0.0,0.0,0.9639617800712585
2340,-2.2616564320786168,-3.159341335296631,0.0,0.0,0.9638968110084534
2341,-1.0506790212559227,7.144974708557129,0.0,0.0,0.9638684391975403
2342,-1.7813615811615393,-4.59027099609375,0.0,0.0,0.9638168811798096
2343,-1.414465099247626,-4.383914947509766,0.0,0.0,0.9637496471405029
2344,-2.2993829424105154,-7.5801286697387695,0.0,0.0,0.963651716709137
2345,-2.4026379849978206,9.470130920410156,0.0,0.0,0.9636263847351074
2346,-1.9072449723066882,10.270179748535156,0.0,0.0,0.9636442065238953
2347,-1.6562033410772343,3.927701234817505,0.0,0.0,0.9636980891227722
2348,-2.0202443918223,0.5168895721435547,0.0,0.0,0.9637485146522522
2349,-2.3989037685517474,-7.405397415161133,0.0,0.0,0.9637630581855774
2350,-1.9145549642934894,-0.595003604888916,0.0,0.0,0.9637729525566101
2351,-2.26205768674117,-3.7954373359680176,0.0,0.0,0.9637532234191895
2352,-1.9665567210678396,5.429547309875488,0.0,0.0,0.9637753367424011
2353,-2.292985015764706,8.573381423950195,0.0,0.0,0.9638400077819824
2354,-1.661996492156141,-3.347249984741211,0.0,0.0,0.9638683199882507
2355,-2.205271795793071,5.898776531219482,0.0,0.0,0.9639275670051575
2356,-1.8266639595379446,-6.0917534828186035,0.0,0.0,0.9639535546302795
2357,-2.190636703680469,-2.953702688217163,0.0,0.0,0.9639419913291931
2358,-2.1289227183963013,-3.0002291202545166,0.0,0.0,0.9639136791229248
2359,176.93503621571054,8.43939208984375,0.0,0.0,0.9639018177986145
2360,-1.2362651513203518,-8.311385154724121,0.0,0.0,0.9638517498970032
2361,-1.6767344222287872,5.176865577697754,0.0,0.0,0.9638221263885498
2362,-1.8480316537677928,5.615548610687256,0.0,0.0,0.9638226628303528
2363,-1.43209254130054,4.341839790344238,0.0,0.0,0.9638433456420898
2364,-2.00754674144427,-3.525982141494751,0.0,0.0,0.963832437992096
2365,-1.4476457024625466,-1.0797877311706543,0.0,0.0,0.9638171792030334
2366,-1.9029759064324938,-7.8497233390808105,0.0,0.0,0.9637236595153809
2367,-2.4058506342862795,-6.923739433288574,0.0,0.0,0.9636101126670837
2368,-1.422847032232087,-3.9989888668060303,0.0,0.0,0.9634866714477539
2369,-1.796785687618979,6.957256317138672,0.0,0.0,0.9634134769439697
2370,-2.0680182791447708,-6.686085224151611,0.0,0.0,0.9632934927940369
2371,-2.016562664266109,-9.574386596679688,0.0,0.0,0.9631496071815491
2372,-1.3353675363605868,16.649066925048828,0.0,0.0,0.963073194026947
2373,-1.7372159713860582,7.0463762283325195,0.0,0.0,0.9630381464958191
2374,-1.7870229547979084,1.0947701930999756,0.0,0.0,0.9630147814750671
2375,-1.5946894834213357,-7.270598411560059,0.0,0.0,0.9629513621330261
2376,-1.3336811009214822,3.0455474853515625,0.0,0.0,0.9629057049751282
2377,-2.1393900459771764,-9.587625503540039,0.0,0.0,0.9627683758735657
2378,-1.9502978083968447,-2.11069655418396,0.0,0.0,0.9626345038414001
2379,-1.646130287890042,0.5481463670730591,0.0,0.0,0.962516725063324
2380,-1.7034057263442528,6.106581687927246,0.0,0.0,0.9624481797218323
2381,-1.613357790691043,3.665888547897339,0.0,0.0,0.9624021649360657
2382,-1.8951182594042408,-3.120828628540039,0.0,0.0,0.9623345732688904
2383,-1.6376913146611602,-0.2956850528717041,0.0,0.0,0.9622707366943359
2384,-1.4105837304978806,0.8918256759643555,0.0,0.0,0.9622182250022888
2385,-2.032816677631603,2.8029375076293945,0.0,0.0,0.9621894955635071
2386,-1.8468412891677228,10.670763969421387,0.0,0.0,0.9622216820716858
2387,-1.5358547266729021,10.050826072692871,0.0,0.0,0.9623296856880188
2388,-2.3720552407649693,2.086209774017334,0.0,0.0,0.9624399542808533
2389,-1.9561945518244148,6.065170764923096,0.0,0.0,0.9625940322875977
2390,0.5351774158330791,2.242919921875,0.0,0.0,0.9627415537834167
2391,-2.152371120894447,-0.021496057510375977,0.0,0.0,0.962874174118042
2392,-1.9614528076073339,2.5518178939819336,0.0,0.0,0.9630133509635925
2393,-2.201234543960517,-5.494672775268555,0.0,0.0,0.9630914330482483
2394,-1.8561083232557225,-0.4788987636566162,0.0,0.0,0.9631609916687012
2395,-1.7055265713756624,-3.20702862739563,0.0,0.0,0.9632105231285095
2396,-2.019671402342036,7.180068492889404,0.0,0.0,0.9632874131202698
2397,-1.8944729696186953,-3.3970158100128174,0.0,0.0,0.9633328318595886
2398,-2.165930568854952,5.180032730102539,0.0,0.0,0.9634358882904053
2399,-2.164915259957424,-0.86936354637146,0.0,0.0,0.9635246396064758
2400,-2.051931375980625,6.960905075073242,0.0,0.0,0.9636594653129578
2401,-1.3024882610676976,4.536723613739014,0.0,0.0,0.9638020396232605
2402,-2.343267766875071,1.5648467540740967,0.0,0.0,0.9639423489570618
2403,-1.8923169170301735,13.362706184387207,0.0,0.0,0.9641237258911133
2404,-1.8165264345862937,9.531389236450195,0.0,0.0,0.9643279910087585
2405,-1.910628542941889,-4.751697063446045,0.0,0.0,0.9644928574562073
2406,-1.870819302801112,-5.636796474456787,0.0,0.0,0.9646182060241699
2407,-2.209395214093849,4.2569899559021,0.0,0.0,0.9647693634033203
2408,-2.2232398175303336,-3.9608314037323,0.0,0.0,0.9648850560188293
2409,-2.155220331086568,-1.5701608657836914,0.0,0.0,0.9649820327758789
2410,-2.545439639818487,10.111772537231445,0.0,0.0,0.965112030506134
2411,-1.8991723387761674,-0.9223896265029907,0.0,0.0,0.9652217030525208
2412,-2.008107549850545,1.8521177768707275,0.0,0.0,0.9653312563896179
2413,-2.3313486955255414,0.6003999710083008,0.0,0.0,0.9654325842857361
2414,-2.0523265713643886,4.309549331665039,0.0,0.0,0.9655582308769226
2415,-1.8985834373218158,7.721535682678223,0.0,0.0,0.9656861424446106
2416,-2.5553383353407724,-2.390886068344116,0.0,0.0,0.9657890200614929
2417,-2.2108234941998086,-1.0439002513885498,0.0,0.0,0.9658715724945068
2418,-1.5121858348302768,-4.665459632873535,0.0,0.0,0.9659168720245361
2419,-1.2546426712631087,4.526857852935791,0.0,0.0,0.9659870266914368
2420,-1.9224475223527735,-6.668581962585449,0.0,0.0,0.9660066962242126
2421,-1.8863807753615303,-11.140557289123535,0.0,0.0,0.9659776091575623
2422,-2.112045495588891,0.521306037902832,0.0,0.0,0.9659557342529297
2423,-2.106110283477797,-2.927497386932373,0.0,0.0,0.9659209251403809
2424,-2.334577718621981,-2.8035953044891357,0.0,0.0,0.9658646583557129
2425,-1.8810153448354818,-2.375086784362793,0.0,0.0,0.9657980799674988
2426,-1.4142618599312875,3.0890159606933594,0.0,0.0,0.9657667279243469
2427,-1.6086092267957608,1.7139256000518799,0.0,0.0,0.9657427668571472
2428,-1.792827884394995,-0.6004219055175781,0.0,0.0,0.9657177925109863
2429,-2.069541263728643,-2.236692428588867,0.0,0.0,0.965678870677948
2430,-2.1803678747346105,3.828484296798706,0.0,0.0,0.965656578540802
2431,-1.5378161542716693,5.800586223602295,0.0,0.0,0.9656610488891602
2432,-1.6114717137446357,-0.4401865005493164,0.0,0.0,0.965662956237793
2433,-2.245273471971281,3.458075523376465,0.0,0.0,0.9656851291656494
2434,-1.7599631984346866,7.289434432983398,0.0,0.0,0.9657643437385559
2435,83.90362710063367,-8.190260887145996,0.0,0.0,0.9658095836639404
2436,-1.2104654624224451,6.690290451049805,0.0,0.0,0.9659063816070557
2437,-1.844303815518256,-0.2630300521850586,0.0,0.0,0.9659927487373352
2438,-2.294252317181369,-0.7717604637145996,0.0,0.0,0.9660674929618835
2439,-1.6778716084755836,3.4661366939544678,0.0,0.0,0.9661592841148376
2440,-1.9831763953546049,-4.830620765686035,0.0,0.0,0.9662191271781921
2441,-2.1763796280648218,1.3921687602996826,0.0,0.0,0.9662809371948242
2442,-1.106079914577795,1.2137508392333984,0.0,0.0,0.9663453698158264
2443,-1.5865016393962494,3.1314549446105957,0.0,0.0,0.9664165377616882
2444,-1.7204798652657771,-4.66257381439209,0.0,0.0,0.9664579033851624
2445,-1.620848611431522,-6.355067729949951,0.0,0.0,0.9664464592933655
2446,-1.748660915183697,4.921627044677734,0.0,0.0,0.9664811491966248
2447,-1.7268829350932215,0.9591829776763916,0.0,0.0,0.9665184020996094
2448,-0.9540667351397503,5.179438591003418,0.0,0.0,0.9665951728820801
2449,-1.9633283883213204,-2.248094320297241,0.0,0.0,0.9666560292243958
2450,-1.2371313756731661,-0.9340612888336182,0.0,0.0,0.9667076468467712
2451,-1.9891386880832163,-1.5388526916503906,0.0,0.0,0.9667389392852783
2452,-1.9899359044523004,0.42728543281555176,0.0,0.0,0.9667693972587585
2453,-0.9437493108572481,-1.2099659442901611,0.0,0.0,0.9667856693267822
2454,-0.9207890010451651,0.5875170230865479,0.0,0.0,0.9668065905570984
2455,-1.0022147068484728,-0.3956853151321411,0.0,0.0,0.9668239951133728
2456,-1.9230271781138744,-3.023272752761841,0.0,0.0,0.9668249487876892
2457,-2.502044130356642,7.634366035461426,0.0,0.0,0.966874897480011
2458,-1.920601808772058,1.7926459312438965,0.0,0.0,0.9669340252876282
2459,-2.1228417769194765,5.496881484985352,0.0,0.0,0.9670303463935852
2460,-1.6759839169488029,2.0452234745025635,0.0,0.0,0.9671300053596497
2461,-1.746959650325279,1.5760188102722168,0.0,0.0,0.9672300219535828
2462,-1.8772764823013175,7.316715240478516,0.0,0.0,0.9673762917518616
2463,-1.8040120215106332,-7.982255935668945,0.0,0.0,0.9674702286720276
2464,-1.8236479998779773,4.616058349609375,0.0,0.0,0.9675793647766113
2465,-2.10965557167199,-5.3162431716918945,0.0,0.0,0.9676596522331238
2466,-2.242769297422317,7.259156703948975,0.0,0.0,0.9677675366401672
2467,-2.1300713880408444,-1.3352811336517334,0.0,0.0,0.9678583145141602
2468,-1.6915371692972232,-1.4617586135864258,0.0,0.0,0.9679318070411682
2469,-1.415661294466121,2.6396005153656006,0.0,0.0,0.9680054783821106
2470,-1.8518642210221012,-4.062460899353027,0.0,0.0,0.968058168888092
2471,68.31198698031515,3.55511474609375,0.0,0.0,0.9681150317192078
2472,-2.001467249997795,7.349697113037109,0.0,0.0,0.9682232737541199
2473,-1.8347362098290505,-5.512149810791016,0.0,0.0,0.968278706073761
2474,-1.7509394596223145,-0.0724782943725586,0.0,0.0,0.9683282971382141
2475,-1.2331779809794368,-3.1189420223236084,0.0,0.0,0.9683483242988586
2476,-2.0947726660200137,-0.2354743480682373,0.0,0.0,0.9683652520179749
2477,-2.1027841398546263,3.4450109004974365,0.0,0.0,0.9683980941772461
2478,-0.4642367537841303,-0.1885693073272705,0.0,0.0,0.9684264659881592
2479,-1.9423629716439872,4.788357734680176,0.0,0.0,0.9685004353523254
2480,-2.0709202407493272,-4.252811431884766,0.0,0.0,0.9685493111610413
2481,-1.5592866104397805,-5.087508201599121,0.0,0.0,0.968552827835083
2482,-1.9034412623533095,3.5435447692871094,0.0,0.0,0.9685782790184021
2483,-1.5165733698453097,-6.0509185791015625,0.0,0.0,0.9685760140419006
2484,-0.5890793696572616,-1.3419299125671387,0.0,0.0,0.9685689806938171
2485,-1.6386425765607595,4.1209492683410645,0.0,0.0,0.9685720801353455
2486,-1.7200475448202466,-2.7330639362335205,0.0,0.0,0.9685592651367188
2487,-1.8131762502349142,1.7988290786743164,0.0,0.0,0.9685559272766113
2488,-1.9272726380222207,2.5232815742492676,0.0,0.0,0.9685611724853516
2489,-2.0904193130778204,3.9541478157043457,0.0,0.0,0.9685831665992737
2490,-1.7626122828483386,6.2541985511779785,0.0,0.0,0.9686477780342102
2491,-2.0371128529303375,-3.8643898963928223,0.0,0.0,0.9686529636383057
2492,-2.187714633948225,-2.1058130264282227,0.0,0.0,0.9686444401741028
2493,-1.2883587521843824,11.836893081665039,0.0,0.0,0.968677282333374
2494,-1.4115948135572183,6.8774590492248535,0.0,0.0,0.9687326550483704
2495,-1.50233686704444,-3.222811460494995,0.0,0.0,0.9687479138374329
2496,-2.3856281980258984,0.2930896282196045,0.0,0.0,0.9687628149986267
2497,-1.8863594084979471,-3.896984815597534,0.0,0.0,0.9687644839286804
2498,-1.7527894732800409,-0.8152801990509033,0.0,0.0,0.9687617421150208
2499,-2.346343005172816,-7.751452922821045,0.0,0.0,0.9687080979347229
2500,-1.3337063702854928,-1.770789623260498,0.0,0.0,0.9686432480812073
2501,-1.8188438969846459,2.6652374267578125,0.0,0.0,0.9685966372489929
2502,-1.9201971958837865,-4.653427600860596,0.0,0.0,0.9685023427009583
2503,-2.064734315491383,5.8260579109191895,0.0,0.0,0.9684628844261169
2504,-1.9890700405830268,-1.5711688995361328,0.0,0.0,0.9684097170829773
2505,-2.259123053264501,-0.20847845077514648,0.0,0.0,0.968360185623169
2506,-1.8991531952865952,-5.695030212402344,0.0,0.0,0.9682867527008057
2507,-2.204377388368697,-2.2089033126831055,0.0,0.0,0.9682037234306335
2508,-1.9887207496893988,-3.428748846054077,0.0,0.0,0.9681134223937988
2509,-2.4002004521675326,2.3563578128814697,0.0,0.0,0.9680440425872803
2510,-1.897609209197256,-5.552062511444092,0.0,0.0,0.9679493308067322
2511,-2.0912509422484526,1.3516418933868408,0.0,0.0,0.96788090467453
2512,-2.220837484044961,2.5712225437164307,0.0,0.0,0.9678276181221008
2513,-2.261024786261376,0.5253274440765381,0.0,0.0,0.9677822589874268
2514,-1.9061175760122415,2.8231351375579834,0.0,0.0,0.9677701592445374
2515,-1.3917505990160415,-5.344715118408203,0.0,0.0,0.967710554599762
2516,-2.1763052463346138,-1.5219287872314453,0.0,0.0,0.9676534533500671
2517,-1.921215865717114,1.5536448955535889,0.0,0.0,0.9676074385643005
2518,-1.5299983477836339,3.784292221069336,0.0,0.0,0.9675803184509277
2519,-1.3559766122151002,-2.5161170959472656,0.0,0.0,0.9675434231758118
2520,-2.254144491278212,-6.796857833862305,0.0,0.0,0.9674631953239441
2521,-1.453245073633476,-4.192101001739502,0.0,0.0,0.9673749804496765
2522,-2.055653240779913,-2.1816580295562744,0.0,0.0,0.9672847390174866
2523,-1.5284915065706,-1.5046415328979492,0.0,0.0,0.9671986699104309
2524,-1.3547825243243476,-3.4250097274780273,0.0,0.0,0.9670886993408203
2525,-1.0462147174570917,-8.105573654174805,0.0,0.0,0.9669674038887024
2526,-1.6874949158287176,-2.910517454147339,0.0,0.0,0.9668079018592834
2527,-1.839397336258089,-8.316207885742188,0.0,0.0,0.9665785431861877
2528,-1.3523279818062346,2.2510733604431152,0.0,0.0,0.9663827419281006
2529,-1.1819227029829573,-5.659233093261719,0.0,0.0,0.9661399722099304
2530,-1.6662169412488834,-5.040466785430908,0.0,0.0,0.9658732414245605
2531,0.47576520591566984,7.265496253967285,0.0,0.0,0.9656693339347839
2532,-0.9463599549356858,-4.645651817321777,0.0,0.0,0.9654673933982849
2533,-1.562130153879868,2.036346673965454,0.0,0.0,0.9653121829032898
2534,-1.8644653548739467,-2.137024402618408,0.0,0.0,0.9651630520820618
2535,-0.7139834657502104,-1.648680567741394,0.0,0.0,0.9650207161903381
2536,-1.1436027998632952,-1.7585067749023438,0.0,0.0,0.9648886322975159
2537,-1.5307114936671173,-3.5940816402435303,0.0,0.0,0.9647491574287415
2538,-0.9263329805688065,1.9526662826538086,0.0,0.0,0.964644730091095
2539,-1.8276845306867697,5.726114273071289,0.0,0.0,0.9645897746086121
2540,-1.2135671320650556,-2.8285117149353027,0.0,0.0,0.9645214080810547
2541,-0.8898890037144276,1.35727858543396,0.0,0.0,0.9644702076911926
2542,-0.9656281488875726,1.9654492139816284,0.0,0.0,0.9644389748573303
2543,-1.4632534454712762,0.3220207691192627,0.0,0.0,0.9644140601158142
2544,73.93732923280479,-1.2103371620178223,0.0,0.0,0.9643886089324951
2545,-1.7784359756741628,-5.317442893981934,0.0,0.0,0.9643232822418213
2546,-1.3179502376994012,3.783670663833618,0.0,0.0,0.9643006324768066
2547,-0.9417944003933609,-4.612227439880371,0.0,0.0,0.9642358422279358
2548,-2.2425708946315304,1.8508052825927734,0.0,0.0,0.9641819000244141
2549,-1.5624020650053614,5.678725242614746,0.0,0.0,0.9641811847686768
2550,-1.7145899174156005,-3.3599562644958496,0.0,0.0,0.9641532301902771
2551,-1.2785026768076417,-8.29195785522461,0.0,0.0,0.9640701413154602
2552,-1.0050488742521928,-0.44091343879699707,0.0,0.0,0.9639942646026611
2553,-1.4983405062223727,10.365943908691406,0.0,0.0,0.9639981389045715
2554,-1.1191657116979674,7.8224077224731445,0.0,0.0,0.9640402793884277
2555,-0.9864600353230846,1.4199366569519043,0.0,0.0,0.9640927314758301
2556,-0.6880364491717197,-5.953452110290527,0.0,0.0,0.9641168117523193
2557,-1.3268544866923986,-2.9484431743621826,0.0,0.0,0.9641240239143372
2558,-1.5551976623160773,-14.538652420043945,0.0,0.0,0.9640531539916992
2559,-1.3108164864766763,2.426206588745117,0.0,0.0,0.9640247821807861
2560,-0.7727143154970619,3.4936840534210205,0.0,0.0,0.9640336036682129
2561,-1.6404243695208789,-0.08732843399047852,0.0,0.0,0.9640414714813232
2562,-1.4694346676116796,-10.954869270324707,0.0,0.0,0.9639645218849182
2563,-1.4257386087509198,-3.819366931915283,0.0,0.0,0.9638660550117493
2564,-1.9934964401290234,-4.772739410400391,0.0,0.0,0.9637607932090759
2565,-1.584252628379943,3.117997646331787,0.0,0.0,0.9636805653572083
2566,-1.6642552606430059,-1.9221069812774658,0.0,0.0,0.9636001586914062
2567,-1.722348529827606,-2.8130037784576416,0.0,0.0,0.9634873867034912
2568,0.5795025948571881,9.306127548217773,0.0,0.0,0.9634308218955994
2569,-1.2594148721355731,-1.4559926986694336,0.0,0.0,0.9633738398551941
2570,85.4284089901902,-3.200255870819092,0.0,0.0,0.9633110165596008
2571,-1.2704726293318227,-9.339632034301758,0.0,0.0,0.9632272720336914
2572,-0.9700949763816638,-0.26963913440704346,0.0,0.0,0.9631507992744446
2573,-1.3012373758824913,-0.0043413639068603516,0.0,0.0,0.9630820155143738
2574,-1.7657590574540027,-4.7529802322387695,0.0,0.0,0.9629976153373718
2575,-1.5154751323893136,2.991666793823242,0.0,0.0,0.9629383683204651
2576,-1.5075297625079442,6.424872398376465,0.0,0.0,0.9629173874855042
2577,-2.0588372124457495,0.841873049736023,0.0,0.0,0.9629042744636536
2578,-1.9547632599678653,2.973027467727661,0.0,0.0,0.9629058241844177
2579,-0.9412043625135604,-2.1806979179382324,0.0,0.0,0.9628933072090149
2580,-1.9746936721753183,5.437382698059082,0.0,0.0,0.9629166722297668
2581,-1.4664806099473575,-7.242717742919922,0.0,0.0,0.9628329873085022
2582,-1.9440169297017624,-3.5707414150238037,0.0,0.0,0.9627461433410645
2583,-1.4828401267786135,-0.4965176582336426,0.0,0.0,0.9626614451408386
2584,-2.0035524815035597,-7.287698268890381,0.0,0.0,0.9625665545463562
2585,-1.9475300262541582,1.0029325485229492,0.0,0.0,0.9624908566474915
2586,-1.0024258988823829,-0.5375162363052368,0.0,0.0,0.9624189734458923
2587,-1.4785677732511995,-0.2703564167022705,0.0,0.0,0.9623520374298096
2588,-1.2088457094477214,5.596011161804199,0.0,0.0,0.9623281955718994
2589,-1.9763740710899027,7.840302467346191,0.0,0.0,0.9623425602912903
2590,-1.4908500935818179,3.5957257747650146,0.0,0.0,0.9623746275901794
2591,-1.277027822610097,6.107730388641357,0.0,0.0,0.962419331073761
2592,0.5061845757561221,3.083096504211426,0.0,0.0,0.9625032544136047
2593,-1.4871257339105342,-4.550323486328125,0.0,0.0,0.9625466465950012
2594,-1.517306927567794,4.713013172149658,0.0,0.0,0.9626250267028809
2595,-2.0600587606414384,-2.0207316875457764,0.0,0.0,0.9626863598823547
2596,-1.3639864139376288,1.7662997245788574,0.0,0.0,0.9627534747123718
2597,-2.414245864218734,4.729648590087891,0.0,0.0,0.9628477692604065
2598,-1.0342339627102122,6.916887283325195,0.0,0.0,0.9629742503166199
2599,-1.2340171801901958,1.0505216121673584,0.0,0.0,0.9630968570709229
2600,-1.8957011761489417,-8.263412475585938,0.0,0.0,0.9631630778312683
2601,-2.100097337213443,-1.926228404045105,0.0,0.0,0.9632132649421692
2602,66.36237129322755,2.5099997520446777,0.0,0.0,0.9632658958435059
2603,-1.497620528909162,1.2408666610717773,0.0,0.0,0.9633233547210693
2604,-1.6043280233570572,-4.707732677459717,0.0,0.0,0.9633532166481018
2605,-1.8174674056585123,-2.915703296661377,0.0,0.0,0.9633645415306091
2606,0.28459472049975343,-0.5288400650024414,0.0,0.0,0.9633712768554688
2607,-1.4851288015437534,1.042510747909546,0.0,0.0,0.9633809924125671
2608,-0.8267218172502897,-4.301060199737549,0.0,0.0,0.9633699059486389
2609,-0.9345261782550787,4.739744663238525,0.0,0.0,0.9633974432945251
2610,-1.755178184661873,-2.1555919647216797,0.0,0.0,0.9634059071540833
2611,-1.639542054176432,-2.647675037384033,0.0,0.0,0.9634005427360535
2612,-1.4393940795844742,-0.855327844619751,0.0,0.0,0.9633896350860596
2613,-1.3540066975992482,-2.864168405532837,0.0,0.0,0.9633686542510986
2614,66.02616124268306,0.5031077861785889,0.0,0.0,0.9633522033691406
2615,-0.5865454273087869,-3.2083096504211426,0.0,0.0,0.963308572769165
2616,-1.6070384103194288,0.48670101165771484,0.0,0.0,0.9632729887962341
2617,-0.2920455548663996,7.347582817077637,0.0,0.0,0.9632978439331055
2618,-1.1086309401175465,1.94749116897583,0.0,0.0,0.9633297920227051
2619,-1.542046627642728,2.086000442504883,0.0,0.0,0.9633755087852478
2620,65.84884119759181,2.9451818466186523,0.0,0.0,0.9634456038475037
2621,-1.375367813869106,-3.180011510848999,0.0,0.0,0.9634909629821777
2622,-2.201234091165357,-6.385418891906738,0.0,0.0,0.9635130763053894
2623,-1.4579139989829528,0.9526453018188477,0.0,0.0,0.9635364413261414
2624,76.4596239917494,-15.710135459899902,0.0,0.0,0.9634622931480408
2625,-1.2216484744500504,-2.422307014465332,0.0,0.0,0.9633752703666687
2626,-0.8012857208426847,4.234859466552734,0.0,0.0,0.9633135795593262
2627,79.23372869924299,2.1588237285614014,0.0,0.0,0.963267982006073
2628,-1.6872590329794956,4.182821273803711,0.0,0.0,0.9632388949394226
2629,-0.6601586312048293,2.3880748748779297,0.0,0.0,0.9632365107536316
2630,-0.930600598297953,-1.706298589706421,0.0,0.0,0.9632142186164856
2631,0.38677371086825385,7.810142517089844,0.0,0.0,0.963259220123291
2632,-1.333730825859901,4.333330154418945,0.0,0.0,0.9633429646492004
2633,-0.8627934455838959,-0.38846224546432495,0.0,0.0,0.9634151458740234
2634,-2.20670210722163,2.0827455520629883,0.0,0.0,0.9634930491447449
2635,-0.5232826249359714,-5.22346305847168,0.0,0.0,0.9635332226753235
2636,-1.3653929356160144,3.1549813747406006,0.0,0.0,0.963587760925293
2637,-1.2461500821337785,-6.800333023071289,0.0,0.0,0.9636062979698181
2638,-1.475402126071741,-2.754584312438965,0.0,0.0,0.9635908603668213
2639,-1.2127667509180622,-3.885620594024658,0.0,0.0,0.9635533690452576
2640,-0.9740750534370144,3.223904609680176,0.0,0.0,0.9635340571403503
2641,-1.472387658440458,5.1160478591918945,0.0,0.0,0.9635441899299622
2642,-1.4426400416638265,-3.929436206817627,0.0,0.0,0.9635391235351562
2643,-0.7894957547716133,-5.623956203460693,0.0,0.0,0.963493824005127
2644,-0.8934360637809,2.692352533340454,0.0,0.0,0.963470458984375
2645,-0.8855762589768341,0.014552831649780273,0.0,0.0,0.9634495377540588
2646,-1.3562591273786766,0.027812957763671875,0.0,0.0,0.9634303450584412
2647,-1.649982445997706,-0.8247978687286377,0.0,0.0,0.9634111523628235
2648,-1.6161795309998785,2.9935081005096436,0.0,0.0,0.9634278416633606
2649,0.5326176479635731,-6.569849014282227,0.0,0.0,0.9634067416191101
2650,-1.6767383729933032,9.8651704788208,0.0,0.0,0.9634323716163635
2651,-1.5994727457442353,-5.063233852386475,0.0,0.0,0.9634208679199219
2652,0.2923940721009828,-1.1906018257141113,0.0,0.0,0.9634003639221191
2653,-1.3740829696420143,-2.0642173290252686,0.0,0.0,0.963369607925415
2654,-1.3253670522653094,1.920919418334961,0.0,0.0,0.9633519053459167
2655,-1.5100983502396974,0.5855076313018799,0.0,0.0,0.9633383750915527
2656,-1.8063371914742303,11.290775299072266,0.0,0.0,0.9634249806404114
2657,-1.6133790872215532,3.0283472537994385,0.0,0.0,0.9635136723518372
2658,-1.1429715251327992,1.811131477355957,0.0,0.0,0.9636042714118958
2659,-1.887798550038032,-3.800356149673462,0.0,0.0,0.9636607766151428
2660,-0.13751482210144372,1.1549222469329834,0.0,0.0,0.9637155532836914
2661,-1.0346321153164593,2.1533970832824707,0.0,0.0,0.9637802243232727
2662,-1.2613952487942348,-4.162442207336426,0.0,0.0,0.9638104438781738
2663,-1.4025533944907165,6.121679782867432,0.0,0.0,0.9638550877571106
2664,-0.9334886801563256,6.944973468780518,0.0,0.0,0.9639248847961426
2665,-1.9515687700524198,-3.865169048309326,0.0,0.0,0.9639502167701721
2666,-0.9757366542887635,0.7902677059173584,0.0,0.0,0.9639788269996643
2667,-1.3311438921392122,-5.895777225494385,0.0,0.0,0.9639484286308289
2668,-1.7638399152502156,-4.891456604003906,0.0,0.0,0.9638909697532654
2669,-1.0812059073231066,1.9757368564605713,0.0,0.0,0.9638543128967285
2670,-1.58754125936916,-4.583276271820068,0.0,0.0,0.9638056755065918
2671,-1.246624039626603,5.823044776916504,0.0,0.0,0.9638593792915344
2672,-1.963050138814793,-1.0251476764678955,0.0,0.0,0.9639042019844055
2673,-1.2201114517815594,-1.861867070198059,0.0,0.0,0.9639201164245605
2674,-0.7733452851286022,-5.490390777587891,0.0,0.0,0.9639163017272949
2675,-0.5392316612129271,5.446964740753174,0.0,0.0,0.9639606475830078
2676,-0.35080374666420333,-2.150092840194702,0.0,0.0,0.9639880657196045
2677,-1.6031387836861093,0.5856475830078125,0.0,0.0,0.9640195965766907
2678,-0.8110815602022794,7.1480536460876465,0.0,0.0,0.9640859961509705
2679,-1.9928254309767397,-1.3056042194366455,0.0,0.0,0.964141845703125
2680,-1.7325093034692503,-1.8394889831542969,0.0,0.0,0.9641821980476379
2681,-1.0122363203623095,3.966355323791504,0.0,0.0,0.9642444252967834
2682,-1.929782917456207,5.626059532165527,0.0,0.0,0.964329183101654
2683,-1.8889551850499746,4.433204650878906,0.0,0.0,0.9644209742546082
2684,-1.6484479358533917,-0.1337566375732422,0.0,0.0,0.9645031094551086
2685,65.34699740121864,8.341632843017578,0.0,0.0,0.9646172523498535
2686,71.12605924716728,1.882237434387207,0.0,0.0,0.9647286534309387
2687,-1.4363866896005697,0.7113204002380371,0.0,0.0,0.9648396372795105
2688,-0.651114110060595,-1.4508607387542725,0.0,0.0,0.9649195075035095
2689,-0.40563433960956097,1.9502801895141602,0.0,0.0,0.9650101661682129
2690,-1.7269810210019707,3.6983253955841064,0.0,0.0,0.9651042819023132
2691,-1.927585616640985,4.147753715515137,0.0,0.0,0.965226948261261
2692,-1.5847657640529835,-7.232527732849121,0.0,0.0,0.9653069376945496
2693,82.80738576467743,8.392317771911621,0.0,0.0,0.9654014706611633
2694,-1.2810904164296293,-1.6395883560180664,0.0,0.0,0.965477466583252
2695,-1.3108242956948368,1.608419418334961,0.0,0.0,0.9655563235282898
2696,-0.5509399314922212,3.3191633224487305,0.0,0.0,0.9656405448913574
2697,-1.440913260619351,0.11610090732574463,0.0,0.0,0.965716540813446
2698,-0.8184391978060699,-0.15501785278320312,0.0,0.0,0.9657840728759766
2699,-1.6949213900276008,-2.4424023628234863,0.0,0.0,0.9658234715461731
2700,-1.2010456338620554,-13.003138542175293,0.0,0.0,0.9658281803131104
2701,-1.5399281676114154,-0.7075926065444946,0.0,0.0,0.9658288955688477
2702,85.86006266662538,2.0105834007263184,0.0,0.0,0.9658384919166565
2703,-1.5436189835381557,-10.762777328491211,0.0,0.0,0.9658146500587463
2704,-2.221568479586981,-1.3781123161315918,0.0,0.0,0.9657829403877258
2705,-1.4330825904790914,-7.380220413208008,0.0,0.0,0.9656453132629395
2706,-0.36090603175411173,5.137035846710205,0.0,0.0,0.965545654296875
2707,-1.4648195508069333,4.454351902008057,0.0,0.0,0.9654724597930908
2708,-0.16130467141906069,1.5068089962005615,0.0,0.0,0.9654151797294617
2709,-0.6020999274685717,-6.649518966674805,0.0,0.0,0.9653346538543701
2710,-0.6070725849493854,2.3056135177612305,0.0,0.0,0.9652843475341797
2711,-0.8543445415885729,3.7668399810791016,0.0,0.0,0.9652572274208069
2712,-1.5989448342685786,0.28410792350769043,0.0,0.0,0.9652338027954102
2713,-1.4257858280490738,0.05288577079772949,0.0,0.0,0.9652130603790283
2714,-1.4631385565466701,-4.084362030029297,0.0,0.0,0.9651452898979187
2715,-1.357179465508834,-2.4506845474243164,0.0,0.0,0.9650749564170837
2716,82.33179663933362,-2.971036672592163,0.0,0.0,0.9650024771690369
2717,-1.5380297868228665,0.9001805782318115,0.0,0.0,0.9649465680122375
2718,-1.5747567476669984,2.0588696002960205,0.0,0.0,0.9649071097373962
2719,78.48974859815762,-10.019513130187988,0.0,0.0,0.9648323655128479
2720,-1.4242415448523973,5.980094909667969,0.0,0.0,0.9647960066795349
2721,-0.5746392850790363,-7.400877952575684,0.0,0.0,0.9647075533866882
2722,-1.6966481158480085,-0.4058191776275635,0.0,0.0,0.9646267294883728
2723,-2.204496197518927,-3.1621809005737305,0.0,0.0,0.9645359516143799
2724,-1.77752636854129,-5.969442844390869,0.0,0.0,0.9644157290458679
2725,-0.9034393515263663,-4.783463954925537,0.0,0.0,0.9642877578735352
2726,-1.372425218145038,-1.015092372894287,0.0,0.0,0.9641656279563904
2727,-0.7173311424947484,-0.5902633666992188,0.0,0.0,0.9640515446662903
2728,-0.5827258800069219,6.206609725952148,0.0,0.0,0.9639914631843567
2729,-1.6813488607860023,-10.770015716552734,0.0,0.0,0.9639089703559875
2730,-1.6593811923794446,1.9545445442199707,0.0,0.0,0.9638441205024719
2731,-1.5163141422955935,2.7046990394592285,0.0,0.0,0.9638020396232605
2732,-1.4406949751015268,1.9257721900939941,0.0,0.0,0.9637799263000488
2733,-1.2657370462106796,-5.223670959472656,0.0,0.0,0.9637351632118225
2734,-2.128601456014171,-5.421908855438232,0.0,0.0,0.963677704334259
2735,-1.023183750137374,-5.078744888305664,0.0,0.0,0.9635675549507141
2736,-1.8743285454148324,-4.993491172790527,0.0,0.0,0.9634299278259277
2737,-1.4224760510278431,1.4907517433166504,0.0,0.0,0.9633157849311829
2738,-1.3552796462741126,4.774230003356934,0.0,0.0,0.9632423520088196
2739,-1.9085050852199446,9.988357543945312,0.0,0.0,0.9632325172424316
2740,-1.9700864731920553,7.7845659255981445,0.0,0.0,0.9632787704467773
2741,-1.416008320718642,0.4942007064819336,0.0,0.0,0.9633252620697021
2742,-1.1480022088629454,3.9797897338867188,0.0,0.0,0.963403046131134
2743,-0.9083529871370932,19.340007781982422,0.0,0.0,0.9635772705078125
2744,-0.41603847718858233,4.014464378356934,0.0,0.0,0.9637477993965149
2745,-1.1955439008222495,6.111062526702881,0.0,0.0,0.9639597535133362
2746,-1.0124688378755784,0.06857490539550781,0.0,0.0,0.9641504883766174
2747,-1.2505654478181036,9.351663589477539,0.0,0.0,0.9643740653991699
2748,-2.334767567898358,1.4285805225372314,0.0,0.0,0.9645897746086121
2749,-1.3678165026111473,1.421156883239746,0.0,0.0,0.9647933840751648
2750,-1.2997336846406133,4.675680160522461,0.0,0.0,0.9650060534477234
2751,96.73420103111695,3.4695286750793457,0.0,0.0,0.9652063250541687
2752,-2.1054875593026185,-3.0338542461395264,0.0,0.0,0.9653655886650085
2753,-2.1910197141809027,4.875375747680664,0.0,0.0,0.9655490517616272
2754,-1.2497312588873186,-8.885960578918457,0.0,0.0,0.9656820893287659
2755,-1.193514688392556,-2.239706516265869,0.0,0.0,0.965789258480072
2756,79.7363414717887,7.9915547370910645,0.0,0.0,0.9659002423286438
2757,-2.1550752774872177,-3.6378979682922363,0.0,0.0,0.96598881483078
2758,72.64532992728662,-0.6497220993041992,0.0,0.0,0.966066837310791
2759,-1.4974507192708642,-2.8939850330352783,0.0,0.0,0.9661205410957336
2760,-1.3783208665514368,-0.48650598526000977,0.0,0.0,0.9661669135093689
2761,-2.5015500068791994,-0.3221747875213623,0.0,0.0,0.9662070870399475
2762,-2.4435136897982304,-3.0142626762390137,0.0,0.0,0.9662240147590637
2763,-0.6347351136648125,3.2317676544189453,0.0,0.0,0.9662542939186096
2764,-2.282009442344191,-1.9334204196929932,0.0,0.0,0.9662694334983826
2765,78.01590261231622,7.933023452758789,0.0,0.0,0.9663435816764832
2766,-1.101955568271499,5.007324695587158,0.0,0.0,0.966437578201294
2767,-0.8403571276296562,0.6442487239837646,0.0,0.0,0.966526210308075
2768,-0.40693037024797185,-0.9116730690002441,0.0,0.0,0.966599702835083
2769,-1.5934954785854698,3.068505048751831,0.0,0.0,0.9666920304298401
2770,82.6474385381591,-3.6174967288970947,0.0,0.0,0.9667584300041199
2771,-1.0857313488517601,-2.741935968399048,0.0,0.0,0.9667784571647644
2772,80.07041552716433,1.8307347297668457,0.0,0.0,0.9668071866035461
2773,-1.771205437447314,-7.823447227478027,0.0,0.0,0.9667351841926575
2774,0.3293228057416613,3.5985755920410156,0.0,0.0,0.9666935801506042
2775,82.82150090515988,-4.9146013259887695,0.0,0.0,0.9666455388069153
2776,-1.8151081786461203,0.9932851791381836,0.0,0.0,0.9666069149971008
2777,-2.1347858364784553,2.7212116718292236,0.0,0.0,0.9665986895561218
2778,-1.8409085871192632,7.739618301391602,0.0,0.0,0.9666193127632141
2779,-0.7479431136413244,-2.767869472503662,0.0,0.0,0.9666243195533752
2780,-1.6823300564981034,1.6371195316314697,0.0,0.0,0.966644287109375
2781,-1.7854152803687104,-0.5769827365875244,0.0,0.0,0.9666592478752136
2782,77.75792107242503,11.810338020324707,0.0,0.0,0.9667088389396667
2783,-0.6838064465225286,-2.721945285797119,0.0,0.0,0.966737687587738
2784,-0.9101158281704957,1.1947836875915527,0.0,0.0,0.96677166223526
2785,-1.3791981972288698,-3.248028516769409,0.0,0.0,0.9667463898658752
2786,-1.0383938395645795,-2.676057815551758,0.0,0.0,0.9667050838470459
2787,-2.449725112727085,-4.170003414154053,0.0,0.0,0.9666416049003601
2788,-1.7416428790107208,-9.88736343383789,0.0,0.0,0.9665295481681824
2789,-1.7832161989713375,1.2992579936981201,0.0,0.0,0.9664404988288879
2790,-2.0750831288531955,6.221534729003906,0.0,0.0,0.9663880467414856
2791,-1.325788986088065,-10.689208030700684,0.0,0.0,0.966291606426239
2792,-2.2711152784962545,4.12237548828125,0.0,0.0,0.9662275314331055
2793,-2.0593571085744213,-1.94344162940979,0.0,0.0,0.9661596417427063
2794,-1.7639612401258031,-1.0894012451171875,0.0,0.0,0.9660928249359131
2795,-1.9955481324588897,0.6011519432067871,0.0,0.0,0.9660412669181824
2796,-0.5449292664240502,-1.0236589908599854,0.0,0.0,0.9659903645515442
2797,-1.9695760569183838,0.7891378402709961,0.0,0.0,0.9659485816955566
2798,-1.6029981602543453,-2.1322641372680664,0.0,0.0,0.9658949375152588
2799,-2.1841107243584803,-1.847886085510254,0.0,0.0,0.9658398628234863
2800,-1.7254775161901699,1.3472387790679932,0.0,0.0,0.965796947479248
2801,-2.017644291105789,6.315193176269531,0.0,0.0,0.9657886624336243
2802,-2.0675612100958953,-1.9261314868927002,0.0,0.0,0.9657750129699707
2803,-1.3924669117292021,3.508775472640991,0.0,0.0,0.9657838344573975
2804,-1.5070575374563344,-5.33171272277832,0.0,0.0,0.9657530188560486
2805,-1.942000175019629,2.5943033695220947,0.0,0.0,0.9657394289970398
2806,-1.749591037902538,2.596041202545166,0.0,0.0,0.9657347798347473
2807,-1.695692726368797,-3.25567626953125,0.0,0.0,0.9657030701637268
2808,-2.215617312770428,-0.6443970203399658,0.0,0.0,0.9656713008880615
2809,-2.3604172421379586,-0.4720592498779297,0.0,0.0,0.9656398892402649
2810,-2.428756702823912,0.5377864837646484,0.0,0.0,0.9656175971031189
2811,-1.6515044272045651,-1.1462678909301758,0.0,0.0,0.9655909538269043
2812,-1.974820585074787,11.702823638916016,0.0,0.0,0.965628445148468
2813,-2.0403363574315883,-1.1106226444244385,0.0,0.0,0.9656527638435364
2814,-1.4469358778613914,-14.21407699584961,0.0,0.0,0.9655978083610535
2815,-1.9298688767610315,0.41640913486480713,0.0,0.0,0.9655504822731018
2816,-1.6896574199431702,-2.7457547187805176,0.0,0.0,0.9654836058616638
2817,-2.4882677087414553,-4.4729437828063965,0.0,0.0,0.9653938412666321
2818,-1.7295998310985825,0.9968123435974121,0.0,0.0,0.9653246998786926
2819,-1.6941948618842746,1.211827278137207,0.0,0.0,0.9652788639068604
2820,-1.9051357880723263,12.07693099975586,0.0,0.0,0.9653409123420715
2821,-2.3491823012778212,-3.664140224456787,0.0,0.0,0.9653692841529846
2822,-2.4096764691554586,1.6731045246124268,0.0,0.0,0.9654057621955872
2823,-2.1187636419534925,6.356157302856445,0.0,0.0,0.9654726982116699
2824,-2.4438988988356587,-0.306438684463501,0.0,0.0,0.9655311703681946
2825,-2.3938074577719313,-5.953505992889404,0.0,0.0,0.9655582904815674
2826,-1.8508113739401002,7.136563777923584,0.0,0.0,0.9656283259391785
2827,-2.309907365178746,8.093362808227539,0.0,0.0,0.9657860398292542
2828,-2.3627285646769387,-4.978152275085449,0.0,0.0,0.9658946990966797
2829,-2.034190580066772,-2.3013176918029785,0.0,0.0,0.9659807085990906
2830,-2.3742301467095377,-0.24933075904846191,0.0,0.0,0.9660565853118896
2831,-1.8384708511201746,-6.262701034545898,0.0,0.0,0.9661030769348145
2832,-2.444703286729191,-1.149551510810852,0.0,0.0,0.9661331176757812
2833,-1.6673520604335192,9.041637420654297,0.0,0.0,0.966210663318634
2834,-2.087888825271313,-2.1026737689971924,0.0,0.0,0.9662608504295349
2835,-1.880230732702335,-0.35652709007263184,0.0,0.0,0.966304361820221
2836,-2.1962280996963477,0.6394593715667725,0.0,0.0,0.9663497805595398
2837,-2.4233401888387807,2.3364851474761963,0.0,0.0,0.9664046168327332
2838,-2.0714847280820807,-2.0242981910705566,0.0,0.0,0.9664290547370911
2839,-2.296595944550118,-0.4951598644256592,0.0,0.0,0.9664494395256042
2840,-2.323576731922733,-6.332858085632324,0.0,0.0,0.9663758873939514
2841,-2.46065441894702,0.40945887565612793,0.0,0.0,0.9663142561912537
2842,-2.005516517860875,-2.6634750366210938,0.0,0.0,0.9662355780601501
2843,96.00719037966358,4.870088577270508,0.0,0.0,0.966174304485321
2844,-1.9414183440011143,4.801396369934082,0.0,0.0,0.9661534428596497
2845,-1.9855589645560165,-8.988709449768066,0.0,0.0,0.9660624861717224
2846,-1.7696396829351468,2.0776288509368896,0.0,0.0,0.9659938216209412
2847,-2.092070465461026,-2.709134101867676,0.0,0.0,0.9659211039543152
2848,-1.5340283177573555,-6.122540473937988,0.0,0.0,0.9657825827598572
2849,-2.222661158294628,9.096369743347168,0.0,0.0,0.9657285809516907
2850,-1.9076650920407985,7.0590925216674805,0.0,0.0,0.9657453894615173
2851,-2.224109679872508,13.627983093261719,0.0,0.0,0.9658092856407166
2852,-2.4048357128298106,-0.13704931735992432,0.0,0.0,0.9658656120300293
2853,-2.362505826107095,0.07410383224487305,0.0,0.0,0.9659169316291809
2854,-1.0792995775977094,-0.6765925884246826,0.0,0.0,0.9659573435783386
2855,-2.795389260516755,6.031384468078613,0.0,0.0,0.9660186767578125
2856,-1.8949818147085236,-2.715207099914551,0.0,0.0,0.9660542607307434
2857,-1.6517017745065865,0.778350830078125,0.0,0.0,0.9661003947257996
2858,-2.4999139214388144,-2.0752789974212646,0.0,0.0,0.9661166071891785
2859,-1.831599318740536,-5.290233135223389,0.0,0.0,0.9661128520965576
2860,-2.0830461820033457,9.343879699707031,0.0,0.0,0.9661405086517334
2861,-2.3911000763051575,-19.053184509277344,0.0,0.0,0.9660606384277344
2862,-1.8139505204861912,0.47759580612182617,0.0,0.0,0.9659924507141113
2863,-1.0228166014472726,2.4105677604675293,0.0,0.0,0.9659493565559387
2864,-1.5024383127273944,7.8210296630859375,0.0,0.0,0.965958833694458
2865,-1.609032448561233,0.32659661769866943,0.0,0.0,0.9659685492515564
2866,-1.6511155204271122,-8.436445236206055,0.0,0.0,0.9658668637275696
2867,-0.3342840674399121,-3.955138921737671,0.0,0.0,0.9657511711120605
2868,0.7394220285512416,-6.613335609436035,0.0,0.0,0.9655802845954895
2869,-1.6548279119309655,0.4481642246246338,0.0,0.0,0.9654297828674316
2870,-2.04290897850417,-1.9627201557159424,0.0,0.0,0.9652836918830872
2871,-0.2425269544785249,-2.998875617980957,0.0,0.0,0.9651079177856445
2872,0.023070399621889504,13.015209197998047,0.0,0.0,0.9650216698646545
2873,-0.8932011187302737,2.289128065109253,0.0,0.0,0.9649534225463867
2874,-0.49846229358647864,9.977315902709961,0.0,0.0,0.9649639129638672
2875,-0.35360123837426816,-1.068040370941162,0.0,0.0,0.9649629592895508
2876,0.7321223508804071,-5.458347797393799,0.0,0.0,0.9648952484130859
2877,0.5700982004865103,0.243424654006958,0.0,0.0,0.9648396372795105
2878,0.7375204473246562,-2.4758546352386475,0.0,0.0,0.9647760391235352
2879,0.7188759113397887,-1.3262910842895508,0.0,0.0,0.9647095799446106
2880,0.5542614330376514,-2.1156675815582275,0.0,0.0,0.964629590511322
2881,-1.8084960572640332,-6.931636810302734,0.0,0.0,0.964526355266571
2882,-0.5158027852787237,2.236548900604248,0.0,0.0,0.9644465446472168
2883,41.32473430246854,-7.042213439941406,0.0,0.0,0.964349091053009
2884,0.5798656534787914,2.097379684448242,0.0,0.0,0.9642744064331055
2885,1.1720978681686103,4.029030799865723,0.0,0.0,0.9642689824104309
2886,1.4195386166950326,-2.7298154830932617,0.0,0.0,0.9641995429992676
2887,0.20494856314052612,-2.088440418243408,0.0,0.0,0.9641261100769043
2888,-0.5313254508539584,-1.4641237258911133,0.0,0.0,0.9640501141548157
2889,-0.42711674121583765,-0.8747000694274902,0.0,0.0,0.9639744162559509
2890,2.7875872734651614,-2.3709664344787598,0.0,0.0,0.9638869762420654
2891,1.5235271372626804,-2.5992324352264404,0.0,0.0,0.9637806415557861
2892,-0.5425982342630162,-10.898582458496094,0.0,0.0,0.9635887742042542
2893,0.398977682428693,7.208024024963379,0.0,0.0,0.9634734988212585
2894,1.919704221484703,6.668310165405273,0.0,0.0,0.9634513258934021
2895,0.14826215938202703,4.732110500335693,0.0,0.0,0.9635036587715149
2896,-2.2217150089631525,1.5851385593414307,0.0,0.0,0.9635615348815918
2897,1.251444568089667,-3.17891263961792,0.0,0.0,0.9635645747184753
2898,0.24278159067517713,4.176810264587402,0.0,0.0,0.9636122584342957
2899,-0.6745111036386526,-6.704862594604492,0.0,0.0,0.9636245369911194
2900,0.2953878852701668,-0.38840436935424805,0.0,0.0,0.9636322855949402
2901,1.5264132541602613,-1.0852012634277344,0.0,0.0,0.963624894618988
2902,-0.7993431449625057,-3.1463735103607178,0.0,0.0,0.9635908007621765
2903,2.6810278492457353,-7.468395709991455,0.0,0.0,0.9634864926338196
2904,-1.464731322593833,6.8794965744018555,0.0,0.0,0.9634457230567932
2905,2.8223240074682163,-2.5705556869506836,0.0,0.0,0.9633811116218567
2906,0.40043871453877933,-0.7711353302001953,0.0,0.0,0.9633162617683411
2907,0.7034969085679106,-3.05550479888916,0.0,0.0,0.9632272720336914
2908,1.9900531667427945,-2.3014919757843018,0.0,0.0,0.9631223678588867
2909,0.33366268592903836,-6.333059787750244,0.0,0.0,0.9629559516906738
2910,0.578794463646898,1.5345025062561035,0.0,0.0,0.9628289341926575
2911,-0.7892801015725774,-2.016350507736206,0.0,0.0,0.9626917839050293
2912,-1.3104876870326092,1.9400172233581543,0.0,0.0,0.9625813364982605
2913,-1.7567706303620705,-0.3834383487701416,0.0,0.0,0.9624786376953125
2914,-0.9413303994954498,2.748257875442505,0.0,0.0,0.9624069333076477
2915,-2.0794790263593415,0.9292278289794922,0.0,0.0,0.9623487591743469
2916,-1.9271510971710542,10.357994079589844,0.0,0.0,0.9623375535011292
2917,-2.3662902696523886,5.482939720153809,0.0,0.0,0.9623427391052246
2918,-2.2463830676192,6.276949882507324,0.0,0.0,0.9623889923095703
2919,-2.8103498124179946,-7.931357383728027,0.0,0.0,0.9623716473579407
2920,-1.4238898690753274,0.3716123104095459,0.0,0.0,0.9623574614524841
2921,-2.8689286796877553,-1.677891731262207,0.0,0.0,0.9623344540596008
2922,-1.1165981841642005,-6.560541152954102,0.0,0.0,0.9622828364372253
2923,-1.82656747701072,0.1847059726715088,0.0,0.0,0.9622374176979065
2924,-1.6570061246256165,9.336709976196289,0.0,0.0,0.9622536301612854
2925,42.728124868523125,3.848447561264038,0.0,0.0,0.9622899889945984
2926,-2.6486011115157932,9.217378616333008,0.0,0.0,0.96240234375
2927,-2.4186515605570027,-1.1454176902770996,0.0,0.0,0.9624964594841003
2928,-3.217405214468943,-2.253056526184082,0.0,0.0,0.9625571370124817
2929,-2.118759192282962,6.016793251037598,0.0,0.0,0.9626403450965881
2930,-2.7552506767176546,1.2653279304504395,0.0,0.0,0.9627240300178528
2931,-1.506321944669769,4.328188896179199,0.0,0.0,0.9628345370292664
2932,-2.9474263522542676,4.041787147521973,0.0,0.0,0.9629549384117126
2933,13.88031990539632,0.33943021297454834,0.0,0.0,0.9630680680274963
2934,-1.9366874062546662,6.092901229858398,0.0,0.0,0.9632114768028259
2935,-3.0038652492581983,5.335866928100586,0.0,0.0,0.9633786082267761
2936,-3.1769919811486744,-6.699352264404297,0.0,0.0,0.9634656310081482
2937,-2.3899902379304443,-1.6301007270812988,0.0,0.0,0.9635341763496399
2938,-1.791502385732071,-2.8884029388427734,0.0,0.0,0.9635726809501648
2939,-3.026879545229751,0.715266227722168,0.0,0.0,0.9636104702949524
2940,-2.617998698999008,3.897059440612793,0.0,0.0,0.9636569023132324
2941,-2.9452499679280972,-3.4951632022857666,0.0,0.0,0.9636690020561218
2942,-2.6645218384250637,4.1009039878845215,0.0,0.0,0.963707447052002
2943,-2.6173372880977217,-4.281041145324707,0.0,0.0,0.9637163281440735
2944,-2.7707362927290067,2.5428686141967773,0.0,0.0,0.9637430310249329
2945,-3.4357421049501307,5.536710262298584,0.0,0.0,0.9637999534606934
2946,-2.2404668628324753,-13.140199661254883,0.0,0.0,0.9637746810913086
2947,-1.6728677429167236,0.6471023559570312,0.0,0.0,0.9637569785118103
2948,-1.4493651540826948,4.242404460906982,0.0,0.0,0.9637697339057922
2949,-1.8525904390272763,-5.4654388427734375,0.0,0.0,0.9637225270271301
2950,-2.351273063303241,6.551693439483643,0.0,0.0,0.9637343287467957
2951,-2.4069705738059226,-0.9196023941040039,0.0,0.0,0.9637393951416016
2952,-1.3228574210664017,-1.7557557821273804,0.0,0.0,0.9637253880500793
2953,-2.9635293224051784,-1.5192160606384277,0.0,0.0,0.9637052416801453
2954,-2.56689963770299,8.600720405578613,0.0,0.0,0.963751494884491
2955,-2.8130551146551888,4.4648871421813965,0.0,0.0,0.9638389945030212
2956,-3.1669316703284918,-8.058530807495117,0.0,0.0,0.9638631939888
2957,-2.8160673381962242,-0.7870688438415527,0.0,0.0,0.9638784527778625
2958,-2.0635309172369087,-5.094509124755859,0.0,0.0,0.9638436436653137
2959,-2.5737753313438168,-1.0298008918762207,0.0,0.0,0.9638051986694336
2960,-3.0073957550290364,-10.39304256439209,0.0,0.0,0.9637251496315002
2961,-2.0647634696817527,-1.292602777481079,0.0,0.0,0.9636490941047668
2962,-1.2746667167898513,-0.27625107765197754,0.0,0.0,0.9635767936706543
2963,-2.018054504011317,-3.88848876953125,0.0,0.0,0.9634907841682434
2964,-2.3318563599654243,2.892103433609009,0.0,0.0,0.9634283185005188
2965,-2.464935913379355,0.9487951993942261,0.0,0.0,0.9633762240409851
2966,-1.4893527669121305,-8.392953872680664,0.0,0.0,0.9632136821746826
2967,-1.6987668938229998,-1.0119845867156982,0.0,0.0,0.9630584716796875
2968,-2.777934312913268,2.5348989963531494,0.0,0.0,0.9629339575767517
2969,13.179153200571866,-6.8506669998168945,0.0,0.0,0.9627401232719421
2970,-1.6927948899731313,0.35796403884887695,0.0,0.0,0.9625665545463562
2971,-2.099346370267212,1.0905320644378662,0.0,0.0,0.962415874004364
2972,-2.225938456190423,3.1918632984161377,0.0,0.0,0.9622991681098938
2973,-2.557966227601458,3.4318273067474365,0.0,0.0,0.9622167944908142
2974,12.513853989509297,-0.6947497129440308,0.0,0.0,0.9621396064758301
2975,-2.6680784645177518,0.3403550386428833,0.0,0.0,0.9620751738548279
2976,11.777737646584033,-3.188206195831299,0.0,0.0,0.9620004296302795
2977,-1.8722403067590174,-1.531847596168518,0.0,0.0,0.9619237780570984
2978,-2.1887067244991023,7.1291632652282715,0.0,0.0,0.9619066119194031
2979,-1.5370287666489229,0.8151731491088867,0.0,0.0,0.9618952870368958
2980,11.678945326592734,3.3139681816101074,0.0,0.0,0.961904764175415
2981,-1.3138696038467332,-1.1800589561462402,0.0,0.0,0.9619084000587463
2982,-1.3736825033692315,-0.032182931900024414,0.0,0.0,0.961911678314209
2983,-2.1319478044772033,7.344444274902344,0.0,0.0,0.9619691371917725
2984,-2.4421416291447455,-4.733243465423584,0.0,0.0,0.9619994163513184
2985,-2.453422216757314,-2.9399728775024414,0.0,0.0,0.9620110392570496
2986,-1.7835169385895917,-5.7314863204956055,0.0,0.0,0.9619929790496826
2987,-1.1000518847435068,0.9718222618103027,0.0,0.0,0.9619810581207275
2988,-2.186500529185831,-10.547828674316406,0.0,0.0,0.9618298411369324
2989,-2.0920200191803646,4.0833024978637695,0.0,0.0,0.9617245197296143
2990,-2.1193103011556467,-0.7925248146057129,0.0,0.0,0.9616239070892334
2991,16.49169889117636,4.061586380004883,0.0,0.0,0.961571991443634
2992,-1.6725235515062191,-4.207416534423828,0.0,0.0,0.9615025520324707
2993,-2.0987109905812362,-3.3217928409576416,0.0,0.0,0.9614210724830627
2994,-1.5056728011904212,-2.2612907886505127,0.0,0.0,0.9613407254219055
2995,-1.998908338303664,-2.1791319847106934,0.0,0.0,0.9612526893615723
2996,-2.9595539220894964,9.0311279296875,0.0,0.0,0.9612591862678528
2997,-2.266529956470328,3.2067174911499023,0.0,0.0,0.9612873196601868
2998,9.700874398468686,-2.4092118740081787,0.0,0.0,0.9612812995910645
2999,-2.789381769351003,0.34905433654785156,0.0,0.0,0.961277186870575
3000,11.930602293587231,6.5466203689575195,0.0,0.0,0.961334764957428
3001,-1.5522081743478726,-3.595621347427368,0.0,0.0,0.961365282535553
3002,-1.7836875078136556,-8.039372444152832,0.0,0.0,0.9613420367240906
3003,-2.450915461138215,4.7688188552856445,0.0,0.0,0.9613475203514099
3004,-2.3513909305457226,-5.771424293518066,0.0,0.0,0.9613321423530579
3005,7.822742632784432,-0.16846704483032227,0.0,0.0,0.961317241191864
3006,-1.763359799543248,8.832207679748535,0.0,0.0,0.9613676071166992
3007,-2.3512955402250606,1.7295465469360352,0.0,0.0,0.9614243507385254
3008,-1.3249133948160337,3.6614933013916016,0.0,0.0,0.9614941477775574
3009,-2.606242477696823,-1.652843713760376,0.0,0.0,0.9615416526794434
3010,-2.2711098932252445,-9.613653182983398,0.0,0.0,0.9615306854248047
3011,-1.3479497689921134,1.3654124736785889,0.0,0.0,0.9615292549133301
3012,-2.055340096013028,-2.7684648036956787,0.0,0.0,0.9615166187286377
3013,-1.612378281033311,2.132133722305298,0.0,0.0,0.9615150094032288
3014,-2.3706338385073717,-4.7915358543396,0.0,0.0,0.9614751935005188
3015,9.838749062421131,2.5572876930236816,0.0,0.0,0.9614529609680176
3016,10.547931052621472,1.8298064470291138,0.0,0.0,0.9614410400390625
3017,-1.5549920533676054,-2.077676773071289,0.0,0.0,0.9614096283912659
3018,-2.5133172138439286,0.5845656394958496,0.0,0.0,0.9613869786262512
3019,-2.600261690227857,3.912534236907959,0.0,0.0,0.9613941311836243
3020,-2.114525991375035,5.237674713134766,0.0,0.0,0.9614270329475403
3021,0.07851807866590477,-7.756840705871582,0.0,0.0,0.9614015221595764
3022,-1.4468006078506412,-2.235883951187134,0.0,0.0,0.9613635540008545
3023,-1.7058589644358286,0.3250410556793213,0.0,0.0,0.9613315463066101
3024,-1.2483207007429271,6.289936542510986,0.0,0.0,0.9613601565361023
3025,-2.0082521829150277,-3.3061177730560303,0.0,0.0,0.9613624215126038
3026,-2.328891741366037,-6.494466781616211,0.0,0.0,0.9613214135169983
3027,-2.379979570117846,2.9703526496887207,0.0,0.0,0.9613196849822998
3028,-0.9960840488255025,1.2439804077148438,0.0,0.0,0.9613247513771057
3029,-1.5223957162722288,2.3472278118133545,0.0,0.0,0.9613482356071472
3030,-2.279362244813646,-5.174322128295898,0.0,0.0,0.9613115787506104
3031,-1.3421015517588213,-5.528093338012695,0.0,0.0,0.9612410664558411
3032,-2.6648953235163297,-0.05815577507019043,0.0,0.0,0.9611773490905762
3033,-1.7038450180198776,-4.13640832901001,0.0,0.0,0.9610536694526672
3034,11.052310496192579,-0.046978116035461426,0.0,0.0,0.9609422087669373
3035,10.023766463119307,-7.015511512756348,0.0,0.0,0.9608071446418762
3036,-1.3044723353802543,7.874871730804443,0.0,0.0,0.96071857213974
3037,9.583507433266519,-0.1222066879272461,0.0,0.0,0.9606380462646484
3038,-1.97378866579726,2.7251181602478027,0.0,0.0,0.9605813026428223
3039,9.501859391769338,1.3952280282974243,0.0,0.0,0.9605381488800049
3040,-1.5835327226056097,3.0878398418426514,0.0,0.0,0.9605198502540588
3041,-2.472374332623013,2.292123794555664,0.0,0.0,0.9605176448822021
3042,-2.324713728185019,-5.881135940551758,0.0,0.0,0.9604820609092712
3043,-2.423162312097726,4.5832200050354,0.0,0.0,0.9604688286781311
3044,-2.3177358452462986,-0.09337115287780762,0.0,0.0,0.9604566693305969
3045,-2.044641121108709,4.316396713256836,0.0,0.0,0.9604790806770325
3046,-1.601397676501944,-4.097659111022949,0.0,0.0,0.9604690670967102
3047,-1.9460651217814453,4.018768310546875,0.0,0.0,0.960512638092041
3048,-1.8540291425870696,3.2698683738708496,0.0,0.0,0.9605629444122314
3049,-2.267957865196788,-10.152057647705078,0.0,0.0,0.9605774283409119
3050,-1.9204106827603733,0.3576626777648926,0.0,0.0,0.9605916142463684
3051,-1.3887795457837875,-2.841890335083008,0.0,0.0,0.9605846405029297
3052,-1.7010926762051153,-1.525464415550232,0.0,0.0,0.9605650901794434
3053,-1.9070198931777407,-3.4872868061065674,0.0,0.0,0.9605281949043274
3054,9.22861844920694,4.5289506912231445,0.0,0.0,0.9605098366737366
3055,-0.9505358660453611,-4.498434066772461,0.0,0.0,0.9604633450508118
3056,-1.4799669554178214,2.709176540374756,0.0,0.0,0.9604312777519226
3057,-1.5425180411903812,-0.8679263591766357,0.0,0.0,0.9603952765464783
3058,-2.575000427530772,-4.3796467781066895,0.0,0.0,0.9603290557861328
3059,-2.3386334956110177,-3.878807544708252,0.0,0.0,0.9602317214012146
3060,-1.8965776287235145,-3.466841697692871,0.0,0.0,0.9601296782493591
3061,-1.7750699570285788,-12.093547821044922,0.0,0.0,0.9599382281303406
3062,10.7289418400143,0.5950742959976196,0.0,0.0,0.9597768783569336
3063,-2.705933126179936,-5.674664497375488,0.0,0.0,0.9595860838890076
3064,-1.7692058400060637,2.0056867599487305,0.0,0.0,0.9594261050224304
3065,-1.9740006878462246,-2.1718263626098633,0.0,0.0,0.9592700004577637
3066,-2.404039928005009,5.686660289764404,0.0,0.0,0.9591577649116516
3067,-2.0665589858392086,5.765305995941162,0.0,0.0,0.9591071009635925
3068,-2.0646775833059543,3.6153979301452637,0.0,0.0,0.9590845704078674
3069,-2.246011889725674,-1.9287018775939941,0.0,0.0,0.9590380191802979
3070,-2.034565551008132,3.803616523742676,0.0,0.0,0.959028422832489
3071,-1.8922467588558918,-5.317387104034424,0.0,0.0,0.9589662551879883
3072,10.624950916815711,8.024563789367676,0.0,0.0,0.9590123295783997
3073,-1.9839626259051197,-5.358011722564697,0.0,0.0,0.9590350985527039
3074,-0.5640568149197107,-6.08042049407959,0.0,0.0,0.9590330719947815
3075,-1.3398835435837955,1.3828778266906738,0.0,0.0,0.9590428471565247
3076,0.6761049990361863,0.04542946815490723,0.0,0.0,0.959051787853241
3077,-1.5786795149611477,11.151723861694336,0.0,0.0,0.9591246247291565
3078,-1.7951840210469372,-3.6046836376190186,0.0,0.0,0.9591400027275085
3079,-2.346508715473848,2.722717523574829,0.0,0.0,0.9592058062553406
3080,10.025776035127071,6.565206050872803,0.0,0.0,0.9593009352684021
3081,-1.6998069760264054,5.2247314453125,0.0,0.0,0.9594221711158752
3082,-2.309096664872087,-0.10221314430236816,0.0,0.0,0.9595300555229187
3083,-2.5884119950279842,0.7470519542694092,0.0,0.0,0.9596338272094727
3084,-2.0313523429474136,-0.3597865104675293,0.0,0.0,0.9597246646881104
3085,-1.966759231010787,2.543867349624634,0.0,0.0,0.9598298072814941
3086,-2.1234789484896326,0.41590869426727295,0.0,0.0,0.9599297642707825
3087,-2.241755797244279,-6.116364479064941,0.0,0.0,0.9599766135215759
3088,-2.231949060047193,1.43088960647583,0.0,0.0,0.9600276947021484
3089,-1.8745047941316095,6.894740104675293,0.0,0.0,0.9601092338562012
3090,-2.114792359815924,-1.0284900665283203,0.0,0.0,0.9601742625236511
3091,-1.7356960059673068,-7.503924369812012,0.0,0.0,0.9601743817329407
3092,11.876911198879046,-3.0082950592041016,0.0,0.0,0.9601588249206543
3093,14.408152876470307,2.08206844329834,0.0,0.0,0.9601590037345886
3094,12.292830814900512,6.8531341552734375,0.0,0.0,0.9601852893829346
3095,-2.2044022129302805,-4.694289684295654,0.0,0.0,0.960193932056427
3096,-1.776866284058878,-9.48816204071045,0.0,0.0,0.9601357579231262
3097,-2.0102761679321937,-1.3041622638702393,0.0,0.0,0.960070788860321
3098,10.467470854676009,-2.3762969970703125,0.0,0.0,0.9600030779838562
3099,-1.3445252106164727,-3.6740338802337646,0.0,0.0,0.9598795771598816
3100,19.508254116040444,6.158156871795654,0.0,0.0,0.9598233103752136
3101,-1.5727194377679372,0.4034883975982666,0.0,0.0,0.9597764015197754
3102,-2.0992043966291076,1.1829147338867188,0.0,0.0,0.9597540497779846
3103,-2.876885842218323,4.849334716796875,0.0,0.0,0.9597582817077637
3104,-2.255006002830588,7.011937618255615,0.0,0.0,0.9597940444946289
3105,-1.5461160005901669,-4.338188648223877,0.0,0.0,0.9597627520561218
3106,-0.807182111298741,-5.907108306884766,0.0,0.0,0.9596757888793945
3107,-1.4520411044838772,1.5385847091674805,0.0,0.0,0.9596087336540222
3108,13.369067117377652,6.784792900085449,0.0,0.0,0.9596225619316101
3109,-2.622398032984834,-5.304535865783691,0.0,0.0,0.9595622420310974
3110,-0.8216965743892226,7.578547477722168,0.0,0.0,0.9595565795898438
3111,-1.2222281640519637,-2.500685691833496,0.0,0.0,0.9595327377319336
3112,-1.7240551931534887,-3.901686668395996,0.0,0.0,0.9594815373420715
3113,-1.8723204774532622,-0.014112710952758789,0.0,0.0,0.9594358801841736
3114,-1.0812159256816893,-2.416109085083008,0.0,0.0,0.9593709111213684
3115,-2.169300093521244,4.144570350646973,0.0,0.0,0.9593407511711121
3116,13.879617919022252,-7.534177780151367,0.0,0.0,0.95926833152771
3117,-2.073819959831247,-0.4986865520477295,0.0,0.0,0.959199845790863
3118,-2.065583016872951,4.800644874572754,0.0,0.0,0.9591709971427917
3119,-1.8125600167415301,6.699422836303711,0.0,0.0,0.9592270851135254
3120,-2.2526586384041996,-1.5516276359558105,0.0,0.0,0.9592692852020264
3121,14.765833725812984,5.577541351318359,0.0,0.0,0.9593618512153625
3122,14.372748755708939,-3.758702039718628,0.0,0.0,0.9594199061393738
3123,18.368594149126338,3.8651485443115234,0.0,0.0,0.9595144391059875
3124,12.842841368354561,0.42601650953292847,0.0,0.0,0.9596052169799805
3125,-1.3671382841785642,3.640240430831909,0.0,0.0,0.9597141146659851
3126,-1.1714519704982418,-2.8187003135681152,0.0,0.0,0.9597814679145813
3127,-1.5621807799753034,4.962251663208008,0.0,0.0,0.9598722457885742
3128,21.721697001518358,6.131130695343018,0.0,0.0,0.9599856734275818
3129,13.028039249410227,-3.0716965198516846,0.0,0.0,0.960074245929718
3130,-0.6422245192128655,-3.5444655418395996,0.0,0.0,0.9601273536682129
3131,14.739386360401276,-3.5491867065429688,0.0,0.0,0.9601641297340393
3132,48.02693707046154,3.740546941757202,0.0,0.0,0.9602171778678894
3133,53.03623203103264,-10.387506484985352,0.0,0.0,0.9602242112159729
3134,-1.7565189007114699,-5.385573387145996,0.0,0.0,0.9601803421974182
3135,-2.158162593048166,3.1287906169891357,0.0,0.0,0.9601593017578125
3136,-2.3043156860183274,0.5340688228607178,0.0,0.0,0.960144579410553
3137,53.23266498465325,3.371851921081543,0.0,0.0,0.960141658782959
3138,48.097626107481865,-1.639418125152588,0.0,0.0,0.9601348042488098
3139,-1.9403882455312194,6.650643825531006,0.0,0.0,0.9601578116416931
3140,-1.9045269173306456,-2.8412675857543945,0.0,0.0,0.9601542353630066
3141,-0.18996666373154492,-3.6991188526153564,0.0,0.0,0.9601318836212158
3142,-1.5404135407892647,2.6793482303619385,0.0,0.0,0.9601247906684875
3143,53.9797490705512,2.5479893684387207,0.0,0.0,0.9601271748542786
3144,63.14551900383021,0.08636093139648438,0.0,0.0,0.9601297378540039
3145,54.06546513470609,-11.912286758422852,0.0,0.0,0.9601009488105774
3146,-1.6544194399920449,2.72945499420166,0.0,0.0,0.960089385509491
3147,-0.990724230162531,2.8685545921325684,0.0,0.0,0.9600951075553894
3148,-1.8737998610197153,1.9080899953842163,0.0,0.0,0.9601110816001892
3149,-0.3784889429577778,-0.6887083053588867,0.0,0.0,0.9601213335990906
3150,73.99788594378188,-10.236787796020508,0.0,0.0,0.960107147693634
3151,162.29674542105,-25.35202407836914,0.0,0.0,0.9600479602813721
3152,-0.6590263922460369,5.193695068359375,0.0,0.0,0.9600294232368469
3153,-1.7818959840119464,2.134584903717041,0.0,0.0,0.960029125213623
3154,-1.749563884827103,-8.275874137878418,0.0,0.0,0.9599618911743164
3155,0.6338439363460013,-6.299194812774658,0.0,0.0,0.9598722457885742
3156,71.27452426489533,-0.5610051155090332,0.0,0.0,0.9597893357276917
3157,148.95693156655707,-3.460753917694092,0.0,0.0,0.9597094058990479
3158,130.20572514133207,14.108375549316406,0.0,0.0,0.9596765041351318
3159,-1.6371812134866455,-0.24261164665222168,0.0,0.0,0.9596442580223083
3160,-0.3114165136574647,16.383563995361328,0.0,0.0,0.9596920013427734
3161,144.90533913831456,9.72809886932373,0.0,0.0,0.9597630500793457
3162,-0.5958125007414381,-3.0458388328552246,0.0,0.0,0.9597980380058289
3163,139.6254310649165,-2.9982333183288574,0.0,0.0,0.959825336933136
3164,141.0088403491625,-3.4408020973205566,0.0,0.0,0.9598367810249329
3165,126.98604090585084,22.935911178588867,0.0,0.0,0.9599013328552246
3166,145.7070211916532,-7.736355304718018,0.0,0.0,0.9599490761756897
3167,-1.5196340413030192,1.7664337158203125,0.0,0.0,0.9600109457969666
3168,-1.275094896137683,-1.582460641860962,0.0,0.0,0.9600591063499451
3169,136.67629920914476,17.416606903076172,0.0,0.0,0.9601290822029114
3170,-2.048645184284239,-4.350541114807129,0.0,0.0,0.9601578712463379
3171,-1.834310774919653,9.003881454467773,0.0,0.0,0.9602174162864685
3172,0.38158774174641863,-2.820195198059082,0.0,0.0,0.960242509841919
3173,-1.48061705776344,3.623427391052246,0.0,0.0,0.9602892994880676
3174,-0.8703865670115876,-5.132984161376953,0.0,0.0,0.9602904915809631
3175,-1.5072863718358678,-6.549361228942871,0.0,0.0,0.9602062106132507
3176,-0.3516025205660036,9.534160614013672,0.0,0.0,0.9601706862449646
3177,-1.25157573582353,-3.9712517261505127,0.0,0.0,0.9601219296455383
3178,-0.794405250523438,1.460099697113037,0.0,0.0,0.9600901007652283
3179,151.68065817072224,-14.482303619384766,0.0,0.0,0.9600396752357483
3180,104.05547247641843,2.397535800933838,0.0,0.0,0.9600019454956055
3181,-0.15494472853775187,2.9668445587158203,0.0,0.0,0.960001528263092
3182,71.4899076989458,-5.585386753082275,0.0,0.0,0.959980309009552
3183,141.34068841015943,33.189353942871094,0.0,0.0,0.960029661655426
3184,-2.0419820368654884,5.77757453918457,0.0,0.0,0.9600964188575745
3185,-2.4520782640058325,2.881254196166992,0.0,0.0,0.9601893424987793
3186,-1.9117975443140658,-3.5132033824920654,0.0,0.0,0.9602462649345398
3187,99.96096184741731,-4.556629180908203,0.0,0.0,0.9602890014648438
3188,-2.177510961769573,6.174355983734131,0.0,0.0,0.9603747725486755
3189,-1.2399051308248898,-4.150385856628418,0.0,0.0,0.9604310989379883
3190,66.79825369371733,-4.978700637817383,0.0,0.0,0.9604538083076477
3191,-1.8462990828945347,10.049402236938477,0.0,0.0,0.9605262279510498
3192,-1.2164410968005555,1.349778175354004,0.0,0.0,0.960608720779419
3193,0.16440083398387495,3.6283841133117676,0.0,0.0,0.9607159495353699
3194,-1.5055483552369375,-3.7311532497406006,0.0,0.0,0.9607681632041931
3195,-0.8353013616724605,10.628634452819824,0.0,0.0,0.9609048366546631
3196,-2.006617971047282,-7.129029273986816,0.0,0.0,0.9609680771827698
3197,-2.1245952831612365,-1.3093971014022827,0.0,0.0,0.9610130190849304
3198,-2.0768815614446847,-0.17226910591125488,0.0,0.0,0.9610522389411926
3199,-2.1682116245212306,2.4037225246429443,0.0,0.0,0.9611037373542786
3200,115.98442529259947,8.641233444213867,0.0,0.0,0.9611597061157227
3201,85.42341662130515,-7.67405891418457,0.0,0.0,0.9611943364143372
3202,-0.9140170578573557,2.876728057861328,0.0,0.0,0.9612494111061096
3203,-1.8353330480311845,3.5892891883850098,0.0,0.0,0.9613431096076965
3204,-1.3211491420359156,1.2304177284240723,0.0,0.0,0.961430013179779
3205,-1.764441383511912,-2.136915445327759,0.0,0.0,0.9614909291267395
3206,-1.5077590935456662,1.7803199291229248,0.0,0.0,0.9615580439567566
3207,-0.3448708370750859,4.479021072387695,0.0,0.0,0.9616460800170898
3208,-0.12482129037045508,-4.726984024047852,0.0,0.0,0.9616804122924805
3209,94.56211967596865,-6.060997009277344,0.0,0.0,0.961676299571991
3210,-1.7083765438196548,-3.0754737854003906,0.0,0.0,0.9616260528564453
3211,99.72554960351593,2.6439614295959473,0.0,0.0,0.9615933299064636
3212,-1.328809958126419,-10.06265926361084,0.0,0.0,0.9614010453224182
3213,-1.3480638362772315,-2.7896809577941895,0.0,0.0,0.961208164691925
3214,-1.5382079930863752,-2.5411441326141357,0.0,0.0,0.9610263705253601
3215,-1.1177828150158189,3.410789966583252,0.0,0.0,0.9608843326568604
3216,-1.7787754849354773,0.8307753801345825,0.0,0.0,0.960763692855835
3217,-1.6854264242960477,4.113362789154053,0.0,0.0,0.9606907963752747
3218,-1.6914928841913717,3.899838447570801,0.0,0.0,0.9606640934944153
3219,-1.981053058565618,3.5472984313964844,0.0,0.0,0.9606836438179016
3220,-1.3939757104501143,7.766301155090332,0.0,0.0,0.9607473015785217
3221,0.4449454297145494,-2.6892549991607666,0.0,0.0,0.9607849717140198
3222,-0.8507227974178215,3.0127294063568115,0.0,0.0,0.9608505368232727
3223,-1.561937087415236,4.033957481384277,0.0,0.0,0.9609344601631165
3224,-0.4451625264960608,-3.7591795921325684,0.0,0.0,0.9609968662261963
3225,-0.8731571876694244,2.8564891815185547,0.0,0.0,0.9610676169395447
3226,103.40206561555205,-8.610761642456055,0.0,0.0,0.9611080288887024
3227,-1.382028613571183,1.8060643672943115,0.0,0.0,0.9611589312553406
3228,-2.0644531798973618,3.0493011474609375,0.0,0.0,0.9612165093421936
3229,99.28711343386196,7.270223617553711,0.0,0.0,0.9612776637077332
3230,-0.7370643753081381,1.67225980758667,0.0,0.0,0.9613466858863831
3231,-0.30604892694976615,9.22687816619873,0.0,0.0,0.9614832997322083
3232,-2.0749206048289675,-0.5506163835525513,0.0,0.0,0.9616034626960754
3233,-1.0930338844960212,-3.721425771713257,0.0,0.0,0.9616866111755371
3234,-2.0858907988199498,-6.532881736755371,0.0,0.0,0.9617230296134949
3235,-0.042248764011864726,9.968490600585938,0.0,0.0,0.9618781208992004
3236,-1.0479091656267971,1.2624003887176514,0.0,0.0,0.9620271325111389
3237,-1.9268059573700271,2.1585710048675537,0.0,0.0,0.9621742367744446
3238,-2.0816994739647967,1.9167892932891846,0.0,0.0,0.9623231887817383
3239,107.84876401696276,8.530889511108398,0.0,0.0,0.9624711871147156
3240,-0.24402917615142639,-2.1464667320251465,0.0,0.0,0.962594211101532
3241,0.15625603829927392,-6.6948089599609375,0.0,0.0,0.9626681208610535
3242,102.70434980633466,0.2575676441192627,0.0,0.0,0.9627352356910706
3243,-0.1990839130403914,4.348153114318848,0.0,0.0,0.9628273844718933
3244,-0.23163170902733943,-3.7691164016723633,0.0,0.0,0.9628725051879883
3245,0.6127737631876817,9.269121170043945,0.0,0.0,0.9629481434822083
3246,-1.6394694458806718,2.4833950996398926,0.0,0.0,0.9630350470542908
3247,-1.7956605383629658,0.263818621635437,0.0,0.0,0.9631152749061584
3248,-1.192769859466283,8.184772491455078,0.0,0.0,0.9632174372673035
3249,-1.2618247315183424,3.632517099380493,0.0,0.0,0.9633300304412842
3250,98.7722667732073,-22.262767791748047,0.0,0.0,0.9633950591087341
3251,-1.4910753274901793,-2.927841901779175,0.0,0.0,0.9633933901786804
3252,-1.8957991853818765,0.5085396766662598,0.0,0.0,0.9633952975273132
3253,-2.229271893239593,-4.277337074279785,0.0,0.0,0.9633548855781555
3254,-1.1312721154614018,5.804028034210205,0.0,0.0,0.9633569121360779
3255,-1.1268229606717945,0.790675163269043,0.0,0.0,0.9633639454841614
3256,108.62590344531743,-3.827296733856201,0.0,0.0,0.9633530974388123
3257,-1.505198364163989,-3.581226348876953,0.0,0.0,0.96333247423172
3258,161.5263799643403,5.1346259117126465,0.0,0.0,0.963324785232544
3259,-1.3864447409185943,0.07580065727233887,0.0,0.0,0.9633185863494873
3260,-1.4595559954813164,0.7027647495269775,0.0,0.0,0.9633151888847351
3261,-0.7383180786818733,-4.918411731719971,0.0,0.0,0.9632868766784668
3262,-0.3414813458926771,-6.436652183532715,0.0,0.0,0.9632319808006287
3263,-1.6545795927101647,1.1919398307800293,0.0,0.0,0.9631881713867188
3264,-0.7682504351336517,0.45058274269104004,0.0,0.0,0.9631537795066833
3265,-1.1544363624743583,0.8844833374023438,0.0,0.0,0.9631319642066956
3266,-0.11690283227336895,1.87498140335083,0.0,0.0,0.9631242752075195
3267,-1.0428170797546663,0.09428524971008301,0.0,0.0,0.9631192684173584
3268,-1.3573792140149148,-8.237771987915039,0.0,0.0,0.963057279586792
3269,-2.24413884559802,-0.9625859260559082,0.0,0.0,0.9629964232444763
3270,-0.9310320952073994,8.461841583251953,0.0,0.0,0.9629670977592468
3271,-1.5634390265659557,4.875128746032715,0.0,0.0,0.9629876017570496
3272,-1.2116113713285184,7.561885356903076,0.0,0.0,0.9630605578422546
3273,-1.34674512179125,7.004863739013672,0.0,0.0,0.9631645083427429
3274,-1.2285860947122398,5.114584445953369,0.0,0.0,0.9632766246795654
3275,-2.0339347140429913,5.168081283569336,0.0,0.0,0.9634115695953369
3276,-1.9731321483723032,-7.378196716308594,0.0,0.0,0.9634777903556824
3277,-1.5420241464380764,5.185360908508301,0.0,0.0,0.9635754227638245
3278,-1.4991208440395747,-2.7660481929779053,0.0,0.0,0.9636518359184265
3279,-1.7602161169651118,-5.823651313781738,0.0,0.0,0.9636898636817932
3280,-0.95503564081254,4.685088157653809,0.0,0.0,0.9637517929077148
3281,-1.2334303495226975,2.3086278438568115,0.0,0.0,0.9638209342956543
3282,-1.3176916712663957,5.478992462158203,0.0,0.0,0.9639176726341248
3283,95.69359966378144,3.7702813148498535,0.0,0.0,0.9640148282051086
3284,-0.5585952115114554,1.6615955829620361,0.0,0.0,0.9641079306602478
3285,54.25517424718738,-7.058716297149658,0.0,0.0,0.964156448841095
3286,-1.561996512709006,2.312384605407715,0.0,0.0,0.9642240405082703
3287,-1.5361104284174816,-4.059139728546143,0.0,0.0,0.9642098546028137
3288,-1.8636089928004895,6.211796760559082,0.0,0.0,0.9642577767372131
3289,-1.6940722872733849,0.12411642074584961,0.0,0.0,0.9643011093139648
3290,-1.1617286466738987,10.835554122924805,0.0,0.0,0.964400053024292
3291,-1.4186232676722326,0.03775739669799805,0.0,0.0,0.9644885659217834
3292,-1.4948105795057587,5.979827404022217,0.0,0.0,0.9646034836769104
3293,-0.3297045313223941,-2.2022018432617188,0.0,0.0,0.9647002816200256
3294,-1.6526010763526093,-4.145135879516602,0.0,0.0,0.9647608399391174
3295,-1.7510333295660976,6.940516471862793,0.0,0.0,0.9648613929748535
3296,-1.9834292855839217,-7.896069049835205,0.0,0.0,0.9649050235748291
3297,0.5298103139400618,-5.322054862976074,0.0,0.0,0.9649156928062439
3298,-1.8551617005664158,-0.7698440551757812,0.0,0.0,0.9649210572242737
3299,-1.4399021210237624,-6.591343402862549,0.0,0.0,0.964893639087677
3300,-1.7931382035080443,3.3852171897888184,0.0,0.0,0.96488356590271
3301,-1.6623007807893353,-0.18914437294006348,0.0,0.0,0.9648721814155579
3302,-1.1631093711815903,-1.617754578590393,0.0,0.0,0.9648454189300537
3303,-0.6747479533564751,0.4087163209915161,0.0,0.0,0.9648253917694092
3304,-1.9559031650061116,2.529745578765869,0.0,0.0,0.9648182392120361
3305,-1.8663135315011241,5.04087495803833,0.0,0.0,0.9648425579071045
3306,-0.3468704251837318,0.3576846122741699,0.0,0.0,0.9648664593696594
3307,-1.4315460520122394,-3.98618745803833,0.0,0.0,0.9648587703704834
3308,-1.6503835751688605,-2.2381134033203125,0.0,0.0,0.9648377299308777
3309,-2.094194255718175,-7.2450714111328125,0.0,0.0,0.9647371768951416
3310,-1.6817169105779695,-3.6244750022888184,0.0,0.0,0.9646022319793701
3311,-1.7589620317423977,-2.9966142177581787,0.0,0.0,0.9644656777381897
3312,-0.8388326733811426,8.415648460388184,0.0,0.0,0.964412271976471
3313,-1.0720526207681662,-1.0770046710968018,0.0,0.0,0.9643592834472656
3314,-1.7765982979864205,-6.391204357147217,0.0,0.0,0.9642853736877441
3315,-2.3556273750761614,-7.253607273101807,0.0,0.0,0.9641839861869812
3316,-1.0453470005841425,5.065216541290283,0.0,0.0,0.9641249775886536
3317,-2.362680781164352,-4.320587158203125,0.0,0.0,0.9640424847602844
3318,-1.4113943287390147,3.6230287551879883,0.0,0.0,0.9639967083930969
3319,-1.6341593886454315,-1.2050762176513672,0.0,0.0,0.9639443755149841
3320,-1.5632920377383355,-9.902570724487305,0.0,0.0,0.963847815990448
3321,-1.6434624674764096,-6.869701385498047,0.0,0.0,0.9636936187744141
3322,-1.0168437002886863,-5.409779071807861,0.0,0.0,0.9635181427001953
3323,-1.738447576488053,-2.1989386081695557,0.0,0.0,0.9633479118347168
3324,-1.0851901240165882,10.331323623657227,0.0,0.0,0.9632413983345032
3325,-1.7547835555982125,7.127407550811768,0.0,0.0,0.9631714224815369
3326,-0.5492964181596793,-4.269248962402344,0.0,0.0,0.9630537033081055
3327,-1.5118647927909001,-6.362252712249756,0.0,0.0,0.9628932476043701
3328,90.74146166156223,1.4115862846374512,0.0,0.0,0.9627534747123718
3329,-1.998495581020416,-7.573288440704346,0.0,0.0,0.9625773429870605
3330,-0.5011131249847558,9.850747108459473,0.0,0.0,0.9624720215797424
3331,1.2078001747753864,-2.6094226837158203,0.0,0.0,0.9623625874519348
3332,0.9223319141930222,-8.013679504394531,0.0,0.0,0.9622146487236023
3333,-1.3211242564432117,-7.025884628295898,0.0,0.0,0.9620339274406433
3334,-1.0576329822295725,-6.806839466094971,0.0,0.0,0.9618198275566101
3335,-2.2241292710817815,2.486462116241455,0.0,0.0,0.96164470911026
3336,-0.8861085152300316,-13.353801727294922,0.0,0.0,0.9614270329475403
3337,-0.6168711519403918,12.073845863342285,0.0,0.0,0.9612730145454407
3338,-0.4774934724221185,4.527674674987793,0.0,0.0,0.9611664414405823
3339,-0.47255981917599077,-3.7886595726013184,0.0,0.0,0.961037814617157
3340,-1.5853479064325073,-10.610358238220215,0.0,0.0,0.9608802795410156
3341,-1.3896883447221435,-2.8424696922302246,0.0,0.0,0.9607093930244446
3342,-0.586062466250926,7.148146152496338,0.0,0.0,0.9605937600135803
3343,-2.2002373658641643,-1.251418113708496,0.0,0.0,0.9604780077934265
3344,-1.2562746685000998,-8.093209266662598,0.0,0.0,0.960300862789154
3345,-1.0883886913380907,-2.7239670753479004,0.0,0.0,0.9601182341575623
3346,-1.6065566926169665,-7.285943984985352,0.0,0.0,0.9599084854125977
3347,-1.983588540193858,-2.760241985321045,0.0,0.0,0.9596867561340332
3348,-1.3293536295431985,1.2683656215667725,0.0,0.0,0.9595050811767578
3349,-1.8895522436905348,3.4896669387817383,0.0,0.0,0.959357738494873
3350,-1.5279243549941952,-0.4748070240020752,0.0,0.0,0.9592228531837463
3351,-1.6096384406065742,-1.371923565864563,0.0,0.0,0.9590889811515808
3352,-1.291639565530961,3.236346483230591,0.0,0.0,0.9589808583259583
3353,-2.1547951639453498,1.5402358770370483,0.0,0.0,0.9588997960090637
3354,-0.2924381029903689,-2.5376574993133545,0.0,0.0,0.9587996006011963
3355,-1.2816006933642572,6.46782112121582,0.0,0.0,0.9587435722351074
3356,-2.1459894671820923,-8.41386604309082,0.0,0.0,0.958585262298584
3357,-2.3018312059301245,0.198988676071167,0.0,0.0,0.9584436416625977
3358,-1.551563267246099,3.071101665496826,0.0,0.0,0.9583423137664795
3359,-1.708888822742725,-2.966989755630493,0.0,0.0,0.958226203918457
3360,0.006826685087114814,-1.4356751441955566,0.0,0.0,0.9581165909767151
3361,-0.3196630332092951,-0.1341562271118164,0.0,0.0,0.9580171704292297
3362,0.029651111718522305,1.206407904624939,0.0,0.0,0.9579355716705322
3363,-1.0425320196408732,6.502251625061035,0.0,0.0,0.9579582214355469
3364,-1.2920415121899238,0.08420920372009277,0.0,0.0,0.9579785466194153
3365,-1.7581031863664263,0.9620442390441895,0.0,0.0,0.9580004215240479
3366,-1.4856966900670605,-7.87686824798584,0.0,0.0,0.9579504132270813
3367,-0.6828939360863462,6.112744331359863,0.0,0.0,0.9579456448554993
3368,0.02792459335671138,2.9222161769866943,0.0,0.0,0.9579636454582214
3369,-0.34756164573466686,12.453086853027344,0.0,0.0,0.9580998420715332
3370,-0.30466226179879774,-1.7064964771270752,0.0,0.0,0.9582015872001648
3371,0.6553331054424598,-6.849388122558594,0.0,0.0,0.9582327008247375
3372,1.2299025271237722,-1.6673128604888916,0.0,0.0,0.9582510590553284
3373,-1.61090751255097,-10.95544147491455,0.0,0.0,0.9582342505455017
3374,-1.5879903804641464,-2.3244476318359375,0.0,0.0,0.958193838596344
3375,0.007363138241135658,-0.8196077346801758,0.0,0.0,0.9581518769264221
3376,-1.875080316155138,-3.99234676361084,0.0,0.0,0.9580919146537781
3377,-1.0020793736822218,-1.9552052021026611,0.0,0.0,0.9580278396606445
3378,0.25817092854198087,-0.47638118267059326,0.0,0.0,0.9579671025276184
3379,-1.0887441344209419,6.24248743057251,0.0,0.0,0.9579526782035828
3380,-0.24569385733141114,0.13858389854431152,0.0,0.0,0.9579405784606934
3381,-0.4562168237726445,-3.2095162868499756,0.0,0.0,0.9579189419746399
3382,-0.8356415639110863,7.833014488220215,0.0,0.0,0.9579454064369202
3383,-1.1738452302673406,-3.0735058784484863,0.0,0.0,0.9579373002052307
3384,-1.98384111624068,-0.9236092567443848,0.0,0.0,0.9579253196716309
3385,-0.7985710982912799,-5.412662506103516,0.0,0.0,0.9578578472137451
3386,-2.0452604591583365,1.2176690101623535,0.0,0.0,0.9578067660331726
3387,-1.6448578166550054,5.913848400115967,0.0,0.0,0.9578074812889099
3388,-1.415608487755532,-0.49008941650390625,0.0,0.0,0.9578047394752502
3389,-1.5957982084054552,-2.7516369819641113,0.0,0.0,0.9577903151512146
3390,0.5107869551292317,-1.7336840629577637,0.0,0.0,0.957763135433197
3391,-1.095529103126621,-4.882328033447266,0.0,0.0,0.9577048420906067
3392,-1.6869546805810167,-2.5150861740112305,0.0,0.0,0.9576413035392761
3393,0.12699018345761104,-0.8699235916137695,0.0,0.0,0.9575794339179993
3394,-0.7995696163600146,1.1728522777557373,0.0,0.0,0.9575285911560059
3395,-1.0719398293066495,2.1953113079071045,0.0,0.0,0.9574885368347168
3396,0.07307969744216702,0.8910994529724121,0.0,0.0,0.957457959651947
3397,-0.5063729631840048,6.4787702560424805,0.0,0.0,0.9575099945068359
3398,0.9073885349562087,-4.5918474197387695,0.0,0.0,0.9575197696685791
3399,-0.8023405948287978,6.370031356811523,0.0,0.0,0.9575565457344055
3400,-0.6460738665569341,-7.038278102874756,0.0,0.0,0.9575534462928772
3401,0.7284247533143406,-0.1525726318359375,0.0,0.0,0.9575496315956116
3402,-0.3174591498878958,-0.11779117584228516,0.0,0.0,0.9575457572937012
3403,0.29145389336363836,-1.7383825778961182,0.0,0.0,0.9575340747833252
3404,-0.9023487664696586,-4.232094764709473,0.0,0.0,0.9574885964393616
3405,0.8124075828630442,0.9726247787475586,0.0,0.0,0.9574607014656067
3406,1.3872766497266729,0.9827520847320557,0.0,0.0,0.9574494957923889
3407,0.746365864859043,3.9008255004882812,0.0,0.0,0.9574899077415466
3408,-0.23649097153460508,4.24167537689209,0.0,0.0,0.9575846791267395
3409,1.2478398764864345,2.7875866889953613,0.0,0.0,0.9576995372772217
3410,0.14890807531695094,5.447920799255371,0.0,0.0,0.9578368067741394
3411,1.673709442611454,-5.44379186630249,0.0,0.0,0.9579043984413147
3412,1.947079590566281,-5.426197052001953,0.0,0.0,0.9579078555107117
3413,0.012031432299637324,-1.1501059532165527,0.0,0.0,0.9578971862792969
3414,0.7219837691050277,4.275279521942139,0.0,0.0,0.9579172134399414
3415,1.549983447376989,1.3224120140075684,0.0,0.0,0.9579450488090515
3416,-0.6636741615147841,3.9704322814941406,0.0,0.0,0.9580034613609314
3417,1.5685012333038362,-0.42645907402038574,0.0,0.0,0.9580523371696472
3418,0.6612506449883022,0.034146785736083984,0.0,0.0,0.9580974578857422
3419,0.8832096627586732,-4.0645060539245605,0.0,0.0,0.9580796360969543
3420,0.45579946614793254,7.984741687774658,0.0,0.0,0.9581196904182434
3421,-1.3432637769287308,2.2489397525787354,0.0,0.0,0.9581670165061951
3422,0.9446726735434314,-5.684304714202881,0.0,0.0,0.9581664204597473
3423,-0.8414041656029594,-4.245978355407715,0.0,0.0,0.958143413066864
3424,-1.6092409171827178,0.12375807762145996,0.0,0.0,0.9581219553947449
3425,-1.0760901720905738,-5.279951095581055,0.0,0.0,0.9580445885658264
3426,-2.089247034735351,5.235967636108398,0.0,0.0,0.9580173492431641
3427,-1.9367211423239135,3.0654165744781494,0.0,0.0,0.9580108523368835
3428,-1.305976819847252,-5.0391316413879395,0.0,0.0,0.9579190611839294
3429,-0.7695021382005138,-4.951515197753906,0.0,0.0,0.9577960968017578
3430,-1.9209109579984835,-6.917393684387207,0.0,0.0,0.9576491713523865
3431,53.11101938963521,5.630182266235352,0.0,0.0,0.9575502276420593
3432,-0.9091639329147312,-3.273587226867676,0.0,0.0,0.9574419856071472
3433,-0.8253605149960184,0.48378634452819824,0.0,0.0,0.9573512077331543
3434,-0.8699930135526719,-9.45893669128418,0.0,0.0,0.9571933746337891
3435,0.8567216399151494,-2.595141649246216,0.0,0.0,0.9570147395133972
3436,-1.7840694093594307,-2.102438449859619,0.0,0.0,0.956840991973877
3437,0.32273129373522225,1.1847167015075684,0.0,0.0,0.9566910266876221
3438,-0.0891384553471628,-1.477694034576416,0.0,0.0,0.9565457701683044
3439,1.065866243225307,-6.941685199737549,0.0,0.0,0.9563524127006531
3440,49.88707108564554,10.096663475036621,0.0,0.0,0.9562349319458008
3441,-0.8962595085026508,-5.685862064361572,0.0,0.0,0.9560878276824951
3442,2.235566449868333,-2.275801420211792,0.0,0.0,0.9559305310249329
3443,1.7851123356633956,-1.2541141510009766,0.0,0.0,0.955778181552887
3444,1.9504696485301771,4.865427017211914,0.0,0.0,0.955706775188446
3445,0.7634248283180916,-2.531223773956299,0.0,0.0,0.9556164145469666
3446,1.481627560355347,-1.7249889373779297,0.0,0.0,0.955517590045929
3447,2.0723474883171336,7.666243553161621,0.0,0.0,0.9555127024650574
3448,1.9732259589272054,-2.5932486057281494,0.0,0.0,0.9554751515388489
3449,1.616989934677127,-0.7275149822235107,0.0,0.0,0.9554217457771301
3450,3.1668477776181656,2.706690549850464,0.0,0.0,0.955402672290802
3451,0.9190916937675726,-3.69682240486145,0.0,0.0,0.9553356170654297
3452,2.2429123956303356,-0.5365281105041504,0.0,0.0,0.9552708268165588
3453,0.10791084033751863,2.0786919593811035,0.0,0.0,0.9552356600761414
3454,49.065102873855345,4.728826522827148,0.0,0.0,0.9552406668663025
3455,3.566992762179553,1.99847412109375,0.0,0.0,0.955272376537323
3456,3.432133027010393,1.6222705841064453,0.0,0.0,0.9553227424621582
3457,0.8249628885539286,3.4298274517059326,0.0,0.0,0.9554045796394348
3458,43.492775814952736,0.8303816318511963,0.0,0.0,0.9554819464683533
3459,2.612235520146367,-6.287521839141846,0.0,0.0,0.9555030465126038
3460,1.2179872080611074,-4.194758892059326,0.0,0.0,0.9554533362388611
3461,1.275356272008095,-1.9960944652557373,0.0,0.0,0.955388069152832
3462,2.3660554506973663,-1.8412606716156006,0.0,0.0,0.9553125500679016
3463,1.0511731879881676,8.506912231445312,0.0,0.0,0.9553501009941101
3464,2.7180565095305536,2.973249912261963,0.0,0.0,0.9554216265678406
3465,0.6177224463174615,1.781562328338623,0.0,0.0,0.9555261731147766
3466,2.643842746932771,-3.888490915298462,0.0,0.0,0.9555761218070984
3467,0.8483725944285234,-4.45803165435791,0.0,0.0,0.9555954933166504
3468,1.5997406026124268,6.565208435058594,0.0,0.0,0.9556522369384766
3469,-0.6038062978129242,-2.8652384281158447,0.0,0.0,0.9556421637535095
3470,-0.23388406888343072,-5.440103530883789,0.0,0.0,0.9555709362030029
3471,-0.4689550570701204,3.2871670722961426,0.0,0.0,0.9555366635322571
3472,-1.2204911997930517,-3.4346797466278076,0.0,0.0,0.9554753303527832
3473,-0.2448371626505521,-0.8170080184936523,0.0,0.0,0.9554138779640198
3474,-2.1340876812718226,3.181492328643799,0.0,0.0,0.955389678478241
3475,-1.0560070905808634,-0.8712530136108398,0.0,0.0,0.9553632736206055
3476,51.285871949364946,-3.3481554985046387,0.0,0.0,0.9553256034851074
3477,-0.40469723261412693,-4.871811866760254,0.0,0.0,0.9552373290061951
3478,2.491731376615958,4.537181854248047,0.0,0.0,0.9552001357078552
3479,-0.8245311237080808,-1.4984359741210938,0.0,0.0,0.9551494717597961
3480,0.6541900731789743,2.9119648933410645,0.0,0.0,0.9551274180412292
3481,-1.2590885309992013,-0.18744468688964844,0.0,0.0,0.9551066756248474
3482,-0.08506188739919507,-2.0812482833862305,0.0,0.0,0.9550701975822449
3483,-1.4036941768588485,4.055745601654053,0.0,0.0,0.9550604820251465
3484,-1.436383763345706,-3.960190773010254,0.0,0.0,0.9550309777259827
3485,-0.5875148993719665,4.393001079559326,0.0,0.0,0.955051839351654
3486,-2.254116072436294,4.180096626281738,0.0,0.0,0.9551120400428772
3487,1.6884027746596204,4.488619804382324,0.0,0.0,0.9551878571510315
3488,-0.8714765764299661,3.508659839630127,0.0,0.0,0.9552814960479736
3489,-1.2609843475100955,1.2097430229187012,0.0,0.0,0.955378532409668
3490,0.3434674729367915,2.339686393737793,0.0,0.0,0.9554964900016785
3491,-1.8427043268373198,3.529271125793457,0.0,0.0,0.9556289315223694
3492,-0.0702699314400359,-2.1154112815856934,0.0,0.0,0.9557320475578308
3493,-0.6962378144045236,-10.045791625976562,0.0,0.0,0.9557552933692932
3494,-0.8189942624019324,0.5247719287872314,0.0,0.0,0.9557819366455078
3495,-0.47030043250842724,1.3572592735290527,0.0,0.0,0.9558191299438477
3496,-0.9320553794158766,-15.043764114379883,0.0,0.0,0.9557827115058899
3497,-1.1553220956151726,-0.8312902450561523,0.0,0.0,0.9557444453239441
3498,-2.6685370007799367,-1.9192025661468506,0.0,0.0,0.9556987285614014
3499,-0.40234939693817795,0.6389589309692383,0.0,0.0,0.9556674957275391
3500,-1.321007286931931,-0.6254255771636963,0.0,0.0,0.9556359648704529
3501,-2.2443147325232564,6.01527738571167,0.0,0.0,0.9556528925895691
3502,-2.5475252828073147,-6.585495948791504,0.0,0.0,0.9556328654289246
3503,-1.6840421572033861,1.636099100112915,0.0,0.0,0.9556317329406738
3504,-2.068928271537022,1.1825664043426514,0.0,0.0,0.955641508102417
3505,-2.548732645647385,2.7928309440612793,0.0,0.0,0.9556706547737122
3506,-2.239631239875554,-5.844000816345215,0.0,0.0,0.9556257724761963
3507,174.5497697035861,3.3509063720703125,0.0,0.0,0.9555947780609131
3508,-2.114215911813899,-8.574577331542969,0.0,0.0,0.9555107951164246
3509,-1.7059689917036267,3.570443868637085,0.0,0.0,0.9554532170295715
3510,-1.5812925445927988,1.2298870086669922,0.0,0.0,0.955410897731781
3511,-2.69089670788724,-4.060013294219971,0.0,0.0,0.9553411602973938
3512,-2.0669309649765513,9.688755989074707,0.0,0.0,0.9553670883178711
3513,-1.8310990140986048,-4.5891499519348145,0.0,0.0,0.9553704857826233
3514,-2.7832408148408243,-0.8294613361358643,0.0,0.0,0.9553706645965576
3515,-2.1402515565382383,-7.994718551635742,0.0,0.0,0.9553214907646179
3516,-2.6184238965490856,-10.156042098999023,0.0,0.0,0.9552059173583984
3517,-0.8548618100773111,3.5945048332214355,0.0,0.0,0.9551196694374084
3518,-2.8238078762980843,2.763017177581787,0.0,0.0,0.9550914168357849
3519,-1.4507416491516092,4.36636209487915,0.0,0.0,0.9550979733467102
3520,-2.7427592224857236,-4.999922752380371,0.0,0.0,0.9550735950469971
3521,-2.4369672187549356,-6.171845436096191,0.0,0.0,0.9550125598907471
3522,222.5624638373058,-15.036348342895508,0.0,0.0,0.9549209475517273
3523,-1.1451833844497634,7.932785987854004,0.0,0.0,0.9548854827880859
3524,-3.1378436040252926,-0.2048625946044922,0.0,0.0,0.954850435256958
3525,-1.5282394406120263,-2.9688735008239746,0.0,0.0,0.9547917246818542
3526,-1.6954698949291538,5.905386924743652,0.0,0.0,0.9547725319862366
3527,-2.935453784625745,-2.3436896800994873,0.0,0.0,0.9547359347343445
3528,-2.1372827717115035,1.7018659114837646,0.0,0.0,0.954719066619873
3529,-2.858856777638409,-2.831357955932617,0.0,0.0,0.9546747803688049
3530,-2.117620900873521,-11.498894691467285,0.0,0.0,0.9545831084251404
3531,-1.293739584518688,0.7918953895568848,0.0,0.0,0.9545073509216309
3532,-3.197385235432715,5.555417060852051,0.0,0.0,0.954503059387207
3533,-2.4517193485666624,4.556248664855957,0.0,0.0,0.9545252919197083
3534,-2.975561953282,1.702005386352539,0.0,0.0,0.9545601010322571
3535,-2.7059480802941316,4.1784162521362305,0.0,0.0,0.954615592956543
3536,-3.13804600005099,1.2267873287200928,0.0,0.0,0.9546759724617004
3537,-2.201826823072068,-1.2625842094421387,0.0,0.0,0.9547242522239685
3538,-3.112079624651177,-0.8283727169036865,0.0,0.0,0.9547629356384277
3539,-2.7160413962422534,0.34586548805236816,0.0,0.0,0.9547997117042542
3540,-2.8670394970819517,-0.9256612062454224,0.0,0.0,0.9548256993293762
3541,-3.0149479063615288,-0.9717609882354736,0.0,0.0,0.9548444747924805
3542,-0.8168830673826253,7.986752033233643,0.0,0.0,0.954910933971405
3543,-1.1854995485800854,-0.3451192378997803,0.0,0.0,0.9549654126167297
3544,-1.0031615287128948,12.990888595581055,0.0,0.0,0.9550893306732178
3545,-2.508577213300285,-6.257040023803711,0.0,0.0,0.9551649689674377
3546,-2.2310506590933707,6.188144683837891,0.0,0.0,0.9552695751190186
3547,-3.2336597219789294,-3.8371965885162354,0.0,0.0,0.9553272724151611
3548,-2.6636692095187433,5.011956214904785,0.0,0.0,0.9554101824760437
3549,-2.319137382357246,-9.718759536743164,0.0,0.0,0.9553582668304443
3550,-2.113261535368317,-12.486703872680664,0.0,0.0,0.9552278518676758
3551,-3.0854279430356026,4.614533424377441,0.0,0.0,0.9551296234130859
3552,-3.0805589956657107,-3.4473891258239746,0.0,0.0,0.9550206065177917
3553,-2.746965763072037,-12.107463836669922,0.0,0.0,0.9548303484916687
3554,-3.1003958152108946,0.24356293678283691,0.0,0.0,0.9546618461608887
3555,-1.4953460026083865,-3.267000913619995,0.0,0.0,0.9544852375984192
3556,-2.6513943315932123,-7.6226887702941895,0.0,0.0,0.9542619585990906
3557,-2.8518950215550367,1.8435966968536377,0.0,0.0,0.9540774822235107
3558,-1.254917267354573,-10.193284034729004,0.0,0.0,0.9538545608520508
3559,-2.8390520443559755,1.4650249481201172,0.0,0.0,0.9536643624305725
3560,-2.9484463945248436,5.228560447692871,0.0,0.0,0.9535458087921143
3561,-2.8807102032620153,-4.321655750274658,0.0,0.0,0.9534067511558533
3562,-2.842335896262594,1.5197254419326782,0.0,0.0,0.9532938003540039
3563,-2.63767590884851,13.454723358154297,0.0,0.0,0.9532952308654785
3564,-3.1783256058784035,3.8501367568969727,0.0,0.0,0.9533460736274719
3565,-2.7785250921209057,-5.32857608795166,0.0,0.0,0.953360378742218
3566,-2.052628762537987,14.64539623260498,0.0,0.0,0.9534569382667542
3567,-3.0653780891554203,0.3033149242401123,0.0,0.0,0.9535456299781799
3568,-2.319804300044661,5.097824573516846,0.0,0.0,0.9537038207054138
3569,-2.6670402181814366,-3.1221344470977783,0.0,0.0,0.9538257122039795
3570,-2.656571487402343,-5.606551170349121,0.0,0.0,0.9538914561271667
3571,-2.8511230699917736,-5.2845611572265625,0.0,0.0,0.9539240002632141
3572,-3.187896057965558,-3.3718185424804688,0.0,0.0,0.9539254307746887
3573,-1.635468931014775,-2.425471067428589,0.0,0.0,0.9539100527763367
3574,-2.438960769043388,-3.054204225540161,0.0,0.0,0.9538441300392151
3575,-2.6976942474580774,3.081212043762207,0.0,0.0,0.9538047909736633
3576,-2.5572151599853767,-4.403122901916504,0.0,0.0,0.9537472724914551
3577,-3.136078307098328,0.4401688575744629,0.0,0.0,0.9536991715431213
3578,-2.1305920683393724,3.1585803031921387,0.0,0.0,0.9536885619163513
3579,-2.1957057212289666,1.695955514907837,0.0,0.0,0.9536986351013184
3580,-3.4102530992849722,4.761548042297363,0.0,0.0,0.9537667632102966
3581,-2.9742430553536234,2.3277761936187744,0.0,0.0,0.9538387656211853
3582,-2.143821907876619,3.262340784072876,0.0,0.0,0.9539217948913574
3583,-2.5244279568458143,-0.6465620994567871,0.0,0.0,0.9539861679077148
3584,-2.268248191052254,-3.21647047996521,0.0,0.0,0.9539924263954163
3585,-2.51746190106439,5.538117408752441,0.0,0.0,0.9540309309959412
3586,-2.3961807408231284,-3.2881569862365723,0.0,0.0,0.954056978225708
3587,-2.9870811131963277,-5.521733283996582,0.0,0.0,0.9540176391601562
3588,-2.247838413014413,1.630131483078003,0.0,0.0,0.9539937973022461
3589,-2.15156616052741,5.238994598388672,0.0,0.0,0.954029381275177
3590,-3.003979829970193,-3.052424907684326,0.0,0.0,0.954010546207428
3591,-2.1579941165092156,-2.807882308959961,0.0,0.0,0.9539766907691956
3592,-2.9157570862348603,-9.809699058532715,0.0,0.0,0.9538509249687195
3593,-1.6121781382717724,6.158986568450928,0.0,0.0,0.9537985920906067
3594,-2.3764560028549653,-2.966290235519409,0.0,0.0,0.9537143707275391
3595,-2.528905591352859,-8.280426025390625,0.0,0.0,0.9535586833953857
3596,-2.863516807805167,7.950204849243164,0.0,0.0,0.9534863829612732
3597,-2.8646737102354516,-2.7760009765625,0.0,0.0,0.9533892273902893
3598,-2.604644502834346,4.86745548248291,0.0,0.0,0.9533496499061584
3599,-2.7139886538483857,1.9689936637878418,0.0,0.0,0.9533413052558899
3600,-2.9339438653599768,-1.4748928546905518,0.0,0.0,0.9533202052116394
3601,-2.8392602244470666,1.4993815422058105,0.0,0.0,0.9533103108406067
3602,-2.5085116567979417,-2.6971170902252197,0.0,0.0,0.9532878994941711
3603,-3.165270331374528,-4.282220840454102,0.0,0.0,0.9532451629638672
3604,-2.677072395259178,0.8785862922668457,0.0,0.0,0.9532131552696228
3605,-2.9496075654635634,-7.124936103820801,0.0,0.0,0.9531283974647522
3606,-2.518649124125744,-0.9645481109619141,0.0,0.0,0.9530439376831055
3607,-3.308381185336236,-2.859922170639038,0.0,0.0,0.9529300332069397
3608,-3.4226880040060172,-4.479557037353516,0.0,0.0,0.9527841210365295
3609,-2.3033567661355945,-6.087953090667725,0.0,0.0,0.9526128768920898
3610,-2.9864922072096842,15.618246078491211,0.0,0.0,0.9525271058082581
3611,-3.01165842239633,-8.108325958251953,0.0,0.0,0.9524128437042236
3612,-3.17521561989731,-3.6031880378723145,0.0,0.0,0.9522829055786133
3613,-3.306738892940296,-10.118462562561035,0.0,0.0,0.952080249786377
3614,-2.415024018792658,2.3690850734710693,0.0,0.0,0.9519197344779968
3615,-2.8533386351701004,-5.231759071350098,0.0,0.0,0.9517457485198975
3616,-2.5652678902180748,-4.707399368286133,0.0,0.0,0.951557457447052
3617,-2.957304828891507,6.595326900482178,0.0,0.0,0.9514108300209045
3618,-3.255049131147988,0.464033842086792,0.0,0.0,0.9512824416160583
3619,-2.572541141902419,-5.8568196296691895,0.0,0.0,0.9511306881904602
3620,-2.0068500104602887,6.962434768676758,0.0,0.0,0.9510394930839539
3621,-2.7707652912325687,-7.8773956298828125,0.0,0.0,0.9509152770042419
3622,-3.298984356140867,12.962629318237305,0.0,0.0,0.9508945941925049
3623,-2.805994159877313,7.620957374572754,0.0,0.0,0.9509595036506653
3624,-2.59571225230527,-6.196824073791504,0.0,0.0,0.9509787559509277
3625,-1.588904441396709,7.637454986572266,0.0,0.0,0.9510448575019836
3626,-3.191134205697473,-3.2699673175811768,0.0,0.0,0.9510748982429504
3627,-2.782298993693452,2.182500123977661,0.0,0.0,0.951116144657135
3628,-1.070614350149077,7.613245487213135,0.0,0.0,0.95122891664505
3629,-3.1048679150027514,1.469721794128418,0.0,0.0,0.9513435959815979
3630,-2.7804991036210147,-6.957159042358398,0.0,0.0,0.9513968825340271
3631,-2.7075309449053373,0.7448785305023193,0.0,0.0,0.9514527320861816
3632,-3.3698419710848864,1.1035678386688232,0.0,0.0,0.9515166878700256
3633,-3.0392451807716196,-1.562166690826416,0.0,0.0,0.9515516757965088
3634,-2.8794656689885425,-1.585191249847412,0.0,0.0,0.9515687823295593
3635,-3.2844094343284773,-3.3266751766204834,0.0,0.0,0.9515566229820251
3636,-3.1802552610189956,6.727909088134766,0.0,0.0,0.9515835642814636
3637,-3.207057250602952,3.4569618701934814,0.0,0.0,0.9516358971595764
3638,-2.549748210237058,0.17465591430664062,0.0,0.0,0.9516849517822266
3639,-2.92301723111833,-2.8796746730804443,0.0,0.0,0.9517018795013428
3640,-2.851485106221496,-5.421015739440918,0.0,0.0,0.9516780376434326
3641,-2.1775016106489904,0.8604331016540527,0.0,0.0,0.9516631960868835
3642,-2.438654250063958,9.930383682250977,0.0,0.0,0.9517233967781067
3643,-3.4873365260484173,1.7851901054382324,0.0,0.0,0.9517930150032043
3644,-2.9250612168769843,-1.6841768026351929,0.0,0.0,0.9518375396728516
3645,-2.4370790518862213,2.968360424041748,0.0,0.0,0.9518916010856628
3646,-2.9559306422927656,-1.6802151203155518,0.0,0.0,0.9519253373146057
3647,-2.338404899548241,-3.398042678833008,0.0,0.0,0.951877772808075
3648,-2.13709775302577,-0.8673574924468994,0.0,0.0,0.9518277049064636
3649,-2.0648162419992566,5.351406097412109,0.0,0.0,0.9518106579780579
3650,-3.149487022869531,0.7480025291442871,0.0,0.0,0.9518000483512878
3651,-2.9651689274969852,2.4031906127929688,0.0,0.0,0.9518044590950012
3652,-2.5960562288101174,-2.3164238929748535,0.0,0.0,0.9517920017242432
3653,-2.9587014324399465,1.7004332542419434,0.0,0.0,0.951790988445282
3654,-2.421322176442011,-1.1880781650543213,0.0,0.0,0.9517788290977478
3655,-2.558879232993166,-1.0584934949874878,0.0,0.0,0.9517614245414734
3656,-2.330864544012692,-2.6979551315307617,0.0,0.0,0.9517154693603516
3657,-2.29385673709978,9.099905967712402,0.0,0.0,0.9517402648925781
3658,-3.1151440086009266,-3.7212061882019043,0.0,0.0,0.9517300128936768
3659,-2.450842562798387,-1.908166766166687,0.0,0.0,0.9517015814781189
3660,0.38151528275460933,0.7507321834564209,0.0,0.0,0.9516815543174744
3661,-2.688531163043189,4.949845790863037,0.0,0.0,0.9517093300819397
3662,-1.5941038144340343,-9.553464889526367,0.0,0.0,0.9516896605491638
3663,-3.554430366570828,0.7028982639312744,0.0,0.0,0.9516770839691162
3664,2.626158343791792,-2.5875213146209717,0.0,0.0,0.9516474604606628
3665,-2.54681926957637,-3.090582847595215,0.0,0.0,0.9516000747680664
3666,-2.228758316093354,-2.476595640182495,0.0,0.0,0.9515366554260254
3667,-2.9807347658874206,-1.7921252250671387,0.0,0.0,0.9514679908752441
3668,-2.993854555797089,-10.80978775024414,0.0,0.0,0.951348602771759
3669,-2.7106407690924748,-3.3962955474853516,0.0,0.0,0.951214611530304
3670,-3.2225017434735452,-1.0534989833831787,0.0,0.0,0.95108562707901
3671,-2.6546002020338473,7.683590888977051,0.0,0.0,0.9510340690612793
3672,-2.4329957438914924,0.17915594577789307,0.0,0.0,0.9509899616241455
3673,-0.7133993673073951,-3.9757394790649414,0.0,0.0,0.9508986473083496
3674,-1.9530237975658267,-4.93879508972168,0.0,0.0,0.9507552981376648
3675,-2.027307303333122,-4.3240132331848145,0.0,0.0,0.9505783915519714
3676,0.03953215106740848,1.1652321815490723,0.0,0.0,0.9504382610321045
3677,0.21470156362608384,-0.14802026748657227,0.0,0.0,0.950311005115509
3678,-1.2198367864512085,2.1280622482299805,0.0,0.0,0.9502450823783875
3679,-2.3182696434010106,-6.629948616027832,0.0,0.0,0.9501325488090515
3680,-2.9786384270085353,-5.983959197998047,0.0,0.0,0.9499760270118713
3681,-2.3402696563812224,-1.2422854900360107,0.0,0.0,0.9498243927955627
3682,0.9041841407738069,0.3417375087738037,0.0,0.0,0.9496937394142151
3683,2.61879932933278,0.7540156841278076,0.0,0.0,0.9495840668678284
3684,1.3748099114990722,-1.4588029384613037,0.0,0.0,0.949467122554779
3685,-0.831834594973238,8.811244010925293,0.0,0.0,0.9494549632072449
3686,1.7260263768300095,-9.116569519042969,0.0,0.0,0.9493518471717834
3687,-1.1278674446604646,1.517444133758545,0.0,0.0,0.9492796063423157
3688,-1.278283418591905,-4.046535015106201,0.0,0.0,0.949162483215332
3689,1.9093007179274573,-4.955348014831543,0.0,0.0,0.9489932060241699
3690,0.8176857928795973,1.0166635513305664,0.0,0.0,0.9488659501075745
3691,1.8905399606735498,-0.38946986198425293,0.0,0.0,0.9487479329109192
3692,0.7431394920297463,3.5183300971984863,0.0,0.0,0.9486784934997559
3693,2.830593209838504,-0.4818713665008545,0.0,0.0,0.9486104846000671
3694,1.152146643148304,-2.9586000442504883,0.0,0.0,0.9484817981719971
3695,0.9866166821632094,4.5223588943481445,0.0,0.0,0.948398768901825
3696,0.17204979017186317,-2.891495704650879,0.0,0.0,0.9482999444007874
3697,-2.0654507193776808,-4.8424882888793945,0.0,0.0,0.9481880068778992
3698,0.42831642346298016,1.0534250736236572,0.0,0.0,0.9480946063995361
3699,1.1478960829935634,1.4957566261291504,0.0,0.0,0.9480288028717041
3700,-1.7221090336028773,2.778074264526367,0.0,0.0,0.9479859471321106
3701,-2.9943069835263723,-0.4712989330291748,0.0,0.0,0.947942316532135
3702,0.6437988674940709,-1.0888910293579102,0.0,0.0,0.9478960037231445
3703,-3.078168205261048,-4.850834846496582,0.0,0.0,0.9478154182434082
3704,-2.116801854886126,1.8771030902862549,0.0,0.0,0.9477546215057373
3705,0.09593626190907001,-4.532425880432129,0.0,0.0,0.9476528763771057
3706,-2.8806741554702135,8.286316871643066,0.0,0.0,0.9476358294487
3707,-2.9763668106609247,-13.027814865112305,0.0,0.0,0.947544276714325
3708,-2.3483285175376913,-7.524984359741211,0.0,0.0,0.9474306106567383
3709,-2.4426543351110706,2.7890429496765137,0.0,0.0,0.9473526477813721
3710,-3.0905201260250807,3.1366758346557617,0.0,0.0,0.9473471641540527
3711,-1.503942444306166,-3.4059700965881348,0.0,0.0,0.9473161101341248
3712,-3.340446879583837,-4.377115249633789,0.0,0.0,0.9472360610961914
3713,-2.831300746213223,2.5976874828338623,0.0,0.0,0.9472007751464844
3714,-2.8995955276021714,2.8257274627685547,0.0,0.0,0.9471995234489441
3715,-1.8541084913189951,4.137960910797119,0.0,0.0,0.9472343325614929
3716,-3.0831208094821596,5.31174373626709,0.0,0.0,0.9472900032997131
3717,-3.265314672454898,5.343043327331543,0.0,0.0,0.9473652839660645
3718,-2.8801143059785845,-2.8606295585632324,0.0,0.0,0.9474026560783386
3719,-3.3085469305858313,-1.74320387840271,0.0,0.0,0.9474202990531921
3720,-3.2001628435386458,2.5611579418182373,0.0,0.0,0.9474645256996155
3721,-3.4226191689537164,-2.728332996368408,0.0,0.0,0.9474769234657288
3722,-3.4523204740676894,-2.512197494506836,0.0,0.0,0.9474697113037109
3723,-2.0828416491360864,-1.6114413738250732,0.0,0.0,0.9474523663520813
3724,-2.928852446792214,-6.693944931030273,0.0,0.0,0.9473967552185059
3725,-3.1071797351811066,2.0570082664489746,0.0,0.0,0.9473648071289062
3726,-0.9476614604871987,2.9961659908294678,0.0,0.0,0.9473589062690735
3727,-2.903530584094531,3.3249809741973877,0.0,0.0,0.9473987221717834
3728,-2.932502600414449,-5.469322681427002,0.0,0.0,0.9473842978477478
3729,-2.711264316198206,3.5072009563446045,0.0,0.0,0.9473907947540283
3730,-2.5817218755198956,-1.0439507961273193,0.0,0.0,0.9473862648010254
3731,-2.930621302595763,6.076679229736328,0.0,0.0,0.947424590587616
3732,-2.4613083435598333,5.90743350982666,0.0,0.0,0.9474837779998779
3733,-3.212874429178221,1.1524295806884766,0.0,0.0,0.947543203830719
3734,-2.661925166461672,-4.051599502563477,0.0,0.0,0.9475614428520203
3735,-1.7327369280568894,-3.4986820220947266,0.0,0.0,0.9475524425506592
3736,-2.4769997237114616,5.176671981811523,0.0,0.0,0.947592556476593
3737,-2.881354594134007,-2.916217803955078,0.0,0.0,0.9476046562194824
3738,-2.6337169785897094,-2.487398624420166,0.0,0.0,0.947605311870575
3739,-2.006398605696024,-8.401216506958008,0.0,0.0,0.9475231766700745
3740,-2.0794981702611044,8.692770004272461,0.0,0.0,0.9474977850914001
3741,-2.7086452760241917,3.695178508758545,0.0,0.0,0.9475051760673523
3742,-2.3018743685032637,-2.9882233142852783,0.0,0.0,0.9474754333496094
3743,-2.2324308584560324,-4.007533073425293,0.0,0.0,0.9474102854728699
3744,-3.197244940453382,-2.600248336791992,0.0,0.0,0.947324275970459
3745,-2.7186306962132636,6.449243068695068,0.0,0.0,0.9472914338111877
3746,-2.4980439779255823,-9.624693870544434,0.0,0.0,0.9472241997718811
3747,-3.208763576308166,-7.414580821990967,0.0,0.0,0.9471167922019958
3748,-3.0720646701221552,0.2520815134048462,0.0,0.0,0.9470219612121582
3749,-2.37308002336823,-0.6117677688598633,0.0,0.0,0.9469299912452698
3750,-2.1614554027467454,4.988625526428223,0.0,0.0,0.9468746185302734
3751,-2.350910407636561,-4.851468086242676,0.0,0.0,0.946781575679779
3752,-0.8457915511149947,1.1909255981445312,0.0,0.0,0.9467074871063232
3753,-1.0474538918765859,5.684444427490234,0.0,0.0,0.9466827511787415
3754,-2.593373040182108,3.0227930545806885,0.0,0.0,0.9467057585716248
3755,-2.8997277896354734,-0.9528653621673584,0.0,0.0,0.9467183947563171
3756,-2.807548018320018,5.4325714111328125,0.0,0.0,0.9467645287513733
3757,1.7749616622436932,3.5018582344055176,0.0,0.0,0.9468369483947754
3758,-1.1889959350380999,-4.903744697570801,0.0,0.0,0.9468572735786438
3759,-1.4399442711345083,2.6537280082702637,0.0,0.0,0.9468886256217957
3760,-2.8066081618491774,9.08039379119873,0.0,0.0,0.9469966292381287
3761,-2.056663463549416,1.2112981081008911,0.0,0.0,0.9471030235290527
3762,-2.8861309532482657,-1.9009311199188232,0.0,0.0,0.9471734166145325
3763,-0.5597541564641562,0.6679325103759766,0.0,0.0,0.9472423195838928
3764,-1.1244483632026965,-2.8049354553222656,0.0,0.0,0.9472865462303162
3765,-0.385264687280618,-0.8311662673950195,0.0,0.0,0.9473114013671875
3766,1.8725783633304849,1.262723445892334,0.0,0.0,0.9473466277122498
3767,3.314033305116627,5.956169128417969,0.0,0.0,0.9474263787269592
3768,-1.6495189540702095,2.44796085357666,0.0,0.0,0.9475111961364746
3769,1.3573899896770922,7.089158058166504,0.0,0.0,0.9476874470710754
3770,-1.5432630626939474,-1.978057861328125,0.0,0.0,0.9478135108947754
3771,2.1278146498369273,-5.592372894287109,0.0,0.0,0.9478766918182373
3772,3.4376033205204903,-1.7108039855957031,0.0,0.0,0.9479110836982727
3773,1.3485422476524564,3.1786813735961914,0.0,0.0,0.9479697346687317
3774,1.1344895442497416,6.133756637573242,0.0,0.0,0.9480574727058411
3775,1.25965896986572,1.8365426063537598,0.0,0.0,0.9481638073921204
3776,-1.0828946053218798,-3.4452786445617676,0.0,0.0,0.9482423663139343
3777,-0.5512191375645918,2.012511730194092,0.0,0.0,0.948329746723175
3778,-0.6625121864131216,4.2045488357543945,0.0,0.0,0.9484743475914001
3779,2.0111649726309486,9.560550689697266,0.0,0.0,0.9487258791923523
3780,-1.6316143154635951,-0.7283947467803955,0.0,0.0,0.9489467740058899
3781,2.5521131469375646,1.5485925674438477,0.0,0.0,0.9491574764251709
3782,0.5774197016125402,2.4776575565338135,0.0,0.0,0.9494034647941589
3783,2.3026801925639018,0.6315972805023193,0.0,0.0,0.9496321678161621
3784,1.0453336993282436,5.572635173797607,0.0,0.0,0.9498812556266785
3785,1.6994588561367034,0.47455310821533203,0.0,0.0,0.9501095414161682
3786,1.9142665436337014,-1.3887913227081299,0.0,0.0,0.9503040313720703
3787,0.553022674912168,5.219351768493652,0.0,0.0,0.9505231380462646
3788,3.259364274616516,0.8881592750549316,0.0,0.0,0.9507290720939636
3789,4.353305987481834,-0.9268922805786133,0.0,0.0,0.9509066939353943
3790,1.1150711452396695,0.055210113525390625,0.0,0.0,0.9510674476623535
3791,2.07830508378785,1.085646152496338,0.0,0.0,0.9512196183204651
3792,0.6523221236164578,-4.203413009643555,0.0,0.0,0.9513096809387207
3793,-0.10277212812538172,-4.624372959136963,0.0,0.0,0.9513222575187683
3794,1.4639695686294292,-4.792867183685303,0.0,0.0,0.9512671828269958
3795,2.2442151780516015,-3.188188076019287,0.0,0.0,0.9511880278587341
3796,-1.8974957839531368,4.448408603668213,0.0,0.0,0.9511730670928955
3797,-1.1802615434758295,3.6049649715423584,0.0,0.0,0.9511774182319641
3798,0.7730537290756829,-0.6817827224731445,0.0,0.0,0.9511755108833313
3799,2.125056885647176,4.158092021942139,0.0,0.0,0.9512193202972412
3800,0.4349991473877013,-8.73912239074707,0.0,0.0,0.9511684775352478
3801,-1.8666810834539203,9.299600601196289,0.0,0.0,0.9511651992797852
3802,-0.6045544694715073,3.681960105895996,0.0,0.0,0.9511885643005371
3803,0.2863435510706305,-1.293131947517395,0.0,0.0,0.9511898159980774
3804,-1.4516906817803505,2.5619728565216064,0.0,0.0,0.9512061476707458
3805,-0.7715212225874517,8.826130867004395,0.0,0.0,0.9513130187988281
3806,-1.8758786736732032,1.562523603439331,0.0,0.0,0.9514181613922119
3807,-1.8558871200646725,-0.8745725154876709,0.0,0.0,0.9515078663825989
3808,-2.0121249333184927,4.358532905578613,0.0,0.0,0.9516343474388123
3809,-2.2350438636634817,-0.884496808052063,0.0,0.0,0.9517391324043274
3810,-0.06530487458058065,7.325442314147949,0.0,0.0,0.9519026875495911
3811,0.5188910207662747,-4.3831915855407715,0.0,0.0,0.9520244598388672
3812,-2.0146970572644713,1.051218032836914,0.0,0.0,0.9521451592445374
3813,-0.5183750500464916,4.830779552459717,0.0,0.0,0.9523012042045593
3814,-0.574110064098915,-1.1786813735961914,0.0,0.0,0.9524321556091309
3815,-1.8858439785241652,5.092684745788574,0.0,0.0,0.9525792002677917
3816,2.1708923234804978,-1.68381667137146,0.0,0.0,0.9526891708374023
3817,-0.22572873406130567,-2.789546251296997,0.0,0.0,0.952734649181366
3818,1.4818156250012287,1.2039539813995361,0.0,0.0,0.9527906775474548
3819,0.9734737055609952,4.317987442016602,0.0,0.0,0.9528787732124329
3820,-1.7447153901494155,-3.8530774116516113,0.0,0.0,0.9529144167900085
3821,0.5169124930914093,-5.795742034912109,0.0,0.0,0.9529078602790833
3822,-0.2029421220810903,7.0360612869262695,0.0,0.0,0.9529524445533752
3823,2.03394940569149,-7.0438947677612305,0.0,0.0,0.9529159665107727
3824,-0.48446253087474833,4.837582588195801,0.0,0.0,0.9529436230659485
3825,0.16949692675304906,5.626959800720215,0.0,0.0,0.953010618686676
3826,1.4090669230033916,-4.859166145324707,0.0,0.0,0.953007161617279
3827,1.0036129609388742,-3.643341064453125,0.0,0.0,0.95296710729599
3828,-2.7004555832136323,-0.6320400238037109,0.0,0.0,0.9529244303703308
3829,-1.6311825687277408,-5.579178810119629,0.0,0.0,0.9528581500053406
3830,1.544048799288444,-0.17385172843933105,0.0,0.0,0.952795684337616
3831,-1.864418937528437,-5.134581565856934,0.0,0.0,0.952706515789032
3832,-2.5344813936059145,-2.3670566082000732,0.0,0.0,0.9525821208953857
3833,-0.711284060696344,0.4940757751464844,0.0,0.0,0.9524736404418945
3834,-1.0748839441020837,-8.914159774780273,0.0,0.0,0.9523112177848816
3835,0.3585057049716418,-1.9163603782653809,0.0,0.0,0.9521433711051941
3836,-3.007111928214573,5.1494035720825195,0.0,0.0,0.9520280361175537
3837,-2.1984559381655955,-1.5058398246765137,0.0,0.0,0.9519078135490417
3838,-1.1455676579793685,-1.8258531093597412,0.0,0.0,0.9517847895622253
3839,-1.1744597095299016,-1.01273775100708,0.0,0.0,0.9516644477844238
3840,-2.2482659974309223,3.760488271713257,0.0,0.0,0.9515738487243652
3841,-2.5288250345417884,-0.06406545639038086,0.0,0.0,0.9514918923377991
3842,-1.150558714187866,7.869625568389893,0.0,0.0,0.95149827003479
3843,0.15677326449680695,1.7081854343414307,0.0,0.0,0.9515181183815002
3844,-2.1296572142578105,-7.666694164276123,0.0,0.0,0.9514799118041992
3845,0.4215719489066807,2.9103076457977295,0.0,0.0,0.9514722228050232
3846,0.7683524636264856,-2.418818712234497,0.0,0.0,0.9514200687408447
3847,-0.4706992315780627,3.254183769226074,0.0,0.0,0.9513998627662659
3848,1.1095672549056186,-9.542387008666992,0.0,0.0,0.9513146281242371
3849,-2.016895928017198,4.991632461547852,0.0,0.0,0.9513154029846191
3850,0.3887616642547407,4.38699197769165,0.0,0.0,0.9513655304908752
3851,-2.286078729558466,-5.829937934875488,0.0,0.0,0.9513872265815735
3852,-2.1928774418032733,1.9412670135498047,0.0,0.0,0.9514264464378357
3853,-2.137425049982114,-0.07853388786315918,0.0,0.0,0.9514616131782532
3854,-2.1126240381772856,2.467247486114502,0.0,0.0,0.9515067934989929
3855,-2.1175574818906315,-4.245579719543457,0.0,0.0,0.9515109062194824
3856,-2.332913923224391,0.7086348533630371,0.0,0.0,0.95152348279953
3857,-2.1879112272201904,2.0467207431793213,0.0,0.0,0.9515478014945984
3858,-3.1064492955122796,-1.8496694564819336,0.0,0.0,0.9515587687492371
3859,-2.2587505377251276,1.7939386367797852,0.0,0.0,0.9515826106071472
3860,-2.434380396078691,5.025714874267578,0.0,0.0,0.951634407043457
3861,-2.881371103309271,-1.7299091815948486,0.0,0.0,0.9516687393188477
3862,-2.948901780660133,-3.6644887924194336,0.0,0.0,0.9516773223876953
3863,-2.5429768323140083,-5.235352516174316,0.0,0.0,0.951653003692627
3864,-1.7244009080729243,2.2669291496276855,0.0,0.0,0.9516685605049133
3865,-0.7568734518248998,8.244611740112305,0.0,0.0,0.9517249464988708
3866,-2.1267347220769066,-0.6881117820739746,0.0,0.0,0.9517723917961121
3867,-0.19444098041616442,-2.4344778060913086,0.0,0.0,0.9518020749092102
3868,-1.7722851593278552,-0.8352971076965332,0.0,0.0,0.9518232941627502
3869,-2.2666010242079446,-2.921304225921631,0.0,0.0,0.9518311619758606
3870,-1.8758182764950224,-1.0971908569335938,0.0,0.0,0.9518237709999084
3871,-3.3689743178623957,-5.872334003448486,0.0,0.0,0.9517890810966492
3872,-2.1384471383496138,-1.2017886638641357,0.0,0.0,0.9517512917518616
3873,-2.62472778858406,-1.7326395511627197,0.0,0.0,0.9517022967338562
3874,-2.656158994132438,-5.722051620483398,0.0,0.0,0.9516098499298096
3875,-2.389618644272166,5.022672176361084,0.0,0.0,0.9515998363494873
3876,-2.2217353585045014,5.7848219871521,0.0,0.0,0.9516280293464661
3877,-2.8740331853987042,1.325271725654602,0.0,0.0,0.9516701698303223
3878,-2.114492894552604,1.0961530208587646,0.0,0.0,0.9517154097557068
3879,-2.924499604193108,0.02071249485015869,0.0,0.0,0.9517561793327332
3880,-1.7363097260420814,-0.5799753665924072,0.0,0.0,0.9517890810966492
3881,-3.1223971963753927,7.9833550453186035,0.0,0.0,0.9518548846244812
3882,-2.1220621496827103,-0.059990644454956055,0.0,0.0,0.9519146084785461
3883,-1.724755405581318,-3.5640575885772705,0.0,0.0,0.9519467949867249
3884,-1.697832836139011,-4.947947978973389,0.0,0.0,0.9519380927085876
3885,-0.42086874470345403,0.6434454917907715,0.0,0.0,0.9519364833831787
3886,-2.5910746903606823,-3.124235153198242,0.0,0.0,0.9519195556640625
3887,-1.8349093468395143,5.45238733291626,0.0,0.0,0.9519434571266174
3888,-2.2648860950324736,3.098724365234375,0.0,0.0,0.9519802927970886
3889,-0.3177841773101917,-0.8560569286346436,0.0,0.0,0.9520034193992615
3890,-2.391764899097948,2.634079933166504,0.0,0.0,0.9520495533943176
3891,0.766957862327351,1.3021016120910645,0.0,0.0,0.9521021842956543
3892,-2.532626745657022,-2.4655301570892334,0.0,0.0,0.9521381258964539
3893,-1.9465001661124472,4.091782569885254,0.0,0.0,0.9522097110748291
3894,-3.0950022465878497,-4.037552356719971,0.0,0.0,0.9522410035133362
3895,-1.5794065561772144,-1.474865436553955,0.0,0.0,0.9522590637207031
3896,-2.909186736079996,-3.408177137374878,0.0,0.0,0.9522457718849182
3897,-2.581789232231795,-0.6616182327270508,0.0,0.0,0.9522256851196289
3898,-1.40971171042155,-7.5911993980407715,0.0,0.0,0.9521219730377197
3899,-2.848237806412234,3.2794241905212402,0.0,0.0,0.9520649909973145
3900,-2.5466367631961617,-11.18295955657959,0.0,0.0,0.9519219994544983
3901,-2.1702310394706235,4.726491451263428,0.0,0.0,0.951831579208374
3902,-2.673727141509435,4.367240905761719,0.0,0.0,0.9517804980278015
3903,-1.8991253668308226,8.418216705322266,0.0,0.0,0.9517862200737
3904,-0.016277174905611425,7.447513103485107,0.0,0.0,0.951861560344696
3905,-1.956916602479258,4.713886260986328,0.0,0.0,0.9519691467285156
3906,-2.88921893025711,-0.6254103183746338,0.0,0.0,0.9520625472068787
3907,-1.4852647683085458,-2.0343644618988037,0.0,0.0,0.9521377682685852
3908,-1.4737600556125956,-4.754021644592285,0.0,0.0,0.9521706700325012
3909,3.4348175360830675,1.1984446048736572,0.0,0.0,0.9522112011909485
3910,0.6148803275732946,-7.992704391479492,0.0,0.0,0.9521524310112
3911,-2.6158695499246347,-2.7283060550689697,0.0,0.0,0.952079713344574
3912,0.04895994461197306,-2.0057783126831055,0.0,0.0,0.9519987106323242
3913,-2.1947121057463645,-11.473430633544922,0.0,0.0,0.9518536925315857
3914,-0.7944009976162831,-1.3328492641448975,0.0,0.0,0.9517106413841248
3915,0.2145088658994494,-4.3529767990112305,0.0,0.0,0.9514976143836975
3916,2.5872476883570874,-7.88249397277832,0.0,0.0,0.95124751329422
3917,1.5479579218058706,-2.1610584259033203,0.0,0.0,0.9509782791137695
3918,-0.5223902994521801,-3.8719539642333984,0.0,0.0,0.9506981372833252
3919,1.270926621943856,2.0666427612304688,0.0,0.0,0.9504823684692383
3920,1.7271877349362477,-2.792527675628662,0.0,0.0,0.9502595067024231
3921,-2.887187430920454,9.0588960647583,0.0,0.0,0.9501004219055176
3922,0.9034675402887107,3.501500129699707,0.0,0.0,0.949979305267334
3923,3.1668719215254937,-1.3217260837554932,0.0,0.0,0.9498582482337952
3924,-2.114808965203474,-3.0653021335601807,0.0,0.0,0.9497103095054626
3925,0.22198070161397832,4.582609176635742,0.0,0.0,0.9496114253997803
3926,1.9551320392827445,-1.7647590637207031,0.0,0.0,0.9495040774345398
3927,1.1663314733019883,0.2613193988800049,0.0,0.0,0.949410617351532
3928,-1.456974119312875,0.47545552253723145,0.0,0.0,0.9493343234062195
3929,-2.082591127167035,-4.100742816925049,0.0,0.0,0.9492235779762268
3930,-1.6270211999259565,-6.275796890258789,0.0,0.0,0.9490642547607422
3931,-1.8633914350861303,5.184299945831299,0.0,0.0,0.9489695429801941
3932,-2.7447355322208637,3.1855413913726807,0.0,0.0,0.9488995671272278
3933,-1.2158862719554562,4.683789253234863,0.0,0.0,0.9488604664802551
3934,-2.1292868391555304,2.130622148513794,0.0,0.0,0.948840320110321
3935,-2.418128274106336,-4.178672790527344,0.0,0.0,0.9487640857696533
3936,-2.325473537354858,-3.3987371921539307,0.0,0.0,0.9486485123634338
3937,-2.111764063427386,-3.3223533630371094,0.0,0.0,0.9485187530517578
3938,-0.7667761770634347,1.491255521774292,0.0,0.0,0.94841068983078
3939,-1.3768322932795911,0.4178891181945801,0.0,0.0,0.9483213424682617
3940,-1.1147856978863504,2.928025722503662,0.0,0.0,0.9482616782188416
3941,-2.8604734518894386,-3.3424596786499023,0.0,0.0,0.9481794238090515
3942,-3.099805178731932,-1.8256394863128662,0.0,0.0,0.9480943083763123
3943,-1.7977343049395331,-1.5023717880249023,0.0,0.0,0.9480111002922058
3944,-2.6186713128816566,-4.258486747741699,0.0,0.0,0.9479053616523743
3945,-2.5435476645188198,2.8284101486206055,0.0,0.0,0.9478287100791931
3946,-2.9239765681483165,-8.092887878417969,0.0,0.0,0.9477238655090332
3947,-2.7039382954529607,1.0429303646087646,0.0,0.0,0.9476400017738342
3948,-2.347661332966015,-1.1896950006484985,0.0,0.0,0.9475522041320801
3949,-2.3883806774100313,3.937229633331299,0.0,0.0,0.9475193023681641
3950,-2.9693184249556666,-2.8860785961151123,0.0,0.0,0.9474430084228516
3951,-2.676024170519128,-1.0688426494598389,0.0,0.0,0.9473670125007629
3952,-1.4202396218625672,1.4316622018814087,0.0,0.0,0.9473081231117249
3953,0.28358214043896046,-3.6820712089538574,0.0,0.0,0.9472336769104004
3954,-2.0015790588844355,4.407110691070557,0.0,0.0,0.9471953511238098
3955,-1.7435136413832675,5.605852127075195,0.0,0.0,0.9472036957740784
3956,-2.797157812271237,2.358774185180664,0.0,0.0,0.9472491145133972
3957,-3.0304786521623246,10.089676856994629,0.0,0.0,0.947338879108429
3958,-2.2816826079724932,-1.3917920589447021,0.0,0.0,0.9474039673805237
3959,-2.392645197455677,-2.8711600303649902,0.0,0.0,0.9474380016326904
3960,-2.98115155324931,-2.926516532897949,0.0,0.0,0.9474508166313171
3961,-2.059909901110472,1.3966827392578125,0.0,0.0,0.9474706649780273
3962,-3.6184702012427987,1.9259402751922607,0.0,0.0,0.9475046992301941
3963,-2.983100951593098,-3.0077342987060547,0.0,0.0,0.9474964141845703
3964,-2.8304014992962916,1.178966760635376,0.0,0.0,0.947501003742218
3965,-2.5857621726246425,-6.938877105712891,0.0,0.0,0.9474570155143738
3966,-3.1416131421645366,-2.1981682777404785,0.0,0.0,0.9473981857299805
3967,-1.900719596737346,-4.994987487792969,0.0,0.0,0.9473035335540771
3968,-2.05213230787275,-3.0747954845428467,0.0,0.0,0.9471964836120605
3969,-2.371355351197833,7.392727851867676,0.0,0.0,0.9471731781959534
3970,-2.4148667276266567,-2.3449244499206543,0.0,0.0,0.9471343159675598
3971,-2.886140903506157,-10.046869277954102,0.0,0.0,0.9470087885856628
3972,-2.5745316381726533,-0.9999856948852539,0.0,0.0,0.9468863010406494
3973,-1.9953754864689677,8.072938919067383,0.0,0.0,0.9468310475349426
3974,-2.5217381594664134,5.435809135437012,0.0,0.0,0.9468186497688293
3975,-1.381539830799869,-3.6361260414123535,0.0,0.0,0.9467813372612
3976,-3.1068670730618546,-0.6149215698242188,0.0,0.0,0.9467425346374512
3977,-1.1447740119816756,4.096519470214844,0.0,0.0,0.9467312693595886
3978,-2.253518454464567,2.597141981124878,0.0,0.0,0.946732759475708
3979,-2.3945448085746355,6.289381980895996,0.0,0.0,0.9469237327575684
3980,-2.4756597495279644,9.527969360351562,0.0,0.0,0.9471656680107117
3981,-2.6028759774706667,5.2509260177612305,0.0,0.0,0.9474268555641174
3982,-2.1450205926556203,-0.5716195106506348,0.0,0.0,0.9476580619812012
3983,-2.9636437562969054,-0.9266371726989746,0.0,0.0,0.947860062122345
3984,-2.473236817338642,1.4808175563812256,0.0,0.0,0.9480698108673096
3985,-2.7255785471864877,0.9479894638061523,0.0,0.0,0.9482717514038086
3986,-2.750911784546043,0.9312624931335449,0.0,0.0,0.9484604001045227
3987,-2.9188285152850337,3.7686607837677,0.0,0.0,0.9486562609672546
3988,-2.2862802802147355,-4.271716594696045,0.0,0.0,0.9488124847412109
3989,-2.3769293050822062,8.165907859802246,0.0,0.0,0.9490233063697815
3990,-3.098753331258196,2.4012022018432617,0.0,0.0,0.949223518371582
3991,-3.33005559379714,1.9101316928863525,0.0,0.0,0.949415385723114
3992,-2.914558898037418,1.7243003845214844,0.0,0.0,0.9496024250984192
3993,-3.521761079943742,-0.8514788150787354,0.0,0.0,0.9497642517089844
3994,-2.846968024878491,3.3209526538848877,0.0,0.0,0.9499228596687317
3995,-3.1013553604109907,3.3909807205200195,0.0,0.0,0.950094997882843
3996,-1.9773544209177327,9.956258773803711,0.0,0.0,0.9504263401031494
3997,-3.326200178882986,-3.2660951614379883,0.0,0.0,0.9506857991218567
3998,-2.3327978058593173,5.767799377441406,0.0,0.0,0.9509630799293518
3999,-2.7704651365433586,10.080564498901367,0.0,0.0,0.9512796401977539
4000,-2.6508272631966427,1.2948572635650635,0.0,0.0,0.9515766501426697
4001,-3.1046543656003553,2.0407586097717285,0.0,0.0,0.9518711566925049
4002,-2.9810023962067858,1.2356724739074707,0.0,0.0,0.9521476626396179
4003,-2.7559412091667284,-3.1099066734313965,0.0,0.0,0.9523775577545166
4004,-2.825662329504894,-13.536870002746582,0.0,0.0,0.9524955153465271
4005,-2.869009913389984,-0.6027364730834961,0.0,0.0,0.9525923728942871
4006,-2.5451458258523996,2.6657261848449707,0.0,0.0,0.9526967406272888
4007,-2.876944618429285,-5.174711227416992,0.0,0.0,0.9527559876441956
4008,-3.2525137718199018,-1.378042221069336,0.0,0.0,0.9528011679649353
4009,-2.3258813264993714,-0.3409346342086792,0.0,0.0,0.9528393149375916
4010,-3.088236727037911,1.8550468683242798,0.0,0.0,0.9528903961181641
4011,-2.940614117056671,-6.480091094970703,0.0,0.0,0.952873170375824
4012,-2.48635504498431,-1.32183837890625,0.0,0.0,0.9528515338897705
4013,-3.202450369225913,-0.9006314277648926,0.0,0.0,0.952827513217926
4014,-3.2117165833264885,3.1085710525512695,0.0,0.0,0.9528266787528992
4015,-2.3302962747030582,0.39397168159484863,0.0,0.0,0.9528307914733887
4016,-2.3074904909598626,0.8027298450469971,0.0,0.0,0.9528465270996094
4017,-2.5379480175529467,4.909096717834473,0.0,0.0,0.9529096484184265
4018,-2.8964396147848506,2.747800827026367,0.0,0.0,0.953000545501709
4019,-3.274211311774607,7.092348098754883,0.0,0.0,0.953145444393158
4020,-2.8264390191862416,-6.375374794006348,0.0,0.0,0.9532439112663269
4021,-2.5867824940833763,-0.057039499282836914,0.0,0.0,0.953331470489502
4022,-2.787566344171103,0.7068331241607666,0.0,0.0,0.9534141421318054
4023,-3.05438083622929,4.482728481292725,0.0,0.0,0.9535205364227295
4024,-2.2808711239753743,-3.010371208190918,0.0,0.0,0.9535937309265137
4025,-3.1105105995701057,-1.535311222076416,0.0,0.0,0.9536490440368652
4026,-3.0096621519598408,5.3755693435668945,0.0,0.0,0.9537239074707031
4027,-2.7045859267067556,-11.100601196289062,0.0,0.0,0.9536954760551453
4028,-2.5238899411228193,-0.8951120376586914,0.0,0.0,0.9536652565002441
4029,-2.2439098482311244,1.9871106147766113,0.0,0.0,0.9536568522453308
4030,-3.1925118643740698,1.8516640663146973,0.0,0.0,0.9536638855934143
4031,-2.98501452878675,4.115503311157227,0.0,0.0,0.9537045955657959
4032,-3.2324223669353174,10.907571792602539,0.0,0.0,0.9538478851318359
4033,-2.971232652533586,0.9127321243286133,0.0,0.0,0.9539820551872253
4034,-3.018480458373019,9.850276947021484,0.0,0.0,0.9541881680488586
4035,-2.534810109704585,2.7475626468658447,0.0,0.0,0.9543876647949219
4036,-2.689666737435462,-1.5548486709594727,0.0,0.0,0.9545549750328064
4037,-2.6709013771650443,-5.390356063842773,0.0,0.0,0.9546601176261902
4038,-2.6574574505341717,-1.3394092321395874,0.0,0.0,0.9547438621520996
4039,-2.790709022818386,1.5422072410583496,0.0,0.0,0.9548272490501404
4040,-2.9170415931278013,5.980820655822754,0.0,0.0,0.9549560546875
4041,-2.682741606635929,0.5269488096237183,0.0,0.0,0.9550814628601074
4042,-2.201583782754313,-5.079446792602539,0.0,0.0,0.9551402926445007
4043,-2.553888807818567,1.6844429969787598,0.0,0.0,0.9551984667778015
4044,-2.47103755247522,3.8639931678771973,0.0,0.0,0.9552918076515198
4045,-2.80594601306737,14.90738296508789,0.0,0.0,0.9555509686470032
4046,-3.1718259448225528,-1.5140068531036377,0.0,0.0,0.9557728171348572
4047,-2.578948432868849,-8.015990257263184,0.0,0.0,0.9558647274971008
4048,-2.755337941437231,-4.2064714431762695,0.0,0.0,0.955925703048706
4049,-2.1712760507081494,4.46310567855835,0.0,0.0,0.9560113549232483
4050,-3.1122344559027573,6.569040298461914,0.0,0.0,0.9561342597007751
4051,-2.6527067697369566,3.008671283721924,0.0,0.0,0.9562724232673645
4052,-2.772880536540007,-5.893705368041992,0.0,0.0,0.95633864402771
4053,-3.1537743166710355,-0.32048630714416504,0.0,0.0,0.9563935399055481
4054,-2.538800814180539,-7.730306625366211,0.0,0.0,0.9564144015312195
4055,-2.622566671610162,4.394287109375,0.0,0.0,0.9564805626869202
4056,-2.8893856556968793,9.94305419921875,0.0,0.0,0.9565790295600891
4057,-2.3418035076388675,2.0672829151153564,0.0,0.0,0.9566822052001953
4058,-2.7003838871725203,-2.5375049114227295,0.0,0.0,0.9567556977272034
4059,-2.1412354019719255,6.113133907318115,0.0,0.0,0.9569619297981262
4060,-2.565798985487253,7.1915459632873535,0.0,0.0,0.9572195410728455
4061,-2.625490969469335,-2.8201727867126465,0.0,0.0,0.9574399590492249
4062,-3.1554851436474176,-3.1976780891418457,0.0,0.0,0.9576188921928406
4063,-2.9619256581894695,-1.859182357788086,0.0,0.0,0.9577668309211731
4064,-2.8680768772402243,-7.8668012619018555,0.0,0.0,0.9578376412391663
4065,-3.2596782003633837,-0.9285736083984375,0.0,0.0,0.9578962326049805
4066,-2.920971649421669,7.020496368408203,0.0,0.0,0.9580351710319519
4067,-2.5668753439825185,1.6604664325714111,0.0,0.0,0.9581727981567383
4068,-3.1078396794941603,4.73777961730957,0.0,0.0,0.9583353996276855
4069,-2.9904674742516,-8.80353832244873,0.0,0.0,0.9583871960639954
4070,-2.6933396753689633,-4.33162784576416,0.0,0.0,0.9584091305732727
4071,-2.823587934387634,0.6095645427703857,0.0,0.0,0.9584353566169739
4072,-2.7220294159086516,-5.673252582550049,0.0,0.0,0.95840984582901
4073,-2.9193781819273696,-1.1651287078857422,0.0,0.0,0.9583780765533447
4074,-2.6165777405292197,5.1859307289123535,0.0,0.0,0.9584077000617981
4075,-2.6733406457562556,5.4194231033325195,0.0,0.0,0.9584598541259766
4076,-2.943293603401317,-6.670242786407471,0.0,0.0,0.9584004282951355
4077,-3.2664169962742364,4.49231481552124,0.0,0.0,0.9583957195281982
4078,-3.0758689699168063,3.9161782264709473,0.0,0.0,0.9584128856658936
4079,-2.942272870315669,-5.061773777008057,0.0,0.0,0.9583902359008789
4080,-2.609336837098306,3.9028573036193848,0.0,0.0,0.9584080576896667
4081,-2.494466545503484,0.035814523696899414,0.0,0.0,0.9584238529205322
4082,-2.0741793465967113,-2.7394485473632812,0.0,0.0,0.9583912491798401
4083,-2.7948554060909316,0.48853421211242676,0.0,0.0,0.9583647847175598
4084,-3.0479510366128637,-4.1864495277404785,0.0,0.0,0.9583204388618469
4085,-3.020860196540915,-0.4730973243713379,0.0,0.0,0.9582783579826355
4086,-2.8186802008199314,2.3460755348205566,0.0,0.0,0.9582650065422058
4087,-2.459856770836268,18.51680564880371,0.0,0.0,0.9583520293235779
4088,-2.5360371939109374,2.110922336578369,0.0,0.0,0.9584491848945618
4089,-2.674885497339305,-10.990432739257812,0.0,0.0,0.9584407210350037
4090,-2.9413919233204586,-4.525748252868652,0.0,0.0,0.9583442211151123
4091,-2.9340825824604453,-4.852550506591797,0.0,0.0,0.9581668972969055
4092,-2.0510914700091574,-4.350555419921875,0.0,0.0,0.9579696655273438
4093,-2.2883193135295814,2.9026646614074707,0.0,0.0,0.9578079581260681
4094,-3.0181858086761943,1.0318241119384766,0.0,0.0,0.9576675295829773
4095,-3.0719144384258783,3.687408447265625,0.0,0.0,0.9575942158699036
4096,-2.2617038922746793,-6.101648330688477,0.0,0.0,0.9574754238128662
4097,-2.9035344809125756,-9.753740310668945,0.0,0.0,0.957285463809967
4098,-2.642406769596662,-0.6190049648284912,0.0,0.0,0.9571110606193542
4099,-2.3747348087444147,3.105226993560791,0.0,0.0,0.9569734930992126
4100,-2.194570848563984,-1.642585277557373,0.0,0.0,0.9568276405334473
4101,-2.3129033747422145,-1.4029209613800049,0.0,0.0,0.9566890597343445
4102,-2.40001220718634,-0.4347323179244995,0.0,0.0,0.9565600752830505
4103,-2.922871345406331,2.2373099327087402,0.0,0.0,0.9564699530601501
4104,-2.9444731173349363,-3.0000548362731934,0.0,0.0,0.9563750624656677
4105,-3.289016701387463,9.58044147491455,0.0,0.0,0.956362783908844
4106,-3.3453864807249034,0.472176194190979,0.0,0.0,0.9563579559326172
4107,-2.613738432505959,4.248645782470703,0.0,0.0,0.9563981890678406
4108,-2.508442017373186,-4.341412544250488,0.0,0.0,0.9563722610473633
4109,-2.529258863332401,0.844707727432251,0.0,0.0,0.9563536643981934
4110,-2.1120411892133784,-1.8971498012542725,0.0,0.0,0.9563178420066833
4111,-3.04002973461143,-8.45212173461914,0.0,0.0,0.9562233090400696
4112,-2.9929974479563666,-6.127554416656494,0.0,0.0,0.9561091065406799
4113,-2.815464730845262,-4.5349884033203125,0.0,0.0,0.9559184908866882
4114,-3.0637665681132566,-4.625481605529785,0.0,0.0,0.9556990265846252
4115,-2.2984166163251802,2.448807716369629,0.0,0.0,0.9555365443229675
4116,-3.0566617487519863,4.445074081420898,0.0,0.0,0.9554358124732971
4117,-2.153970863220507,5.101345539093018,0.0,0.0,0.955374002456665
4118,-2.271738778125938,2.2622833251953125,0.0,0.0,0.955344021320343
4119,-2.7148950862223304,-6.503015995025635,0.0,0.0,0.9552876949310303
4120,-3.1708759414893137,9.35189437866211,0.0,0.0,0.9552883505821228
4121,-2.8973618890198307,-3.351173162460327,0.0,0.0,0.9552777409553528
4122,-2.6156969510387253,-3.5944504737854004,0.0,0.0,0.9552424550056458
4123,-2.396255898970509,-2.7800116539001465,0.0,0.0,0.9551918506622314
4124,-2.8970903627513542,1.7294878959655762,0.0,0.0,0.9551594853401184
4125,-2.27834978975584,-0.35724902153015137,0.0,0.0,0.9551258683204651
4126,-2.526621873910054,-0.099029541015625,0.0,0.0,0.9550936222076416
4127,-2.9014578470495014,-3.0276474952697754,0.0,0.0,0.9550490975379944
4128,-3.1752149637038434,-0.6243884563446045,0.0,0.0,0.955005943775177
4129,-2.948903836213602,2.4985406398773193,0.0,0.0,0.9549868702888489
4130,-2.3905020726688386,-9.647102355957031,0.0,0.0,0.9549009203910828
4131,-2.5201772416183164,-0.18787240982055664,0.0,0.0,0.9548143744468689
4132,-2.3896994064229222,-2.006572723388672,0.0,0.0,0.9547174572944641
4133,-2.2727735430428817,-1.2398335933685303,0.0,0.0,0.9545924663543701
4134,-3.2350529367151495,11.850229263305664,0.0,0.0,0.9546084403991699
4135,-2.84675077553978,7.412950038909912,0.0,0.0,0.954681932926178
4136,-2.556460498759593,5.89752197265625,0.0,0.0,0.9547776579856873
4137,-2.349159319334836,-3.928685426712036,0.0,0.0,0.9548419117927551
4138,-2.0962821200881856,-6.091728687286377,0.0,0.0,0.9548482894897461
4139,-2.6031441123294767,-5.872061729431152,0.0,0.0,0.9548184275627136
4140,-3.159815953863986,-1.6694350242614746,0.0,0.0,0.9547602534294128
4141,-2.785987557240963,-1.776160478591919,0.0,0.0,0.9547017216682434
4142,-2.081522966554932,4.123147964477539,0.0,0.0,0.9547276496887207
4143,-3.1236395220708784,3.4648308753967285,0.0,0.0,0.9547743201255798
4144,-2.5565436158081525,-4.672535419464111,0.0,0.0,0.9547874331474304
4145,-3.12220161443021,-1.2891066074371338,0.0,0.0,0.9547916054725647
4146,-2.0950149457456755,-8.232551574707031,0.0,0.0,0.9547174572944641
4147,-2.202766954182284,0.5182604789733887,0.0,0.0,0.9546515345573425
4148,-2.351931605323678,6.51131010055542,0.0,0.0,0.9546692967414856
4149,-2.2560861752893313,-6.92645263671875,0.0,0.0,0.954634428024292
4150,-2.299639496853912,7.9885663986206055,0.0,0.0,0.9546446800231934
4151,-2.1881164544813663,2.1906967163085938,0.0,0.0,0.9546650052070618
4152,-2.3179563817744797,5.235226631164551,0.0,0.0,0.9547142386436462
4153,-2.606600291985983,3.4736926555633545,0.0,0.0,0.954793393611908
4154,-2.600079301498205,-1.380826473236084,0.0,0.0,0.9548504948616028
4155,-2.034366623367076,-2.241424083709717,0.0,0.0,0.9548574090003967
4156,-2.466873224094865,-3.697852849960327,0.0,0.0,0.954841136932373
4157,-2.682591714867098,-1.7265276908874512,0.0,0.0,0.954815685749054
4158,-2.944030786189094,6.89810848236084,0.0,0.0,0.954826295375824
4159,-2.935390519214792,-3.1937754154205322,0.0,0.0,0.9548127055168152
4160,-2.4477252707345984,0.40346813201904297,0.0,0.0,0.9548024535179138
4161,-3.07580931425861,2.6154568195343018,0.0,0.0,0.9548351168632507
4162,-2.8523270011429567,5.0692458152771,0.0,0.0,0.9549078345298767
4163,-2.026603738311589,-2.7490549087524414,0.0,0.0,0.9549391865730286
4164,-2.94545394978304,-2.026749610900879,0.0,0.0,0.9549409747123718
4165,-2.4632562267867293,-4.342339038848877,0.0,0.0,0.9549171924591064
4166,-2.754132560910924,-2.001704454421997,0.0,0.0,0.9548762440681458
4167,-2.465176459980665,-0.4499063491821289,0.0,0.0,0.9548342823982239
4168,-2.8151302399313742,-1.2156054973602295,0.0,0.0,0.9547882676124573
4169,-2.617805403395261,-4.203723430633545,0.0,0.0,0.9546945691108704
4170,-2.3446268905133936,0.15954113006591797,0.0,0.0,0.9546095728874207
4171,-2.9562128515217045,-3.396158456802368,0.0,0.0,0.9545186161994934
4172,-2.5647568254142343,-1.4351396560668945,0.0,0.0,0.9544277191162109
4173,-2.472577069911515,8.290451049804688,0.0,0.0,0.9543905258178711
4174,-2.8114206177414376,-0.20843374729156494,0.0,0.0,0.954355776309967
4175,-2.5315195258803826,16.278213500976562,0.0,0.0,0.9543853402137756
4176,-2.7068590285754746,0.2024986743927002,0.0,0.0,0.9544151425361633
4177,-2.5354787199202935,-1.958078145980835,0.0,0.0,0.9544177055358887
4178,-2.43922741073934,5.136300563812256,0.0,0.0,0.9544598460197449
4179,-2.0536504001220948,-3.328657865524292,0.0,0.0,0.9544681906700134
4180,-2.0008761578986283,8.8798828125,0.0,0.0,0.9545262455940247
4181,-2.512676221532044,3.9622652530670166,0.0,0.0,0.9545981884002686
4182,-2.863935014385115,-1.5161900520324707,0.0,0.0,0.9546518921852112
4183,-2.296622786761173,-2.636392116546631,0.0,0.0,0.9546597599983215
4184,-2.7363424517797723,1.8929295539855957,0.0,0.0,0.9546806216239929
4185,-2.2817337719283923,-3.7481906414031982,0.0,0.0,0.9546523094177246
4186,-2.3154838313032515,-1.2789647579193115,0.0,0.0,0.9546186923980713
4187,-2.3911877388440166,0.6191208362579346,0.0,0.0,0.9545961022377014
4188,-2.918822998596544,0.35915088653564453,0.0,0.0,0.9545792937278748
4189,-2.6742262700078197,3.996774673461914,0.0,0.0,0.9545932412147522
4190,-2.5094093189575046,-5.309904098510742,0.0,0.0,0.9545652270317078
4191,-2.1745627890432733,-3.801906108856201,0.0,0.0,0.9545155167579651
4192,-2.8070167095768266,5.453524112701416,0.0,0.0,0.9544966220855713
4193,-2.3891145839228445,-1.8494279384613037,0.0,0.0,0.9544679522514343
4194,-2.3239309642070465,-0.3167903423309326,0.0,0.0,0.9544376730918884
4195,-2.4170969612894435,7.953303813934326,0.0,0.0,0.9544569849967957
4196,-2.1408610083604724,2.2257394790649414,0.0,0.0,0.954494297504425
4197,-2.786972584826616,5.134159088134766,0.0,0.0,0.9545717835426331
4198,-2.5040880711745483,-0.12049388885498047,0.0,0.0,0.9546391367912292
4199,-3.0521833661857203,4.1829328536987305,0.0,0.0,0.9547397494316101
4200,-2.421731600880479,-5.653066158294678,0.0,0.0,0.9547941088676453
4201,-2.3565846481207915,2.243640899658203,0.0,0.0,0.9548726677894592
4202,-2.604543556190891,0.13613128662109375,0.0,0.0,0.9549463391304016
4203,-2.785578484713943,-1.0570118427276611,0.0,0.0,0.9550075531005859
4204,-3.0850267567485483,-3.0511693954467773,0.0,0.0,0.955045759677887
4205,-3.011508720293397,1.5838193893432617,0.0,0.0,0.955092191696167
4206,-2.990538487847039,-1.1832101345062256,0.0,0.0,0.9551194310188293
4207,-2.4004461512000397,1.39866042137146,0.0,0.0,0.95515376329422
4208,-3.2375684223170893,-6.506328582763672,0.0,0.0,0.9551364779472351
4209,-2.650096714873489,-1.9815564155578613,0.0,0.0,0.9551100730895996
4210,-3.044908676211443,-1.4642300605773926,0.0,0.0,0.9550805687904358
4211,-2.5253579059560893,-5.068631172180176,0.0,0.0,0.9550349116325378
4212,-2.911886826814374,6.988515377044678,0.0,0.0,0.9550309181213379
4213,-3.023528497741526,1.8049671649932861,0.0,0.0,0.9550415873527527
4214,-3.0788956993869716,1.7813618183135986,0.0,0.0,0.955064058303833
4215,-2.8951653830707267,-0.8689665794372559,0.0,0.0,0.9550767540931702
4216,-2.785924140375381,-1.2023100852966309,0.0,0.0,0.9550748467445374
4217,-2.0386708763077666,9.581514358520508,0.0,0.0,0.95513916015625
4218,-2.4534423078441083,4.652179718017578,0.0,0.0,0.9552295804023743
4219,-2.7711040087515775,3.3545618057250977,0.0,0.0,0.9553322792053223
4220,-3.1468058595689006,-4.356685638427734,0.0,0.0,0.9553849101066589
4221,-3.206190771249733,-5.571136951446533,0.0,0.0,0.9553653597831726
4222,-3.0120566374397426,0.2455596923828125,0.0,0.0,0.9553480744361877
4223,-3.0387610717387483,7.279902458190918,0.0,0.0,0.9553783535957336
4224,-2.751982871706897,-1.725735068321228,0.0,0.0,0.9553956389427185
4225,-2.8319081069380783,-7.164318084716797,0.0,0.0,0.9553766250610352
4226,-2.6085120448978727,0.6245734691619873,0.0,0.0,0.9553677439689636
4227,-1.9963100213745906,3.544193744659424,0.0,0.0,0.955374538898468
4228,-3.232679820165768,7.144158363342285,0.0,0.0,0.9554256796836853
4229,-2.043293646558904,-2.7006218433380127,0.0,0.0,0.9554483890533447
4230,-2.723733693941592,-4.8640594482421875,0.0,0.0,0.9554427266120911
4231,-2.1115548031502325,-3.174471616744995,0.0,0.0,0.9554178714752197
4232,-2.1081635384517883,2.139103651046753,0.0,0.0,0.9554893374443054
4233,-3.0992084963567805,8.313274383544922,0.0,0.0,0.955603837966919
4234,-2.7796313546936626,-5.731570720672607,0.0,0.0,0.9556455016136169
4235,-2.6704447164007084,-2.853606700897217,0.0,0.0,0.9555972218513489
4236,-1.4760612411306084,2.782698631286621,0.0,0.0,0.9555652141571045
4237,-3.18807900910166,0.43646979331970215,0.0,0.0,0.9555438160896301
4238,-2.5911923245673463,3.5382776260375977,0.0,0.0,0.95555180311203
4239,-2.356156172699893,-6.43985652923584,0.0,0.0,0.9554970264434814
4240,-2.1544054139700197,2.8070008754730225,0.0,0.0,0.955479621887207
4241,-2.4201084099965655,-8.830673217773438,0.0,0.0,0.9554062485694885
4242,-3.013206200876448,-0.24522900581359863,0.0,0.0,0.9553394913673401
4243,-2.002675145922126,-3.6441705226898193,0.0,0.0,0.9552392959594727
4244,-2.265503211015719,1.6845300197601318,0.0,0.0,0.955163300037384
4245,-2.730643212256566,-2.0503480434417725,0.0,0.0,0.9550675749778748
4246,-3.0071241377848947,-3.056943893432617,0.0,0.0,0.9549656510353088
4247,-2.8144303697457733,0.6993876695632935,0.0,0.0,0.9548800587654114
4248,-2.3722205218559935,-0.8236379623413086,0.0,0.0,0.9547958374023438
4249,-2.8788912861669678,-1.801898717880249,0.0,0.0,0.9547005295753479
4250,-2.54637845713369,-0.41354894638061523,0.0,0.0,0.9546127319335938
4251,-2.0730033750510386,4.892999172210693,0.0,0.0,0.9545852541923523
4252,-1.9342937658344868,6.437473297119141,0.0,0.0,0.9545891880989075
4253,-2.8257195305537084,-4.784421443939209,0.0,0.0,0.9545654654502869
4254,-2.303281070865811,7.115760803222656,0.0,0.0,0.9545812010765076
4255,-2.5560173129055968,1.9968087673187256,0.0,0.0,0.9546231627464294
4256,-2.2581424600604727,-6.21828031539917,0.0,0.0,0.9546193480491638
4257,-2.56146672976591,5.6200666427612305,0.0,0.0,0.9546444416046143
4258,-3.146700148756337,1.87333083152771,0.0,0.0,0.9546761512756348
4259,-2.8935687459616455,7.061566352844238,0.0,0.0,0.9547370076179504
4260,-2.41285854447002,4.7123894691467285,0.0,0.0,0.9548134803771973
4261,-3.002820414451464,-4.077332496643066,0.0,0.0,0.9548371434211731
4262,-2.555701025241565,0.9086794853210449,0.0,0.0,0.9548640251159668
4263,-2.4120746177022374,-6.586905479431152,0.0,0.0,0.9548611640930176
4264,-2.5968282795510564,-10.024730682373047,0.0,0.0,0.954813539981842
4265,-2.3347233221104524,-4.558558464050293,0.0,0.0,0.9547069668769836
4266,-2.811893731229054,7.4100799560546875,0.0,0.0,0.9547049403190613
4267,-2.8538393375848825,-0.709559440612793,0.0,0.0,0.95469731092453
4268,-2.296405043803379,-1.9619779586791992,0.0,0.0,0.9546816349029541
4269,-2.1210580050882957,1.014019250869751,0.0,0.0,0.954674243927002
4270,-2.2305373689962247,3.202876567840576,0.0,0.0,0.9546914100646973
4271,-2.4426011601131243,-5.938715934753418,0.0,0.0,0.9546738266944885
4272,-2.551618332208256,-6.330097198486328,0.0,0.0,0.9545878767967224
4273,-2.3192487871130516,-1.7241597175598145,0.0,0.0,0.9544898867607117
4274,-2.536956390513464,7.998178005218506,0.0,0.0,0.9544426798820496
4275,-2.1659671941132155,-8.175084114074707,0.0,0.0,0.9543299674987793
4276,-2.597321318220488,2.5871784687042236,0.0,0.0,0.9542481899261475
4277,-1.7958284033132565,-2.8085777759552,0.0,0.0,0.9541299939155579
4278,-1.872085889099521,-3.1945221424102783,0.0,0.0,0.9540050029754639
4279,-2.599007252539092,-7.646925926208496,0.0,0.0,0.9538499712944031
4280,-2.435467443336806,4.899792671203613,0.0,0.0,0.9537296295166016
4281,-2.354798305796402,-2.7176177501678467,0.0,0.0,0.9536091685295105
4282,-2.3683885360714196,0.7680506706237793,0.0,0.0,0.953503429889679
4283,-2.3782114935653693,16.949302673339844,0.0,0.0,0.9534800052642822
4284,-2.405149830962107,2.2972044944763184,0.0,0.0,0.9534727931022644
4285,-2.009657320360061,-0.5518374443054199,0.0,0.0,0.9534574151039124
4286,-1.714245165890014,5.844472885131836,0.0,0.0,0.9534745812416077
4287,-2.5524237753355425,1.2850866317749023,0.0,0.0,0.9534969925880432
4288,-2.6477364300623822,-0.7036666870117188,0.0,0.0,0.9535090327262878
4289,-2.0039963355446537,-3.0636610984802246,0.0,0.0,0.9534797072410583
4290,-2.2241285594899027,-1.4181180000305176,0.0,0.0,0.9534368515014648
4291,-1.9358131646233545,-1.248631477355957,0.0,0.0,0.953382670879364
4292,-2.5131053075823924,-2.2863199710845947,0.0,0.0,0.9533173441886902
4293,-2.117890566884575,-1.9300885200500488,0.0,0.0,0.9532456398010254
4294,-2.545045984151978,-3.1097559928894043,0.0,0.0,0.9531697630882263
4295,-2.74382484167951,-3.389249801635742,0.0,0.0,0.9530695080757141
4296,-2.3612003652564493,2.3511157035827637,0.0,0.0,0.9529876708984375
4297,-2.1800190445470453,4.465753078460693,0.0,0.0,0.9529679417610168
4298,-2.500184431249057,-6.051921844482422,0.0,0.0,0.9529158473014832
4299,-2.4412070514916304,-2.5222222805023193,0.0,0.0,0.952853262424469
4300,-2.633450139903416,4.952005386352539,0.0,0.0,0.9528738856315613
4301,-2.797397859923668,5.700568199157715,0.0,0.0,0.9529356956481934
4302,-2.092898546167026,5.49948787689209,0.0,0.0,0.9530509114265442
4303,-1.94607917272678,1.6695644855499268,0.0,0.0,0.9531631469726562
4304,-2.836444804170591,13.182232856750488,0.0,0.0,0.953335702419281
4305,-2.841906399921434,-0.309873104095459,0.0,0.0,0.9534890055656433
4306,-2.436104594210933,0.9499413967132568,0.0,0.0,0.9536361694335938
4307,-2.4690990974956293,1.074958324432373,0.0,0.0,0.9537730813026428
4308,-2.26195276264201,-1.400054931640625,0.0,0.0,0.9538900852203369
4309,-2.6269951801955616,7.107542991638184,0.0,0.0,0.9540438055992126
4310,-2.697128997135726,-2.5821690559387207,0.0,0.0,0.9541741013526917
4311,-2.64685547199492,3.9586920738220215,0.0,0.0,0.9543380737304688
4312,-2.8077576971056244,1.119438886642456,0.0,0.0,0.9545080661773682
4313,-2.7123642004939637,12.28475570678711,0.0,0.0,0.9547684788703918
4314,-1.7136999658776086,6.542606353759766,0.0,0.0,0.9550459384918213
4315,-2.2543226854569616,-5.000035762786865,0.0,0.0,0.9552736878395081
4316,-2.4643649033610258,1.9734861850738525,0.0,0.0,0.955489456653595
4317,-2.702059276121057,-4.87255859375,0.0,0.0,0.9556613564491272
4318,-2.5353972181819175,-0.5776715278625488,0.0,0.0,0.9558067321777344
4319,-1.726428198857213,-4.404285430908203,0.0,0.0,0.9559051394462585
4320,-2.7915425301052506,-1.3882696628570557,0.0,0.0,0.9559850692749023
4321,-2.2695023826288634,2.126005172729492,0.0,0.0,0.956074059009552
4322,-2.093146889957844,1.7136116027832031,0.0,0.0,0.9561622738838196
4323,-1.937503357735225,3.076202869415283,0.0,0.0,0.9562847018241882
4324,-2.3997045739892537,4.536835670471191,0.0,0.0,0.9564225077629089
4325,-2.740395704483803,6.570794582366943,0.0,0.0,0.9565801024436951
4326,-2.3358876477928248,-1.3224852085113525,0.0,0.0,0.9567133784294128
4327,-2.2784527424845296,-1.3849270343780518,0.0,0.0,0.9568159580230713
4328,-2.7994077715582604,5.894647598266602,0.0,0.0,0.9569394588470459
4329,-2.4767295615479243,2.132035255432129,0.0,0.0,0.9570733904838562
4330,-2.4076857404146246,-5.4416303634643555,0.0,0.0,0.9571536183357239
4331,-2.1974789669286405,-9.33903694152832,0.0,0.0,0.9571273326873779
4332,-2.873819701679623,-6.463717460632324,0.0,0.0,0.9570491909980774
4333,-3.0072635292591396,0.09062552452087402,0.0,0.0,0.9569800496101379
4334,-2.1369088506195517,9.475606918334961,0.0,0.0,0.9569697380065918
4335,-2.7260036343171916,13.552736282348633,0.0,0.0,0.9570173621177673
4336,-2.8470245622551404,0.554394006729126,0.0,0.0,0.9570617079734802
4337,-2.4536912562480095,2.4197731018066406,0.0,0.0,0.9571283459663391
4338,-3.016929596184982,-2.1255578994750977,0.0,0.0,0.9571731686592102
4339,-2.6461065642437176,2.195291519165039,0.0,0.0,0.9572227597236633
4340,-2.7415331691722704,-4.784428596496582,0.0,0.0,0.9572417140007019
4341,-2.5117254091900216,-5.1191606521606445,0.0,0.0,0.9572343826293945
4342,-2.184773802611752,-4.703578948974609,0.0,0.0,0.9571914076805115
4343,-2.465262172873665,1.4306387901306152,0.0,0.0,0.957160234451294
4344,-2.06182193648553,-7.753082275390625,0.0,0.0,0.9570906758308411
4345,-2.5177292355492424,4.4805121421813965,0.0,0.0,0.9571046829223633
4346,-1.7926213938958389,-4.2250542640686035,0.0,0.0,0.957069456577301
4347,-2.4923919620012307,2.222090244293213,0.0,0.0,0.9570468068122864
4348,-3.0259186015146424,-1.1163997650146484,0.0,0.0,0.9570197463035583
4349,-2.3048842431927827,0.8878843784332275,0.0,0.0,0.9570038318634033
4350,-2.3135365750694996,14.08372688293457,0.0,0.0,0.9570737481117249
4351,-2.323697049403875,-4.197721481323242,0.0,0.0,0.9571213722229004
4352,-2.7271646044730793,-1.0789296627044678,0.0,0.0,0.9571514129638672
4353,-2.4869793203343176,3.9358725547790527,0.0,0.0,0.9572048187255859
4354,-2.6820333699551817,4.703292369842529,0.0,0.0,0.9573041796684265
4355,-2.3872806038373664,-7.263803482055664,0.0,0.0,0.9573383331298828
4356,-2.7852984001945726,-1.9127583503723145,0.0,0.0,0.9573595523834229
4357,-2.6927236724772983,-1.1317894458770752,0.0,0.0,0.9573732018470764
4358,-3.0966053701000797,9.199983596801758,0.0,0.0,0.9574272036552429
4359,-2.5027485975571975,-5.086941719055176,0.0,0.0,0.9574375748634338
4360,-2.9004421370881524,-0.8835268020629883,0.0,0.0,0.9574410319328308
4361,-3.005165896385639,6.853626251220703,0.0,0.0,0.9574735760688782
4362,-2.520085117512509,-3.5129482746124268,0.0,0.0,0.9574782848358154
4363,-2.7979796496769174,-0.31270885467529297,0.0,0.0,0.9574822783470154
4364,-3.115693109677751,-10.823284149169922,0.0,0.0,0.9573933482170105
4365,-2.6112321039688076,-1.1087186336517334,0.0,0.0,0.957305908203125
4366,-3.0768938612464654,-4.600622177124023,0.0,0.0,0.9572044014930725
4367,-2.688638485635047,-0.882706880569458,0.0,0.0,0.9571075439453125
4368,-2.4192791070949515,6.056586265563965,0.0,0.0,0.9570601582527161
4369,-2.328398431252036,-3.069838047027588,0.0,0.0,0.9569816589355469
4370,-2.2625541950847006,7.497516632080078,0.0,0.0,0.956949770450592
4371,-2.7887063649171546,-1.3821110725402832,0.0,0.0,0.956895649433136
4372,-2.772499936304716,-5.183651924133301,0.0,0.0,0.9567963480949402
4373,-2.1623855275369097,3.482375144958496,0.0,0.0,0.9567393660545349
4374,-2.9571840743904723,-1.8268089294433594,0.0,0.0,0.9566792845726013
4375,-2.83602242105468,9.02638053894043,0.0,0.0,0.9566826224327087
4376,-2.4208168697644283,1.2183489799499512,0.0,0.0,0.9566981196403503
4377,-2.6311676612928636,7.880899906158447,0.0,0.0,0.956756591796875
4378,-2.413550698717998,2.2925658226013184,0.0,0.0,0.9568228721618652
4379,-2.276080515786904,-5.113193511962891,0.0,0.0,0.9568665623664856
4380,-2.9295880525771927,-2.833118438720703,0.0,0.0,0.9568805694580078
4381,-1.6091717205848357,3.308448076248169,0.0,0.0,0.9569103121757507
4382,-2.3969696417762316,3.022021770477295,0.0,0.0,0.9569899439811707
4383,-2.7499350239575246,-2.1985559463500977,0.0,0.0,0.9570515751838684
4384,-2.3873515467486452,-7.352817535400391,0.0,0.0,0.9570642113685608
4385,-2.537117363339669,-1.5688409805297852,0.0,0.0,0.9570613503456116
4386,-2.096146686917989,-3.495831251144409,0.0,0.0,0.9570322036743164
4387,-2.6271909666399305,-2.482053279876709,0.0,0.0,0.95699542760849
4388,-1.7856176121476897,6.863443374633789,0.0,0.0,0.9570401310920715
4389,-2.9353850483528077,-0.9552140235900879,0.0,0.0,0.9570743441581726
4390,-2.5910463657790572,-5.5578999519348145,0.0,0.0,0.957075297832489
4391,-1.8472477118088244,6.9454755783081055,0.0,0.0,0.9571256637573242
4392,-2.6333750897635566,-1.2079598903656006,0.0,0.0,0.9571554660797119
4393,-2.3326639176982678,1.4250882863998413,0.0,0.0,0.9571971297264099
4394,-2.6854055704767985,5.8457841873168945,0.0,0.0,0.9572693705558777
4395,-2.0257320180084326,5.142404079437256,0.0,0.0,0.9573702812194824
4396,-2.5059002872527976,-3.1521623134613037,0.0,0.0,0.957434356212616
4397,-2.44925181943778,-0.9630482196807861,0.0,0.0,0.9574729800224304
4398,-2.918047553306355,9.989846229553223,0.0,0.0,0.9575591087341309
4399,-2.175377399281232,2.9110398292541504,0.0,0.0,0.9576592445373535
4400,-2.5568228904374313,-8.205985069274902,0.0,0.0,0.9576924443244934
4401,-2.477109144316989,5.34724235534668,0.0,0.0,0.9577623009681702
4402,-1.6862468740847583,-3.2155189514160156,0.0,0.0,0.9578083157539368
4403,-2.178891680632112,3.366665840148926,0.0,0.0,0.9578679203987122
4404,-2.5685908295319138,-0.02555060386657715,0.0,0.0,0.9579228758811951
4405,-1.664172562048499,5.2320098876953125,0.0,0.0,0.9580017924308777
4406,-2.2905768696844078,-3.10813307762146,0.0,0.0,0.9580504298210144
4407,-2.322833298444433,5.479509353637695,0.0,0.0,0.9581239819526672
4408,-2.458080756682876,-8.954322814941406,0.0,0.0,0.9580364227294922
4409,-1.5596309780450213,-0.9137073755264282,0.0,0.0,0.9579379558563232
4410,-2.288716759080559,-4.491931915283203,0.0,0.0,0.9578213691711426
4411,-1.6934980574971545,1.7953722476959229,0.0,0.0,0.9577274322509766
4412,-2.2464636576915566,-0.7785289287567139,0.0,0.0,0.9576334953308105
4413,-2.2088588744739024,4.828701019287109,0.0,0.0,0.9575793147087097
4414,-2.1290332150774027,-1.9529895782470703,0.0,0.0,0.9575188159942627
4415,-2.5849056730629387,6.13360595703125,0.0,0.0,0.9574887156486511
4416,-2.828038673656632,-9.059272766113281,0.0,0.0,0.9573646187782288
4417,-2.1633707950359655,1.4188315868377686,0.0,0.0,0.9572603106498718
4418,-1.951456869239425,11.448705673217773,0.0,0.0,0.9572070240974426
4419,-2.348651042658389,-2.8865931034088135,0.0,0.0,0.9571280479431152
4420,-2.095461522333429,0.3635702133178711,0.0,0.0,0.957059383392334
4421,-2.7514261794119728,-3.3354439735412598,0.0,0.0,0.9569743275642395
4422,-2.6227940391827587,4.32223653793335,0.0,0.0,0.956930935382843
4423,-2.711387768916949,-0.9557900428771973,0.0,0.0,0.9568870067596436
4424,-2.3233498257461256,4.375279426574707,0.0,0.0,0.9568848609924316
4425,-2.3200011317297404,2.9203410148620605,0.0,0.0,0.9569015502929688
4426,-2.0159631821107524,-1.936769723892212,0.0,0.0,0.9569029808044434
4427,-2.7561156683001338,3.041752815246582,0.0,0.0,0.9569253921508789
4428,-2.4168173822919004,4.16303825378418,0.0,0.0,0.9569675326347351
4429,-2.5123548629832024,-7.467667102813721,0.0,0.0,0.9569337368011475
4430,-2.1776367864219663,-3.824069023132324,0.0,0.0,0.9568732380867004
4431,-2.1576321305405703,3.895742416381836,0.0,0.0,0.9568325877189636
4432,-2.2554301569710438,2.945122718811035,0.0,0.0,0.9568315148353577
4433,-1.9413657774348514,-2.8965532779693604,0.0,0.0,0.9567773342132568
4434,-2.4434086815328273,1.8019015789031982,0.0,0.0,0.9567349553108215
4435,-2.6743828460621084,10.324620246887207,0.0,0.0,0.9567728638648987
4436,-2.3202136175246633,-8.878965377807617,0.0,0.0,0.9567567706108093
4437,-2.4984132913411052,-9.269594192504883,0.0,0.0,0.956645667552948
4438,-2.4011318354393367,2.0820369720458984,0.0,0.0,0.9565712809562683
4439,-2.3548806410048986,6.078601360321045,0.0,0.0,0.9565348029136658
4440,-2.7153832598041188,6.552690505981445,0.0,0.0,0.9565522074699402
4441,-2.4807293949840923,1.1229300498962402,0.0,0.0,0.956576406955719
4442,-2.046228733820003,3.640115737915039,0.0,0.0,0.9566304683685303
4443,-2.196052581840094,-0.012367963790893555,0.0,0.0,0.956678569316864
4444,-2.2536722336250676,-6.856363296508789,0.0,0.0,0.956671953201294
4445,-1.74381200855492,7.951534748077393,0.0,0.0,0.9567203521728516
4446,-2.818433895397799,-2.328861951828003,0.0,0.0,0.9567461609840393
4447,-2.68255249573763,8.319975852966309,0.0,0.0,0.9568513035774231
4448,-2.3277592572272185,6.124785423278809,0.0,0.0,0.9570693969726562
4449,-2.6041604593551995,5.565059661865234,0.0,0.0,0.9572935104370117
4450,-2.1795232954077326,-2.0252766609191895,0.0,0.0,0.9574801325798035
4451,-1.6053053855522832,-0.6601560115814209,0.0,0.0,0.9576423764228821
4452,-1.5616144421126756,0.9300484657287598,0.0,0.0,0.9577937722206116
4453,-2.7212178595030525,-1.2389295101165771,0.0,0.0,0.9579192996025085
4454,-2.131242705727812,1.9746110439300537,0.0,0.0,0.958047091960907
4455,-2.1204925912758124,-0.13824951648712158,0.0,0.0,0.9581610560417175
4456,-2.2734838676266778,-2.02724289894104,0.0,0.0,0.9582410454750061
4457,-2.682160254915698,-3.232933759689331,0.0,0.0,0.9582936763763428
4458,-2.438086311248426,5.882012844085693,0.0,0.0,0.9583857655525208
4459,-2.586444973233495,5.578791618347168,0.0,0.0,0.9585135579109192
4460,-2.163053218835965,-1.5730278491973877,0.0,0.0,0.9586126208305359
4461,-2.858300959963662,-8.763589859008789,0.0,0.0,0.9586512446403503
4462,-2.318143072465596,-9.782479286193848,0.0,0.0,0.9586275219917297
4463,-2.791052084968018,-0.22162115573883057,0.0,0.0,0.9586033821105957
4464,-2.768809526296385,0.6726884841918945,0.0,0.0,0.9585868716239929
4465,-2.7476969961415514,-0.9045960903167725,0.0,0.0,0.9585654139518738
4466,-1.8465514806820453,6.673730850219727,0.0,0.0,0.9585937857627869
4467,-2.3974530005705024,1.0264971256256104,0.0,0.0,0.9586279988288879
4468,-2.131332847168481,-0.5185163021087646,0.0,0.0,0.9586547017097473
4469,-2.2786469781289376,-2.638516664505005,0.0,0.0,0.9586575031280518
4470,-2.479362813353119,0.2299942970275879,0.0,0.0,0.9586641192436218
4471,-2.628656662180507,0.202653169631958,0.0,0.0,0.9586693644523621
4472,-1.8735975009472752,-3.732369899749756,0.0,0.0,0.9586424827575684
4473,-2.4189879011091175,-4.737729549407959,0.0,0.0,0.9585955142974854
4474,-2.068835436231941,4.520592212677002,0.0,0.0,0.9585938453674316
4475,-2.562639025376641,6.02604341506958,0.0,0.0,0.9586413502693176
4476,-2.984131832652529,-4.249307632446289,0.0,0.0,0.9586532115936279
4477,-2.462917050022499,5.637002468109131,0.0,0.0,0.9586902260780334
4478,-2.4084376658219213,-2.321207284927368,0.0,0.0,0.9587152600288391
4479,-2.8378743408849125,5.767327785491943,0.0,0.0,0.9587624669075012
4480,-2.149410723017431,-7.798398017883301,0.0,0.0,0.9586989283561707
4481,-2.6900683265940426,2.026379108428955,0.0,0.0,0.9586647152900696
4482,-2.7931986581262094,11.910968780517578,0.0,0.0,0.9588449001312256
4483,-2.609184991213162,-1.9015631675720215,0.0,0.0,0.9589969515800476
4484,-1.9944139791100142,-6.284503936767578,0.0,0.0,0.9590997099876404
4485,-2.4503426998719573,6.524925231933594,0.0,0.0,0.9592366814613342
4486,-2.3675077001385807,-2.7253947257995605,0.0,0.0,0.9593369960784912
4487,-2.4080398250383004,-7.104637145996094,0.0,0.0,0.9593375325202942
4488,-2.6467065975241533,-4.586513042449951,0.0,0.0,0.9593154788017273
4489,-2.2249119599323715,-0.411283016204834,0.0,0.0,0.9592954516410828
4490,-2.499282177574605,0.551774263381958,0.0,0.0,0.9592821002006531
4491,-2.8157425636474214,-5.355565071105957,0.0,0.0,0.9592361450195312
4492,-2.113901075724027,-0.944561243057251,0.0,0.0,0.9591875672340393
4493,-2.6219067705117203,3.660518169403076,0.0,0.0,0.9591614603996277
4494,-1.9901395118188459,20.832813262939453,0.0,0.0,0.959278404712677
4495,-2.0887694405429125,8.15087604522705,0.0,0.0,0.9594457149505615
4496,-2.3355397633588204,1.8412830829620361,0.0,0.0,0.9596140384674072
4497,-2.1682986720070785,-5.823416709899902,0.0,0.0,0.9597153067588806
4498,-2.231208996028495,-2.4727776050567627,0.0,0.0,0.9597825407981873
4499,-2.579666340667168,1.1854724884033203,0.0,0.0,0.9598509669303894
4500,-2.1517997437671585,-4.639819622039795,0.0,0.0,0.9598574638366699
4501,-2.7113138504749053,4.968096733093262,0.0,0.0,0.9599502682685852
4502,-2.9009846594769595,0.5953018665313721,0.0,0.0,0.9600400328636169
4503,-2.238301003726903,8.787055015563965,0.0,0.0,0.9602082371711731
4504,-2.031079522314403,2.1030209064483643,0.0,0.0,0.9603821635246277
4505,-2.3786653815651198,-5.995866298675537,0.0,0.0,0.9605147838592529
4506,-2.3520812879683453,-3.3068132400512695,0.0,0.0,0.9606137275695801
4507,-2.1464554611572995,6.36978816986084,0.0,0.0,0.9607489109039307
4508,-2.393394470161401,-1.168398380279541,0.0,0.0,0.9608628749847412
4509,-1.6817336113936063,-0.49755311012268066,0.0,0.0,0.9609622359275818
4510,-2.5381797030500284,0.3955576419830322,0.0,0.0,0.9610530734062195
4511,-2.313747340482288,-14.621265411376953,0.0,0.0,0.9610595107078552
4512,-2.4360404381718346,7.934993267059326,0.0,0.0,0.9611082077026367
4513,-2.3386622178227663,-1.0988225936889648,0.0,0.0,0.9611470103263855
4514,-2.470988262340062,2.438295841217041,0.0,0.0,0.961197555065155
4515,-2.1348117016389416,-5.541604042053223,0.0,0.0,0.9611966013908386
4516,-2.4783915347767986,-0.8845679759979248,0.0,0.0,0.9611849188804626
4517,-2.432550396925216,2.6863949298858643,0.0,0.0,0.9611897468566895
4518,-1.8506632904318703,-0.5151076316833496,0.0,0.0,0.961190402507782
4519,-2.8627492745901346,4.591765403747559,0.0,0.0,0.9612511992454529
4520,-2.491085860972923,-8.399337768554688,0.0,0.0,0.9612469673156738
4521,-1.674032581122506,-3.46063232421875,0.0,0.0,0.9612283706665039
4522,-2.29358943928756,-5.3138427734375,0.0,0.0,0.9611871242523193
4523,-2.018327359365607,2.137484073638916,0.0,0.0,0.9611601233482361
4524,-1.4994809151317772,6.659306526184082,0.0,0.0,0.9611680507659912
4525,-2.397503739361772,-7.484959602355957,0.0,0.0,0.9611098766326904
4526,-2.1325842601944434,-5.0585479736328125,0.0,0.0,0.9610211849212646
4527,-2.6345860958419793,4.598738670349121,0.0,0.0,0.9609702229499817
4528,-2.4808605478864223,-2.2251169681549072,0.0,0.0,0.9609014391899109
4529,-2.368538154516693,-4.949977874755859,0.0,0.0,0.9608044028282166
4530,-2.5464572718136873,-2.5847744941711426,0.0,0.0,0.9607011675834656
4531,-2.0300516517343814,4.8045430183410645,0.0,0.0,0.9606437087059021
4532,-2.6557957503769103,5.210116386413574,0.0,0.0,0.9606180787086487
4533,-2.1660079354997004,1.3137762546539307,0.0,0.0,0.9606008529663086
4534,-2.3647292179062793,3.5416951179504395,0.0,0.0,0.9606217741966248
4535,-1.9280065243452034,-3.314317464828491,0.0,0.0,0.9606087803840637
4536,-2.0446547708422815,0.18516993522644043,0.0,0.0,0.9605979919433594
4537,-1.371295270049921,4.372282981872559,0.0,0.0,0.9606151580810547
4538,-2.326993640542177,7.888016700744629,0.0,0.0,0.9606826305389404
4539,-2.1050223775102452,0.019765853881835938,0.0,0.0,0.960742712020874
4540,-1.720317909835363,-1.0095129013061523,0.0,0.0,0.9607904553413391
4541,-2.3839050720902204,0.6436023712158203,0.0,0.0,0.9608356356620789
4542,-2.2631265268578495,9.464895248413086,0.0,0.0,0.9609526991844177
4543,-2.1494952077797835,-6.906548023223877,0.0,0.0,0.9610145688056946
4544,-1.7262181388835633,0.7992146015167236,0.0,0.0,0.9610808491706848
4545,-2.5861685602356053,0.13886594772338867,0.0,0.0,0.9611406922340393
4546,-2.1045627415538095,0.9502325057983398,0.0,0.0,0.9612109065055847
4547,-2.855924631464691,-6.43650484085083,0.0,0.0,0.9612508416175842
4548,-2.4026008367059886,2.5687074661254883,0.0,0.0,0.9612943530082703
4549,-2.151279095971886,-3.3086130619049072,0.0,0.0,0.9613161683082581
4550,-1.4951773369131691,2.89559006690979,0.0,0.0,0.9613609313964844
4551,-2.1880786752807277,0.2693760395050049,0.0,0.0,0.9614038467407227
4552,-2.2686997800914375,3.5794992446899414,0.0,0.0,0.9614620804786682
4553,-2.580277100563615,-2.2642524242401123,0.0,0.0,0.9614953994750977
4554,-2.3228843623619175,-6.528580665588379,0.0,0.0,0.9614953398704529
4555,-2.3204245052375683,-1.2086453437805176,0.0,0.0,0.9614875912666321
4556,-2.2851587896781522,4.803884506225586,0.0,0.0,0.9615009427070618
4557,-2.5105686955311057,4.2400407791137695,0.0,0.0,0.9615618586540222
4558,-2.3561562364550874,2.074089527130127,0.0,0.0,0.9616521000862122
4559,-2.2382837732149508,-3.7987112998962402,0.0,0.0,0.9616726040840149
4560,-2.1566085324672795,-2.7710540294647217,0.0,0.0,0.9616667628288269
4561,-1.9102570534570795,12.040740013122559,0.0,0.0,0.961725652217865
4562,-2.1567304005339842,0.23243427276611328,0.0,0.0,0.9617822766304016
4563,-2.218792913482835,-15.58221435546875,0.0,0.0,0.9617603421211243
4564,-2.652661739238577,-0.6012187004089355,0.0,0.0,0.9617344737052917
4565,-2.783916268566845,2.33805251121521,0.0,0.0,0.9617292284965515
4566,-2.7806219232225526,1.1608576774597168,0.0,0.0,0.9617343544960022
4567,-2.275215181005508,-3.342259168624878,0.0,0.0,0.9617185592651367
4568,-2.4398177123594347,-0.33388614654541016,0.0,0.0,0.9616994857788086
4569,-2.6528636852733527,-4.777637481689453,0.0,0.0,0.9616566300392151
4570,-2.575231340618145,-1.8564114570617676,0.0,0.0,0.9616008400917053
4571,-1.6207782704081748,1.3592140674591064,0.0,0.0,0.96156245470047
4572,-2.3033167334179834,3.4693074226379395,0.0,0.0,0.9615492224693298
4573,-2.6381665584883462,2.225776195526123,0.0,0.0,0.9615497589111328
4574,-2.5567466882950014,3.4160618782043457,0.0,0.0,0.9615815281867981
4575,-2.2261318904084435,-1.135002613067627,0.0,0.0,0.9615946412086487
4576,-2.3583003841667596,0.6957530975341797,0.0,0.0,0.9616096019744873
4577,-1.6855884556551193,-7.465085983276367,0.0,0.0,0.9615628123283386
4578,-2.0440096669169012,-6.756927967071533,0.0,0.0,0.9614813923835754
4579,-2.5992915602111113,27.838151931762695,0.0,0.0,0.961669921875
4580,-1.8594738680585472,0.7008249759674072,0.0,0.0,0.9618434906005859
4581,-1.7730436374647018,8.524862289428711,0.0,0.0,0.962044894695282
4582,-2.2533183979300295,4.455408573150635,0.0,0.0,0.9622456431388855
4583,-1.913529082253643,-0.3153045177459717,0.0,0.0,0.9624221324920654
4584,-2.091682462803875,-7.105218410491943,0.0,0.0,0.9625123143196106
4585,-1.960137321679428,3.088578462600708,0.0,0.0,0.9626047015190125
4586,-2.229481240288859,-8.154571533203125,0.0,0.0,0.9626317024230957
4587,-1.5323788878865208,1.071685791015625,0.0,0.0,0.9626696705818176
4588,-2.3181209572075563,6.0329155921936035,0.0,0.0,0.9627489447593689
4589,-1.7737736488031604,-0.5537407398223877,0.0,0.0,0.9628166556358337
4590,-1.603588513202765,-2.9687881469726562,0.0,0.0,0.9628360271453857
4591,-2.3369579537466088,-4.198535919189453,0.0,0.0,0.9628297686576843
4592,-2.6666899981075156,-6.944255352020264,0.0,0.0,0.9626910090446472
4593,-1.6228311138914011,2.372163772583008,0.0,0.0,0.9625847339630127
4594,-2.044967177320988,3.6183340549468994,0.0,0.0,0.9625027775764465
4595,-1.8831967522091726,2.361082077026367,0.0,0.0,0.9624426960945129
4596,-2.211980066512204,1.5815610885620117,0.0,0.0,0.962407648563385
4597,-1.6273552770627362,-1.8859949111938477,0.0,0.0,0.9623705744743347
4598,-1.895658219778126,-3.9428439140319824,0.0,0.0,0.9623066782951355
4599,-2.2611989012085636,-3.145944595336914,0.0,0.0,0.962226152420044
4600,-1.7294230721699557,8.28547477722168,0.0,0.0,0.9622209668159485
4601,-1.711349638817247,8.730198860168457,0.0,0.0,0.9622499346733093
4602,-2.144258802376024,-3.3792357444763184,0.0,0.0,0.9622556567192078
4603,-2.159624736677104,-0.931206464767456,0.0,0.0,0.9622586369514465
4604,-2.3726710749914597,-4.17581033706665,0.0,0.0,0.9622442126274109
4605,-1.6685160092050235,-9.4051513671875,0.0,0.0,0.9621608257293701
4606,-2.6525861878120347,-5.171131134033203,0.0,0.0,0.9620566964149475
4607,-1.9704271220075324,-0.832169771194458,0.0,0.0,0.9619593620300293
4608,-1.97848980734694,3.462092399597168,0.0,0.0,0.9618983864784241
4609,-2.366113581929712,1.9698255062103271,0.0,0.0,0.9618658423423767
4610,-2.5744979302928925,0.8571457862854004,0.0,0.0,0.96184903383255
4611,-1.7945049800941069,9.710687637329102,0.0,0.0,0.9618778228759766
4612,-2.956902407829814,-6.795139312744141,0.0,0.0,0.9618825912475586
4613,-1.8868305307487387,-9.682791709899902,0.0,0.0,0.9618309140205383
4614,-2.2937654609662133,0.14237141609191895,0.0,0.0,0.9617874026298523
4615,-2.516247738546365,6.798672199249268,0.0,0.0,0.9617870450019836
4616,-2.361169961944735,5.2225022315979,0.0,0.0,0.9618589878082275
4617,-2.2922058728097365,10.975902557373047,0.0,0.0,0.9619908332824707
4618,-1.9236342348757438,-6.734778881072998,0.0,0.0,0.962083637714386
4619,-1.9625142317262247,2.4029595851898193,0.0,0.0,0.9621888995170593
4620,-2.1024875481891043,-1.0002555847167969,0.0,0.0,0.9622768759727478
4621,-1.9841935731601381,1.6875884532928467,0.0,0.0,0.9623649716377258
4622,-1.6460608533352357,-3.507554531097412,0.0,0.0,0.9624171853065491
4623,-2.13409663928455,-3.059046983718872,0.0,0.0,0.9624422192573547
4624,-2.1421625864489355,-3.305727958679199,0.0,0.0,0.9624516367912292
4625,-2.3424127701330693,-2.723229169845581,0.0,0.0,0.9624443054199219
4626,-1.4707964141460064,5.345961570739746,0.0,0.0,0.9625265002250671
4627,-2.3061033957662356,-8.500001907348633,0.0,0.0,0.9625617861747742
4628,0.30860642785265613,5.063721656799316,0.0,0.0,0.9626390933990479
4629,-2.7780946069689363,-1.352020263671875,0.0,0.0,0.9626936316490173
4630,-1.7508646782288346,-1.8017518520355225,0.0,0.0,0.9627258777618408
4631,-2.3854451801456786,4.97318696975708,0.0,0.0,0.9627968668937683
4632,-2.4674015295650475,-10.338871002197266,0.0,0.0,0.9627885818481445
4633,-2.5189572971991776,-2.7187142372131348,0.0,0.0,0.9627656936645508
4634,-2.226943650482439,-0.7932174205780029,0.0,0.0,0.9627392888069153
4635,-2.1010073298971825,3.173611640930176,0.0,0.0,0.9627442955970764
4636,-2.335750270560979,-2.439434766769409,0.0,0.0,0.9627278447151184
4637,-1.920918981279918,-2.6037778854370117,0.0,0.0,0.9626962542533875
4638,-2.360765707703708,-4.005675315856934,0.0,0.0,0.9626345634460449
4639,-2.317985999635575,1.669501781463623,0.0,0.0,0.9625900387763977
4640,-2.2634279563572166,-6.876267433166504,0.0,0.0,0.9625036120414734
4641,-2.613987872680822,-8.159924507141113,0.0,0.0,0.9623329639434814
4642,-2.304082555497998,12.255626678466797,0.0,0.0,0.9623424410820007
4643,-2.2938101267640283,4.51410436630249,0.0,0.0,0.9623823165893555
4644,-2.150683161242421,-11.726943969726562,0.0,0.0,0.962353527545929
4645,-1.7856938529178343,-1.890430212020874,0.0,0.0,0.9622814059257507
4646,-1.5854772780081763,1.0868597030639648,0.0,0.0,0.9622219204902649
4647,-2.195288514414407,-5.629447937011719,0.0,0.0,0.9621389508247375
4648,-2.2742295116587714,1.6758861541748047,0.0,0.0,0.9620845913887024
4649,-2.3374371087709873,-6.561676979064941,0.0,0.0,0.9619799256324768
4650,-1.6981309976747252,8.139715194702148,0.0,0.0,0.9619225859642029
4651,-1.6768571778202148,0.29634952545166016,0.0,0.0,0.9618728756904602
4652,-2.123565142180947,-5.284909725189209,0.0,0.0,0.9617854952812195
4653,-2.0020697488761146,-3.771812915802002,0.0,0.0,0.9616580009460449
4654,-2.5454978537287403,-5.112767219543457,0.0,0.0,0.961428165435791
4655,-2.202374204243423,2.0562472343444824,0.0,0.0,0.9612316489219666
4656,-2.1246113274016696,3.162898540496826,0.0,0.0,0.9610801339149475
4657,-2.370925078064692,-3.6122589111328125,0.0,0.0,0.9609243869781494
4658,-2.5589425548793896,-3.669232130050659,0.0,0.0,0.9607467651367188
4659,-1.884264411737892,2.8418946266174316,0.0,0.0,0.9605982303619385
4660,-2.6334007712529193,-3.7318637371063232,0.0,0.0,0.9604342579841614
4661,-2.0479069544404376,-2.588137149810791,0.0,0.0,0.9602697491645813
4662,-1.0630905994215099,12.376532554626465,0.0,0.0,0.9601922631263733
4663,-1.357648268427278,9.494979858398438,0.0,0.0,0.960199773311615
4664,-1.179090698056283,-2.297125816345215,0.0,0.0,0.9601711630821228
4665,-2.1069372453804966,-3.882619857788086,0.0,0.0,0.960125207901001
4666,-1.9074842106731211,0.8624181747436523,0.0,0.0,0.9600904583930969
4667,-2.475479260451174,-2.1835365295410156,0.0,0.0,0.9600412249565125
4668,-2.050989016294656,4.001434803009033,0.0,0.0,0.9600299000740051
4669,-1.9089733537835392,5.793036937713623,0.0,0.0,0.960089921951294
4670,-2.161682730330426,4.355541229248047,0.0,0.0,0.960165798664093
4671,-2.3787654839869394,0.18570685386657715,0.0,0.0,0.9602352976799011
4672,-2.550203143940492,-4.703421592712402,0.0,0.0,0.9602699279785156
4673,-2.106746812983396,-1.5417985916137695,0.0,0.0,0.9602891802787781
4674,-2.211677228177336,11.085081100463867,0.0,0.0,0.9603672623634338
4675,-2.5804608557344744,-3.916557550430298,0.0,0.0,0.9604161381721497
4676,-2.5083974511480154,3.925248384475708,0.0,0.0,0.960475742816925
4677,-2.306762663912026,-6.107285022735596,0.0,0.0,0.9605076909065247
4678,-1.9048218221895374,-10.094146728515625,0.0,0.0,0.9604551196098328
4679,-2.0279952529409178,-0.9950194358825684,0.0,0.0,0.9603920578956604
4680,-2.1316599057473766,4.7991743087768555,0.0,0.0,0.9603702425956726
4681,-2.5719633817219894,0.13896000385284424,0.0,0.0,0.9603516459465027
4682,-2.629113134422825,-9.098959922790527,0.0,0.0,0.9602637887001038
4683,-2.0259139121462137,-4.191007614135742,0.0,0.0,0.9601631760597229
4684,-0.8273367430503225,7.837149620056152,0.0,0.0,0.960151731967926
4685,-2.677041826682314,0.463301420211792,0.0,0.0,0.9601457118988037
4686,-2.0951306016993425,-4.015331745147705,0.0,0.0,0.9601054191589355
4687,-2.4330540856874863,5.508665561676025,0.0,0.0,0.9601185917854309
4688,-2.35657476571552,-6.084991455078125,0.0,0.0,0.960091769695282
4689,-2.9463426540210804,-0.5862476825714111,0.0,0.0,0.9600656032562256
4690,-1.7097504341384675,-1.1649055480957031,0.0,0.0,0.9600251317024231
4691,-2.3252982349275912,5.752763748168945,0.0,0.0,0.9600127339363098
4692,-2.4835060524228596,-4.769152641296387,0.0,0.0,0.9599503874778748
4693,-2.2187160586901067,-9.133380889892578,0.0,0.0,0.9598339200019836
4694,-2.2469684737902895,2.38791823387146,0.0,0.0,0.959744930267334
4695,-2.1752578700061562,-0.46211445331573486,0.0,0.0,0.9596621990203857
4696,-2.3330976566270056,-2.3303263187408447,0.0,0.0,0.9595696926116943
4697,-3.0766960725493577,4.635542869567871,0.0,0.0,0.9595117568969727
4698,-2.922115512800022,-3.9186697006225586,0.0,0.0,0.9594337344169617
4699,-2.0033324520096096,-5.1940999031066895,0.0,0.0,0.9592856764793396
4700,-2.6935742751927663,7.904445648193359,0.0,0.0,0.9592631459236145
4701,-2.6360696015749725,-6.833685874938965,0.0,0.0,0.9591887593269348
4702,-2.545574774358326,4.261288642883301,0.0,0.0,0.9591509699821472
4703,-2.616730738472186,-0.6172916889190674,0.0,0.0,0.9591143727302551
4704,-2.592286555047449,2.2887113094329834,0.0,0.0,0.9591062664985657
4705,-2.9176354736565506,5.561738967895508,0.0,0.0,0.9591389298439026
4706,-2.6083507562624435,-2.2662689685821533,0.0,0.0,0.9591546654701233
4707,-2.693154649524332,-1.5647423267364502,0.0,0.0,0.9591615200042725
4708,-2.485240884535753,-5.311433792114258,0.0,0.0,0.9591215252876282
4709,-2.6729691889713596,5.631897926330566,0.0,0.0,0.9591277241706848
4710,-3.0726203179178273,5.075192928314209,0.0,0.0,0.9591729044914246
4711,-3.0719756807371166,-2.6989150047302246,0.0,0.0,0.9591965079307556
4712,-2.3772742422000297,4.113051414489746,0.0,0.0,0.9592534899711609
4713,-2.5876343890418565,5.497465133666992,0.0,0.0,0.9593517184257507
4714,-1.9977806110899994,0.8794560432434082,0.0,0.0,0.9594448208808899
4715,-2.5234324626688855,-5.2455339431762695,0.0,0.0,0.9595036506652832
4716,-2.75539511377406,-4.963595390319824,0.0,0.0,0.9595311284065247
4717,-2.4087375156278803,-1.6250109672546387,0.0,0.0,0.9595438838005066
4718,-2.107834846709149,-0.19180059432983398,0.0,0.0,0.959550678730011
4719,-2.519889825633494,3.4659676551818848,0.0,0.0,0.9595721364021301
4720,-2.5603662626403105,-4.372718811035156,0.0,0.0,0.9595592617988586
4721,-2.443639741057454,8.066967010498047,0.0,0.0,0.9595904350280762
4722,-2.474752262105823,12.079144477844238,0.0,0.0,0.9596872329711914
4723,-2.2003550769936284,6.417324066162109,0.0,0.0,0.9598247408866882
4724,-2.9326903568883065,-1.648163080215454,0.0,0.0,0.9599411487579346
4725,-2.420524757333769,4.733854293823242,0.0,0.0,0.960098922252655
4726,-2.1035565115322727,1.8023865222930908,0.0,0.0,0.960258424282074
4727,-2.823356519861517,-5.526735305786133,0.0,0.0,0.9603145718574524
4728,-2.315450455730854,-2.5485260486602783,0.0,0.0,0.9603495001792908
4729,-2.5674487800388777,2.946047306060791,0.0,0.0,0.9603965878486633
4730,-2.7924867930983424,-4.13983154296875,0.0,0.0,0.9603962898254395
4731,-1.9592452184144167,-2.1088337898254395,0.0,0.0,0.960369348526001
4732,-3.016919828012747,-4.485233306884766,0.0,0.0,0.9602993130683899
4733,-2.631284093159513,-7.136900424957275,0.0,0.0,0.9600949287414551
4734,-1.859329673369273,-2.964751958847046,0.0,0.0,0.9598763585090637
4735,-2.866990269362847,3.2736685276031494,0.0,0.0,0.9597006440162659
4736,-2.991371534588514,-4.135676383972168,0.0,0.0,0.959511935710907
4737,-2.517660622879643,2.889390230178833,0.0,0.0,0.9593629837036133
4738,-2.812069598211183,1.6329479217529297,0.0,0.0,0.959238588809967
4739,-2.585643260917823,3.508612871170044,0.0,0.0,0.9591442942619324
4740,-2.279126515386093,0.1242825984954834,0.0,0.0,0.9590663313865662
4741,-2.63338823648068,-7.631972312927246,0.0,0.0,0.9589333534240723
4742,-2.631109260680331,5.238753318786621,0.0,0.0,0.9588497281074524
4743,-2.7958652482281887,2.862581253051758,0.0,0.0,0.9588010907173157
4744,-1.8235659761714689,-7.033166408538818,0.0,0.0,0.9586498141288757
4745,-2.2983196260612813,1.968029260635376,0.0,0.0,0.958528995513916
4746,-2.6091109854635612,1.758129596710205,0.0,0.0,0.9584352374076843
4747,-2.015783288705825,8.28917121887207,0.0,0.0,0.9584248661994934
4748,-1.7000610129679303,4.371884346008301,0.0,0.0,0.9584397673606873
4749,-2.2293343699155725,6.842571258544922,0.0,0.0,0.9585061073303223
4750,-2.043985811756398,-1.6842472553253174,0.0,0.0,0.9585610032081604
4751,-1.7788939956343492,-1.1904850006103516,0.0,0.0,0.9585995674133301
4752,-2.919398241316488,2.215355396270752,0.0,0.0,0.9586451649665833
4753,-2.777184924652855,-9.158370971679688,0.0,0.0,0.9586507678031921
4754,-2.1544327695781407,-0.6233546733856201,0.0,0.0,0.9586513638496399
4755,-2.243775528157064,-2.2279152870178223,0.0,0.0,0.9586352705955505
4756,-2.7491209733545006,5.74268102645874,0.0,0.0,0.9586515426635742
4757,-2.3090398935003638,-3.8765149116516113,0.0,0.0,0.9586238265037537
4758,-2.263141087945715,2.612328052520752,0.0,0.0,0.9586129784584045
4759,-1.9884863759965492,7.328160285949707,0.0,0.0,0.958651602268219
4760,-2.074522674123728,10.046571731567383,0.0,0.0,0.9587411880493164
4761,-2.4075453471266304,5.815614223480225,0.0,0.0,0.9588493704795837
4762,-1.2562132938235098,-4.298648834228516,0.0,0.0,0.9589125514030457
4763,-1.6548140657073533,11.2999849319458,0.0,0.0,0.9590286612510681
4764,-2.356024005226833,-6.0769171714782715,0.0,0.0,0.9591009616851807
4765,-1.8333916450476053,1.403749704360962,0.0,0.0,0.9591741561889648
4766,-2.0230686266276297,-0.09699010848999023,0.0,0.0,0.9592408537864685
4767,-2.1853912790170282,5.6869916915893555,0.0,0.0,0.9593245387077332
4768,-2.6991279508587764,1.2266125679016113,0.0,0.0,0.9594027400016785
4769,-2.5537816785522844,1.7931694984436035,0.0,0.0,0.9594833254814148
4770,-2.4124953963004323,1.2566087245941162,0.0,0.0,0.9595617651939392
4771,-2.2772565025362397,-8.45052719116211,0.0,0.0,0.9595863223075867
4772,-2.0814330047566934,-0.26211071014404297,0.0,0.0,0.9596080780029297
4773,-1.6116573996350338,6.579023838043213,0.0,0.0,0.9596629738807678
4774,-2.210934181729861,6.0723395347595215,0.0,0.0,0.9597454071044922
4775,136.8529170194686,10.497529983520508,0.0,0.0,0.9598264694213867
4776,-2.282132602177108,-3.8653926849365234,0.0,0.0,0.9598788619041443
4777,-2.7927646468868605,-1.8880574703216553,0.0,0.0,0.9599117636680603
4778,-2.661615264977594,1.934791088104248,0.0,0.0,0.9599525332450867
4779,-1.6220754346976494,-0.5727829933166504,0.0,0.0,0.9599882960319519
4780,-2.1569694295963364,-0.43000566959381104,0.0,0.0,0.9600183963775635
4781,-2.615536005075519,3.6829817295074463,0.0,0.0,0.960059642791748
4782,-2.4176528476774344,0.13927102088928223,0.0,0.0,0.9600982666015625
4783,141.70748343554652,-15.892847061157227,0.0,0.0,0.9601072669029236
4784,-2.167780286896207,0.47474122047424316,0.0,0.0,0.960117518901825
4785,-1.004702279429901,-4.07108211517334,0.0,0.0,0.9600924849510193
4786,-1.740798486092802,4.721717834472656,0.0,0.0,0.960117518901825
4787,-2.355302337118724,-7.3177995681762695,0.0,0.0,0.9600129127502441
4788,-1.8284316714112663,4.985599994659424,0.0,0.0,0.9599621295928955
4789,-2.6184518956445277,-2.1466987133026123,0.0,0.0,0.9599048495292664
4790,-1.8678528367578318,7.697053909301758,0.0,0.0,0.9598944187164307
4791,-2.0755137004946684,-0.40294337272644043,0.0,0.0,0.9598838686943054
4792,-1.9055618039011977,-2.2737202644348145,0.0,0.0,0.9598619341850281
4793,-2.0781502919502866,8.731821060180664,0.0,0.0,0.9598788619041443
4794,-1.8735208345829188,11.559577941894531,0.0,0.0,0.9599635601043701
4795,-0.8674988115430091,4.674064636230469,0.0,0.0,0.9600768089294434
4796,-2.3785705938318737,-4.866722106933594,0.0,0.0,0.9601244926452637
4797,-1.2755748824012836,1.7860994338989258,0.0,0.0,0.9601790904998779
4798,-1.6840457958810844,5.607204914093018,0.0,0.0,0.960259735584259
4799,-2.7257703497425174,3.304583787918091,0.0,0.0,0.9603614807128906
4800,-2.7311354849136604,7.324526786804199,0.0,0.0,0.9604799151420593
4801,-2.1096694788444523,-5.819097995758057,0.0,0.0,0.9605563282966614
4802,-2.155486633064972,-6.604342460632324,0.0,0.0,0.9605473875999451
4803,-1.0815915365058262,-2.4728329181671143,0.0,0.0,0.9605292677879333
4804,-1.9839846961864818,0.8386013507843018,0.0,0.0,0.9605174660682678
4805,59.13379317527745,7.521330833435059,0.0,0.0,0.9605366587638855
4806,-2.2767316276597356,1.9604809284210205,0.0,0.0,0.9605621695518494
4807,-0.941897240723131,-0.23332595825195312,0.0,0.0,0.9605770111083984
4808,-1.725964165640248,3.3586513996124268,0.0,0.0,0.9606339931488037
4809,-1.2972608623426751,4.419881820678711,0.0,0.0,0.9607067704200745
4810,-1.7436551010088885,-5.042417049407959,0.0,0.0,0.9607343673706055
4811,-2.304537283235235,2.4453351497650146,0.0,0.0,0.9607722759246826
4812,65.1132292886186,-12.150035858154297,0.0,0.0,0.9607750773429871
4813,65.54685567302438,-0.4661402702331543,0.0,0.0,0.9607773423194885
4814,-2.8633329448849376,-0.4603614807128906,0.0,0.0,0.9607677459716797
4815,-2.4169388074008564,-4.29848575592041,0.0,0.0,0.9607362151145935
4816,-2.293222137962485,0.10162901878356934,0.0,0.0,0.9607091546058655
4817,-2.5357369522144655,-1.7087585926055908,0.0,0.0,0.9606663584709167
4818,57.10738514474317,-0.5709023475646973,0.0,0.0,0.960627555847168
4819,-1.7875105673197715,4.9952239990234375,0.0,0.0,0.9606271386146545
4820,-1.9261695843473854,-2.0797460079193115,0.0,0.0,0.9606142044067383
4821,-1.248416736425309,3.3620524406433105,0.0,0.0,0.9606291651725769
4822,-1.9305654906366907,5.269007205963135,0.0,0.0,0.9606812000274658
4823,-1.9325984874657327,3.889434576034546,0.0,0.0,0.9607498049736023
4824,-2.0518382260447394,-8.588061332702637,0.0,0.0,0.9607488512992859
4825,-2.6692404771082234,5.330484390258789,0.0,0.0,0.9607834219932556
4826,51.436563026804585,-0.2655675411224365,0.0,0.0,0.9608129858970642
4827,-2.335851614960917,4.076732635498047,0.0,0.0,0.9608581066131592
4828,-0.746006069737563,-2.3203511238098145,0.0,0.0,0.9608810544013977
4829,-1.503272432187917,-10.293898582458496,0.0,0.0,0.96085524559021
4830,-1.343858380403601,-3.2774651050567627,0.0,0.0,0.9608049988746643
4831,-1.2147623779974421,4.177023887634277,0.0,0.0,0.9607807993888855
4832,-1.5250658857467523,-3.5455918312072754,0.0,0.0,0.9607288837432861
4833,-1.242860915438748,-2.444629669189453,0.0,0.0,0.9606466293334961
4834,-2.6239820801340996,1.2403638362884521,0.0,0.0,0.96058589220047
4835,-2.2045627718432836,-9.855005264282227,0.0,0.0,0.9603250622749329
4836,-2.7287169424058986,1.2444233894348145,0.0,0.0,0.9600998759269714
4837,58.79310464223062,19.77260398864746,0.0,0.0,0.9599679112434387
4838,-1.6950139606306731,-6.331750869750977,0.0,0.0,0.9598114490509033
4839,-0.6626869937033248,-4.684014320373535,0.0,0.0,0.9596537947654724
4840,-1.9281839128302214,3.8412559032440186,0.0,0.0,0.95952969789505
4841,-1.983974122413359,-3.004120349884033,0.0,0.0,0.959398090839386
4842,54.592733589395216,2.9250166416168213,0.0,0.0,0.9592826962471008
4843,70.54523866389114,2.047459602355957,0.0,0.0,0.959184467792511
4844,-1.3052417237111518,-0.5764994621276855,0.0,0.0,0.9590889811515808
4845,78.17654145103049,5.413161277770996,0.0,0.0,0.9590216279029846
4846,-0.4458481835520751,-2.802851438522339,0.0,0.0,0.9588974118232727
4847,-1.9970481834987497,1.0953114032745361,0.0,0.0,0.9587926864624023
4848,15.752408595448511,-2.205613136291504,0.0,0.0,0.9586916565895081
4849,-0.2559579480237135,4.741018772125244,0.0,0.0,0.958625316619873
4850,-1.855583698037955,5.019859313964844,0.0,0.0,0.95860356092453
4851,-1.584766864205743,-2.259495258331299,0.0,0.0,0.9585539698600769
4852,-1.9627007823234244,6.1428656578063965,0.0,0.0,0.9585383534431458
4853,-2.0073198474513387,-1.7506420612335205,0.0,0.0,0.9585134387016296
4854,-2.0540165077864945,-3.9811580181121826,0.0,0.0,0.9584653973579407
4855,23.77736418833772,11.769113540649414,0.0,0.0,0.9584705233573914
4856,-1.735445774358087,0.28900909423828125,0.0,0.0,0.9584786295890808
4857,-1.248660505980812,7.521351337432861,0.0,0.0,0.9585339426994324
4858,-1.1533671132489747,-3.1535255908966064,0.0,0.0,0.9585639834403992
4859,-2.9094773738516837,-2.4192311763763428,0.0,0.0,0.9585580825805664
4860,-0.97296992118249,7.435866832733154,0.0,0.0,0.958613932132721
4861,-2.7566462292853378,5.605668544769287,0.0,0.0,0.9587276577949524
4862,-1.6601887310320464,-2.6254491806030273,0.0,0.0,0.9588112831115723
4863,-1.9584513761377302,0.12926244735717773,0.0,0.0,0.9588887095451355
4864,-2.356187142493062,0.3227527141571045,0.0,0.0,0.9589607119560242
4865,-1.6359137667157018,0.8195269107818604,0.0,0.0,0.9590296745300293
4866,-2.262386441083641,1.5884034633636475,0.0,0.0,0.9591001868247986
4867,-1.3548759974128495,0.9927656650543213,0.0,0.0,0.9591715335845947
4868,-0.5329743694111224,-0.3250093460083008,0.0,0.0,0.959230899810791
4869,-2.359045686935884,-4.99050235748291,0.0,0.0,0.9592544436454773
4870,-2.183400447172734,-1.9543843269348145,0.0,0.0,0.9592614769935608
4871,-2.2226057446345955,1.0875303745269775,0.0,0.0,0.959277331829071
4872,7.540653918237359,-2.009187936782837,0.0,0.0,0.9592833518981934
4873,-1.5834065712071161,1.020090103149414,0.0,0.0,0.9593009948730469
4874,-2.183080771860565,-7.220351696014404,0.0,0.0,0.9592525362968445
4875,-1.5668510902722106,-0.9134359359741211,0.0,0.0,0.9591970443725586
4876,14.064682165485726,6.925182342529297,0.0,0.0,0.9591951370239258
4877,-0.3712889517779163,-6.568073749542236,0.0,0.0,0.9591357111930847
4878,-1.7191793012883871,0.9176936149597168,0.0,0.0,0.9590852856636047
4879,-2.0234370177587824,-4.1645331382751465,0.0,0.0,0.9590206146240234
4880,-0.5301337876781325,-6.803959846496582,0.0,0.0,0.9589073657989502
4881,-1.6756632136685161,3.9643774032592773,0.0,0.0,0.958827555179596
4882,-2.301249677837762,1.9277722835540771,0.0,0.0,0.9587662816047668
4883,-2.114863407898244,-1.3708813190460205,0.0,0.0,0.9587023854255676
4884,14.021249816300383,-5.292047023773193,0.0,0.0,0.9586307406425476
4885,-2.198734336719083,6.452689170837402,0.0,0.0,0.958611786365509
4886,-1.9424178865229338,1.7735519409179688,0.0,0.0,0.9586031436920166
4887,-1.0463961487477746,5.718473434448242,0.0,0.0,0.9586222767829895
4888,-2.9837530556480996,-0.15329718589782715,0.0,0.0,0.9586378931999207
4889,-1.4397502783675213,-8.94482707977295,0.0,0.0,0.9586198925971985
4890,-1.8064451578498495,7.657702922821045,0.0,0.0,0.9586470127105713
4891,-2.043837399586014,-0.37720441818237305,0.0,0.0,0.958670437335968
4892,-2.1101166227359327,5.12131404876709,0.0,0.0,0.9587245583534241
4893,-2.4510412773808112,3.456873893737793,0.0,0.0,0.9587907195091248
4894,-0.6937527266270997,3.6909079551696777,0.0,0.0,0.9588810801506042
4895,-1.9786345335614504,1.0848190784454346,0.0,0.0,0.9589674472808838
4896,-1.817596233880656,-8.754701614379883,0.0,0.0,0.9589737057685852
4897,-2.1612230540362605,7.73764705657959,0.0,0.0,0.959031343460083
4898,-1.0897407201574703,0.2519063949584961,0.0,0.0,0.9590825438499451
4899,-2.9435194215883635,7.526284217834473,0.0,0.0,0.9591718316078186
4900,-1.9639319683816565,-4.90954065322876,0.0,0.0,0.9592224955558777
4901,-2.4947110211803523,-3.5328867435455322,0.0,0.0,0.9592234492301941
4902,-2.4182327469508538,8.639945983886719,0.0,0.0,0.9592546820640564
4903,-2.2765665896008924,1.6231775283813477,0.0,0.0,0.9592940211296082
4904,-1.8202846287270449,-0.45876145362854004,0.0,0.0,0.9593265652656555
4905,-2.5003857577194264,-5.258234977722168,0.0,0.0,0.9593286514282227
4906,-0.6581039336418963,-0.5734329223632812,0.0,0.0,0.9593245387077332
4907,-2.6763316528990257,2.2050108909606934,0.0,0.0,0.9593457579612732
4908,-1.8130730424644719,3.021939277648926,0.0,0.0,0.9594057202339172
4909,-2.3214609130389245,1.0543320178985596,0.0,0.0,0.9594699740409851
4910,-2.348105231422929,-3.6206393241882324,0.0,0.0,0.9595056176185608
4911,-2.8014928092903197,7.077365875244141,0.0,0.0,0.9595740437507629
4912,-2.9978758100480216,5.8632330894470215,0.0,0.0,0.9596617817878723
4913,-1.9306845047014103,-6.932546615600586,0.0,0.0,0.9597112536430359
4914,12.549380333949776,-5.278873920440674,0.0,0.0,0.959732711315155
4915,-2.2398155507591113,-3.2270236015319824,0.0,0.0,0.9597228169441223
4916,-2.213264309729605,-6.192046642303467,0.0,0.0,0.9596891403198242
4917,-3.0528874535540407,-9.091839790344238,0.0,0.0,0.9595940709114075
4918,-1.634330608553416,-0.864882230758667,0.0,0.0,0.9595085978507996
4919,7.3852442054362,5.001997470855713,0.0,0.0,0.9594619870185852
4920,-0.7258921176199107,3.984926223754883,0.0,0.0,0.9594452381134033
4921,-2.784701458290141,7.753045082092285,0.0,0.0,0.9594594836235046
4922,-1.7213456329528156,2.828712224960327,0.0,0.0,0.9594904780387878
4923,-2.2114784173710076,-0.30336618423461914,0.0,0.0,0.9595169425010681
4924,-2.7399552823074034,6.627208232879639,0.0,0.0,0.9595820307731628
4925,-1.8959937865813787,0.31163978576660156,0.0,0.0,0.9596417546272278
4926,-2.245602795695737,1.7915000915527344,0.0,0.0,0.9597042202949524
4927,-2.329892527197423,2.5638561248779297,0.0,0.0,0.9597844481468201
4928,-2.909318436223538,2.353586196899414,0.0,0.0,0.9598817229270935
4929,-2.1491662357859163,-3.0142264366149902,0.0,0.0,0.9599484801292419
4930,-2.6043205003005085,1.9188830852508545,0.0,0.0,0.9600269794464111
4931,-2.203205706872291,2.7766027450561523,0.0,0.0,0.9601238369941711
4932,-2.409233652327097,5.725648880004883,0.0,0.0,0.9602380394935608
4933,-1.8477343677128288,-2.453019857406616,0.0,0.0,0.9603281021118164
4934,-2.017240369606423,1.538602352142334,0.0,0.0,0.960418164730072
4935,-1.7912145040285685,2.9556360244750977,0.0,0.0,0.9605152010917664
4936,-1.5573483003985464,3.4950122833251953,0.0,0.0,0.9606311917304993
4937,-2.089812181624845,-1.68678617477417,0.0,0.0,0.9607158303260803
4938,-2.4420890939080584,-3.267944097518921,0.0,0.0,0.9607710242271423
4939,-2.603295341200373,-2.6577625274658203,0.0,0.0,0.9607934951782227
4940,-2.4960436679739617,-6.930564880371094,0.0,0.0,0.9607482552528381
4941,-2.246829446397041,11.35479736328125,0.0,0.0,0.9607608914375305
4942,-2.604707854666354,-2.9248690605163574,0.0,0.0,0.960758626461029
4943,-2.0382576293621884,1.1417701244354248,0.0,0.0,0.9607627987861633
4944,-1.7343879371528519,-5.944571495056152,0.0,0.0,0.9607291221618652
4945,-2.5855934045003344,-2.532284736633301,0.0,0.0,0.9606841206550598
4946,-1.6833196568685977,-0.2376079559326172,0.0,0.0,0.9606387615203857
4947,-1.363700018018403,12.095093727111816,0.0,0.0,0.9606423377990723
4948,-2.746681994428922,3.600694417953491,0.0,0.0,0.9606661796569824
4949,-2.983443796075024,-3.7956247329711914,0.0,0.0,0.9606499671936035
4950,-2.50778004762983,-8.378644943237305,0.0,0.0,0.960514485836029
4951,-2.056456616545536,3.746520519256592,0.0,0.0,0.9604663848876953
4952,-2.44899359451369,3.1669235229492188,0.0,0.0,0.9604461193084717
4953,-2.7348782284128603,-5.029967308044434,0.0,0.0,0.9604101181030273
4954,-2.0932235969968134,1.8637254238128662,0.0,0.0,0.9604132771492004
4955,-2.292609383700447,7.582770347595215,0.0,0.0,0.9604618549346924
4956,-1.847652674087309,-2.134791374206543,0.0,0.0,0.9604963660240173
4957,-2.191076752802127,1.2295947074890137,0.0,0.0,0.9605417251586914
4958,-2.525583270833626,-6.952132225036621,0.0,0.0,0.9605188369750977
4959,-1.774492182976441,-1.1862187385559082,0.0,0.0,0.9604879021644592
4960,-2.6192154985680034,13.335205078125,0.0,0.0,0.9605414271354675
4961,-2.584462769730483,-2.654346466064453,0.0,0.0,0.9605663418769836
4962,-1.8897784695956008,2.7048192024230957,0.0,0.0,0.9606060981750488
4963,-2.1959387701807644,7.684074401855469,0.0,0.0,0.9606886506080627
4964,-2.0331075744759257,3.2947885990142822,0.0,0.0,0.9607802033424377
4965,-2.4515431904975307,-2.049081802368164,0.0,0.0,0.9608392119407654
4966,-2.753216155205099,-2.4827370643615723,0.0,0.0,0.9608721733093262
4967,-2.223608482210085,-1.373429775238037,0.0,0.0,0.9608927369117737
4968,-2.0353364905939033,3.0533065795898438,0.0,0.0,0.9609490036964417
4969,-2.7628785488995926,-3.7244651317596436,0.0,0.0,0.9609677195549011
4970,-2.797018921207923,5.921103477478027,0.0,0.0,0.9610556960105896
4971,-2.7825904556015626,7.623612403869629,0.0,0.0,0.9611585736274719
4972,-2.119903423282535,4.6606011390686035,0.0,0.0,0.9612827301025391
4973,-2.0930016237945948,-2.266282796859741,0.0,0.0,0.9613800644874573
4974,-2.4428176092729066,-1.2977855205535889,0.0,0.0,0.9614613652229309
4975,-2.2066779348926313,-0.7543497085571289,0.0,0.0,0.9615252614021301
4976,-2.1454717103029015,-5.901564598083496,0.0,0.0,0.9615595936775208
4977,-2.2990470584920235,-0.8113861083984375,0.0,0.0,0.9615774750709534
4978,12.342212751424832,0.06673389673233032,0.0,0.0,0.961592435836792
4979,-2.20255800917128,3.5032994747161865,0.0,0.0,0.9616398215293884
4980,-2.740596740040951,-2.3447391986846924,0.0,0.0,0.961657702922821
4981,-2.1541654419167835,-2.3321373462677,0.0,0.0,0.9616524577140808
4982,-2.1063373769505915,2.989593982696533,0.0,0.0,0.9616608023643494
4983,-2.4043619647892522,-4.224940776824951,0.0,0.0,0.9616500735282898
4984,-2.1658638978365645,-4.6679253578186035,0.0,0.0,0.9616127014160156
4985,-2.3243061836251986,-5.243619918823242,0.0,0.0,0.9615423083305359
4986,-2.2143526487912784,6.118096351623535,0.0,0.0,0.9615378975868225
4987,-2.9540196673872146,-1.2783665657043457,0.0,0.0,0.9615305066108704
4988,-2.4320508186761285,-0.33927488327026367,0.0,0.0,0.9615219235420227
4989,-2.2067953571306678,4.146970748901367,0.0,0.0,0.9615465998649597
4990,-2.6162615007273238,-2.9441580772399902,0.0,0.0,0.9615517258644104
4991,-2.907920512059388,-3.1194753646850586,0.0,0.0,0.9615378379821777
4992,-2.4357918627820814,-0.7747781276702881,0.0,0.0,0.9615224003791809
4993,-1.7690606328533465,-5.861621856689453,0.0,0.0,0.9614335894584656
4994,-2.397768787569128,-3.8505799770355225,0.0,0.0,0.9613258838653564
4995,-2.4288910114641924,-4.060704231262207,0.0,0.0,0.9611709713935852
4996,-2.7279588152734764,14.008915901184082,0.0,0.0,0.9610927104949951
4997,-2.7967113016825706,-0.8969087600708008,0.0,0.0,0.961014986038208
4998,-2.773976584911199,1.3590998649597168,0.0,0.0,0.9609599709510803
4999,-1.8130437491515683,1.2516727447509766,0.0,0.0,0.9609220623970032
5000,-2.5128996422644008,-3.436124324798584,0.0,0.0,0.9608737826347351
