episode,reward,actor_loss,critic_loss,mean_value,mean_sigma
1,10.146967892505636,289.7252502441406,0.0,0.0,0.9746995568275452
2,18.064679254871344,701.1533203125,0.0,0.0,0.9751002192497253
3,38.10641428029626,2416.079833984375,0.0,0.0,0.9754190444946289
4,7.589325467227834,134.6597900390625,0.0,0.0,0.9756007194519043
5,26.505867682893356,1680.1929931640625,0.0,0.0,0.9756865501403809
6,11.24580576576699,350.5528869628906,0.0,0.0,0.975836455821991
7,21.180087737473244,1061.72900390625,0.0,0.0,0.9759241938591003
8,28.010213593989324,1375.658447265625,0.0,0.0,0.9759935736656189
9,8.228390483678277,215.9527587890625,0.0,0.0,0.9760745167732239
10,17.200031114191564,868.9390869140625,0.0,0.0,0.9760887622833252
11,24.802440706895514,1181.8824462890625,0.0,0.0,0.9761250019073486
12,40.1399100720817,2783.378173828125,0.0,0.0,0.9761455655097961
13,10.64769340414926,342.83709716796875,0.0,0.0,0.9762210845947266
14,32.34619871710422,1623.0634765625,0.0,0.0,0.9762752652168274
15,19.602395547661754,834.2840576171875,0.0,0.0,0.9763646125793457
16,52.31777060246577,4323.947265625,0.0,0.0,0.976479709148407
17,79.15164686242314,6985.33251953125,0.0,0.0,0.9765529632568359
18,10.655347825563732,70.7706527709961,0.0,0.0,0.976552426815033
19,6.423004995825435,118.94400787353516,0.0,0.0,0.9765440821647644
20,32.72502532608075,1904.5826416015625,0.0,0.0,0.9765026569366455
21,21.743324200773856,1035.9827880859375,0.0,0.0,0.9765307903289795
22,37.62447383132331,2192.427978515625,0.0,0.0,0.9765415787696838
23,12.653128047790169,452.376220703125,0.0,0.0,0.9765490889549255
24,15.169331891471568,506.0438232421875,0.0,0.0,0.9765025973320007
25,10.13175029354956,211.07400512695312,0.0,0.0,0.9764838814735413
26,54.06884458320012,4498.02734375,0.0,0.0,0.9764965176582336
27,10.727819441527336,32.9239501953125,0.0,0.0,0.976478636264801
28,16.29121872544989,575.7037963867188,0.0,0.0,0.9764577746391296
29,76.05505736697205,8061.734375,0.0,0.0,0.9764555096626282
30,48.19871884218217,3546.43701171875,0.0,0.0,0.9764595031738281
31,58.60879149865584,3880.195068359375,0.0,0.0,0.9764201641082764
32,10.828787359879579,325.0505676269531,0.0,0.0,0.9763880372047424
33,45.41999965871269,2984.59814453125,0.0,0.0,0.9763738512992859
34,102.97308962494283,11803.546875,0.0,0.0,0.9763259887695312
35,51.41991382777591,6186.46240234375,0.0,0.0,0.9762239456176758
36,14.42156491230216,480.0041198730469,0.0,0.0,0.9761101603507996
37,68.5095194008207,5105.91162109375,0.0,0.0,0.9759055972099304
38,58.94519014281269,4807.0947265625,0.0,0.0,0.9757997393608093
39,105.38503032013318,14291.8515625,0.0,0.0,0.9756941199302673
40,13.316138391284804,469.8670654296875,0.0,0.0,0.9756180644035339
41,46.39247462930184,3053.486083984375,0.0,0.0,0.9755070209503174
42,49.574109573626394,3983.529541015625,0.0,0.0,0.9754555821418762
43,77.03210830687554,7175.0849609375,0.0,0.0,0.9754144549369812
44,75.90100276844036,6889.1240234375,0.0,0.0,0.9753658175468445
45,182.50701595480254,30877.18359375,0.0,0.0,0.975313663482666
46,48.273310816667845,4055.23046875,0.0,0.0,0.9753208160400391
47,44.696775004073984,3435.39501953125,0.0,0.0,0.975402295589447
48,82.76794587137587,8984.607421875,0.0,0.0,0.9755406379699707
49,112.72840230273778,13191.9208984375,0.0,0.0,0.9756205677986145
50,106.41420298999276,12680.38671875,0.0,0.0,0.9756664633750916
51,33.087069874479106,2018.075439453125,0.0,0.0,0.9757161736488342
52,57.49164665149411,4514.6162109375,0.0,0.0,0.9757814407348633
53,60.71353854942594,7389.85546875,0.0,0.0,0.9758419990539551
54,20.783866849634084,1157.764404296875,0.0,0.0,0.9759535789489746
55,109.91687573435374,14647.1611328125,0.0,0.0,0.9761375784873962
56,134.78367637158465,18744.455078125,0.0,0.0,0.9762809872627258
57,64.95961184969164,6435.99072265625,0.0,0.0,0.9764866828918457
58,63.798776788817946,5475.25048828125,0.0,0.0,0.9766318202018738
59,50.632907315767234,4909.13134765625,0.0,0.0,0.9768268465995789
60,79.80582068640469,8711.5,0.0,0.0,0.9769740700721741
61,76.67238008035118,7512.8857421875,0.0,0.0,0.9770946502685547
62,120.03886618432769,17377.01171875,0.0,0.0,0.9772038459777832
63,171.14249966559387,38277.6015625,0.0,0.0,0.9772753715515137
64,116.51668919929399,14422.099609375,0.0,0.0,0.977334201335907
65,75.20090891023489,6514.888671875,0.0,0.0,0.9773611426353455
66,151.29298123068767,22387.109375,0.0,0.0,0.977358341217041
67,29.257404596135622,1507.4178466796875,0.0,0.0,0.9773089289665222
68,69.86949793959359,6031.146484375,0.0,0.0,0.9772477149963379
69,145.38965147510606,23740.09375,0.0,0.0,0.977183997631073
70,98.50289959415198,11737.201171875,0.0,0.0,0.9771380424499512
71,107.83093604174262,14158.5615234375,0.0,0.0,0.977099597454071
72,102.3447590836478,12949.46875,0.0,0.0,0.9771082997322083
73,81.48622423111591,13604.0234375,0.0,0.0,0.9771125912666321
74,138.72021264376122,24700.6640625,0.0,0.0,0.9771185517311096
75,117.66778796070335,16572.36328125,0.0,0.0,0.9771119952201843
76,78.68526259079586,12255.79296875,0.0,0.0,0.9770824313163757
77,75.85239384557796,7253.9306640625,0.0,0.0,0.9770622253417969
78,182.273857160835,37903.75390625,0.0,0.0,0.9770562648773193
79,88.99042225490862,8813.6240234375,0.0,0.0,0.9770000576972961
80,108.18075194374336,14538.6220703125,0.0,0.0,0.9769212603569031
81,141.853769792953,20682.78515625,0.0,0.0,0.9768303036689758
82,98.3835944527738,10489.3798828125,0.0,0.0,0.976696789264679
83,41.34204983241371,4325.76708984375,0.0,0.0,0.9765675663948059
84,26.294028778653793,2359.91845703125,0.0,0.0,0.9764403700828552
85,97.18351777943677,13524.353515625,0.0,0.0,0.9762555956840515
86,146.27822437644957,26332.953125,0.0,0.0,0.9761627316474915
87,173.92639569690252,33311.42578125,0.0,0.0,0.9761333465576172
88,108.77053735966584,13892.70703125,0.0,0.0,0.9761021733283997
89,126.03424477122577,25511.427734375,0.0,0.0,0.9760259985923767
90,148.9145992084196,21647.771484375,0.0,0.0,0.9758680462837219
91,178.9590264687717,33132.70703125,0.0,0.0,0.9757282137870789
92,100.47873760995806,12126.5146484375,0.0,0.0,0.9755880236625671
93,54.49831106633782,4902.1220703125,0.0,0.0,0.9754769802093506
94,99.55491036038349,10587.1845703125,0.0,0.0,0.9753470420837402
95,81.5547917819119,7624.39404296875,0.0,0.0,0.9752268195152283
96,130.04637209735114,21091.5625,0.0,0.0,0.9750673174858093
97,70.61581330578541,6046.63623046875,0.0,0.0,0.9749183654785156
98,84.46290816596634,9407.1103515625,0.0,0.0,0.9748353958129883
99,171.31312155082702,33490.1640625,0.0,0.0,0.9747874140739441
100,76.08938788934546,7378.4208984375,0.0,0.0,0.9747250080108643
101,263.48953210597904,70205.9375,0.0,0.0,0.9746752381324768
102,136.29180588670474,22272.81640625,0.0,0.0,0.9745468497276306
103,150.45270910363044,29899.849609375,0.0,0.0,0.974470317363739
104,85.91044809646566,8095.7109375,0.0,0.0,0.9743614792823792
105,85.33933131353525,9763.666015625,0.0,0.0,0.9742720723152161
106,80.15323641657557,7147.1083984375,0.0,0.0,0.9741275906562805
107,121.29631884562593,18530.408203125,0.0,0.0,0.9740058779716492
108,98.57825088013472,11575.6875,0.0,0.0,0.9739089608192444
109,66.40146032361059,5612.29443359375,0.0,0.0,0.9738114476203918
110,142.5982908110972,31341.306640625,0.0,0.0,0.9737136363983154
111,194.17194934248994,45802.7109375,0.0,0.0,0.973581850528717
112,88.19163046934159,10700.646484375,0.0,0.0,0.9734919667243958
113,92.07809215576793,10010.2822265625,0.0,0.0,0.973416805267334
114,99.4004799746605,11743.7646484375,0.0,0.0,0.9734016060829163
115,150.31834597496902,21522.38671875,0.0,0.0,0.973376452922821
116,84.96273581507576,8559.423828125,0.0,0.0,0.9733529686927795
117,151.3564325059751,29019.240234375,0.0,0.0,0.9733056426048279
118,105.45893302167015,15573.7099609375,0.0,0.0,0.9733066558837891
119,155.9193161588872,27574.443359375,0.0,0.0,0.9732998013496399
120,49.373461530152575,3067.803955078125,0.0,0.0,0.9732823371887207
121,62.10694023266052,4856.58447265625,0.0,0.0,0.9732425808906555
122,159.91542062147062,34082.5390625,0.0,0.0,0.9732224345207214
123,96.53309017301619,11651.5478515625,0.0,0.0,0.9732446670532227
124,80.1275302653526,9231.697265625,0.0,0.0,0.9731695652008057
125,88.37554868707133,9218.6455078125,0.0,0.0,0.9730665683746338
126,114.90720910306406,17443.728515625,0.0,0.0,0.9729738831520081
127,73.35477257954324,6597.67138671875,0.0,0.0,0.9728806018829346
128,75.74423342121867,7919.078125,0.0,0.0,0.9728367924690247
129,94.38292738224354,11160.06640625,0.0,0.0,0.972820520401001
130,108.05316699575665,13911.78125,0.0,0.0,0.9727413058280945
131,108.99571483442448,13986.24609375,0.0,0.0,0.9726419448852539
132,93.7123241768019,11232.478515625,0.0,0.0,0.9725809097290039
133,103.57125211030433,12597.6240234375,0.0,0.0,0.9725554585456848
134,67.34597811342746,6291.07275390625,0.0,0.0,0.9725432395935059
135,123.6545925940194,22547.85546875,0.0,0.0,0.9725487232208252
136,89.43219205375557,10426.232421875,0.0,0.0,0.9725305438041687
137,81.75323931368551,8068.7275390625,0.0,0.0,0.972491443157196
138,125.46346092978263,18637.478515625,0.0,0.0,0.9724739193916321
139,106.3573764740184,11762.82421875,0.0,0.0,0.9724132418632507
140,89.68260481214097,10359.3154296875,0.0,0.0,0.9724112153053284
141,81.2306567280978,7925.4833984375,0.0,0.0,0.9724093079566956
142,91.81058441336522,11540.8212890625,0.0,0.0,0.9724186062812805
143,76.75739706458872,7479.18115234375,0.0,0.0,0.9724084734916687
144,258.53619328675086,69237.71875,0.0,0.0,0.9724212288856506
145,67.70121949645416,5894.1181640625,0.0,0.0,0.9724389910697937
146,97.53816084345226,11862.37109375,0.0,0.0,0.9725152850151062
147,157.7209641406739,33464.98828125,0.0,0.0,0.9725720882415771
148,159.05077248063975,32479.103515625,0.0,0.0,0.9726338386535645
149,107.05626250871518,13939.611328125,0.0,0.0,0.972743034362793
150,85.87387970337768,9415.7880859375,0.0,0.0,0.9728217720985413
151,94.45347557560794,10364.8310546875,0.0,0.0,0.9728698134422302
152,89.29155331807485,9977.44140625,0.0,0.0,0.9729316830635071
153,171.81549090877508,32576.359375,0.0,0.0,0.972994327545166
154,112.84244409499986,15087.5,0.0,0.0,0.9730479121208191
155,165.6173294509572,31421.1640625,0.0,0.0,0.9731337428092957
156,96.51004902650097,11243.78125,0.0,0.0,0.9732050895690918
157,165.5639194976834,32559.171875,0.0,0.0,0.9732896685600281
158,104.08721022619613,11384.6318359375,0.0,0.0,0.9732518792152405
159,96.33840739048443,11996.826171875,0.0,0.0,0.9732487201690674
160,190.57058181421698,40895.37109375,0.0,0.0,0.973167359828949
161,87.2836671308346,8883.45703125,0.0,0.0,0.973057746887207
162,205.77343527109971,45302.6171875,0.0,0.0,0.9729354381561279
163,243.1957707843131,53255.44140625,0.0,0.0,0.9728600382804871
164,180.90729148793184,30234.095703125,0.0,0.0,0.9727800488471985
165,99.91517055651028,12485.37890625,0.0,0.0,0.9727044105529785
166,139.9504384222857,19265.802734375,0.0,0.0,0.972607433795929
167,266.33987332885357,66356.46875,0.0,0.0,0.972510814666748
168,132.31578488854765,19653.923828125,0.0,0.0,0.9724264144897461
169,308.64952645565387,80928.140625,0.0,0.0,0.9723072052001953
170,179.44966149787854,32791.59765625,0.0,0.0,0.9722375869750977
171,129.67978016339444,18834.119140625,0.0,0.0,0.9721358418464661
172,63.266636610373084,5304.626953125,0.0,0.0,0.9719975590705872
173,28.432173645253066,1505.2744140625,0.0,0.0,0.9718511700630188
174,119.2535120554178,15589.5322265625,0.0,0.0,0.971717119216919
175,40.27156417889855,2904.7666015625,0.0,0.0,0.9716299176216125
176,89.85550420853389,9907.54296875,0.0,0.0,0.9715237617492676
177,20.696532639994444,894.9337158203125,0.0,0.0,0.9714124202728271
178,40.00684110156917,2587.40771484375,0.0,0.0,0.9712648391723633
179,36.94837274336843,2256.79248046875,0.0,0.0,0.9710957407951355
180,82.44900459127712,9937.1318359375,0.0,0.0,0.9709838032722473
181,26.603082468559176,1685.109130859375,0.0,0.0,0.9709010124206543
182,22.635738192094404,1104.8800048828125,0.0,0.0,0.9708532691001892
183,12.537084901410397,443.65203857421875,0.0,0.0,0.9708378911018372
184,21.103523872715655,906.5238037109375,0.0,0.0,0.9707942008972168
185,14.691926760916298,517.1876831054688,0.0,0.0,0.9707629680633545
186,29.355540475883913,1457.3978271484375,0.0,0.0,0.9706658720970154
187,23.425337790583843,1124.401123046875,0.0,0.0,0.9705645442008972
188,21.720669744258423,1018.1608276367188,0.0,0.0,0.9704983830451965
189,13.388440781375,432.8228759765625,0.0,0.0,0.9704388976097107
190,13.810482764080184,384.82659912109375,0.0,0.0,0.9702961444854736
191,11.394150805406209,332.1077880859375,0.0,0.0,0.9701851010322571
192,14.030450572253626,431.560791015625,0.0,0.0,0.9700413346290588
193,25.350266446148947,1261.31982421875,0.0,0.0,0.9699000716209412
194,13.46212060264175,354.7865295410156,0.0,0.0,0.9696670174598694
195,16.29112958504979,549.0250244140625,0.0,0.0,0.9694151282310486
196,19.403060519053273,754.4429931640625,0.0,0.0,0.9691488146781921
197,12.151667059091281,332.64801025390625,0.0,0.0,0.9688835740089417
198,13.520848491442768,351.09844970703125,0.0,0.0,0.968561589717865
199,12.452912377009575,365.93756103515625,0.0,0.0,0.9682251811027527
200,13.729459332826565,390.76470947265625,0.0,0.0,0.9678530097007751
201,15.132176864167606,727.9840087890625,0.0,0.0,0.9676102995872498
202,11.860668003230206,433.20587158203125,0.0,0.0,0.9674313068389893
203,13.043597660919303,391.165771484375,0.0,0.0,0.9672577381134033
204,18.738223729324794,777.8255615234375,0.0,0.0,0.9670950770378113
205,17.708755967267603,612.270751953125,0.0,0.0,0.9668483138084412
206,11.090833298372447,325.6369323730469,0.0,0.0,0.9666361808776855
207,15.307031550975225,468.74749755859375,0.0,0.0,0.9663700461387634
208,7.558253521286799,183.58322143554688,0.0,0.0,0.9661514163017273
209,13.642607644979844,386.83929443359375,0.0,0.0,0.9659132957458496
210,9.79356194186541,269.73834228515625,0.0,0.0,0.9657301306724548
211,11.687320925755976,343.92193603515625,0.0,0.0,0.9655889868736267
212,20.521591259090997,958.9362182617188,0.0,0.0,0.9654817581176758
213,11.253931486999518,325.1967468261719,0.0,0.0,0.9654006361961365
214,9.148542840809043,225.94070434570312,0.0,0.0,0.965338408946991
215,10.356760441488602,260.1221618652344,0.0,0.0,0.9652593731880188
216,12.229323772943628,331.135986328125,0.0,0.0,0.9651560187339783
217,15.685633550651609,650.966796875,0.0,0.0,0.9651132225990295
218,12.573491470550882,390.8426208496094,0.0,0.0,0.9650920033454895
219,11.876006661016856,333.52001953125,0.0,0.0,0.9650329947471619
220,10.502900272024316,237.61349487304688,0.0,0.0,0.9649288058280945
221,6.994350437096027,149.27850341796875,0.0,0.0,0.9648401737213135
222,9.731564193395105,226.13601684570312,0.0,0.0,0.964735209941864
223,8.75606988716688,208.20205688476562,0.0,0.0,0.9646124243736267
224,21.418491292206696,1131.384521484375,0.0,0.0,0.964542806148529
225,14.575523441556179,489.8929748535156,0.0,0.0,0.9644798636436462
226,9.726874918595337,252.89112854003906,0.0,0.0,0.9643921852111816
227,6.865042391679786,148.58407592773438,0.0,0.0,0.9643126130104065
228,15.315998854366555,507.5709228515625,0.0,0.0,0.9642128348350525
229,14.857357616672417,563.47216796875,0.0,0.0,0.964135468006134
230,23.178746507780012,1218.6834716796875,0.0,0.0,0.9640865325927734
231,9.612391158581854,234.8383331298828,0.0,0.0,0.9640357494354248
232,16.469461138048707,565.2081298828125,0.0,0.0,0.96396404504776
233,14.108787305844206,482.6064758300781,0.0,0.0,0.9639012813568115
234,16.782909145373964,719.49169921875,0.0,0.0,0.9638631939888
235,20.632510664539303,1023.5878295898438,0.0,0.0,0.9638689160346985
236,20.313838115298765,970.3746948242188,0.0,0.0,0.9638962149620056
237,22.64952040781694,1233.5352783203125,0.0,0.0,0.963955819606781
238,15.677112127865708,572.934814453125,0.0,0.0,0.9640055298805237
239,27.339057291724913,1378.5750732421875,0.0,0.0,0.9639841914176941
240,12.28721664840159,349.8988037109375,0.0,0.0,0.9639472961425781
241,16.68683324761942,678.2713623046875,0.0,0.0,0.9639293551445007
242,20.59669275295736,794.6461181640625,0.0,0.0,0.9638388156890869
243,28.7477939805297,1376.095947265625,0.0,0.0,0.9636589884757996
244,18.646978822431606,741.7923583984375,0.0,0.0,0.9634817242622375
245,22.618201723206678,1018.3319091796875,0.0,0.0,0.9633176922798157
246,26.570735827055824,1463.464599609375,0.0,0.0,0.9631873965263367
247,26.577886504578103,1362.533203125,0.0,0.0,0.9630362391471863
248,9.971868861097448,252.263671875,0.0,0.0,0.9628925919532776
249,19.082068768588403,784.210693359375,0.0,0.0,0.9627418518066406
250,25.913692433820245,1372.1016845703125,0.0,0.0,0.9626097083091736
251,31.58549232877873,1958.46923828125,0.0,0.0,0.9625144004821777
252,273.9906695954129,61186.1875,0.0,0.0,0.9624413847923279
253,42.84836888154047,3227.341064453125,0.0,0.0,0.9623627066612244
254,18.269579807973262,1014.8789672851562,0.0,0.0,0.9623389840126038
255,15.771230580061598,527.6280517578125,0.0,0.0,0.9622417092323303
256,220.9881893182145,41224.58984375,0.0,0.0,0.9621515274047852
257,19.302557304619487,710.6817016601562,0.0,0.0,0.9619882702827454
258,30.550989312353728,1850.727783203125,0.0,0.0,0.9618635177612305
259,40.89349905824695,3320.75390625,0.0,0.0,0.9617680907249451
260,25.481894084009884,1449.34521484375,0.0,0.0,0.9617133140563965
261,20.340904296652614,991.64892578125,0.0,0.0,0.9616578221321106
262,89.9322116602103,10533.31640625,0.0,0.0,0.9615902304649353
263,19.54711717721317,1059.150146484375,0.0,0.0,0.9615548253059387
264,125.2343175255549,19379.626953125,0.0,0.0,0.9615499377250671
265,188.39291676733768,32756.79296875,0.0,0.0,0.9615314602851868
266,333.30587477677165,80657.53125,0.0,0.0,0.9614934921264648
267,76.62864093184267,7995.71923828125,0.0,0.0,0.9614292979240417
268,52.06977895325612,4892.517578125,0.0,0.0,0.9613917469978333
269,278.915686329341,64017.55078125,0.0,0.0,0.9613836407661438
270,194.4392111991335,40814.93359375,0.0,0.0,0.9613978862762451
271,178.80976785290315,29499.408203125,0.0,0.0,0.9614162445068359
272,29.82737949363443,2125.22509765625,0.0,0.0,0.9614326357841492
273,32.856245352698664,2001.0419921875,0.0,0.0,0.9614418148994446
274,85.51793802264017,9796.892578125,0.0,0.0,0.9614138603210449
275,41.57940046021497,3470.2353515625,0.0,0.0,0.9613531231880188
276,65.13416127773002,6424.77587890625,0.0,0.0,0.9612905383110046
277,153.95399416891416,24731.888671875,0.0,0.0,0.9611666798591614
278,48.41303367941323,4672.29296875,0.0,0.0,0.9610832333564758
279,48.14039425385726,3927.73388671875,0.0,0.0,0.9609807133674622
280,91.72864183251218,11378.9990234375,0.0,0.0,0.9609221816062927
281,61.14402625341052,6648.2529296875,0.0,0.0,0.9608791470527649
282,44.92731334196227,4127.0849609375,0.0,0.0,0.960847795009613
283,56.174318758853474,5514.13134765625,0.0,0.0,0.9607638716697693
284,127.87083529665206,22965.685546875,0.0,0.0,0.9607618451118469
285,65.54501017270492,6905.9990234375,0.0,0.0,0.9607178568840027
286,46.98485637439673,5141.80859375,0.0,0.0,0.9606602191925049
287,113.26089944441159,17195.638671875,0.0,0.0,0.9606170654296875
288,56.00243489150138,6002.45703125,0.0,0.0,0.9605666995048523
289,58.778716840210855,5318.90625,0.0,0.0,0.9604538083076477
290,28.6141542486709,1979.2041015625,0.0,0.0,0.9603295922279358
291,92.40988092672119,12596.1005859375,0.0,0.0,0.9602652192115784
292,103.23432602887286,15576.95703125,0.0,0.0,0.9602251052856445
293,244.1747534498457,55256.94921875,0.0,0.0,0.9602170586585999
294,48.875651150992425,6184.37841796875,0.0,0.0,0.960293710231781
295,266.5563788236763,67477.453125,0.0,0.0,0.9604013562202454
296,40.297515195803065,4176.1201171875,0.0,0.0,0.9605239033699036
297,99.29961348090376,14489.62109375,0.0,0.0,0.9605996608734131
298,71.46000384852073,9718.4677734375,0.0,0.0,0.960638701915741
299,342.4012626835974,89077.5078125,0.0,0.0,0.9606757164001465
300,68.13615742336465,9173.4970703125,0.0,0.0,0.9607226848602295
301,50.09797954247591,5361.01806640625,0.0,0.0,0.9607537388801575
302,111.82623803787226,19357.35546875,0.0,0.0,0.9607767462730408
303,183.00986794527097,43182.51953125,0.0,0.0,0.9608209133148193
304,97.88994921499842,13421.119140625,0.0,0.0,0.9607980251312256
305,132.79831328635754,26826.07421875,0.0,0.0,0.9607869982719421
306,149.28568894005556,30769.408203125,0.0,0.0,0.9607846140861511
307,333.6580390298776,92231.828125,0.0,0.0,0.9608283042907715
308,113.33515501327686,20187.41796875,0.0,0.0,0.9608578085899353
309,136.2092637095349,27312.76953125,0.0,0.0,0.9608473777770996
310,462.43538289199006,140879.0,0.0,0.0,0.9608656764030457
311,162.29816688471234,34514.81640625,0.0,0.0,0.9608869552612305
312,148.512481396048,31214.125,0.0,0.0,0.9608972668647766
313,40.49717029871209,3621.65673828125,0.0,0.0,0.960895299911499
314,273.59345846087723,73761.828125,0.0,0.0,0.9608607888221741
315,121.90004495077905,22480.13671875,0.0,0.0,0.9608054757118225
316,362.07374251008883,104075.5390625,0.0,0.0,0.9607972502708435
317,78.24424389524752,12704.1640625,0.0,0.0,0.9608288407325745
318,72.44313533498214,11082.8466796875,0.0,0.0,0.9608564376831055
319,144.8420911557483,28628.94921875,0.0,0.0,0.9608890414237976
320,183.0848553718517,42656.296875,0.0,0.0,0.9609723091125488
321,128.81391608945967,23345.703125,0.0,0.0,0.9610159993171692
322,210.8769144266788,52865.8203125,0.0,0.0,0.961121141910553
323,355.9449206482256,101129.6953125,0.0,0.0,0.9611947536468506
324,448.24350725219125,129996.9375,0.0,0.0,0.9612075686454773
325,74.95815065050311,10601.828125,0.0,0.0,0.9611991047859192
326,52.77101122966561,5174.22802734375,0.0,0.0,0.9611706137657166
327,237.0562243189698,59142.109375,0.0,0.0,0.9611291885375977
328,103.32803562860128,15159.9580078125,0.0,0.0,0.9611240029335022
329,186.28441756832936,41049.90625,0.0,0.0,0.9611247181892395
330,47.41249367052864,5751.08349609375,0.0,0.0,0.961170494556427
331,44.907847975529236,4951.947265625,0.0,0.0,0.9612154960632324
332,163.5774278193838,31105.521484375,0.0,0.0,0.9612560868263245
333,120.6835452127221,19038.466796875,0.0,0.0,0.9612981677055359
334,103.11670942365423,14581.9921875,0.0,0.0,0.9613307118415833
335,45.14901209880914,5135.1748046875,0.0,0.0,0.961376965045929
336,78.85486436423174,11401.9990234375,0.0,0.0,0.961428165435791
337,265.3066973121901,69566.3828125,0.0,0.0,0.9614585041999817
338,96.03103518786047,15363.5400390625,0.0,0.0,0.9614932537078857
339,99.7728483641528,14519.4365234375,0.0,0.0,0.9615465998649597
340,123.30944756208741,21018.34765625,0.0,0.0,0.9615941047668457
341,66.22314340821235,6929.95458984375,0.0,0.0,0.9616467356681824
342,142.87760233940702,27512.2265625,0.0,0.0,0.9617286324501038
343,84.70020710890854,13837.5595703125,0.0,0.0,0.9617648124694824
344,117.4767388721962,19580.630859375,0.0,0.0,0.9617288708686829
345,53.95586080412805,6308.9892578125,0.0,0.0,0.9616716504096985
346,80.73354902246781,12164.482421875,0.0,0.0,0.9616227149963379
347,107.41563124953429,14810.693359375,0.0,0.0,0.9615854620933533
348,26.627742552113997,2457.140869140625,0.0,0.0,0.9616019129753113
349,56.9755018261126,7559.5283203125,0.0,0.0,0.9616120457649231
350,82.77635035405896,12577.6044921875,0.0,0.0,0.9615833163261414
351,93.14154363941788,14176.958984375,0.0,0.0,0.9615374207496643
352,62.06276856904842,6784.71533203125,0.0,0.0,0.9614894986152649
353,104.67111776410826,17205.396484375,0.0,0.0,0.9614350199699402
354,60.82805372301133,7293.26220703125,0.0,0.0,0.9613226056098938
355,85.70844049849194,12352.3515625,0.0,0.0,0.9612226486206055
356,126.18647805261071,26302.1328125,0.0,0.0,0.9611867070198059
357,38.72861535832611,3098.995361328125,0.0,0.0,0.9611260294914246
358,92.32446686351152,15175.3134765625,0.0,0.0,0.9610852599143982
359,25.787824983638778,1873.3961181640625,0.0,0.0,0.9609856605529785
360,97.86268557220353,15143.8896484375,0.0,0.0,0.9608885645866394
361,28.780830087582245,2011.068115234375,0.0,0.0,0.960780680179596
362,42.67603144801604,4599.75537109375,0.0,0.0,0.9607099890708923
363,22.858935556011136,1675.7901611328125,0.0,0.0,0.9606694579124451
364,84.93320824077607,13179.845703125,0.0,0.0,0.9605903029441833
365,113.39226064488409,21542.64453125,0.0,0.0,0.9605146050453186
366,121.13380936418109,21459.005859375,0.0,0.0,0.9604433178901672
367,45.067665030015256,5081.47021484375,0.0,0.0,0.9603764414787292
368,57.19618241992321,6155.8994140625,0.0,0.0,0.9603097438812256
369,44.13885682823833,5162.82421875,0.0,0.0,0.9602800011634827
370,19.197457221446232,874.0308837890625,0.0,0.0,0.9602076411247253
371,119.29903132572608,20745.91796875,0.0,0.0,0.960146427154541
372,71.52172294193134,11047.240234375,0.0,0.0,0.9600822925567627
373,18.822854195790622,798.0584106445312,0.0,0.0,0.9599364399909973
374,54.78051505376793,6335.91796875,0.0,0.0,0.9597821235656738
375,28.587634125722165,2560.769775390625,0.0,0.0,0.9596328139305115
376,136.94005379557677,29258.259765625,0.0,0.0,0.9595195651054382
377,37.1879696017151,4271.69970703125,0.0,0.0,0.959435224533081
378,19.5319771492996,1201.550537109375,0.0,0.0,0.9593450427055359
379,24.752397764472292,1944.64599609375,0.0,0.0,0.9592464566230774
380,42.71667113945059,4103.85400390625,0.0,0.0,0.9591125845909119
381,48.24690230262076,5932.494140625,0.0,0.0,0.9589695930480957
382,26.12509226394168,1944.7139892578125,0.0,0.0,0.9588271975517273
383,85.47369321634098,10688.416015625,0.0,0.0,0.9586940407752991
384,12.365399157276398,420.923095703125,0.0,0.0,0.9586057662963867
385,117.91610194051238,21943.89453125,0.0,0.0,0.9585396647453308
386,43.331226911846244,3857.938720703125,0.0,0.0,0.9584657549858093
387,35.99445669977252,3192.04052734375,0.0,0.0,0.9584031105041504
388,44.762677398177054,4967.66162109375,0.0,0.0,0.9583818316459656
389,116.76570863649039,23697.873046875,0.0,0.0,0.958383321762085
390,26.83455304211315,1624.66552734375,0.0,0.0,0.9583649635314941
391,18.118434279900917,1260.77392578125,0.0,0.0,0.9583739638328552
392,90.96605426640409,14812.1591796875,0.0,0.0,0.9583994746208191
393,23.27033460648743,1694.48583984375,0.0,0.0,0.9584299921989441
394,51.0560160411893,6177.2763671875,0.0,0.0,0.958439290523529
395,59.673587182119235,6939.4248046875,0.0,0.0,0.9584589004516602
396,41.1576298195554,4117.02197265625,0.0,0.0,0.9584539532661438
397,34.85644051324611,3620.85205078125,0.0,0.0,0.9584800601005554
398,59.419383108749535,7015.751953125,0.0,0.0,0.9585164189338684
399,66.93500150353933,10051.888671875,0.0,0.0,0.9585524201393127
400,68.65720663960886,10619.6748046875,0.0,0.0,0.9585588574409485
401,139.6744209524595,32182.40625,0.0,0.0,0.9585924744606018
402,86.5764905095406,12868.826171875,0.0,0.0,0.9586527943611145
403,63.83149656194331,8083.98681640625,0.0,0.0,0.9586061835289001
404,50.03542689698931,5955.98388671875,0.0,0.0,0.9585391879081726
405,101.94903145380934,16458.205078125,0.0,0.0,0.9584693908691406
406,85.02694044503455,14416.2841796875,0.0,0.0,0.9584334492683411
407,87.29753881356241,13322.240234375,0.0,0.0,0.9584035277366638
408,40.66230623021501,3841.877197265625,0.0,0.0,0.9583737850189209
409,110.64654945990067,21820.8984375,0.0,0.0,0.9583449363708496
410,109.31315264273762,20100.9296875,0.0,0.0,0.9582880139350891
411,120.22188349470842,21846.771484375,0.0,0.0,0.9582260251045227
412,110.48672291900215,20167.681640625,0.0,0.0,0.9581442475318909
413,81.162440548578,11639.181640625,0.0,0.0,0.9580797553062439
414,141.55249056102815,27924.49609375,0.0,0.0,0.9579792022705078
415,41.013606540106316,4787.39990234375,0.0,0.0,0.9579296112060547
416,61.764075813299826,7595.29296875,0.0,0.0,0.9579127430915833
417,56.21851722052523,7741.3369140625,0.0,0.0,0.9578788876533508
418,98.59566739789679,18379.544921875,0.0,0.0,0.9579151272773743
419,62.75609568374326,8051.818359375,0.0,0.0,0.9579002857208252
420,63.30013819357295,9021.5302734375,0.0,0.0,0.9579033851623535
421,43.80341628612428,5877.623046875,0.0,0.0,0.9579215049743652
422,195.5057851392106,48514.578125,0.0,0.0,0.9579522609710693
423,198.11783679129098,50016.41796875,0.0,0.0,0.9580559134483337
424,43.75553478553295,4120.47998046875,0.0,0.0,0.958143413066864
425,94.57958206694006,16785.75390625,0.0,0.0,0.9582901000976562
426,132.1420234049843,27571.556640625,0.0,0.0,0.9584710001945496
427,91.06343471853533,16675.205078125,0.0,0.0,0.9586746096611023
428,166.65928745978175,37412.9375,0.0,0.0,0.9588587284088135
429,84.49688172937093,11727.2705078125,0.0,0.0,0.9590432643890381
430,101.58316306942008,17969.052734375,0.0,0.0,0.9592010974884033
431,27.993408532486562,2467.14013671875,0.0,0.0,0.959331214427948
432,87.90204747086169,14183.08984375,0.0,0.0,0.9594173431396484
433,117.68427775453843,22509.1875,0.0,0.0,0.959494411945343
434,85.12028170543266,12091.4501953125,0.0,0.0,0.9595329165458679
435,51.237192848827476,7187.8251953125,0.0,0.0,0.9595733284950256
436,105.13687525575267,18281.060546875,0.0,0.0,0.9596309661865234
437,58.82405687129273,7842.5791015625,0.0,0.0,0.9596663117408752
438,106.62767787378844,19897.37109375,0.0,0.0,0.9597288966178894
439,182.01163566642435,41892.828125,0.0,0.0,0.9597566723823547
440,135.24575780091862,26609.69921875,0.0,0.0,0.9597122073173523
441,243.09071232379785,67120.3359375,0.0,0.0,0.9596711993217468
442,93.9746822340945,15088.7724609375,0.0,0.0,0.9595949649810791
443,183.68180824005165,46530.14453125,0.0,0.0,0.9595613479614258
444,184.49421528918916,42986.0703125,0.0,0.0,0.9595027565956116
445,122.69954557509175,22992.8515625,0.0,0.0,0.9594313502311707
446,489.6556936055689,161461.390625,0.0,0.0,0.9593710899353027
447,145.9180370014743,32018.373046875,0.0,0.0,0.959352433681488
448,495.9175647750836,167225.203125,0.0,0.0,0.9593188166618347
449,623.4906787437835,216837.625,0.0,0.0,0.959277331829071
450,130.2409963778741,25750.697265625,0.0,0.0,0.959221363067627
451,266.7629784453826,72923.6015625,0.0,0.0,0.9591636061668396
452,316.0189031505349,92102.25,0.0,0.0,0.959037721157074
453,525.9647580848931,174955.8125,0.0,0.0,0.958859384059906
454,549.6321185237825,182992.0,0.0,0.0,0.9586467146873474
455,603.5182656825173,206168.671875,0.0,0.0,0.9584321975708008
456,678.5291597938043,240558.953125,0.0,0.0,0.9582492709159851
457,394.8758319551703,117583.9296875,0.0,0.0,0.9580550193786621
458,978.59277974347,362976.09375,0.0,0.0,0.9578919410705566
459,831.3510246644395,302567.21875,0.0,0.0,0.9577381014823914
460,1014.5545119863291,378364.21875,0.0,0.0,0.957609236240387
461,763.1503089157919,275064.875,0.0,0.0,0.9575124382972717
462,992.3420617281092,357934.53125,0.0,0.0,0.9573659300804138
463,903.9506836852224,332919.5625,0.0,0.0,0.9572566151618958
464,1018.7710951957959,373968.0,0.0,0.0,0.9571296572685242
465,1025.4916002642437,386063.5,0.0,0.0,0.9570441246032715
466,975.4802967160591,360320.3125,0.0,0.0,0.956950843334198
467,429.5622978552883,130459.921875,0.0,0.0,0.9567683339118958
468,598.083097508603,207419.9375,0.0,0.0,0.9566684365272522
469,256.8226300633124,64345.26171875,0.0,0.0,0.9565963745117188
470,505.9046299911096,163735.3125,0.0,0.0,0.9564892649650574
471,450.14384356664476,141333.3125,0.0,0.0,0.9563916325569153
472,1013.3855948097764,380954.46875,0.0,0.0,0.9563181400299072
473,1021.1426621083308,384196.6875,0.0,0.0,0.9562920928001404
474,357.49159823189785,106001.0859375,0.0,0.0,0.9563122391700745
475,1018.1518853062091,380421.90625,0.0,0.0,0.9563358426094055
476,632.3306724794625,215218.140625,0.0,0.0,0.9563283324241638
477,368.2661498420636,107565.3203125,0.0,0.0,0.9563050270080566
478,263.0186584898092,66583.1875,0.0,0.0,0.9562721848487854
479,550.6100338093803,185028.90625,0.0,0.0,0.9562389850616455
480,612.7381183069047,210891.234375,0.0,0.0,0.9562108516693115
481,379.1849180577927,116032.4453125,0.0,0.0,0.9562229514122009
482,450.8698653768855,144058.3125,0.0,0.0,0.9562046527862549
483,1021.2238501171252,371642.0,0.0,0.0,0.9561431407928467
484,377.7200999847412,115277.2734375,0.0,0.0,0.9560874104499817
485,389.20652507027876,115955.0390625,0.0,0.0,0.9560158252716064
486,496.8541511075784,158176.1875,0.0,0.0,0.9559571743011475
487,893.793689721131,320928.3125,0.0,0.0,0.9558608531951904
488,624.1666354594257,215051.0625,0.0,0.0,0.9557509422302246
489,281.1351154115212,72780.9921875,0.0,0.0,0.9556410312652588
490,275.83480515766894,69083.1484375,0.0,0.0,0.9555513262748718
491,642.3811032572661,223527.375,0.0,0.0,0.9554745554924011
492,507.0554772140486,162831.484375,0.0,0.0,0.9553892016410828
493,445.78103828795935,142192.109375,0.0,0.0,0.9553388953208923
494,756.479819734499,269858.59375,0.0,0.0,0.9552805423736572
495,529.718030585976,173291.734375,0.0,0.0,0.9552198052406311
496,517.6375490625194,170608.8125,0.0,0.0,0.9551670551300049
497,462.9301973084053,142689.984375,0.0,0.0,0.9550970196723938
498,552.2512484362853,183663.03125,0.0,0.0,0.9550380706787109
499,882.1621808530048,324024.25,0.0,0.0,0.954986572265625
500,851.8421901485808,311004.78125,0.0,0.0,0.9549677968025208
501,454.647780361699,142222.515625,0.0,0.0,0.9549691677093506
502,494.79451368541834,154516.546875,0.0,0.0,0.9549465179443359
503,224.19786343716797,55014.57421875,0.0,0.0,0.9549447894096375
504,119.77909202538784,20322.21484375,0.0,0.0,0.9549107551574707
505,424.76157869538434,132987.09375,0.0,0.0,0.9549055099487305
506,418.2561584544725,126506.96875,0.0,0.0,0.9549090266227722
507,463.1904798595429,148708.78125,0.0,0.0,0.9549229145050049
508,457.6204110528486,135727.6875,0.0,0.0,0.9549086689949036
509,514.3411739179836,165678.765625,0.0,0.0,0.9549074172973633
510,286.13674644573547,77910.375,0.0,0.0,0.9549139142036438
511,237.40677084374155,53029.52734375,0.0,0.0,0.9549111723899841
512,197.48294938087423,40190.8984375,0.0,0.0,0.9548980593681335
513,343.50164978579,95727.1015625,0.0,0.0,0.9548574090003967
514,219.4071227379529,49627.859375,0.0,0.0,0.9548282623291016
515,343.73843746716915,89825.3828125,0.0,0.0,0.9547884464263916
516,257.2371544467397,60694.46484375,0.0,0.0,0.9546685218811035
517,110.8990724677016,17482.7265625,0.0,0.0,0.9545764327049255
518,336.8403522578148,96489.40625,0.0,0.0,0.9544851183891296
519,271.49281661028346,70160.2265625,0.0,0.0,0.954432487487793
520,383.960897831549,100855.0,0.0,0.0,0.9542999267578125
521,375.909943905664,110256.25,0.0,0.0,0.9541778564453125
522,396.14480417425534,119621.578125,0.0,0.0,0.9540326595306396
523,420.9607154868033,122654.96875,0.0,0.0,0.953889787197113
524,435.95365951789074,129833.9375,0.0,0.0,0.9537084698677063
525,161.71278771993067,32466.06640625,0.0,0.0,0.9535641670227051
526,424.94523421002634,134440.28125,0.0,0.0,0.9534876942634583
527,455.9700611202526,140080.28125,0.0,0.0,0.9533836245536804
528,335.8727212591178,91545.546875,0.0,0.0,0.9533278942108154
529,774.8967534838749,272214.1875,0.0,0.0,0.9532632827758789
530,514.3156308038359,164602.71875,0.0,0.0,0.9532161355018616
531,413.93510265876023,123001.6484375,0.0,0.0,0.9531741142272949
532,529.8415616694374,177505.5,0.0,0.0,0.9532025456428528
533,451.88683829837413,138339.03125,0.0,0.0,0.9532241225242615
534,402.2756739897652,119869.1640625,0.0,0.0,0.9532570838928223
535,301.47498588758054,80280.8046875,0.0,0.0,0.9532511830329895
536,454.2837086056025,137600.546875,0.0,0.0,0.9532425999641418
537,497.9798983829428,158876.578125,0.0,0.0,0.9531933665275574
538,598.1616912631073,203335.546875,0.0,0.0,0.9531235694885254
539,475.73486010969043,144245.59375,0.0,0.0,0.953051745891571
540,504.8900279703283,167379.5,0.0,0.0,0.9530201554298401
541,407.2523204980722,120448.453125,0.0,0.0,0.9529805183410645
542,351.1925551920985,103083.3125,0.0,0.0,0.9529734253883362
543,559.126500599857,186583.203125,0.0,0.0,0.9529494643211365
544,553.9850975631773,185496.109375,0.0,0.0,0.9529339671134949
545,444.3100824626835,137781.421875,0.0,0.0,0.9529141783714294
546,384.1214741371111,115479.0,0.0,0.0,0.9529140591621399
547,711.6060414082099,245336.390625,0.0,0.0,0.9528849720954895
548,351.5004019767231,99238.3984375,0.0,0.0,0.9528811573982239
549,172.87574625772194,39406.4609375,0.0,0.0,0.9528949856758118
550,853.5203912655991,313746.90625,0.0,0.0,0.9529522061347961
551,340.39620810376897,100944.734375,0.0,0.0,0.9529969096183777
552,555.3471589116393,188343.1875,0.0,0.0,0.9530641436576843
553,1006.6260208879703,373557.96875,0.0,0.0,0.953141987323761
554,778.3501496114069,277893.46875,0.0,0.0,0.9532475471496582
555,806.107786301743,283103.15625,0.0,0.0,0.9533351063728333
556,850.1150834103613,296721.40625,0.0,0.0,0.953372061252594
557,833.3050882405292,299953.4375,0.0,0.0,0.9534150958061218
558,483.95211787545736,160359.1875,0.0,0.0,0.953464686870575
559,694.3846129982043,241197.453125,0.0,0.0,0.9534716010093689
560,175.37247478370145,41354.890625,0.0,0.0,0.9534812569618225
561,728.7952984137471,254549.8125,0.0,0.0,0.9534891247749329
562,330.32832228329994,90197.453125,0.0,0.0,0.9534844756126404
563,764.8558397505603,262908.96875,0.0,0.0,0.9534122347831726
564,436.70987749676857,139405.21875,0.0,0.0,0.9533712863922119
565,204.00797230938548,50687.9375,0.0,0.0,0.9533137679100037
566,262.06499563490473,72150.703125,0.0,0.0,0.953267514705658
567,432.59217722233547,137332.1875,0.0,0.0,0.95320725440979
568,736.0149159392995,256782.71875,0.0,0.0,0.9531401991844177
569,1012.4160473875747,374793.28125,0.0,0.0,0.9530849456787109
570,1022.0853283316069,381534.6875,0.0,0.0,0.95306396484375
571,331.410311741471,97912.765625,0.0,0.0,0.953077495098114
572,649.280134790844,225097.15625,0.0,0.0,0.9530906677246094
573,558.9465703598911,190220.375,0.0,0.0,0.9531159400939941
574,635.5984688476541,230551.71875,0.0,0.0,0.9531905651092529
575,465.28045880605265,149650.0625,0.0,0.0,0.9532084465026855
576,407.19492021350914,129208.921875,0.0,0.0,0.9532580971717834
577,600.2049956004555,205457.921875,0.0,0.0,0.9533169865608215
578,803.1722762553562,289284.53125,0.0,0.0,0.9533765912055969
579,1023.7956192271105,371976.28125,0.0,0.0,0.9533796906471252
580,483.47847498805476,153113.203125,0.0,0.0,0.9533708691596985
581,1017.6496429819179,388325.96875,0.0,0.0,0.9534149169921875
582,1010.7150619859667,375340.3125,0.0,0.0,0.9534671306610107
583,1022.5599091905459,378416.09375,0.0,0.0,0.9534996151924133
584,989.420592357408,364849.9375,0.0,0.0,0.9535074234008789
585,566.8797752708294,190777.3125,0.0,0.0,0.9535118937492371
586,998.0226415199753,371070.1875,0.0,0.0,0.9535238742828369
587,666.024258465848,230757.96875,0.0,0.0,0.9535238742828369
588,655.8826163427254,230670.71875,0.0,0.0,0.9535672068595886
589,597.5132744810903,202016.71875,0.0,0.0,0.9535918235778809
590,585.8979041503869,200141.40625,0.0,0.0,0.953601062297821
591,202.03228675063065,43658.0390625,0.0,0.0,0.9535980820655823
592,575.5641997959436,195546.84375,0.0,0.0,0.9536154270172119
593,429.92897075120084,133947.375,0.0,0.0,0.9535987973213196
594,536.9004542393988,176528.953125,0.0,0.0,0.9535842537879944
595,663.2577806182028,225031.8125,0.0,0.0,0.9535240530967712
596,528.9075092841907,178768.40625,0.0,0.0,0.9534781575202942
597,393.72056539423966,122092.28125,0.0,0.0,0.9534454941749573
598,343.1953446450503,100542.515625,0.0,0.0,0.9534427523612976
599,650.4352918487632,224790.0625,0.0,0.0,0.9534409046173096
600,466.5620843887587,146844.515625,0.0,0.0,0.953450620174408
601,456.801115327358,142846.046875,0.0,0.0,0.9534378051757812
602,164.59157929688425,29792.796875,0.0,0.0,0.953441321849823
603,363.3393467827016,109171.21875,0.0,0.0,0.9534425735473633
604,565.3343792741063,187999.546875,0.0,0.0,0.9534182548522949
605,270.5114125720871,69972.453125,0.0,0.0,0.9534233212471008
606,313.11243068990524,85288.53125,0.0,0.0,0.9534404873847961
607,231.48784440116552,56337.8046875,0.0,0.0,0.9534568190574646
608,285.6631286679369,72694.96875,0.0,0.0,0.9534075260162354
609,228.5363535577325,55166.7890625,0.0,0.0,0.9533910155296326
610,265.4371997083714,69006.734375,0.0,0.0,0.9533416628837585
611,280.5891496427108,71959.75,0.0,0.0,0.9532870650291443
612,457.8507135821906,142974.796875,0.0,0.0,0.9532273411750793
613,238.8935462507836,57848.1875,0.0,0.0,0.9531920552253723
614,208.50565716355686,44487.3671875,0.0,0.0,0.9531638026237488
615,394.85776420747885,121537.84375,0.0,0.0,0.9531455636024475
616,300.83996976966915,81508.953125,0.0,0.0,0.9531216025352478
617,171.8841066163084,32311.791015625,0.0,0.0,0.9530646204948425
618,260.787381480558,63771.7890625,0.0,0.0,0.9530277848243713
619,155.03371889789025,27390.826171875,0.0,0.0,0.9529908299446106
620,341.56414905631027,96172.78125,0.0,0.0,0.9529333710670471
621,197.54214421257834,40835.390625,0.0,0.0,0.9528695940971375
622,233.12721296241133,54447.76953125,0.0,0.0,0.9527902603149414
623,183.23599714022563,36245.37109375,0.0,0.0,0.9527248740196228
624,199.822431793786,43047.59375,0.0,0.0,0.9527031779289246
625,222.35008823422427,50843.94140625,0.0,0.0,0.9526677131652832
626,318.8061833730745,85618.6796875,0.0,0.0,0.9525993466377258
627,272.8737234132177,71473.71875,0.0,0.0,0.9525537490844727
628,229.24804363724627,52441.61328125,0.0,0.0,0.9525057673454285
629,181.68637443245728,37202.37890625,0.0,0.0,0.9524831771850586
630,279.88613737923794,72097.5,0.0,0.0,0.9524531960487366
631,174.0478722739106,32852.83203125,0.0,0.0,0.9524293541908264
632,190.6093449075067,38327.92578125,0.0,0.0,0.9524192214012146
633,228.31505342761133,53121.32421875,0.0,0.0,0.9524065852165222
634,216.5437316138327,46871.99609375,0.0,0.0,0.9524173736572266
635,176.1315518319257,34759.08984375,0.0,0.0,0.9524728655815125
636,165.45795718193529,27574.453125,0.0,0.0,0.9525125622749329
637,151.71962272320525,25986.99609375,0.0,0.0,0.9525694847106934
638,281.59729987779076,72172.3828125,0.0,0.0,0.9526063799858093
639,217.87503142888883,48396.78125,0.0,0.0,0.9526522755622864
640,142.72220654323615,20824.21484375,0.0,0.0,0.9526665806770325
641,118.10819769877105,14616.0615234375,0.0,0.0,0.9526510238647461
642,204.33390548437092,45267.7265625,0.0,0.0,0.9526646733283997
643,235.1689745641954,53670.0546875,0.0,0.0,0.952678382396698
644,200.56559603494037,43955.3359375,0.0,0.0,0.952717125415802
645,115.91959649094136,16566.564453125,0.0,0.0,0.9527735710144043
646,178.3781536034794,33540.01953125,0.0,0.0,0.95283442735672
647,169.65806089997542,27924.517578125,0.0,0.0,0.952846109867096
648,218.19621584121026,42716.76171875,0.0,0.0,0.9528183937072754
649,197.90181583661595,35381.04296875,0.0,0.0,0.9527742862701416
650,135.43922526679648,19766.78515625,0.0,0.0,0.9527230858802795
651,126.43746235596531,19211.109375,0.0,0.0,0.9527035355567932
652,187.49230966646806,35047.953125,0.0,0.0,0.9526915550231934
653,194.84774249943644,35090.30859375,0.0,0.0,0.9526600241661072
654,155.82320707716931,26693.962890625,0.0,0.0,0.9526579976081848
655,174.0099982840754,29024.091796875,0.0,0.0,0.9526548981666565
656,173.78674790266516,30378.701171875,0.0,0.0,0.9526522159576416
657,181.65839011760227,33018.765625,0.0,0.0,0.952624499797821
658,167.10079639844028,27733.716796875,0.0,0.0,0.9525995850563049
659,109.09295118564216,12859.1220703125,0.0,0.0,0.9524860978126526
660,119.45423390005196,15391.5107421875,0.0,0.0,0.9523712992668152
661,162.4099529273415,27746.875,0.0,0.0,0.9522519111633301
662,200.91834967782745,37342.4375,0.0,0.0,0.9521422982215881
663,129.58623364014994,16941.291015625,0.0,0.0,0.9520397186279297
664,160.7687086342704,29213.48828125,0.0,0.0,0.952003002166748
665,134.53269834609014,18186.138671875,0.0,0.0,0.9519302248954773
666,131.5400499907519,18671.28515625,0.0,0.0,0.9518632888793945
667,160.18370353583083,25559.576171875,0.0,0.0,0.951779305934906
668,161.12447031404432,25468.830078125,0.0,0.0,0.9517245292663574
669,181.0481340322184,33147.40625,0.0,0.0,0.951684296131134
670,168.09985240608194,28129.32421875,0.0,0.0,0.9516598582267761
671,167.92663032712346,26164.595703125,0.0,0.0,0.951622486114502
672,141.31583002288264,21320.54296875,0.0,0.0,0.951624870300293
673,96.79147983673288,11635.5224609375,0.0,0.0,0.9516599774360657
674,166.0222834467427,25551.052734375,0.0,0.0,0.9516148567199707
675,123.3391541336824,16980.263671875,0.0,0.0,0.951603353023529
676,154.09715543882604,23245.525390625,0.0,0.0,0.9515803456306458
677,141.6657153306717,20103.0,0.0,0.0,0.9515311121940613
678,170.93901773551173,30168.060546875,0.0,0.0,0.9515128135681152
679,176.53944289098217,31435.017578125,0.0,0.0,0.951491117477417
680,103.90275444175786,12990.1494140625,0.0,0.0,0.9515159130096436
681,186.88636305509024,30252.4140625,0.0,0.0,0.9515036940574646
682,189.42667861763965,33076.62890625,0.0,0.0,0.9514763951301575
683,157.7912980221807,27070.37109375,0.0,0.0,0.9514901638031006
684,130.6329850733356,19442.484375,0.0,0.0,0.951493501663208
685,159.94947597972512,27686.98046875,0.0,0.0,0.9515083432197571
686,120.14082894537555,15985.8408203125,0.0,0.0,0.9514902234077454
687,183.11979948154337,30766.564453125,0.0,0.0,0.9514338970184326
688,126.98820003060187,17434.587890625,0.0,0.0,0.9513913989067078
689,154.90872036036856,27389.76171875,0.0,0.0,0.9513699412345886
690,181.08762053278818,32477.91796875,0.0,0.0,0.9513601660728455
691,193.6504543908081,34148.94140625,0.0,0.0,0.9513735771179199
692,219.77001724328002,44202.140625,0.0,0.0,0.9514078497886658
693,184.43882913168588,33803.0078125,0.0,0.0,0.9514555931091309
694,251.51511160687272,58196.11328125,0.0,0.0,0.9515058994293213
695,170.96728893649578,26420.68359375,0.0,0.0,0.9515202641487122
696,150.5105691210882,26504.50390625,0.0,0.0,0.9515586495399475
697,221.93972458117906,44365.796875,0.0,0.0,0.9515523314476013
698,134.23927299320417,22022.951171875,0.0,0.0,0.9515625834465027
699,172.63554899452615,29662.619140625,0.0,0.0,0.9515792727470398
700,122.20362333126968,17895.83203125,0.0,0.0,0.9516178965568542
701,147.85002781709346,24599.853515625,0.0,0.0,0.9516491889953613
702,173.3053305890158,31416.62890625,0.0,0.0,0.9516761898994446
703,219.0983367595777,42598.3984375,0.0,0.0,0.9517104625701904
704,161.8760312140998,26591.599609375,0.0,0.0,0.9517450332641602
705,227.84887954534324,48729.28125,0.0,0.0,0.9517717361450195
706,185.4508690535608,36065.0546875,0.0,0.0,0.9518267512321472
707,156.46301306735555,26461.677734375,0.0,0.0,0.9518454670906067
708,184.92589917322454,35882.09765625,0.0,0.0,0.9518625736236572
709,134.50921134281162,19207.458984375,0.0,0.0,0.9518505930900574
710,268.2916961754258,60240.73828125,0.0,0.0,0.9518470168113708
711,191.68500922136758,36190.875,0.0,0.0,0.9518046379089355
712,168.13728361412365,27205.119140625,0.0,0.0,0.9517543911933899
713,158.1966468293544,28016.5625,0.0,0.0,0.9517149925231934
714,181.34691201609354,35016.046875,0.0,0.0,0.951682984828949
715,171.5314462221318,27477.208984375,0.0,0.0,0.9516285061836243
716,255.69010449098607,53857.61328125,0.0,0.0,0.9515505433082581
717,213.8981035626499,47528.6953125,0.0,0.0,0.9514763355255127
718,241.80613563810425,55573.6640625,0.0,0.0,0.951439380645752
719,123.14535558408771,16977.5859375,0.0,0.0,0.9514203667640686
720,144.02711596252306,22543.314453125,0.0,0.0,0.951407253742218
721,213.94725341572772,43775.03125,0.0,0.0,0.9513915181159973
722,164.36037226491376,27107.0234375,0.0,0.0,0.9514113068580627
723,143.0323209428868,22108.904296875,0.0,0.0,0.9514341354370117
724,130.93956950919505,19528.845703125,0.0,0.0,0.9515077471733093
725,199.9762600157343,40748.76171875,0.0,0.0,0.9515719413757324
726,167.81458841545233,29864.6484375,0.0,0.0,0.9516394138336182
727,154.3497375294605,26155.962890625,0.0,0.0,0.9517138004302979
728,253.33882612557932,60519.8203125,0.0,0.0,0.951826810836792
729,246.27748792472286,55423.625,0.0,0.0,0.9519423842430115
730,214.99577695272748,46251.99609375,0.0,0.0,0.9520737528800964
731,149.90324981527112,25893.283203125,0.0,0.0,0.9522050023078918
732,261.1842392075964,61747.41015625,0.0,0.0,0.9523494839668274
733,241.55209704892135,51449.12109375,0.0,0.0,0.9525058269500732
734,188.878654459087,33807.046875,0.0,0.0,0.9526476860046387
735,154.58003601089183,26170.154296875,0.0,0.0,0.9527643322944641
736,215.94654043820407,44769.94140625,0.0,0.0,0.9528883099555969
737,179.98970469083918,32837.625,0.0,0.0,0.9529845118522644
738,218.7348787044064,38497.484375,0.0,0.0,0.9530137181282043
739,227.94313242912688,49767.8359375,0.0,0.0,0.9530500769615173
740,143.8171134203521,23231.42578125,0.0,0.0,0.9530863165855408
741,203.65601296544259,41007.515625,0.0,0.0,0.9531311392784119
742,221.23329590539376,47910.6171875,0.0,0.0,0.9531962275505066
743,236.97443572738734,49993.11328125,0.0,0.0,0.9532589912414551
744,254.98431004454832,52154.2265625,0.0,0.0,0.9532559514045715
745,152.21099154638563,24772.625,0.0,0.0,0.9532654881477356
746,235.3251101503133,47536.65625,0.0,0.0,0.9533109068870544
747,244.07645200811993,50120.765625,0.0,0.0,0.9533164501190186
748,273.86470180290854,63774.32421875,0.0,0.0,0.9533488154411316
749,270.24502331175603,58364.26953125,0.0,0.0,0.953329861164093
750,299.42766507514204,71709.25,0.0,0.0,0.9533209204673767
751,308.0994746225546,72396.609375,0.0,0.0,0.9532804489135742
752,251.3719957701901,56522.5078125,0.0,0.0,0.953268826007843
753,280.126508412892,63493.5390625,0.0,0.0,0.9532610774040222
754,209.156296839461,40119.18359375,0.0,0.0,0.9532465934753418
755,282.8216126376506,64591.484375,0.0,0.0,0.953204333782196
756,220.23735157511643,42741.65625,0.0,0.0,0.9531572461128235
757,276.7661886670498,62398.28125,0.0,0.0,0.9531185030937195
758,213.77211853129697,40077.9375,0.0,0.0,0.9531053900718689
759,205.17543400913215,35223.3125,0.0,0.0,0.9530707001686096
760,285.76123556593546,66710.4296875,0.0,0.0,0.9530417323112488
761,256.5137529368052,50310.40234375,0.0,0.0,0.9530060887336731
762,224.94861925797935,45095.44921875,0.0,0.0,0.9529878497123718
763,43.27531176202494,3050.0556640625,0.0,0.0,0.9529635906219482
764,290.4750284840307,64874.65625,0.0,0.0,0.9528501629829407
765,84.3867904891078,9100.7822265625,0.0,0.0,0.9527360796928406
766,204.01352772065948,35691.8046875,0.0,0.0,0.9525907039642334
767,272.14084941350274,61431.83203125,0.0,0.0,0.9524809718132019
768,193.53260834724549,34588.88671875,0.0,0.0,0.9523841738700867
769,218.28915577638415,41573.68359375,0.0,0.0,0.9522702097892761
770,91.49918639432829,11140.8564453125,0.0,0.0,0.9521816372871399
771,92.02561908627689,10919.451171875,0.0,0.0,0.9521191120147705
772,212.0847839048433,43559.86328125,0.0,0.0,0.9520781636238098
773,211.53948351575323,41478.0390625,0.0,0.0,0.9520718455314636
774,214.33639875426704,42044.9765625,0.0,0.0,0.9520776867866516
775,44.97654287071927,3375.181640625,0.0,0.0,0.9520948529243469
776,250.1235981363165,52567.078125,0.0,0.0,0.9520888924598694
777,76.38792299090368,7956.1416015625,0.0,0.0,0.9520886540412903
778,57.61581773487808,5415.328125,0.0,0.0,0.9521334171295166
779,202.7741609103519,37971.01953125,0.0,0.0,0.952207088470459
780,345.1262362138915,85782.03125,0.0,0.0,0.9522568583488464
781,237.29966673559673,51031.6875,0.0,0.0,0.9523112177848816
782,87.25239526503317,9503.4912109375,0.0,0.0,0.9523370862007141
783,275.66172768211163,57822.578125,0.0,0.0,0.9523641467094421
784,47.84344341402415,3421.336669921875,0.0,0.0,0.9523377418518066
785,192.04222686281187,34507.71484375,0.0,0.0,0.9523352980613708
786,60.99297391939208,5469.71533203125,0.0,0.0,0.9523358345031738
787,38.00842365179662,2455.52392578125,0.0,0.0,0.9523300528526306
788,45.18024087547802,3335.819091796875,0.0,0.0,0.9523277878761292
789,39.66338524569312,2915.137939453125,0.0,0.0,0.9523770809173584
790,129.65233297770993,18131.53515625,0.0,0.0,0.952424943447113
791,34.71490057634459,2217.33447265625,0.0,0.0,0.9524843096733093
792,63.542258633847545,5773.20703125,0.0,0.0,0.9525291323661804
793,59.51353065311013,5371.31591796875,0.0,0.0,0.9525807499885559
794,55.02952583307844,4634.56005859375,0.0,0.0,0.9526254534721375
795,106.04092360382737,13471.74609375,0.0,0.0,0.9526315331459045
796,206.95830603284938,40600.56640625,0.0,0.0,0.9526354670524597
797,235.37379208473695,51673.0625,0.0,0.0,0.9526559710502625
798,36.40055484072268,2240.100830078125,0.0,0.0,0.9526591300964355
799,43.669892260442126,3172.9208984375,0.0,0.0,0.9526643753051758
800,72.44391616605603,7480.5185546875,0.0,0.0,0.9526705145835876
801,265.5651010424754,57776.578125,0.0,0.0,0.9526097774505615
802,39.16077278252514,2962.8583984375,0.0,0.0,0.9525941014289856
803,78.70981219498077,8350.1953125,0.0,0.0,0.9525827765464783
804,34.14578902519846,1952.8768310546875,0.0,0.0,0.9525323510169983
805,75.46158401789077,8204.732421875,0.0,0.0,0.9525126814842224
806,79.84862508331332,8748.3369140625,0.0,0.0,0.9524900913238525
807,61.87934690832421,6400.65283203125,0.0,0.0,0.9524907469749451
808,35.3276115512459,2389.860107421875,0.0,0.0,0.9525126814842224
809,65.83676681148513,6017.13134765625,0.0,0.0,0.9525101780891418
810,84.57857039293926,9820.7783203125,0.0,0.0,0.9525246024131775
811,58.31442697955094,4810.5068359375,0.0,0.0,0.9524948000907898
812,52.092408855966525,3928.98876953125,0.0,0.0,0.952404260635376
813,57.46556372075095,4967.85400390625,0.0,0.0,0.9523079991340637
814,65.94084337111131,5769.0556640625,0.0,0.0,0.952181875705719
815,72.5856261177827,7076.15234375,0.0,0.0,0.9520439505577087
816,46.914851628823456,3514.453857421875,0.0,0.0,0.9518995881080627
817,88.13822817646007,10256.294921875,0.0,0.0,0.9517807364463806
818,75.9948988108493,7102.392578125,0.0,0.0,0.9516014456748962
819,97.18051561363201,12272.1650390625,0.0,0.0,0.9514409899711609
820,38.45708961337212,2655.64404296875,0.0,0.0,0.9513093829154968
821,55.48895204704066,4655.72998046875,0.0,0.0,0.9511806964874268
822,40.229999187434345,2823.82373046875,0.0,0.0,0.9510710835456848
823,38.40883604838797,2712.85888671875,0.0,0.0,0.9509899616241455
824,43.77410786658106,3464.864990234375,0.0,0.0,0.9509523510932922
825,40.41423929601579,2910.202392578125,0.0,0.0,0.9509233832359314
826,16.372132529739876,623.5048828125,0.0,0.0,0.9508909583091736
827,56.654076674138146,4831.53564453125,0.0,0.0,0.9508501887321472
828,35.912147795232336,2281.010009765625,0.0,0.0,0.9508088231086731
829,73.91164469952996,7428.427734375,0.0,0.0,0.9507610201835632
830,20.68382746263021,959.53662109375,0.0,0.0,0.9507351517677307
831,64.07562835754297,6083.6015625,0.0,0.0,0.9507079124450684
832,39.682104516060946,2872.71728515625,0.0,0.0,0.9506950378417969
833,39.4892477103998,2817.426513671875,0.0,0.0,0.9506798386573792
834,22.19533012167014,1150.1986083984375,0.0,0.0,0.9507026672363281
835,26.626551050338776,1312.67578125,0.0,0.0,0.9506945013999939
836,25.670510035958706,1252.67724609375,0.0,0.0,0.9506658911705017
837,50.202400175862884,4232.55419921875,0.0,0.0,0.95064777135849
838,46.90023663291456,3956.71142578125,0.0,0.0,0.9506662487983704
839,105.52643871057765,14884.6015625,0.0,0.0,0.9506800770759583
840,19.72013345063795,830.0789184570312,0.0,0.0,0.9506788849830627
841,41.85973197372963,3210.51806640625,0.0,0.0,0.9506881237030029
842,39.828036052558794,2671.4912109375,0.0,0.0,0.9506869316101074
843,30.148175822755967,1687.9141845703125,0.0,0.0,0.9506828784942627
844,62.359294205538035,5679.6884765625,0.0,0.0,0.9506638050079346
845,38.47769508458322,2510.124267578125,0.0,0.0,0.9506160616874695
846,29.377664285619463,1532.111572265625,0.0,0.0,0.9505402445793152
847,54.19284609194061,4876.57568359375,0.0,0.0,0.9504995346069336
848,36.08791615728102,2319.197509765625,0.0,0.0,0.9504342079162598
849,70.57517461707832,7420.1484375,0.0,0.0,0.9503552317619324
850,33.25071341065582,2087.685546875,0.0,0.0,0.9502833485603333
851,24.853011998501124,1201.1253662109375,0.0,0.0,0.9501898884773254
852,56.100294269482845,5567.7138671875,0.0,0.0,0.95015549659729
853,16.110638624709278,636.8702392578125,0.0,0.0,0.9501258730888367
854,19.42800387260798,827.832275390625,0.0,0.0,0.9500983357429504
855,22.923524405751174,1115.4234619140625,0.0,0.0,0.9500635266304016
856,139.94943385879782,24918.638671875,0.0,0.0,0.9500506520271301
857,40.67558150661423,3053.0546875,0.0,0.0,0.9500646591186523
858,53.09209521715228,4646.4638671875,0.0,0.0,0.9500734210014343
859,26.967376901659122,1471.0894775390625,0.0,0.0,0.9500975608825684
860,24.49148084510184,1445.1475830078125,0.0,0.0,0.9501752853393555
861,19.972229697286906,852.3282470703125,0.0,0.0,0.9502308368682861
862,61.291520393679335,5966.78564453125,0.0,0.0,0.9503063559532166
863,41.423109343842036,3398.7529296875,0.0,0.0,0.9504659175872803
864,25.37796066587345,1387.9830322265625,0.0,0.0,0.9506492614746094
865,13.276358917010114,451.2738952636719,0.0,0.0,0.9508184790611267
866,36.88787001422749,2305.681884765625,0.0,0.0,0.9509331583976746
867,18.170492572181246,674.5813598632812,0.0,0.0,0.9509691596031189
868,15.756078694591295,674.6738891601562,0.0,0.0,0.951012134552002
869,30.553649621924144,1928.0299072265625,0.0,0.0,0.951062023639679
870,63.736035359922354,6080.5087890625,0.0,0.0,0.9510900974273682
871,70.96433551656946,7804.30224609375,0.0,0.0,0.9510931372642517
872,40.70162555807735,2810.35986328125,0.0,0.0,0.9510920643806458
873,54.82466345869068,4711.49755859375,0.0,0.0,0.9510841369628906
874,59.76110928745749,5656.58251953125,0.0,0.0,0.9511186480522156
875,29.463971848681233,1862.556640625,0.0,0.0,0.9511658549308777
876,13.978278603619323,485.7073059082031,0.0,0.0,0.9512068629264832
877,30.079820449941455,1735.87744140625,0.0,0.0,0.9512229561805725
878,36.29057365302982,2399.9560546875,0.0,0.0,0.9512222409248352
879,41.74830105887537,2877.16650390625,0.0,0.0,0.9511809349060059
880,31.91100752890326,1890.2381591796875,0.0,0.0,0.9511454701423645
881,16.035477481217093,704.907470703125,0.0,0.0,0.9511359333992004
882,22.944143849512777,1071.184814453125,0.0,0.0,0.951086699962616
883,19.630159642377304,864.454833984375,0.0,0.0,0.9510390758514404
884,37.59810578577531,2461.945556640625,0.0,0.0,0.9509670734405518
885,20.520217321054467,961.0242309570312,0.0,0.0,0.9509080052375793
886,76.94281972118127,8412.28515625,0.0,0.0,0.9508491158485413
887,19.978516426031696,896.6326904296875,0.0,0.0,0.9507947564125061
888,28.93776635988897,1731.3515625,0.0,0.0,0.9507381916046143
889,15.350530717904286,592.5942993164062,0.0,0.0,0.9507002234458923
890,37.68747232638926,2723.888427734375,0.0,0.0,0.9506916999816895
891,35.51756763801696,2715.2001953125,0.0,0.0,0.9507262110710144
892,17.779853377145763,749.8436889648438,0.0,0.0,0.9507717490196228
893,13.244778294772036,543.810546875,0.0,0.0,0.9508864879608154
894,24.61677698689833,1221.51123046875,0.0,0.0,0.9509871602058411
895,11.345605918032085,283.15972900390625,0.0,0.0,0.9510199427604675
896,30.14546512267839,1692.8404541015625,0.0,0.0,0.9510404467582703
897,18.396070667659814,761.8465576171875,0.0,0.0,0.9510299563407898
898,18.818366372398103,860.8057250976562,0.0,0.0,0.9510324597358704
899,23.528787974679346,1311.30859375,0.0,0.0,0.9510409235954285
900,26.368804253553378,1574.681884765625,0.0,0.0,0.9510903358459473
901,22.970242025557486,1060.5286865234375,0.0,0.0,0.9511006474494934
902,39.54036440302864,2499.1669921875,0.0,0.0,0.9510674476623535
903,30.344701374853837,2010.082275390625,0.0,0.0,0.9510974287986755
904,16.89911073692424,626.5765380859375,0.0,0.0,0.9511076807975769
905,46.049499854888076,3435.9833984375,0.0,0.0,0.9511021971702576
906,15.41126238078088,592.6875,0.0,0.0,0.9511032104492188
907,57.27037951243113,4666.3466796875,0.0,0.0,0.9510340690612793
908,42.2198150971384,3159.402099609375,0.0,0.0,0.9509994387626648
909,17.81341621228608,799.863037109375,0.0,0.0,0.9510192275047302
910,26.266971744167055,1496.6351318359375,0.0,0.0,0.9510472416877747
911,20.504253879686537,922.2443237304688,0.0,0.0,0.9510485529899597
912,39.50353089020424,2959.082275390625,0.0,0.0,0.95106440782547
913,22.88908703718408,1119.9888916015625,0.0,0.0,0.9510674476623535
914,20.490644024098575,996.1707153320312,0.0,0.0,0.9510908722877502
915,26.94299858618892,1436.371826171875,0.0,0.0,0.9511094093322754
916,39.579000697654195,3488.375,0.0,0.0,0.9511703848838806
917,18.183494368311937,719.0438842773438,0.0,0.0,0.9511808753013611
918,27.546360709981112,1593.011474609375,0.0,0.0,0.9511999487876892
919,15.635385506286934,550.6783447265625,0.0,0.0,0.9511921405792236
920,43.14517292052027,3803.61279296875,0.0,0.0,0.9512006640434265
921,27.44951195815434,1457.57763671875,0.0,0.0,0.95119309425354
922,33.27878544389428,2215.1943359375,0.0,0.0,0.9511945843696594
923,22.80361621552683,1166.9708251953125,0.0,0.0,0.951202929019928
924,16.818702793035456,656.906005859375,0.0,0.0,0.9512035250663757
925,24.612672815572516,1373.786865234375,0.0,0.0,0.9512245655059814
926,22.11413964126416,1160.9857177734375,0.0,0.0,0.9512513279914856
927,21.222988296146283,1136.5784912109375,0.0,0.0,0.9512930512428284
928,21.441777498797414,984.30029296875,0.0,0.0,0.9513168334960938
929,26.654110573717745,1828.230712890625,0.0,0.0,0.951373279094696
930,15.157274002253617,543.7637329101562,0.0,0.0,0.951394259929657
931,21.511982978510176,1043.0950927734375,0.0,0.0,0.9513890743255615
932,39.73573855081337,2892.44970703125,0.0,0.0,0.9513776898384094
933,15.310169503494851,586.93115234375,0.0,0.0,0.9513527750968933
934,15.269694299064787,593.9876098632812,0.0,0.0,0.9513416886329651
935,27.381924010804997,1823.4140625,0.0,0.0,0.9513880610466003
936,25.49288953598319,1363.359375,0.0,0.0,0.9514336585998535
937,18.781201118344708,780.0712280273438,0.0,0.0,0.951439619064331
938,28.76069082348687,2036.697998046875,0.0,0.0,0.9515116214752197
939,45.44626949741112,3954.256103515625,0.0,0.0,0.9515833854675293
940,24.905627210714464,1344.70166015625,0.0,0.0,0.9515884518623352
941,23.776152327838204,1370.6593017578125,0.0,0.0,0.9515635967254639
942,23.074410537706292,1090.4544677734375,0.0,0.0,0.9514858722686768
943,15.461817973370076,620.2637329101562,0.0,0.0,0.9514225125312805
944,43.30922973682476,3777.765625,0.0,0.0,0.9513606429100037
945,19.32685112644032,924.3399047851562,0.0,0.0,0.9513121247291565
946,23.289023911516193,1269.2371826171875,0.0,0.0,0.9512817859649658
947,16.684717917671254,705.1142578125,0.0,0.0,0.9512597918510437
948,35.08469335907062,2694.50439453125,0.0,0.0,0.9512362480163574
949,16.84416182730914,698.7724609375,0.0,0.0,0.9511941075325012
950,25.894509795002026,1530.7857666015625,0.0,0.0,0.951166570186615
951,42.91653900109033,3993.010009765625,0.0,0.0,0.9511227011680603
952,55.91409139658227,5799.66796875,0.0,0.0,0.9510887265205383
953,27.554759579021432,1941.9749755859375,0.0,0.0,0.9511055946350098
954,29.462730587911253,2037.0235595703125,0.0,0.0,0.9511416554450989
955,34.906032506015364,2300.7822265625,0.0,0.0,0.951140820980072
956,19.6690307049675,1055.6031494140625,0.0,0.0,0.9511675834655762
957,48.7216221187622,4017.951904296875,0.0,0.0,0.9511275887489319
958,22.847875265026662,1193.283935546875,0.0,0.0,0.9510868191719055
959,31.2199708879238,2079.77734375,0.0,0.0,0.9510008692741394
960,38.217335112677766,3244.44580078125,0.0,0.0,0.9509702324867249
961,32.41116630423239,2572.15673828125,0.0,0.0,0.9510062336921692
962,54.09180006293421,6484.638671875,0.0,0.0,0.9510852694511414
963,42.70954491352852,3452.97998046875,0.0,0.0,0.9511604905128479
964,58.96371238007696,5753.728515625,0.0,0.0,0.9512474536895752
965,44.008341335539946,3931.38623046875,0.0,0.0,0.9513463973999023
966,49.597872612347665,4949.51416015625,0.0,0.0,0.951465368270874
967,27.642559990782523,1729.5743408203125,0.0,0.0,0.9515712857246399
968,17.640136712527983,884.5989990234375,0.0,0.0,0.951674222946167
969,42.19585870046559,3717.640380859375,0.0,0.0,0.9517601132392883
970,50.45076197829045,5271.04248046875,0.0,0.0,0.9518313407897949
971,55.11600754347022,5382.1884765625,0.0,0.0,0.9519175887107849
972,70.31961273277807,9121.1484375,0.0,0.0,0.9519830346107483
973,41.11239644868188,3295.91064453125,0.0,0.0,0.9520485401153564
974,21.454140713922158,1082.621337890625,0.0,0.0,0.952122688293457
975,65.82803374588481,7840.11328125,0.0,0.0,0.9521930813789368
976,64.90637620714863,7464.2197265625,0.0,0.0,0.952202558517456
977,46.12927197402842,4717.8173828125,0.0,0.0,0.9522852301597595
978,49.214756894420645,4816.3095703125,0.0,0.0,0.9523693919181824
979,36.689866134479146,3223.141357421875,0.0,0.0,0.9524686932563782
980,25.879552331765066,1443.169921875,0.0,0.0,0.9524714350700378
981,50.08135336222488,4803.8916015625,0.0,0.0,0.9524795413017273
982,50.00942568293814,4843.57373046875,0.0,0.0,0.952497661113739
983,59.73198109403653,5882.296875,0.0,0.0,0.952501118183136
984,29.450891765727178,1915.9091796875,0.0,0.0,0.9525367617607117
985,67.70714145551021,7128.81298828125,0.0,0.0,0.9525191783905029
986,42.364729434657164,3355.5087890625,0.0,0.0,0.9524798393249512
987,54.66137691515084,4873.9482421875,0.0,0.0,0.9523873925209045
988,60.72730644995573,6695.75439453125,0.0,0.0,0.9522562623023987
989,59.71740658385102,6901.5458984375,0.0,0.0,0.952116072177887
990,20.340783329055327,938.1898193359375,0.0,0.0,0.9519674777984619
991,19.91198457529875,1171.9671630859375,0.0,0.0,0.9518806338310242
992,26.045534069162578,1780.859619140625,0.0,0.0,0.9518027901649475
993,87.05585658601576,12118.36328125,0.0,0.0,0.9516971111297607
994,34.078537625829796,2579.074951171875,0.0,0.0,0.9515914916992188
995,52.2485000864177,5289.5625,0.0,0.0,0.9514818787574768
996,23.389447605521813,1158.703125,0.0,0.0,0.9513416290283203
997,37.33840412753901,3196.385009765625,0.0,0.0,0.9512065052986145
998,43.163788746981744,3371.409912109375,0.0,0.0,0.9510224461555481
999,71.39340567361707,8115.29736328125,0.0,0.0,0.9508845806121826
1000,63.910617564048,6768.6884765625,0.0,0.0,0.9507550597190857
1001,43.60812075173374,3870.5263671875,0.0,0.0,0.9506224989891052
1002,88.40417803658248,13199.912109375,0.0,0.0,0.9505310654640198
1003,113.28290824090429,18316.58984375,0.0,0.0,0.9504578113555908
1004,41.072259783462535,3748.19921875,0.0,0.0,0.950390100479126
1005,33.780675208053474,2504.3046875,0.0,0.0,0.9503540396690369
1006,66.40850043095878,7807.51318359375,0.0,0.0,0.950329601764679
1007,49.87067171821783,5091.95703125,0.0,0.0,0.9503615498542786
1008,49.471599866192854,4767.75537109375,0.0,0.0,0.9503781795501709
1009,30.624682992938148,2271.09326171875,0.0,0.0,0.950412929058075
1010,83.95491509010027,11232.671875,0.0,0.0,0.9505022168159485
1011,51.96361749877267,4345.38427734375,0.0,0.0,0.9505506157875061
1012,82.37580326972447,10018.486328125,0.0,0.0,0.950580894947052
1013,103.33637253168557,16629.12109375,0.0,0.0,0.9506129622459412
1014,48.61303822998407,4208.27734375,0.0,0.0,0.9506635069847107
1015,53.061427599059456,4287.4052734375,0.0,0.0,0.9506795406341553
1016,89.84167187296828,13188.029296875,0.0,0.0,0.9506934285163879
1017,43.795106085489586,3429.11572265625,0.0,0.0,0.9506635069847107
1018,63.746757308470016,6193.1240234375,0.0,0.0,0.9506399035453796
1019,50.279559869431566,4673.45068359375,0.0,0.0,0.9506466388702393
1020,45.96847569173469,3800.7724609375,0.0,0.0,0.9505749344825745
1021,46.712958404805484,3872.244384765625,0.0,0.0,0.9505047798156738
1022,62.58459794942303,6857.60546875,0.0,0.0,0.9504939913749695
1023,76.29157579526581,8839.6904296875,0.0,0.0,0.9504913687705994
1024,54.49997490118988,5652.2548828125,0.0,0.0,0.9505017399787903
1025,54.54799700641861,4660.3310546875,0.0,0.0,0.9504808783531189
1026,38.609670476435994,2711.9140625,0.0,0.0,0.9504829049110413
1027,49.4670739239732,4275.66943359375,0.0,0.0,0.9504955410957336
1028,96.14643465800746,12934.37109375,0.0,0.0,0.9505156874656677
1029,66.02287347485547,6881.2744140625,0.0,0.0,0.9505211710929871
1030,76.23365369943102,8608.111328125,0.0,0.0,0.9504904747009277
1031,37.08512124605321,2693.156005859375,0.0,0.0,0.9504906535148621
1032,54.93590624641155,5067.06884765625,0.0,0.0,0.9504506587982178
1033,98.03947148140506,14096.955078125,0.0,0.0,0.9504143595695496
1034,97.43506476436424,12541.70703125,0.0,0.0,0.9503612518310547
1035,58.32691186888699,5412.65673828125,0.0,0.0,0.9503378868103027
1036,76.5010694969411,8991.4658203125,0.0,0.0,0.950310468673706
1037,124.47880992477688,21033.52734375,0.0,0.0,0.9502549767494202
1038,44.72761470546999,3494.542724609375,0.0,0.0,0.9502083659172058
1039,77.92637981442557,8866.44140625,0.0,0.0,0.950118362903595
1040,76.7087153019339,11131.1376953125,0.0,0.0,0.9500830173492432
1041,37.99387325931637,2879.568359375,0.0,0.0,0.9500215649604797
1042,77.71802054651555,9378.9990234375,0.0,0.0,0.9500100016593933
1043,41.990294197177334,3561.103271484375,0.0,0.0,0.9500417709350586
1044,70.11621337096118,6827.03271484375,0.0,0.0,0.9499785900115967
1045,66.36513159807822,7409.79248046875,0.0,0.0,0.9498772025108337
1046,95.86926815499366,12497.857421875,0.0,0.0,0.9497051239013672
1047,60.29154050820698,5519.82275390625,0.0,0.0,0.9495427012443542
1048,92.68730657515307,11711.724609375,0.0,0.0,0.9493518471717834
1049,51.73933975627754,4731.033203125,0.0,0.0,0.9492256045341492
1050,74.8783105042169,8572.8037109375,0.0,0.0,0.9491261839866638
1051,86.10986170591167,10843.158203125,0.0,0.0,0.9490591883659363
1052,59.22487663110285,6277.65625,0.0,0.0,0.9490461945533752
1053,107.04529667521396,16569.6640625,0.0,0.0,0.949117124080658
1054,80.75218735087932,10580.2470703125,0.0,0.0,0.9491944313049316
1055,109.83512083173925,15217.8896484375,0.0,0.0,0.94924396276474
1056,119.63377235906974,20172.498046875,0.0,0.0,0.9493035674095154
1057,79.9710545207531,10025.6435546875,0.0,0.0,0.949341356754303
1058,92.12620917860737,12754.0302734375,0.0,0.0,0.9494097232818604
1059,131.93751443594394,21979.61328125,0.0,0.0,0.9495161175727844
1060,207.37520864006044,46808.77734375,0.0,0.0,0.949632465839386
1061,52.103504364882134,5235.26416015625,0.0,0.0,0.9497504830360413
1062,62.76569989509289,6695.88232421875,0.0,0.0,0.9498726725578308
1063,78.13038504090291,10321.66796875,0.0,0.0,0.9500067830085754
1064,156.5326595327607,30797.703125,0.0,0.0,0.9501490592956543
1065,62.894462214014844,6405.470703125,0.0,0.0,0.9502530694007874
1066,46.7522267514971,3980.157470703125,0.0,0.0,0.9503324031829834
1067,37.2550939673379,2466.275146484375,0.0,0.0,0.9503970146179199
1068,101.88515366559047,13813.9375,0.0,0.0,0.9503920674324036
1069,92.95325381236262,13821.0654296875,0.0,0.0,0.9504312872886658
1070,158.67401394889202,30456.208984375,0.0,0.0,0.9505026936531067
1071,114.00869501604093,16370.69140625,0.0,0.0,0.95050048828125
1072,116.70731259893279,18933.48828125,0.0,0.0,0.950444221496582
1073,96.36851758192522,13397.03125,0.0,0.0,0.95033860206604
1074,120.12712527940263,18732.06640625,0.0,0.0,0.9502292275428772
1075,114.14802086549804,16873.451171875,0.0,0.0,0.9501360058784485
1076,89.23161461142627,12744.6123046875,0.0,0.0,0.9500547051429749
1077,98.04780096363139,16083.0927734375,0.0,0.0,0.9499965310096741
1078,108.82610486702586,17034.298828125,0.0,0.0,0.9499380588531494
1079,125.02613032726687,19458.421875,0.0,0.0,0.9498605728149414
1080,69.80467893860651,8111.8779296875,0.0,0.0,0.9497972130775452
1081,63.505938028383234,6144.19140625,0.0,0.0,0.9496849179267883
1082,164.92612665983316,32037.634765625,0.0,0.0,0.9495530128479004
1083,138.8086302980997,24559.720703125,0.0,0.0,0.9494703412055969
1084,150.05549989531227,26508.861328125,0.0,0.0,0.9493439197540283
1085,114.41904076085638,21529.85546875,0.0,0.0,0.9493014216423035
1086,475.72871234971865,149888.375,0.0,0.0,0.949298620223999
1087,69.68711239967908,8177.13623046875,0.0,0.0,0.9493005871772766
1088,45.71909670755501,4424.84716796875,0.0,0.0,0.9493419528007507
1089,127.6076029730683,23503.57421875,0.0,0.0,0.9493594169616699
1090,56.10727087921955,5377.66552734375,0.0,0.0,0.9493985772132874
1091,53.1918305272836,5054.56494140625,0.0,0.0,0.9494302272796631
1092,109.12881606882426,15967.541015625,0.0,0.0,0.9493956565856934
1093,73.30726824441028,9479.455078125,0.0,0.0,0.9493734836578369
1094,641.0920330361424,217564.625,0.0,0.0,0.9493448138237
1095,116.29987707830827,18012.09765625,0.0,0.0,0.9493075013160706
1096,95.80821040772005,12150.7138671875,0.0,0.0,0.9492030143737793
1097,46.01827100464594,4012.46435546875,0.0,0.0,0.9490916132926941
1098,71.110844158646,7561.92041015625,0.0,0.0,0.9489603042602539
1099,194.9979600906335,42282.625,0.0,0.0,0.9488881230354309
1100,72.93618114685347,8333.484375,0.0,0.0,0.9487940669059753
1101,120.28454767880301,18843.4765625,0.0,0.0,0.9486373066902161
1102,65.45961064060705,7031.38671875,0.0,0.0,0.9484820365905762
1103,295.06526926034024,81348.609375,0.0,0.0,0.9483716487884521
1104,42.63305565854515,3180.6630859375,0.0,0.0,0.9482436180114746
1105,65.31567009069921,8529.7666015625,0.0,0.0,0.9481479525566101
1106,97.48494062621836,16102.15234375,0.0,0.0,0.9480760097503662
1107,194.48829117300065,40398.78125,0.0,0.0,0.9479836821556091
1108,56.58895725172195,4798.1328125,0.0,0.0,0.9478955864906311
1109,76.62068554887306,8104.47802734375,0.0,0.0,0.947776734828949
1110,39.86077800512464,3126.68603515625,0.0,0.0,0.947650134563446
1111,187.75417536248378,35916.76953125,0.0,0.0,0.9475426077842712
1112,36.36614774811801,2446.72998046875,0.0,0.0,0.9474360346794128
1113,120.86967853878424,18786.8671875,0.0,0.0,0.9473546147346497
1114,140.59065019339653,23185.005859375,0.0,0.0,0.9472510814666748
1115,63.1245732964188,6791.54541015625,0.0,0.0,0.9471539855003357
1116,101.76304629296644,15754.0087890625,0.0,0.0,0.9471012949943542
1117,76.89781631509689,8709.73828125,0.0,0.0,0.9470810890197754
1118,42.856407851749985,3692.725830078125,0.0,0.0,0.9471095204353333
1119,58.95155896581082,6618.0302734375,0.0,0.0,0.947176992893219
1120,34.48016035009484,2387.2626953125,0.0,0.0,0.9471960067749023
1121,133.21217929401584,24364.974609375,0.0,0.0,0.9471648335456848
1122,117.3178767773975,18911.306640625,0.0,0.0,0.9471076130867004
1123,40.53155136876406,2756.73681640625,0.0,0.0,0.9470311999320984
1124,63.087905985422125,6110.30615234375,0.0,0.0,0.9469416737556458
1125,102.59080111817445,13450.5458984375,0.0,0.0,0.9468035101890564
1126,112.41828290907739,16308.8740234375,0.0,0.0,0.9466679692268372
1127,54.12393047405476,5214.4111328125,0.0,0.0,0.9466117024421692
1128,58.52538661535484,7084.41748046875,0.0,0.0,0.9466052055358887
1129,71.75249802920163,7773.52880859375,0.0,0.0,0.9465868473052979
1130,90.07898111540361,12067.5361328125,0.0,0.0,0.9465578198432922
1131,85.03543044258838,10786.1416015625,0.0,0.0,0.9465296864509583
1132,41.80992764912772,3145.515625,0.0,0.0,0.9464874267578125
1133,166.6209359007022,32136.2265625,0.0,0.0,0.9464197158813477
1134,97.10558281886554,12718.1337890625,0.0,0.0,0.9463632106781006
1135,71.41721406750145,8699.177734375,0.0,0.0,0.9463346004486084
1136,98.9053157168523,15091.501953125,0.0,0.0,0.9463121294975281
1137,638.669198032581,214822.34375,0.0,0.0,0.9462778568267822
1138,77.66827143511267,10863.548828125,0.0,0.0,0.9462971091270447
1139,77.29653035769097,9877.4560546875,0.0,0.0,0.9463048577308655
1140,64.56114075532243,6560.55615234375,0.0,0.0,0.9463669657707214
1141,65.26381961439681,6336.1728515625,0.0,0.0,0.9464001655578613
1142,101.47663348335173,13894.7919921875,0.0,0.0,0.9464346766471863
1143,88.526778435853,10715.09375,0.0,0.0,0.9464743137359619
1144,181.91894192852357,40978.52734375,0.0,0.0,0.9465110301971436
1145,171.740626958384,33801.125,0.0,0.0,0.946536123752594
1146,302.36616662734866,78595.203125,0.0,0.0,0.9465212225914001
1147,332.01415572576906,94010.921875,0.0,0.0,0.946522057056427
1148,33.74638253746067,2207.133056640625,0.0,0.0,0.9465393424034119
1149,127.7822025903481,22307.259765625,0.0,0.0,0.9465299248695374
1150,45.51211954799663,3799.14599609375,0.0,0.0,0.9465206265449524
1151,248.17116570570252,57762.37890625,0.0,0.0,0.9464828372001648
1152,149.84533909472336,27323.115234375,0.0,0.0,0.9464680552482605
1153,67.88576907054004,6744.67333984375,0.0,0.0,0.9464176297187805
1154,153.8282511376908,32411.6640625,0.0,0.0,0.9464023113250732
1155,54.38475849337639,5276.4990234375,0.0,0.0,0.9464006423950195
1156,205.99384022416612,45893.34765625,0.0,0.0,0.9463982582092285
1157,123.07744099377113,20027.98828125,0.0,0.0,0.9463860988616943
1158,491.68360643634315,154608.9375,0.0,0.0,0.9464177489280701
1159,136.54801764631085,25205.30859375,0.0,0.0,0.9464461207389832
1160,65.7525746762067,6727.72021484375,0.0,0.0,0.9464159607887268
1161,181.5842145181255,35996.90625,0.0,0.0,0.9463908672332764
1162,94.06480697334787,13889.7822265625,0.0,0.0,0.9463950991630554
1163,148.59588350918168,26951.1171875,0.0,0.0,0.9464163184165955
1164,189.15934520645177,42390.0078125,0.0,0.0,0.946448802947998
1165,207.34055887778786,45903.59765625,0.0,0.0,0.946437418460846
1166,94.3671477353887,12981.9873046875,0.0,0.0,0.946392834186554
1167,70.42731684531286,7189.5888671875,0.0,0.0,0.9463240504264832
1168,93.51634691920543,13243.33984375,0.0,0.0,0.9462539553642273
1169,103.62344680915123,15152.7392578125,0.0,0.0,0.9461782574653625
1170,84.14929828274273,10370.046875,0.0,0.0,0.9461184144020081
1171,163.222530268103,32349.1953125,0.0,0.0,0.9460749626159668
1172,126.76117684496285,23038.26953125,0.0,0.0,0.9460317492485046
1173,106.60078134577253,15887.900390625,0.0,0.0,0.9460043907165527
1174,437.38104456945797,129054.7421875,0.0,0.0,0.9459958076477051
1175,113.9979730460479,17304.0703125,0.0,0.0,0.9459593892097473
1176,167.3283497370779,31995.6171875,0.0,0.0,0.9458608031272888
1177,181.49292027857146,38744.65625,0.0,0.0,0.945735514163971
1178,116.44854080752313,18097.662109375,0.0,0.0,0.9455937743186951
1179,92.28959204865637,14054.36328125,0.0,0.0,0.9454669952392578
1180,173.29906803721474,36640.3671875,0.0,0.0,0.9453742504119873
1181,201.96907322504094,47263.3984375,0.0,0.0,0.9453010559082031
1182,647.1083546223081,221296.234375,0.0,0.0,0.9452235102653503
1183,162.5759311277207,30931.36328125,0.0,0.0,0.9451814293861389
1184,209.11208298969285,46576.515625,0.0,0.0,0.9450669884681702
1185,217.18335552964558,50747.296875,0.0,0.0,0.9449684619903564
1186,148.98526236319734,30323.9453125,0.0,0.0,0.9448915123939514
1187,772.1419238923131,277591.09375,0.0,0.0,0.9448661804199219
1188,918.2273091207107,330606.0625,0.0,0.0,0.9448350071907043
1189,171.33357928562376,34756.2265625,0.0,0.0,0.944838285446167
1190,329.4932786493576,92455.0,0.0,0.0,0.9448129534721375
1191,744.4696741614717,254472.0625,0.0,0.0,0.9447300434112549
1192,293.54078567728516,79589.6796875,0.0,0.0,0.9446614384651184
1193,860.4969794776802,303555.40625,0.0,0.0,0.9445739388465881
1194,361.87463934221023,103542.8828125,0.0,0.0,0.9444878697395325
1195,357.78769345192745,103816.2578125,0.0,0.0,0.9444031715393066
1196,218.19207006969478,52054.6328125,0.0,0.0,0.9443600177764893
1197,242.9943664735121,60687.8359375,0.0,0.0,0.944299042224884
1198,533.821603802408,171638.375,0.0,0.0,0.944218635559082
1199,209.22227645559852,50519.0859375,0.0,0.0,0.94417405128479
1200,930.2145903195358,336803.25,0.0,0.0,0.9441215395927429
1201,236.2799801105155,60924.66015625,0.0,0.0,0.9440913200378418
1202,507.52888928999414,160859.109375,0.0,0.0,0.9440925121307373
1203,145.65186222589443,28834.515625,0.0,0.0,0.9440931677818298
1204,351.9948784050226,102190.03125,0.0,0.0,0.9440457224845886
1205,1068.6589118616605,389873.46875,0.0,0.0,0.943986177444458
1206,250.70501255659053,66269.1796875,0.0,0.0,0.9439709782600403
1207,454.12669499734005,144313.875,0.0,0.0,0.9439852833747864
1208,274.64897598089794,75622.484375,0.0,0.0,0.9440841674804688
1209,374.92042254172577,108940.4375,0.0,0.0,0.944145679473877
1210,442.1971987937542,138164.078125,0.0,0.0,0.9441530108451843
1211,383.80181857599945,110937.1171875,0.0,0.0,0.9441069960594177
1212,722.4238496034549,250076.84375,0.0,0.0,0.9440608024597168
1213,476.1950279247766,156867.359375,0.0,0.0,0.944047749042511
1214,218.02660233217193,49017.82421875,0.0,0.0,0.9439883232116699
1215,267.7011027940319,73630.421875,0.0,0.0,0.943957507610321
1216,280.358958656516,75321.625,0.0,0.0,0.9439430832862854
1217,835.4686092326805,296630.84375,0.0,0.0,0.9438775181770325
1218,254.66142782257552,64569.6484375,0.0,0.0,0.94378662109375
1219,1024.0760519285727,377620.8125,0.0,0.0,0.9437170028686523
1220,733.559689939969,257052.3125,0.0,0.0,0.9436399340629578
1221,1021.7909185984564,376462.09375,0.0,0.0,0.9435901045799255
1222,360.82611246040597,104990.671875,0.0,0.0,0.9435294270515442
1223,1040.4141643749797,379679.21875,0.0,0.0,0.9434521794319153
1224,457.4952347169141,143448.1875,0.0,0.0,0.9433472752571106
1225,1012.0888191442796,370416.96875,0.0,0.0,0.9432395100593567
1226,233.05636804776887,60462.81640625,0.0,0.0,0.9431705474853516
1227,223.08624426590683,54515.41796875,0.0,0.0,0.9430974125862122
1228,1009.6335763872507,368855.65625,0.0,0.0,0.943010151386261
1229,764.2223678108323,270829.53125,0.0,0.0,0.9429316520690918
1230,990.7834701099089,360278.09375,0.0,0.0,0.9428281188011169
1231,1007.9163029214532,370378.28125,0.0,0.0,0.942729651927948
1232,1005.9739294666248,371462.34375,0.0,0.0,0.9426565766334534
1233,964.2101483898688,358633.09375,0.0,0.0,0.9426376819610596
1234,208.7255898561064,50217.0859375,0.0,0.0,0.9426104426383972
1235,405.2512325919302,128519.40625,0.0,0.0,0.9426239132881165
1236,255.92315628658656,68355.1171875,0.0,0.0,0.9426046013832092
1237,269.5831833634327,75172.296875,0.0,0.0,0.9425891041755676
1238,276.53050752338015,76017.5078125,0.0,0.0,0.942552387714386
1239,797.6732686389798,291267.8125,0.0,0.0,0.942559540271759
1240,352.09103032293586,108416.6796875,0.0,0.0,0.9426136612892151
1241,383.82098738334054,119002.234375,0.0,0.0,0.9426498413085938
1242,507.88101311874203,168580.625,0.0,0.0,0.942675769329071
1243,269.7655344819773,73495.5390625,0.0,0.0,0.9426968693733215
1244,179.79413834624563,44537.53125,0.0,0.0,0.9427306056022644
1245,222.1644459571146,56521.91796875,0.0,0.0,0.9426970481872559
1246,169.53889675824638,38474.0859375,0.0,0.0,0.9427397847175598
1247,213.66503307702612,53390.1875,0.0,0.0,0.9427687525749207
1248,189.2560713298848,45040.453125,0.0,0.0,0.9427731037139893
1249,263.2650346221273,74192.6875,0.0,0.0,0.9428244233131409
1250,147.78191310490627,29698.6640625,0.0,0.0,0.9428489208221436
1251,157.9131852209948,35143.48046875,0.0,0.0,0.942887008190155
1252,265.1643216124604,72428.6796875,0.0,0.0,0.9429135322570801
1253,160.90709650606618,34956.9453125,0.0,0.0,0.9429554343223572
1254,273.36569333401224,74513.0,0.0,0.0,0.9430046677589417
1255,221.0769377567544,55099.93359375,0.0,0.0,0.9430201649665833
1256,295.0377607288423,84795.9453125,0.0,0.0,0.9430198669433594
1257,243.4104283073954,65834.8203125,0.0,0.0,0.9430498480796814
1258,276.15144587519796,78605.1171875,0.0,0.0,0.9431095123291016
1259,230.93947532598347,63620.21484375,0.0,0.0,0.9432138800621033
1260,95.67633183490068,15721.7080078125,0.0,0.0,0.9432967305183411
1261,137.46506038360886,28364.7265625,0.0,0.0,0.9433715343475342
1262,205.95240740984002,49370.6484375,0.0,0.0,0.9434313774108887
1263,195.20726815731,48140.3359375,0.0,0.0,0.9435126185417175
1264,527.0631244366441,176062.484375,0.0,0.0,0.9435935616493225
1265,213.0059573165924,51838.68359375,0.0,0.0,0.9436506628990173
1266,323.12853850621843,98208.28125,0.0,0.0,0.9437305331230164
1267,199.2629042636977,48791.0,0.0,0.0,0.9437814354896545
1268,253.08794520027257,67857.8203125,0.0,0.0,0.9438316822052002
1269,309.65924731576627,89098.78125,0.0,0.0,0.9438579082489014
1270,154.02116944630984,33023.41796875,0.0,0.0,0.9438760280609131
1271,160.14395611266193,36190.8125,0.0,0.0,0.9438953399658203
1272,267.14986188436114,75397.40625,0.0,0.0,0.943917453289032
1273,86.94679257361385,14360.720703125,0.0,0.0,0.9439775943756104
1274,319.30183771080686,92318.9375,0.0,0.0,0.9440202713012695
1275,241.55174719753393,64524.0390625,0.0,0.0,0.9440558552742004
1276,99.91972722397838,15753.17578125,0.0,0.0,0.9440322518348694
1277,217.9969693284766,54654.1484375,0.0,0.0,0.9439788460731506
1278,257.25828675740104,70007.7109375,0.0,0.0,0.94392329454422
1279,275.2242237387742,78694.796875,0.0,0.0,0.9438838958740234
1280,267.3423595471402,73868.3984375,0.0,0.0,0.9438521265983582
1281,340.59537705847674,103554.1953125,0.0,0.0,0.9438585638999939
1282,207.58559698851062,52224.984375,0.0,0.0,0.9438394904136658
1283,200.740584237927,49630.32421875,0.0,0.0,0.9438672065734863
1284,131.06834773838497,26369.37109375,0.0,0.0,0.9438548684120178
1285,244.04637576227796,67030.7109375,0.0,0.0,0.9438645839691162
1286,368.73241737512893,112562.3984375,0.0,0.0,0.9438323974609375
1287,208.88519783991336,51322.9453125,0.0,0.0,0.9437442421913147
1288,133.11144837851396,28012.7421875,0.0,0.0,0.9437184929847717
1289,166.87932493458675,36835.390625,0.0,0.0,0.9436385035514832
1290,214.49012659123363,55683.015625,0.0,0.0,0.943587064743042
1291,163.31731654961746,38750.41015625,0.0,0.0,0.9436030983924866
1292,217.55620802728288,57969.7265625,0.0,0.0,0.9436866641044617
1293,168.63816282071608,39271.83203125,0.0,0.0,0.9437568783760071
1294,179.6679301238156,40239.4453125,0.0,0.0,0.9437205791473389
1295,294.2438075285103,86441.3125,0.0,0.0,0.9437277317047119
1296,40.006475425608485,4570.5615234375,0.0,0.0,0.9437790513038635
1297,132.6750860385121,26390.12109375,0.0,0.0,0.9438474774360657
1298,189.44101533624493,46473.515625,0.0,0.0,0.9439513087272644
1299,214.07238282593815,54172.4921875,0.0,0.0,0.9440069794654846
1300,159.42870861787625,34950.4921875,0.0,0.0,0.9440426826477051
1301,69.55685274637669,10482.3876953125,0.0,0.0,0.944064199924469
1302,122.97867852458502,23327.34375,0.0,0.0,0.9440693259239197
1303,126.45072400605368,24862.1484375,0.0,0.0,0.9440329074859619
1304,223.48081991866425,60017.3828125,0.0,0.0,0.9440084099769592
1305,108.76835210690895,20566.08203125,0.0,0.0,0.944025993347168
1306,103.0239731631972,17543.666015625,0.0,0.0,0.943996012210846
1307,127.47517149595161,24945.609375,0.0,0.0,0.9439492225646973
1308,84.47265614664651,14356.744140625,0.0,0.0,0.9439285397529602
1309,110.5909542831414,20748.765625,0.0,0.0,0.9438944458961487
1310,130.26277925858633,27173.279296875,0.0,0.0,0.9439020752906799
1311,129.8102488669086,26000.73046875,0.0,0.0,0.9438786506652832
1312,142.06560862089376,29194.05859375,0.0,0.0,0.9438592791557312
1313,101.80065416348404,17076.111328125,0.0,0.0,0.9438261985778809
1314,108.08288464792848,20891.92578125,0.0,0.0,0.9437986016273499
1315,150.94569936183228,33976.73828125,0.0,0.0,0.943774938583374
1316,73.74098241954997,11265.5908203125,0.0,0.0,0.9437355399131775
1317,112.85116500039142,21217.6484375,0.0,0.0,0.9436795115470886
1318,115.81504699310526,23248.939453125,0.0,0.0,0.9436191916465759
1319,75.86538836235326,11464.76953125,0.0,0.0,0.9435744285583496
1320,109.33055543689039,20977.96484375,0.0,0.0,0.9435336589813232
1321,64.90209437233068,8816.1669921875,0.0,0.0,0.9435310363769531
1322,96.14387742118723,16872.86328125,0.0,0.0,0.9434798359870911
1323,86.17091250824107,14077.8984375,0.0,0.0,0.9434232711791992
1324,90.73499547079857,17290.232421875,0.0,0.0,0.9434845447540283
1325,88.30012930886294,14556.1650390625,0.0,0.0,0.9435477256774902
1326,100.92176671229429,18591.787109375,0.0,0.0,0.9436251521110535
1327,118.57019659665274,23653.89453125,0.0,0.0,0.9436843395233154
1328,74.26981713541092,11645.9375,0.0,0.0,0.9437747001647949
1329,114.23253847140276,21759.6171875,0.0,0.0,0.9438815116882324
1330,103.17353872260342,19114.0625,0.0,0.0,0.9440242648124695
1331,78.30418444278051,13630.53125,0.0,0.0,0.9442315697669983
1332,89.43425260230235,15286.939453125,0.0,0.0,0.9444376826286316
1333,116.26086346586787,25300.775390625,0.0,0.0,0.944692850112915
1334,84.67664962549527,14532.5322265625,0.0,0.0,0.9449619650840759
1335,112.64172263691448,21999.263671875,0.0,0.0,0.9451949596405029
1336,101.54774450861187,17673.697265625,0.0,0.0,0.9453428387641907
1337,129.5644445432272,26468.16015625,0.0,0.0,0.9454643130302429
1338,198.2948533198636,48365.26953125,0.0,0.0,0.9455435872077942
1339,78.3817473724132,12343.8095703125,0.0,0.0,0.9455890655517578
1340,93.75399804746735,15762.6455078125,0.0,0.0,0.9456507563591003
1341,105.98839496036166,19444.099609375,0.0,0.0,0.9456744194030762
1342,114.45551621616266,21414.2578125,0.0,0.0,0.9456233978271484
1343,157.49330547708112,35098.6640625,0.0,0.0,0.9455738067626953
1344,162.18133418967113,36637.4453125,0.0,0.0,0.9455569386482239
1345,149.69785882506156,31483.416015625,0.0,0.0,0.9455230832099915
1346,172.00503378985442,41108.90234375,0.0,0.0,0.9454996585845947
1347,146.04501297582087,32679.44140625,0.0,0.0,0.9455099105834961
1348,155.57865498827405,34472.41015625,0.0,0.0,0.9455084204673767
1349,247.89029899713512,68934.5546875,0.0,0.0,0.9455387592315674
1350,165.5180778985073,39145.79296875,0.0,0.0,0.9455633163452148
1351,166.2293133618305,38894.125,0.0,0.0,0.9456160068511963
1352,144.29394933742253,32112.97265625,0.0,0.0,0.9457070231437683
1353,281.1380125955224,75776.265625,0.0,0.0,0.945708692073822
1354,107.62403561073607,19659.6640625,0.0,0.0,0.9457211494445801
1355,141.70047966435752,29950.30078125,0.0,0.0,0.9457082152366638
1356,97.58831080252641,16896.62890625,0.0,0.0,0.9456663131713867
1357,161.84302075625754,37765.953125,0.0,0.0,0.9456496238708496
1358,257.01830975968477,69223.9765625,0.0,0.0,0.9456016421318054
1359,172.68354860635694,41754.6015625,0.0,0.0,0.9455647468566895
1360,147.91012725618575,31111.92578125,0.0,0.0,0.9454643726348877
1361,142.1683207807171,30376.5859375,0.0,0.0,0.9453709721565247
1362,157.87266637040867,34660.3671875,0.0,0.0,0.9452338814735413
1363,152.45759286898317,32220.34375,0.0,0.0,0.945068895816803
1364,154.10587524259813,34886.4453125,0.0,0.0,0.944924533367157
1365,184.24608219374645,45013.7734375,0.0,0.0,0.944802463054657
1366,235.0935446634668,62076.82421875,0.0,0.0,0.9446694850921631
1367,125.3327681795356,24026.4765625,0.0,0.0,0.9444987177848816
1368,175.93236253713104,40946.77734375,0.0,0.0,0.9443210959434509
1369,187.91054158821532,46184.34765625,0.0,0.0,0.944163978099823
1370,147.796884199759,31703.599609375,0.0,0.0,0.9440228939056396
1371,268.20310886586344,74283.703125,0.0,0.0,0.9438926577568054
1372,160.23671966017235,35678.40234375,0.0,0.0,0.943760097026825
1373,196.12046575011118,47546.65625,0.0,0.0,0.9436073303222656
1374,258.3392287858381,71523.3046875,0.0,0.0,0.9434607625007629
1375,215.84109418940903,53586.3515625,0.0,0.0,0.9432793259620667
1376,148.14422494934269,34282.55859375,0.0,0.0,0.943157970905304
1377,209.20995695772,53232.296875,0.0,0.0,0.9430396556854248
1378,202.5236450857262,52531.1015625,0.0,0.0,0.9429858326911926
1379,315.03018034348594,92447.0,0.0,0.0,0.9429320693016052
1380,250.82417836810563,70299.9765625,0.0,0.0,0.9429299831390381
1381,135.84369185999208,28741.81640625,0.0,0.0,0.9429203867912292
1382,542.0239673472593,185504.859375,0.0,0.0,0.9429284930229187
1383,198.05708464131547,50863.4296875,0.0,0.0,0.9429712295532227
1384,299.7144179112822,88430.5859375,0.0,0.0,0.9430145621299744
1385,302.76224759981915,90785.203125,0.0,0.0,0.9430721402168274
1386,273.20427954620783,75471.3125,0.0,0.0,0.9430756568908691
1387,239.80243696400305,62451.2421875,0.0,0.0,0.9430318474769592
1388,193.610566153064,47889.41796875,0.0,0.0,0.9430028796195984
1389,321.01252083553624,97163.875,0.0,0.0,0.9430181384086609
1390,176.38212962887525,42507.9453125,0.0,0.0,0.9430637359619141
1391,369.8353067124345,112607.9296875,0.0,0.0,0.9430718421936035
1392,143.63945707038022,29615.990234375,0.0,0.0,0.9430325031280518
1393,289.04216171609386,82328.3984375,0.0,0.0,0.9429486393928528
1394,251.9757152051084,68632.75,0.0,0.0,0.9428455233573914
1395,262.1684497674938,71837.5390625,0.0,0.0,0.9427252411842346
1396,167.70419037990018,39198.89453125,0.0,0.0,0.9426233172416687
1397,213.14084526206653,53404.4765625,0.0,0.0,0.942493200302124
1398,163.46808382549133,38657.09765625,0.0,0.0,0.9424112439155579
1399,237.78587967590983,63614.37109375,0.0,0.0,0.94230717420578
1400,104.80447206904562,19753.39453125,0.0,0.0,0.9422947764396667
1401,207.89892192032002,50094.12890625,0.0,0.0,0.9422277808189392
1402,176.19166751370315,41478.3203125,0.0,0.0,0.9421241879463196
1403,198.2092462038152,48653.1640625,0.0,0.0,0.9420173168182373
1404,338.0349858136339,99265.6640625,0.0,0.0,0.9418403506278992
1405,172.35661706352568,40896.4296875,0.0,0.0,0.9416833519935608
1406,127.35242079055651,25720.39453125,0.0,0.0,0.9415120482444763
1407,143.3248290503392,30709.40234375,0.0,0.0,0.9413465857505798
1408,216.42422767498127,57264.95703125,0.0,0.0,0.9412038326263428
1409,246.97265754249605,68110.671875,0.0,0.0,0.9410884380340576
1410,143.05423575427514,31727.6171875,0.0,0.0,0.94102543592453
1411,181.517356448386,40225.99609375,0.0,0.0,0.9409201145172119
1412,230.52895090963125,61300.328125,0.0,0.0,0.9408795237541199
1413,174.7469470229646,43853.02734375,0.0,0.0,0.9408955574035645
1414,191.88228517116087,47831.50390625,0.0,0.0,0.9409330487251282
1415,310.1040209938525,88894.5625,0.0,0.0,0.9409263730049133
1416,192.99423529362056,46501.10546875,0.0,0.0,0.9409047961235046
1417,272.0859129681494,77355.828125,0.0,0.0,0.9408701062202454
1418,379.93048244481713,118260.625,0.0,0.0,0.9408562183380127
1419,469.7604155767031,155662.390625,0.0,0.0,0.9408407807350159
1420,433.40985035067854,139793.6875,0.0,0.0,0.9408305287361145
1421,205.92154421312154,52119.59375,0.0,0.0,0.9408278465270996
1422,365.9765894049325,113658.5,0.0,0.0,0.9408037066459656
1423,754.113086938595,268570.375,0.0,0.0,0.9407570362091064
1424,381.7561258467666,119193.96875,0.0,0.0,0.9407055974006653
1425,401.4421257935248,129299.5859375,0.0,0.0,0.9406846165657043
1426,680.1952428434755,241216.78125,0.0,0.0,0.9406778812408447
1427,870.3981968610258,311819.59375,0.0,0.0,0.9405992031097412
1428,693.5334718094297,246810.203125,0.0,0.0,0.9405644536018372
1429,970.6131304052104,353549.09375,0.0,0.0,0.940506637096405
1430,967.6859875080366,350638.4375,0.0,0.0,0.940377414226532
1431,921.5091730897977,340394.34375,0.0,0.0,0.9402808547019958
1432,971.5323427620468,361224.71875,0.0,0.0,0.9402180314064026
1433,978.3576571817854,360943.03125,0.0,0.0,0.9401679039001465
1434,967.8458946529146,352023.46875,0.0,0.0,0.9400820136070251
1435,966.3760195517949,353350.15625,0.0,0.0,0.9399911761283875
1436,721.4080657478871,253111.578125,0.0,0.0,0.9398788809776306
1437,965.7316066552523,354361.0,0.0,0.0,0.9397653937339783
1438,972.3810408596992,359224.6875,0.0,0.0,0.9396805763244629
1439,970.6327790769583,360653.46875,0.0,0.0,0.9396241307258606
1440,972.618248725415,353099.125,0.0,0.0,0.9395379424095154
1441,963.4177497591279,356601.84375,0.0,0.0,0.939497172832489
1442,975.6061063522535,361059.71875,0.0,0.0,0.9394989013671875
1443,967.7974490560293,358129.71875,0.0,0.0,0.9395321011543274
1444,977.6396501834331,355786.15625,0.0,0.0,0.9395211338996887
1445,967.0705877067683,351636.90625,0.0,0.0,0.9394593238830566
1446,973.8318713866587,357673.5625,0.0,0.0,0.9394025802612305
1447,975.9075860764392,358097.4375,0.0,0.0,0.9393404126167297
1448,974.1799840293814,357370.0625,0.0,0.0,0.9392781853675842
1449,981.9846819709661,356061.8125,0.0,0.0,0.9391811490058899
1450,978.8660718311979,355618.375,0.0,0.0,0.9390628933906555
1451,977.8232753185029,358201.46875,0.0,0.0,0.9389402270317078
1452,973.1611246508711,355775.0,0.0,0.0,0.9388098120689392
1453,988.8840283786013,366871.8125,0.0,0.0,0.9387378692626953
1454,980.7288982581025,359937.25,0.0,0.0,0.9386763572692871
1455,980.3387454278572,357749.21875,0.0,0.0,0.9386022090911865
1456,978.5127746074211,355922.1875,0.0,0.0,0.9384729862213135
1457,984.5220157856178,359056.75,0.0,0.0,0.9383397102355957
1458,979.5842063869774,360778.5,0.0,0.0,0.9382312893867493
1459,984.0515025610304,358605.6875,0.0,0.0,0.9381181597709656
1460,981.0049124789385,357770.21875,0.0,0.0,0.9380136132240295
1461,974.062585624103,356534.59375,0.0,0.0,0.937910795211792
1462,964.9616066750459,354981.15625,0.0,0.0,0.9378323554992676
1463,985.3326744241563,356735.65625,0.0,0.0,0.9377155303955078
1464,977.9570048089781,350745.4375,0.0,0.0,0.9375455975532532
1465,991.897498971998,354034.40625,0.0,0.0,0.9373133778572083
1466,980.2004135855522,361657.0625,0.0,0.0,0.9371411204338074
1467,982.366398864624,356267.59375,0.0,0.0,0.9369223713874817
1468,983.8813709930029,361553.3125,0.0,0.0,0.9366965889930725
1469,975.9314359371558,359633.90625,0.0,0.0,0.9365127682685852
1470,970.6728350907749,358743.15625,0.0,0.0,0.9364016652107239
1471,976.0835720384077,353075.8125,0.0,0.0,0.9362392425537109
1472,982.8295068238998,358987.5,0.0,0.0,0.9360763430595398
1473,974.3419770011423,356553.21875,0.0,0.0,0.9359651207923889
1474,992.0147844386566,359006.53125,0.0,0.0,0.9358394145965576
1475,975.6166505163104,351220.84375,0.0,0.0,0.9356380105018616
1476,984.3615448664443,353334.8125,0.0,0.0,0.9353626370429993
1477,978.2751268965019,358120.6875,0.0,0.0,0.9351027011871338
1478,990.2161474901275,369396.96875,0.0,0.0,0.93492192029953
1479,984.5972713764979,362565.5,0.0,0.0,0.9347781538963318
1480,988.2649461453252,360697.78125,0.0,0.0,0.9346430897712708
1481,987.0690520388192,353953.0625,0.0,0.0,0.9344463348388672
1482,988.064703829665,365264.0,0.0,0.0,0.934281051158905
1483,994.4069953676377,368405.84375,0.0,0.0,0.9341748356819153
1484,991.1923352632708,361553.625,0.0,0.0,0.9340937733650208
1485,988.9577209114148,367249.84375,0.0,0.0,0.9340408444404602
1486,995.962714672106,362540.625,0.0,0.0,0.9339455962181091
1487,990.0444868372406,357018.0,0.0,0.0,0.9338005185127258
1488,1001.2534662358302,365772.46875,0.0,0.0,0.9336774945259094
1489,991.7415794508491,361372.5,0.0,0.0,0.9335625171661377
1490,994.0967464193872,361473.3125,0.0,0.0,0.933443546295166
1491,989.1812119238838,355108.90625,0.0,0.0,0.9333017468452454
1492,993.1146256555331,362017.1875,0.0,0.0,0.9331550598144531
1493,1003.8605250085427,373619.71875,0.0,0.0,0.9330816268920898
1494,995.2628811388515,367088.9375,0.0,0.0,0.9330807328224182
1495,1008.2463581291584,363561.53125,0.0,0.0,0.9330050349235535
1496,988.9308830391111,368377.59375,0.0,0.0,0.9330002665519714
1497,998.8332370718523,365687.125,0.0,0.0,0.9329933524131775
1498,994.7572128854538,363884.46875,0.0,0.0,0.9330134987831116
1499,1002.1096623543359,364677.03125,0.0,0.0,0.9330131411552429
1500,994.2389692714489,360573.0,0.0,0.0,0.9329951405525208
1501,994.0067273190848,361758.6875,0.0,0.0,0.9329743981361389
1502,1005.0182280589468,368206.375,0.0,0.0,0.9329504370689392
1503,999.1214446686263,362724.4375,0.0,0.0,0.9329279065132141
1504,988.425729375745,354665.96875,0.0,0.0,0.9328460097312927
1505,1005.8985221169313,368238.0625,0.0,0.0,0.9328152537345886
1506,998.7213430386688,362737.3125,0.0,0.0,0.9327442646026611
1507,997.0651942245073,359424.375,0.0,0.0,0.9326474070549011
1508,1004.1248004298022,366083.1875,0.0,0.0,0.9325616955757141
1509,1007.1216239198488,360743.21875,0.0,0.0,0.9324451088905334
1510,1001.6083412803052,364966.28125,0.0,0.0,0.9323354363441467
1511,1003.5046244943522,366614.40625,0.0,0.0,0.9322577118873596
1512,1001.0309576032147,365547.03125,0.0,0.0,0.9322080016136169
1513,1001.4484243746391,358843.34375,0.0,0.0,0.9321147799491882
1514,1008.556881217303,368450.0625,0.0,0.0,0.9320554733276367
1515,1002.5173587394015,366411.3125,0.0,0.0,0.9320189356803894
1516,1009.4581125412143,366285.6875,0.0,0.0,0.932004451751709
1517,1013.1900075749608,365820.78125,0.0,0.0,0.9319789409637451
1518,1018.1658350611632,364802.6875,0.0,0.0,0.9319127202033997
1519,1019.065506821962,372454.84375,0.0,0.0,0.9318739771842957
1520,1003.6188760444273,365462.90625,0.0,0.0,0.9318493008613586
1521,1012.0964656005035,369781.25,0.0,0.0,0.931850254535675
1522,861.1980177386405,308031.125,0.0,0.0,0.9318726062774658
1523,1013.2084244477473,368948.4375,0.0,0.0,0.9318949580192566
1524,1015.5979585742598,364675.90625,0.0,0.0,0.9318674206733704
1525,533.3363583659333,175677.703125,0.0,0.0,0.9318634867668152
1526,1021.5621746768051,367210.9375,0.0,0.0,0.931832492351532
1527,1023.8822720516397,365484.6875,0.0,0.0,0.9317593574523926
1528,473.40797702564146,147570.09375,0.0,0.0,0.931671142578125
1529,582.009640983017,192615.78125,0.0,0.0,0.9315881729125977
1530,1016.8882494221698,373610.46875,0.0,0.0,0.9315836429595947
1531,956.7853579715251,349197.90625,0.0,0.0,0.9316222071647644
1532,1025.3248498559544,369447.53125,0.0,0.0,0.9316220283508301
1533,655.9321686933833,223205.40625,0.0,0.0,0.9316230416297913
1534,431.0954605953665,130777.8515625,0.0,0.0,0.9316038489341736
1535,813.5709677074432,290303.3125,0.0,0.0,0.9316436648368835
1536,563.5404977313376,183893.296875,0.0,0.0,0.9316720962524414
1537,604.8201073138555,200098.859375,0.0,0.0,0.9316887259483337
1538,912.2328622225542,329077.6875,0.0,0.0,0.9317421913146973
1539,804.0384919207545,285017.90625,0.0,0.0,0.9318232536315918
1540,530.1187752220367,169247.390625,0.0,0.0,0.9318625926971436
1541,654.0101329540875,222257.546875,0.0,0.0,0.9319076538085938
1542,651.3258799105497,221326.828125,0.0,0.0,0.9319687485694885
1543,470.93144203340484,147261.359375,0.0,0.0,0.9320083260536194
1544,905.9869525320863,329575.65625,0.0,0.0,0.9321030974388123
1545,530.0055230970978,170552.421875,0.0,0.0,0.9321851134300232
1546,673.2688247528166,226700.96875,0.0,0.0,0.9322217106819153
1547,737.2451766595285,254127.3125,0.0,0.0,0.9322624802589417
1548,939.2267710521057,334483.96875,0.0,0.0,0.9322792887687683
1549,1024.075205540306,364150.46875,0.0,0.0,0.9322097897529602
1550,814.6275023354642,286767.40625,0.0,0.0,0.9321460723876953
1551,902.4061616633182,323537.5625,0.0,0.0,0.9321085810661316
1552,1034.5331504595788,378702.1875,0.0,0.0,0.9321057200431824
1553,1029.1349110756403,370006.53125,0.0,0.0,0.9320752024650574
1554,834.159218991993,290807.28125,0.0,0.0,0.9320101141929626
1555,1019.6990972799331,369675.0,0.0,0.0,0.9319434762001038
1556,1032.8729249946045,374779.125,0.0,0.0,0.9318835139274597
1557,1027.9001971641947,373790.125,0.0,0.0,0.9318168759346008
1558,1020.503328335381,370763.96875,0.0,0.0,0.9317572712898254
1559,1024.4801583394512,375637.9375,0.0,0.0,0.9317259788513184
1560,1010.8123515407509,368827.78125,0.0,0.0,0.9317174553871155
1561,1013.7670451017227,373750.0625,0.0,0.0,0.931744396686554
1562,1017.2943564303808,367384.3125,0.0,0.0,0.931749165058136
1563,1016.8423647723873,370704.625,0.0,0.0,0.9317652583122253
1564,1021.1362232098408,375024.0,0.0,0.0,0.9318214058876038
1565,1018.6003424174199,375271.25,0.0,0.0,0.9319155812263489
1566,1032.6120198021756,377778.9375,0.0,0.0,0.9320213198661804
1567,1018.9783294804416,369754.21875,0.0,0.0,0.9321053624153137
1568,1012.5713131964919,363546.78125,0.0,0.0,0.9321393370628357
1569,1021.9610690130003,369040.71875,0.0,0.0,0.9321427345275879
1570,1019.3730300830862,367624.96875,0.0,0.0,0.9321328997612
1571,1013.6993798666521,367791.59375,0.0,0.0,0.9321203231811523
1572,1021.336550731759,362383.75,0.0,0.0,0.9320445656776428
1573,1022.0614180302126,368048.5625,0.0,0.0,0.9319577813148499
1574,1025.1191213151635,369908.5,0.0,0.0,0.9318531155586243
1575,1024.447348912516,372617.59375,0.0,0.0,0.9317592978477478
1576,935.1086577579455,339987.75,0.0,0.0,0.9317328333854675
1577,1026.6767820564364,371934.6875,0.0,0.0,0.9317029118537903
1578,594.5873103881544,193751.625,0.0,0.0,0.9316186904907227
1579,1028.0165768731442,377704.125,0.0,0.0,0.9316003918647766
1580,516.5991800190208,168220.484375,0.0,0.0,0.931598961353302
1581,825.5141873537098,293460.40625,0.0,0.0,0.9316134452819824
1582,725.7583473545798,250051.09375,0.0,0.0,0.9316258430480957
1583,190.42602237702187,42084.37109375,0.0,0.0,0.9316554069519043
1584,425.7987227542219,128162.3203125,0.0,0.0,0.9316751956939697
1585,462.37262627885315,146065.421875,0.0,0.0,0.9317197799682617
1586,484.8054235641858,153812.953125,0.0,0.0,0.9317798018455505
1587,1036.2467566117184,378798.65625,0.0,0.0,0.9318551421165466
1588,166.45551259353982,33535.2890625,0.0,0.0,0.9319178462028503
1589,171.1626018760781,35804.54296875,0.0,0.0,0.9320010542869568
1590,180.10321447756962,38386.453125,0.0,0.0,0.9321074485778809
1591,600.4202901314918,204225.125,0.0,0.0,0.9322435259819031
1592,136.4752051919208,22938.515625,0.0,0.0,0.9323556423187256
1593,808.0321754303294,280188.03125,0.0,0.0,0.932442843914032
1594,449.6708264021141,133609.828125,0.0,0.0,0.9325059056282043
1595,1047.9085389370046,380377.1875,0.0,0.0,0.932578980922699
1596,125.91828456191854,21164.771484375,0.0,0.0,0.9326488971710205
1597,502.06876761856324,158615.78125,0.0,0.0,0.9327360987663269
1598,155.34067602197018,29180.81640625,0.0,0.0,0.9328210353851318
1599,556.7789882337541,182267.75,0.0,0.0,0.9329254031181335
1600,147.88761514282075,26541.701171875,0.0,0.0,0.9330081939697266
1601,684.5690558426836,231920.359375,0.0,0.0,0.9330837726593018
1602,203.30532688051116,45715.65234375,0.0,0.0,0.9331839680671692
1603,252.3477710968807,58606.23828125,0.0,0.0,0.9332333207130432
1604,138.50201618057378,23722.830078125,0.0,0.0,0.9332818984985352
1605,259.1802677149595,61381.421875,0.0,0.0,0.9332566857337952
1606,145.74390672953703,25357.625,0.0,0.0,0.9331719279289246
1607,504.05641406340953,155448.75,0.0,0.0,0.9330779910087585
1608,160.13269872804491,29849.68359375,0.0,0.0,0.9329836964607239
1609,151.94571978953218,27587.5078125,0.0,0.0,0.9328824877738953
1610,459.1782382681186,137641.375,0.0,0.0,0.9327666163444519
1611,158.70003646439048,33064.78125,0.0,0.0,0.9327409863471985
1612,479.9404416611324,147030.75,0.0,0.0,0.9327272772789001
1613,147.46596463493609,28834.2890625,0.0,0.0,0.9327764511108398
1614,141.30846028019377,25089.880859375,0.0,0.0,0.9328367114067078
1615,121.86662066455123,19006.361328125,0.0,0.0,0.9328951835632324
1616,496.0722871710799,153080.1875,0.0,0.0,0.932931661605835
1617,135.54265868777088,24446.23046875,0.0,0.0,0.9330081939697266
1618,173.09690569763603,33948.015625,0.0,0.0,0.9330839514732361
1619,588.666762810144,187963.53125,0.0,0.0,0.9331232905387878
1620,474.9680112425529,144732.78125,0.0,0.0,0.9331619143486023
1621,469.91822899930145,145992.671875,0.0,0.0,0.9332256317138672
1622,180.36299028953718,39208.9765625,0.0,0.0,0.9333440661430359
1623,139.5994344817998,24681.33984375,0.0,0.0,0.9334654808044434
1624,177.93312890597375,35077.375,0.0,0.0,0.9335327744483948
1625,144.4204169448316,24586.287109375,0.0,0.0,0.9335729479789734
1626,514.3073663185305,161764.65625,0.0,0.0,0.9336060881614685
1627,126.57720418095342,21046.421875,0.0,0.0,0.9336276054382324
1628,455.78435978564744,140333.515625,0.0,0.0,0.9336699843406677
1629,148.53674411230503,27904.50390625,0.0,0.0,0.9337668418884277
1630,98.70951250206328,14099.8115234375,0.0,0.0,0.9338551163673401
1631,82.38866589862761,10456.1123046875,0.0,0.0,0.9339149594306946
1632,176.46875039766485,35313.10546875,0.0,0.0,0.9339606761932373
1633,163.25535660078265,32013.169921875,0.0,0.0,0.9340125918388367
1634,163.92265021730515,32491.37890625,0.0,0.0,0.9340828061103821
1635,165.91705865144016,32790.83203125,0.0,0.0,0.9341773986816406
1636,119.29008190551373,19390.16015625,0.0,0.0,0.9342923164367676
1637,141.37048385932982,24587.390625,0.0,0.0,0.9343695640563965
1638,122.02988261706096,19257.30078125,0.0,0.0,0.934424877166748
1639,177.34452182226104,35726.03515625,0.0,0.0,0.9344577193260193
1640,157.13434982992302,28440.474609375,0.0,0.0,0.9344801306724548
1641,603.1315691472525,194096.078125,0.0,0.0,0.9344543814659119
1642,124.87000102832745,19522.97265625,0.0,0.0,0.9343926310539246
1643,478.4073338593023,145515.5,0.0,0.0,0.9343134760856628
1644,130.98027653411657,22832.66796875,0.0,0.0,0.934262752532959
1645,239.2401547299936,53523.0546875,0.0,0.0,0.9341814517974854
1646,210.65918376969654,45155.16015625,0.0,0.0,0.9341153502464294
1647,137.88600234645747,23667.93359375,0.0,0.0,0.9340655207633972
1648,403.6443948012119,116090.125,0.0,0.0,0.9340295791625977
1649,424.6430516669086,129230.7109375,0.0,0.0,0.9340271949768066
1650,124.488281678963,19422.03125,0.0,0.0,0.9340068697929382
1651,477.7115233168466,142097.09375,0.0,0.0,0.9339451789855957
1652,139.22223661460586,24115.689453125,0.0,0.0,0.9338890910148621
1653,155.48639467668733,28131.208984375,0.0,0.0,0.9337943196296692
1654,550.7194749813171,174676.03125,0.0,0.0,0.9336862564086914
1655,735.1217785885291,247150.484375,0.0,0.0,0.9335549473762512
1656,508.73992936476975,161767.546875,0.0,0.0,0.9334675669670105
1657,215.79887978618163,47306.44140625,0.0,0.0,0.9333638548851013
1658,531.0503288518528,172817.796875,0.0,0.0,0.9333446621894836
1659,387.5895258269208,108189.625,0.0,0.0,0.9333148002624512
1660,502.2306714930019,153747.0625,0.0,0.0,0.9332717061042786
1661,404.9703485295968,113471.5703125,0.0,0.0,0.9331995844841003
1662,525.6014961627128,168343.28125,0.0,0.0,0.9331538081169128
1663,489.2703796097171,152496.21875,0.0,0.0,0.9331229329109192
1664,374.9753787149355,102938.0234375,0.0,0.0,0.933095395565033
1665,581.6576926065742,188453.5,0.0,0.0,0.933086097240448
1666,688.7129568908364,232412.796875,0.0,0.0,0.9330734610557556
1667,460.32851749497956,135296.5,0.0,0.0,0.933017909526825
1668,444.42067939550464,131510.484375,0.0,0.0,0.9329537749290466
1669,459.2194179959541,134752.625,0.0,0.0,0.9328573346138
1670,478.8854941184634,145340.265625,0.0,0.0,0.9327479004859924
1671,160.4733805799945,30411.666015625,0.0,0.0,0.9326567649841309
1672,443.43730697853084,131350.46875,0.0,0.0,0.9325763583183289
1673,181.05884243826017,37666.40625,0.0,0.0,0.932546079158783
1674,455.1343466743142,136647.53125,0.0,0.0,0.9325166344642639
1675,389.2625375470647,105111.140625,0.0,0.0,0.9324250221252441
1676,137.4528712883002,22638.71875,0.0,0.0,0.9323603510856628
1677,451.6504930444807,135144.78125,0.0,0.0,0.9323034882545471
1678,571.183405760045,185298.125,0.0,0.0,0.9322631359100342
1679,466.57502672114174,140321.046875,0.0,0.0,0.9322203993797302
1680,511.07845775670756,158055.203125,0.0,0.0,0.9321794509887695
1681,437.3848736615607,129771.09375,0.0,0.0,0.9321463108062744
1682,424.465228214477,118672.53125,0.0,0.0,0.932070791721344
1683,436.6594709746573,127020.125,0.0,0.0,0.9319987297058105
1684,181.66935104631634,36162.68359375,0.0,0.0,0.9319429397583008
1685,466.0862521503051,141555.8125,0.0,0.0,0.9319119453430176
1686,145.93614922074704,25335.97265625,0.0,0.0,0.9318839907646179
1687,532.7490173215094,170783.859375,0.0,0.0,0.9318916201591492
1688,503.2530105448871,154613.984375,0.0,0.0,0.9318887591362
1689,441.2300026651656,130380.921875,0.0,0.0,0.9318649768829346
1690,438.1350915414749,130535.40625,0.0,0.0,0.9318605065345764
1691,416.18420892202295,117207.375,0.0,0.0,0.931812584400177
1692,415.6013363090727,122946.8359375,0.0,0.0,0.9317924380302429
1693,473.5867540161073,143413.671875,0.0,0.0,0.9317792057991028
1694,447.207524794384,135194.546875,0.0,0.0,0.9318005442619324
1695,485.30609859367644,148069.703125,0.0,0.0,0.9318509697914124
1696,462.3334079079307,138811.625,0.0,0.0,0.9319086670875549
1697,345.78748683588464,87925.984375,0.0,0.0,0.9319636225700378
1698,388.2476881684717,105821.5078125,0.0,0.0,0.9320142865180969
1699,343.25931368076004,89742.390625,0.0,0.0,0.9320850968360901
1700,465.8210756552012,136934.265625,0.0,0.0,0.932133138179779
1701,431.1340807418359,124266.4296875,0.0,0.0,0.9321578145027161
1702,460.7792093437174,134773.40625,0.0,0.0,0.9321515560150146
1703,408.5081907142454,116488.2734375,0.0,0.0,0.932138204574585
1704,471.31563523994737,137195.625,0.0,0.0,0.9320563673973083
1705,496.40431579724776,151374.90625,0.0,0.0,0.9319679141044617
1706,411.1591506816311,117287.421875,0.0,0.0,0.9318820834159851
1707,417.9304448086286,119371.515625,0.0,0.0,0.9317817091941833
1708,357.38309342778,91459.4453125,0.0,0.0,0.9316831231117249
1709,397.8255120094522,116005.5859375,0.0,0.0,0.9316336512565613
1710,459.315549742193,139005.734375,0.0,0.0,0.9316121935844421
1711,448.4607786470891,129525.21875,0.0,0.0,0.9315994381904602
1712,407.3655016953818,116110.578125,0.0,0.0,0.9315900206565857
1713,408.65906512261074,113564.328125,0.0,0.0,0.9315433502197266
1714,538.2947950546765,170290.109375,0.0,0.0,0.9315149784088135
1715,434.56106494421874,128340.3125,0.0,0.0,0.9315101504325867
1716,328.7986476358432,79428.78125,0.0,0.0,0.931500256061554
1717,203.17395411195923,43219.046875,0.0,0.0,0.9315469264984131
1718,90.47441465940622,12425.919921875,0.0,0.0,0.9316145777702332
1719,412.29524790368356,114851.8203125,0.0,0.0,0.9316198825836182
1720,215.81898798010997,48079.9453125,0.0,0.0,0.9316118359565735
1721,325.7782222619334,85527.5546875,0.0,0.0,0.9316579699516296
1722,157.9338103653651,27603.7578125,0.0,0.0,0.9316692352294922
1723,73.45415959555633,8881.16796875,0.0,0.0,0.9316985607147217
1724,114.04131872977322,17037.3046875,0.0,0.0,0.931732714176178
1725,109.56615564876643,15671.126953125,0.0,0.0,0.931746780872345
1726,115.02046870989138,18405.9921875,0.0,0.0,0.9317715764045715
1727,234.5988462678119,55310.2421875,0.0,0.0,0.9318169951438904
1728,94.3366740039756,11956.248046875,0.0,0.0,0.9318525195121765
1729,105.02632849945759,13677.734375,0.0,0.0,0.9318631291389465
1730,119.13554665321105,17703.771484375,0.0,0.0,0.9318402409553528
1731,110.16364985194379,14633.60546875,0.0,0.0,0.9317901730537415
1732,92.54307508937848,12062.90234375,0.0,0.0,0.9317556023597717
1733,84.70709528831331,10420.048828125,0.0,0.0,0.9317418932914734
1734,95.56660313364134,13759.23828125,0.0,0.0,0.9317933917045593
1735,103.6078353802165,12866.216796875,0.0,0.0,0.9318029284477234
1736,71.56405633602039,7643.7685546875,0.0,0.0,0.931795597076416
1737,89.16333639364784,10154.814453125,0.0,0.0,0.9317383766174316
1738,104.02755430310084,15585.5927734375,0.0,0.0,0.9317579865455627
1739,92.67151246957171,12676.931640625,0.0,0.0,0.9317851662635803
1740,42.46888817466624,3288.003662109375,0.0,0.0,0.9318079352378845
1741,125.33767504331934,20631.650390625,0.0,0.0,0.9318402409553528
1742,98.2149649030006,11713.5712890625,0.0,0.0,0.9319028258323669
1743,84.99143630977213,10305.5029296875,0.0,0.0,0.9319508671760559
1744,70.18502253324576,7544.09765625,0.0,0.0,0.9319878220558167
1745,84.38143371358586,10156.40625,0.0,0.0,0.9319977164268494
1746,68.04232637784874,7351.55078125,0.0,0.0,0.932019054889679
1747,61.32477334808241,5642.0458984375,0.0,0.0,0.9320180416107178
1748,66.65150380321946,7305.07373046875,0.0,0.0,0.9320656657218933
1749,63.47615208390789,6357.76611328125,0.0,0.0,0.9320698380470276
1750,72.80197981237768,7185.42333984375,0.0,0.0,0.9320170283317566
1751,48.31821205731624,3803.96484375,0.0,0.0,0.9319431185722351
1752,41.48054899638779,3349.580322265625,0.0,0.0,0.9319419860839844
1753,80.32173604093313,9516.623046875,0.0,0.0,0.9319488406181335
1754,74.61941017694363,7863.74169921875,0.0,0.0,0.9319407343864441
1755,65.37204626114934,6115.88134765625,0.0,0.0,0.9319148659706116
1756,65.84116307416127,6250.3505859375,0.0,0.0,0.9318675398826599
1757,43.36716086083343,3546.072998046875,0.0,0.0,0.931850254535675
1758,68.72361934468576,7221.9677734375,0.0,0.0,0.9318223595619202
1759,54.771485539614005,4560.9169921875,0.0,0.0,0.9317170977592468
1760,66.92313480977866,6910.9130859375,0.0,0.0,0.9316296577453613
1761,52.046110663181274,4819.65478515625,0.0,0.0,0.9315686821937561
1762,55.23343096394194,5006.234375,0.0,0.0,0.9314994215965271
1763,67.72833365222851,6855.8046875,0.0,0.0,0.9314349293708801
1764,51.930365122580056,4551.40185546875,0.0,0.0,0.9313866496086121
1765,69.13590307386833,6962.85400390625,0.0,0.0,0.9312775731086731
1766,54.844473957449146,5140.13916015625,0.0,0.0,0.9311869740486145
1767,69.36789154782026,7011.97021484375,0.0,0.0,0.9311023354530334
1768,52.31051566845554,4805.125,0.0,0.0,0.9310829639434814
1769,55.24968457889857,4866.50146484375,0.0,0.0,0.9310480952262878
1770,67.151101617464,7162.58056640625,0.0,0.0,0.9310166239738464
1771,54.021425289404306,4984.1142578125,0.0,0.0,0.9310174584388733
1772,55.73798270546946,4825.9658203125,0.0,0.0,0.9309883117675781
1773,58.434513060311396,4887.474609375,0.0,0.0,0.9308951497077942
1774,67.42976284379215,7181.96923828125,0.0,0.0,0.9307612776756287
1775,45.87427835809485,3494.93505859375,0.0,0.0,0.9306361079216003
1776,79.20538904228349,8792.7734375,0.0,0.0,0.930552065372467
1777,43.24448621458864,3287.761962890625,0.0,0.0,0.9304549694061279
1778,54.847442321593356,4499.47705078125,0.0,0.0,0.9303664565086365
1779,69.8079551343954,7194.0771484375,0.0,0.0,0.9302458167076111
1780,63.00168899608616,6912.8369140625,0.0,0.0,0.9301639199256897
1781,42.75463785588016,3140.092529296875,0.0,0.0,0.9300921559333801
1782,64.1401790321638,6486.7333984375,0.0,0.0,0.9300273060798645
1783,53.07333251931212,4432.8740234375,0.0,0.0,0.9299361109733582
1784,73.74791628824991,8569.109375,0.0,0.0,0.9298372864723206
1785,80.14814419261788,8869.22265625,0.0,0.0,0.9297473430633545
1786,74.25165876979888,8213.263671875,0.0,0.0,0.9296627640724182
1787,63.34592202876832,6078.982421875,0.0,0.0,0.9295699000358582
1788,52.40340939276242,4272.80029296875,0.0,0.0,0.9294379353523254
1789,86.66876871597759,10460.28125,0.0,0.0,0.9292781352996826
1790,62.66196069708815,6304.673828125,0.0,0.0,0.9291439056396484
1791,83.57808380583539,10658.96875,0.0,0.0,0.9290511012077332
1792,66.96614674950288,6630.29736328125,0.0,0.0,0.9289140105247498
1793,88.16966400908885,10917.677734375,0.0,0.0,0.9287691712379456
1794,55.43371814855348,4305.7568359375,0.0,0.0,0.9285978674888611
1795,74.57398478594543,8129.82177734375,0.0,0.0,0.92844557762146
1796,69.90832791043498,8186.78955078125,0.0,0.0,0.928342342376709
1797,71.07899155395354,8095.72802734375,0.0,0.0,0.9282345771789551
1798,66.31011468037507,6991.6083984375,0.0,0.0,0.9281485676765442
1799,69.21416100038785,7740.79052734375,0.0,0.0,0.9280908107757568
1800,57.89953950054955,5539.6328125,0.0,0.0,0.928041398525238
1801,76.10400891433581,9639.634765625,0.0,0.0,0.9280280470848083
1802,88.39952205167225,10825.7353515625,0.0,0.0,0.9279806017875671
1803,85.84456419497538,9970.3056640625,0.0,0.0,0.9279505610466003
1804,76.2289919327969,8681.4052734375,0.0,0.0,0.927893340587616
1805,116.66382919939758,18556.353515625,0.0,0.0,0.9278409481048584
1806,105.21663114781512,15472.61328125,0.0,0.0,0.9277705550193787
1807,69.16064846741556,7190.580078125,0.0,0.0,0.9276650547981262
1808,75.93319414641078,7811.6123046875,0.0,0.0,0.9275333285331726
1809,88.92227920788866,11951.4990234375,0.0,0.0,0.9273934364318848
1810,70.63658682956971,7501.62109375,0.0,0.0,0.9272617697715759
1811,96.68932053644915,13437.3544921875,0.0,0.0,0.9271543025970459
1812,105.11411129772279,15471.7919921875,0.0,0.0,0.927060067653656
1813,110.38937532589867,17038.09765625,0.0,0.0,0.9269852042198181
1814,96.79800941895968,12859.0341796875,0.0,0.0,0.9268743991851807
1815,103.39003796708825,15681.7802734375,0.0,0.0,0.926831066608429
1816,72.49801479829475,8411.3671875,0.0,0.0,0.9268078207969666
1817,102.43722595189664,15541.9853515625,0.0,0.0,0.9268987774848938
1818,107.13642532309625,16225.1513671875,0.0,0.0,0.9270164370536804
1819,73.15957886556045,8781.421875,0.0,0.0,0.9271774888038635
1820,107.888988693468,15413.9130859375,0.0,0.0,0.9273183941841125
1821,100.66709620003273,13487.498046875,0.0,0.0,0.9274215698242188
1822,108.92372808339316,15196.111328125,0.0,0.0,0.927503764629364
1823,111.79588458815842,16706.259765625,0.0,0.0,0.9275783896446228
1824,67.3478938977468,8144.955078125,0.0,0.0,0.9276676177978516
1825,131.69081433294716,21151.787109375,0.0,0.0,0.9277271628379822
1826,170.31799692414134,33578.1015625,0.0,0.0,0.9277946949005127
1827,106.30308632078956,15692.93359375,0.0,0.0,0.9278898239135742
1828,93.32452199579872,11572.6396484375,0.0,0.0,0.9279525279998779
1829,87.05445246294289,10682.1162109375,0.0,0.0,0.9280055165290833
1830,131.1077493975339,21808.734375,0.0,0.0,0.9280526041984558
1831,227.78218947404463,49955.76171875,0.0,0.0,0.9280855059623718
1832,112.50886762354317,15531.8994140625,0.0,0.0,0.9280881881713867
1833,94.96663927416483,12094.515625,0.0,0.0,0.9280856251716614
1834,107.91899494417392,15415.888671875,0.0,0.0,0.9280786514282227
1835,153.91300596982688,27591.01953125,0.0,0.0,0.9280335307121277
1836,172.66358954780185,36537.640625,0.0,0.0,0.9280303120613098
1837,111.5664421068572,17198.41015625,0.0,0.0,0.9280735850334167
1838,259.5533312188777,59180.6171875,0.0,0.0,0.9280755519866943
1839,262.0718004033062,64424.4609375,0.0,0.0,0.928112804889679
1840,118.07136613011812,18068.466796875,0.0,0.0,0.9281707406044006
1841,142.08724055699867,24376.87109375,0.0,0.0,0.9282193183898926
1842,135.1182729418009,22865.845703125,0.0,0.0,0.9282727241516113
1843,91.61130871104264,12161.177734375,0.0,0.0,0.928312361240387
1844,175.7430376390009,35116.91796875,0.0,0.0,0.9283728003501892
1845,118.84581124554624,18219.0234375,0.0,0.0,0.9284472465515137
1846,182.18970924247097,35412.67578125,0.0,0.0,0.9284979701042175
1847,107.25000771909656,15669.537109375,0.0,0.0,0.9285624623298645
1848,136.29661328327433,22105.22265625,0.0,0.0,0.9286012649536133
1849,166.69271144685385,33139.63671875,0.0,0.0,0.9287145137786865
1850,140.44553223069815,24869.767578125,0.0,0.0,0.9288190007209778
1851,125.66640940012987,20464.740234375,0.0,0.0,0.928912878036499
1852,191.74070571856868,39060.03515625,0.0,0.0,0.9290023446083069
1853,132.86620960990004,22983.33203125,0.0,0.0,0.92911297082901
1854,435.0437132136035,127403.1875,0.0,0.0,0.9292044639587402
1855,149.45763946847762,27551.68359375,0.0,0.0,0.9293166995048523
1856,262.3056640278464,60882.19921875,0.0,0.0,0.9293908476829529
1857,168.27098040891684,32042.59375,0.0,0.0,0.9294572472572327
1858,177.48665764751738,37484.22265625,0.0,0.0,0.9295564293861389
1859,147.25416483433736,27201.373046875,0.0,0.0,0.9296935200691223
1860,161.6069126244371,31009.99609375,0.0,0.0,0.9298365712165833
1861,138.12091110698248,22820.6875,0.0,0.0,0.9299390316009521
1862,206.93932617475426,42489.0,0.0,0.0,0.9299834370613098
1863,159.93713846928267,29668.560546875,0.0,0.0,0.9300332069396973
1864,197.1855520996089,43856.296875,0.0,0.0,0.9301643371582031
1865,134.6237318234929,21697.29296875,0.0,0.0,0.9302471280097961
1866,158.82195409092262,28962.943359375,0.0,0.0,0.9302701950073242
1867,265.23691093631066,66740.7890625,0.0,0.0,0.9303264021873474
1868,99.9453290417126,14543.0625,0.0,0.0,0.9304028153419495
1869,449.4037702933238,134654.15625,0.0,0.0,0.930475652217865
1870,157.5722586879543,29263.8671875,0.0,0.0,0.930568516254425
1871,103.58379674179962,14454.9775390625,0.0,0.0,0.9306679368019104
1872,533.0826552744624,171216.78125,0.0,0.0,0.9308059811592102
1873,255.32681877298327,63890.5078125,0.0,0.0,0.9309552311897278
1874,164.5468560261635,30163.365234375,0.0,0.0,0.9310643076896667
1875,519.0634260631989,164989.71875,0.0,0.0,0.9311809539794922
1876,234.0860553092274,53243.953125,0.0,0.0,0.9312419891357422
1877,652.2319997797646,213759.0,0.0,0.0,0.9312508702278137
1878,159.2546688994884,27439.359375,0.0,0.0,0.9311864376068115
1879,303.1593796779041,79528.8203125,0.0,0.0,0.9311463236808777
1880,129.20950393137036,21088.958984375,0.0,0.0,0.9310882687568665
1881,491.1010729558074,148931.125,0.0,0.0,0.9310018420219421
1882,348.07027510508084,96316.4375,0.0,0.0,0.9309358596801758
1883,162.34572946905,30357.515625,0.0,0.0,0.9308426976203918
1884,467.6516495531097,137355.34375,0.0,0.0,0.9306989312171936
1885,367.7127171661697,105604.4296875,0.0,0.0,0.9306080937385559
1886,404.97444972605336,119323.4140625,0.0,0.0,0.9305703639984131
1887,202.33981360731343,43425.94140625,0.0,0.0,0.9305750727653503
1888,457.6185736677653,140153.84375,0.0,0.0,0.9305998682975769
1889,231.7140311436991,52620.6484375,0.0,0.0,0.9306082129478455
1890,423.5805151825126,123826.3984375,0.0,0.0,0.9306196570396423
1891,551.4311403690066,173131.4375,0.0,0.0,0.9305965304374695
1892,176.75386562454312,36291.41796875,0.0,0.0,0.9306039214134216
1893,214.18975331854628,47781.71875,0.0,0.0,0.9306228756904602
1894,581.0419030267594,190931.03125,0.0,0.0,0.9306814074516296
1895,112.13879561845995,16499.166015625,0.0,0.0,0.9307461380958557
1896,363.2284533118458,100217.5,0.0,0.0,0.9308176636695862
1897,68.87681631661827,7573.05419921875,0.0,0.0,0.9308879375457764
1898,190.28086130019193,39295.91015625,0.0,0.0,0.930965006351471
1899,171.4746329318066,34061.1640625,0.0,0.0,0.9310511946678162
1900,122.19033657609104,19409.712890625,0.0,0.0,0.9311419129371643
1901,166.3046980879275,31610.716796875,0.0,0.0,0.9312405586242676
1902,135.62096346897025,22168.71484375,0.0,0.0,0.9313269257545471
1903,127.49565258640595,20401.01953125,0.0,0.0,0.9313600659370422
1904,159.2053046339844,27999.12890625,0.0,0.0,0.9313218593597412
1905,125.0527120037162,20126.99609375,0.0,0.0,0.931300938129425
1906,107.47010257629535,16058.14453125,0.0,0.0,0.9313015937805176
1907,200.22347918414846,42859.23046875,0.0,0.0,0.9313151836395264
1908,121.96601712088896,18894.5859375,0.0,0.0,0.9313321709632874
1909,126.66050412710409,20174.703125,0.0,0.0,0.9313380122184753
1910,129.20280402124897,19184.845703125,0.0,0.0,0.9312818646430969
1911,138.7415083991225,22815.916015625,0.0,0.0,0.9311881065368652
1912,101.43383859002921,15282.57421875,0.0,0.0,0.9311187863349915
1913,88.0647199817989,11243.6201171875,0.0,0.0,0.9310715794563293
1914,81.05394269612803,10559.556640625,0.0,0.0,0.9311110973358154
1915,126.33113125730499,20671.5625,0.0,0.0,0.931171715259552
1916,105.2338148840619,14360.4931640625,0.0,0.0,0.9312183856964111
1917,94.91916910393867,12304.953125,0.0,0.0,0.9312491416931152
1918,115.70644245766505,17298.658203125,0.0,0.0,0.9312441945075989
1919,150.628295916998,27273.25390625,0.0,0.0,0.9312491416931152
1920,74.76394808755013,8142.46630859375,0.0,0.0,0.9312276244163513
1921,111.87072304965861,15997.89453125,0.0,0.0,0.9312074184417725
1922,142.49261381701342,23054.32421875,0.0,0.0,0.9311304688453674
1923,122.64661595398789,19855.794921875,0.0,0.0,0.9310598969459534
1924,116.04084526134686,16847.630859375,0.0,0.0,0.9309614300727844
1925,86.98821929798305,11181.8193359375,0.0,0.0,0.9308934211730957
1926,126.03287984815093,20758.45703125,0.0,0.0,0.9308762550354004
1927,150.94986283986142,28884.25390625,0.0,0.0,0.9309449791908264
1928,73.46640455735435,8677.625,0.0,0.0,0.931029736995697
1929,109.51785603529171,15780.072265625,0.0,0.0,0.9310751557350159
1930,176.30348720708093,36992.3203125,0.0,0.0,0.9311732649803162
1931,112.01567612058882,16301.6787109375,0.0,0.0,0.9312174916267395
1932,142.3808188995885,24201.939453125,0.0,0.0,0.9312445521354675
1933,104.2384532378884,14374.91796875,0.0,0.0,0.9312577247619629
1934,152.98430420604035,28706.0625,0.0,0.0,0.9312839508056641
1935,167.87061106511888,31815.05078125,0.0,0.0,0.9312575459480286
1936,105.16905703803309,15536.1630859375,0.0,0.0,0.9312384724617004
1937,161.12483030568495,30419.447265625,0.0,0.0,0.9312191605567932
1938,88.00505786519997,11508.6748046875,0.0,0.0,0.9312193393707275
1939,102.83442489780587,13585.4638671875,0.0,0.0,0.9311407208442688
1940,107.91781163855755,15893.1044921875,0.0,0.0,0.9310736656188965
1941,119.5158222643266,18239.291015625,0.0,0.0,0.9309802651405334
1942,106.57636682661867,14596.9755859375,0.0,0.0,0.9308631420135498
1943,116.43235705534777,18345.01171875,0.0,0.0,0.9307679533958435
1944,100.92367440202082,12725.1015625,0.0,0.0,0.9306306838989258
1945,96.49205107330788,12379.076171875,0.0,0.0,0.9304502606391907
1946,120.10261167362887,18281.9296875,0.0,0.0,0.9302679896354675
1947,102.28486231052838,14975.7646484375,0.0,0.0,0.9301080107688904
1948,105.52668809307238,15207.85546875,0.0,0.0,0.9299424290657043
1949,80.4921622782028,9496.0,0.0,0.0,0.9297742247581482
1950,75.04079851211716,9073.2802734375,0.0,0.0,0.9296379685401917
1951,96.8113720622037,13161.84375,0.0,0.0,0.929486095905304
1952,96.04161707950374,13012.6943359375,0.0,0.0,0.9293215870857239
1953,101.49883306740598,14762.771484375,0.0,0.0,0.929201602935791
1954,123.3666744318243,20352.71875,0.0,0.0,0.9291300773620605
1955,88.25655348589775,11184.189453125,0.0,0.0,0.9290496706962585
1956,60.20023406238191,5784.4658203125,0.0,0.0,0.9289836287498474
1957,85.18425704946314,10458.2744140625,0.0,0.0,0.9288997650146484
1958,110.89761594260514,16790.216796875,0.0,0.0,0.9287943840026855
1959,85.47819945095682,11985.0498046875,0.0,0.0,0.9287626147270203
1960,96.82641064142183,12970.2275390625,0.0,0.0,0.9287025928497314
1961,102.95750051199971,14823.880859375,0.0,0.0,0.9286478161811829
1962,52.98332188817595,4952.740234375,0.0,0.0,0.9286019206047058
1963,75.66025397384979,8710.109375,0.0,0.0,0.928543746471405
1964,113.26491832464275,17298.671875,0.0,0.0,0.9284865856170654
1965,81.44644454148839,10163.521484375,0.0,0.0,0.928456723690033
1966,78.00994333476295,9218.12890625,0.0,0.0,0.9283589720726013
1967,133.9196413016378,22801.064453125,0.0,0.0,0.9282320141792297
1968,77.54962659177232,8350.408203125,0.0,0.0,0.9280313849449158
1969,62.13655739763118,6663.39697265625,0.0,0.0,0.9278504848480225
1970,80.69501771578042,10384.828125,0.0,0.0,0.9277079105377197
1971,100.24437151605807,14317.1396484375,0.0,0.0,0.9275338053703308
1972,155.8531972680379,29617.064453125,0.0,0.0,0.9273859858512878
1973,97.59270250648828,13075.328125,0.0,0.0,0.9272181987762451
1974,90.24165871941578,11846.8271484375,0.0,0.0,0.9270204901695251
1975,100.6807453300867,15615.6533203125,0.0,0.0,0.9268817901611328
1976,90.55441434144426,12001.04296875,0.0,0.0,0.9267735481262207
1977,116.5677982500103,19178.603515625,0.0,0.0,0.9267081618309021
1978,124.09134266019693,20165.80078125,0.0,0.0,0.9266789555549622
1979,118.97643291186117,18035.076171875,0.0,0.0,0.92661452293396
1980,114.63456995901103,18898.25,0.0,0.0,0.9265733361244202
1981,103.7965793622661,14573.16015625,0.0,0.0,0.926541805267334
1982,91.59354139854439,13231.9853515625,0.0,0.0,0.9265397191047668
1983,120.14324976755596,19447.208984375,0.0,0.0,0.9265292286872864
1984,67.3585513317643,7981.92919921875,0.0,0.0,0.9265534281730652
1985,104.23134099774641,15126.65625,0.0,0.0,0.9265506863594055
1986,125.09284730299528,20340.26171875,0.0,0.0,0.9265127778053284
1987,158.82372578702626,30286.984375,0.0,0.0,0.9264774322509766
1988,98.32998469699986,13118.326171875,0.0,0.0,0.9264079928398132
1989,159.45885327753854,29959.240234375,0.0,0.0,0.9263238310813904
1990,179.07328838014152,37727.87890625,0.0,0.0,0.926285445690155
1991,192.8153600312423,40053.97265625,0.0,0.0,0.9262282848358154
1992,96.32779785512074,14499.8955078125,0.0,0.0,0.926196277141571
1993,136.6434610615694,23127.525390625,0.0,0.0,0.9261788725852966
1994,138.99183404334266,23056.83203125,0.0,0.0,0.9261490702629089
1995,132.46642853627327,22427.693359375,0.0,0.0,0.9261196255683899
1996,166.8819751261929,32599.984375,0.0,0.0,0.9261103272438049
1997,170.81204836221335,35169.39453125,0.0,0.0,0.9261121153831482
1998,138.45016226381134,25423.501953125,0.0,0.0,0.9261993765830994
1999,317.34376312796996,81067.90625,0.0,0.0,0.926260769367218
2000,193.7028066490672,41398.2265625,0.0,0.0,0.9263396859169006
2001,169.1022956720533,31735.70703125,0.0,0.0,0.9263904690742493
2002,212.65371918113044,47782.8671875,0.0,0.0,0.9264598488807678
2003,258.2756674724194,62863.37890625,0.0,0.0,0.9265336990356445
2004,281.3926093881432,71284.9765625,0.0,0.0,0.9265766739845276
2005,327.74120840769876,84130.3515625,0.0,0.0,0.926562488079071
2006,121.65720184022645,20797.212890625,0.0,0.0,0.9266018867492676
2007,369.70471209700105,99878.46875,0.0,0.0,0.9266067147254944
2008,284.8487139496101,70858.9609375,0.0,0.0,0.926600992679596
2009,281.28276223379527,68882.984375,0.0,0.0,0.9265480637550354
2010,328.90661131880125,89677.4609375,0.0,0.0,0.9265353083610535
2011,596.5452869881609,196521.90625,0.0,0.0,0.9265499114990234
2012,312.0598244151022,81701.75,0.0,0.0,0.926586925983429
2013,296.10406047106693,75492.140625,0.0,0.0,0.9266296029090881
2014,542.4722766110509,173172.5,0.0,0.0,0.9266921877861023
2015,459.98972975464767,138162.890625,0.0,0.0,0.9267294406890869
2016,604.755589051943,198463.203125,0.0,0.0,0.9267794489860535
2017,240.4884902339003,56829.63671875,0.0,0.0,0.9268423914909363
2018,878.4882573575659,309963.25,0.0,0.0,0.9269354939460754
2019,1063.1102105164657,382400.875,0.0,0.0,0.9270382523536682
2020,315.3497241241662,84473.3046875,0.0,0.0,0.9271566867828369
2021,379.7829599931521,103387.359375,0.0,0.0,0.9272415637969971
2022,345.90141791142827,96047.0,0.0,0.0,0.9273390769958496
2023,250.36814355626493,59695.1953125,0.0,0.0,0.9274558424949646
2024,414.8119749045235,118722.8203125,0.0,0.0,0.9275354743003845
2025,437.2932559565781,127979.3359375,0.0,0.0,0.9275887608528137
2026,698.5737957191076,234143.078125,0.0,0.0,0.9276279807090759
2027,496.09476519647666,152183.84375,0.0,0.0,0.92767333984375
2028,344.7196376549014,92553.921875,0.0,0.0,0.927699625492096
2029,700.926867551511,233828.78125,0.0,0.0,0.9276970028877258
2030,344.16885959436064,94745.4921875,0.0,0.0,0.9277141690254211
2031,218.16354571283415,47534.125,0.0,0.0,0.9276769161224365
2032,774.8289819386351,264899.0,0.0,0.0,0.927646815776825
2033,531.9944002741305,166494.046875,0.0,0.0,0.9276130199432373
2034,217.89484587369284,49027.14453125,0.0,0.0,0.9276061654090881
2035,597.2653567728964,191501.875,0.0,0.0,0.9275947213172913
2036,1038.9282087262616,372053.25,0.0,0.0,0.9275875091552734
2037,340.4173019021132,85298.46875,0.0,0.0,0.9275259375572205
2038,168.89886869118487,32670.646484375,0.0,0.0,0.9275180697441101
2039,375.3258395079349,99385.984375,0.0,0.0,0.9274347424507141
2040,165.54039571257076,29723.1328125,0.0,0.0,0.9273205399513245
2041,469.13749614672554,137105.640625,0.0,0.0,0.9271554946899414
2042,439.1510955775507,128588.359375,0.0,0.0,0.927002489566803
2043,122.16503378581581,18149.962890625,0.0,0.0,0.9268789887428284
2044,188.68034118898075,37886.0625,0.0,0.0,0.9267871975898743
2045,198.11048193387103,43528.36328125,0.0,0.0,0.9267585277557373
2046,340.5202738763205,85065.7265625,0.0,0.0,0.9266505241394043
2047,123.93679850667701,19732.78125,0.0,0.0,0.9265853762626648
2048,339.09480431255156,88351.2109375,0.0,0.0,0.9265100955963135
2049,175.51861235167323,31441.3046875,0.0,0.0,0.9264056086540222
2050,185.94551614808822,38013.40625,0.0,0.0,0.9263115525245667
2051,148.72673994336148,26748.15234375,0.0,0.0,0.9262588620185852
2052,576.9019732234103,181410.03125,0.0,0.0,0.9261826872825623
2053,773.5590122113681,262883.78125,0.0,0.0,0.9261053204536438
2054,149.4894475210911,25123.18359375,0.0,0.0,0.9260305762290955
2055,276.7126116088504,67076.328125,0.0,0.0,0.9259498715400696
2056,322.2326587109678,79671.5234375,0.0,0.0,0.9258632659912109
2057,215.74500678135988,45957.90625,0.0,0.0,0.9257505536079407
2058,343.07038026431826,94842.5546875,0.0,0.0,0.9257096648216248
2059,176.18041274587284,32607.666015625,0.0,0.0,0.9256629943847656
2060,416.5107708132787,116269.4765625,0.0,0.0,0.9255937933921814
2061,211.87194656801913,43589.75390625,0.0,0.0,0.9255084991455078
2062,494.7175834510618,150740.15625,0.0,0.0,0.925442636013031
2063,1001.1386030848641,363061.875,0.0,0.0,0.9254571795463562
2064,640.475585820245,212283.578125,0.0,0.0,0.9254977107048035
2065,97.04414623411127,14322.5908203125,0.0,0.0,0.9255679249763489
2066,415.7838642591108,120230.265625,0.0,0.0,0.9256496429443359
2067,668.6119362000846,222861.71875,0.0,0.0,0.9257537722587585
2068,336.78532804774375,85980.2265625,0.0,0.0,0.9258008599281311
2069,197.0236263516901,38934.66015625,0.0,0.0,0.9258258938789368
2070,600.8987474158557,196218.765625,0.0,0.0,0.9258725047111511
2071,1070.4061887244031,380997.3125,0.0,0.0,0.9258897304534912
2072,1052.5749924736954,373231.6875,0.0,0.0,0.9258807301521301
2073,331.8848728674414,85805.609375,0.0,0.0,0.9258667826652527
2074,1041.680204513307,376847.4375,0.0,0.0,0.9258864521980286
2075,341.7398324112062,86432.984375,0.0,0.0,0.9258453249931335
2076,759.897548588766,259079.6875,0.0,0.0,0.925820529460907
2077,417.8768456992293,123352.2890625,0.0,0.0,0.9258561134338379
2078,339.8194624110016,86285.40625,0.0,0.0,0.925865888595581
2079,352.5306623685209,92683.15625,0.0,0.0,0.9258623123168945
2080,317.70176694828297,78142.453125,0.0,0.0,0.9258122444152832
2081,413.5042457933375,116187.3984375,0.0,0.0,0.9257368445396423
2082,318.9985422354162,79473.2265625,0.0,0.0,0.9256529808044434
2083,348.45374865489305,88778.078125,0.0,0.0,0.9254940152168274
2084,326.7117375447565,83008.40625,0.0,0.0,0.9253703951835632
2085,649.9270332645763,213526.640625,0.0,0.0,0.9252554774284363
2086,1044.2550484103194,375830.875,0.0,0.0,0.9251826405525208
2087,787.0578222940298,273570.875,0.0,0.0,0.9251613020896912
2088,367.53156002133613,94709.203125,0.0,0.0,0.9250493049621582
2089,413.23845100208337,122015.203125,0.0,0.0,0.9250031113624573
2090,1046.4568658477376,372753.78125,0.0,0.0,0.9249622225761414
2091,367.1822667472925,94696.625,0.0,0.0,0.9248359799385071
2092,105.61036811132094,15098.4580078125,0.0,0.0,0.9247257113456726
2093,375.2808256391461,103488.3203125,0.0,0.0,0.924659013748169
2094,152.54511856991726,26644.654296875,0.0,0.0,0.9245669841766357
2095,1041.184990470385,367639.9375,0.0,0.0,0.9244553446769714
2096,1035.5943522764865,364908.84375,0.0,0.0,0.9243255257606506
2097,102.71846860816242,13735.822265625,0.0,0.0,0.9241981506347656
2098,1037.7261789297859,373387.9375,0.0,0.0,0.9241047501564026
2099,357.2950006473511,93497.2734375,0.0,0.0,0.9239616394042969
2100,1034.2806538174648,371882.375,0.0,0.0,0.9238767623901367
2101,86.77232386369526,10165.841796875,0.0,0.0,0.9237727522850037
2102,401.1039580348364,112927.015625,0.0,0.0,0.9236834645271301
2103,109.97631261780401,17381.615234375,0.0,0.0,0.9236676692962646
2104,131.72757173724665,20831.244140625,0.0,0.0,0.9236173033714294
2105,103.31423075367933,14742.12890625,0.0,0.0,0.9235736727714539
2106,114.04537342586318,16255.6953125,0.0,0.0,0.9234851002693176
2107,124.36336776442316,19367.783203125,0.0,0.0,0.9234040379524231
2108,133.5694162158993,20874.8671875,0.0,0.0,0.9232791066169739
2109,77.20169986938294,8463.501953125,0.0,0.0,0.9230958819389343
2110,83.99470602988993,9756.8701171875,0.0,0.0,0.9228565096855164
2111,114.31772990533379,17031.953125,0.0,0.0,0.9226509928703308
2112,128.6386552621347,21630.947265625,0.0,0.0,0.9225366711616516
2113,98.22616698672564,12914.1767578125,0.0,0.0,0.9224393963813782
2114,88.01911012606348,10884.4521484375,0.0,0.0,0.9223100543022156
2115,81.0248613043094,10578.888671875,0.0,0.0,0.922246515750885
2116,106.86370935088262,14900.8173828125,0.0,0.0,0.9221930503845215
2117,82.4866651543648,9531.62109375,0.0,0.0,0.9221234321594238
2118,136.53516051512017,22493.986328125,0.0,0.0,0.9220412373542786
2119,1034.0734130434935,367270.3125,0.0,0.0,0.9219565987586975
2120,107.84335036158288,15252.8955078125,0.0,0.0,0.9218335151672363
2121,98.21333430883946,13411.53125,0.0,0.0,0.9216833114624023
2122,107.17615148241424,14300.416015625,0.0,0.0,0.9214625358581543
2123,121.03885545988422,18151.359375,0.0,0.0,0.9211947321891785
2124,132.16327275341263,18923.31640625,0.0,0.0,0.9208588004112244
2125,1041.7856999056971,369189.96875,0.0,0.0,0.9205403327941895
2126,102.00112697747281,14274.15234375,0.0,0.0,0.9202468395233154
2127,1038.7863249063278,373025.6875,0.0,0.0,0.9200124144554138
2128,382.91857081319705,109318.203125,0.0,0.0,0.9198431968688965
2129,345.7681882306951,94024.4921875,0.0,0.0,0.9197338223457336
2130,1064.2771707559132,382362.625,0.0,0.0,0.9196680188179016
2131,323.8968989062339,84165.21875,0.0,0.0,0.9196253418922424
2132,461.48670421218645,137342.75,0.0,0.0,0.9195758700370789
2133,365.9592087256075,98698.9375,0.0,0.0,0.9195441603660583
2134,326.9566654242599,83532.90625,0.0,0.0,0.9195301532745361
2135,320.65758386683615,79419.9921875,0.0,0.0,0.9195046424865723
2136,1049.130212410473,371575.4375,0.0,0.0,0.9194675087928772
2137,484.9944814750686,148436.296875,0.0,0.0,0.9194485545158386
2138,328.2047737098377,83855.8125,0.0,0.0,0.9194450378417969
2139,326.5712378444073,81995.4609375,0.0,0.0,0.9194270968437195
2140,445.2387109531454,125983.7734375,0.0,0.0,0.9193783402442932
2141,764.8872221070424,256527.9375,0.0,0.0,0.9193072319030762
2142,388.67460554667576,107749.125,0.0,0.0,0.9192436337471008
2143,377.76561269799294,98015.3359375,0.0,0.0,0.9190946221351624
2144,320.87087243654304,84206.96875,0.0,0.0,0.9190515875816345
2145,307.3508621821441,78226.078125,0.0,0.0,0.9190735220909119
2146,322.2950402062474,79254.015625,0.0,0.0,0.9190924763679504
2147,650.1565298035845,216699.453125,0.0,0.0,0.9191422462463379
2148,288.96441467236457,67666.0234375,0.0,0.0,0.9192344546318054
2149,418.8218910391537,112891.8828125,0.0,0.0,0.9192487597465515
2150,310.35547959869336,72975.078125,0.0,0.0,0.9192202687263489
2151,352.85877122176817,93053.9921875,0.0,0.0,0.9192048907279968
2152,331.85915617367124,84514.0703125,0.0,0.0,0.9191983342170715
2153,356.0615931966897,92789.859375,0.0,0.0,0.9191983342170715
2154,305.7115153025995,75791.4453125,0.0,0.0,0.9192302227020264
2155,314.18549862837716,77577.40625,0.0,0.0,0.9192867279052734
2156,306.1097290280998,73293.4296875,0.0,0.0,0.9193229675292969
2157,313.5600642958283,74261.8671875,0.0,0.0,0.9193351864814758
2158,294.92458633339885,70111.8828125,0.0,0.0,0.9193708300590515
2159,396.27318908063756,106464.6796875,0.0,0.0,0.9193801879882812
2160,306.40735554355723,73884.984375,0.0,0.0,0.9193775057792664
2161,303.69078718860953,71942.5625,0.0,0.0,0.9193553924560547
2162,288.0088499919661,67470.1171875,0.0,0.0,0.9193405508995056
2163,274.7791402164348,62887.17578125,0.0,0.0,0.9193349480628967
2164,281.82247760225374,60342.203125,0.0,0.0,0.91929692029953
2165,331.0134354681545,84795.6953125,0.0,0.0,0.9192964434623718
2166,277.686170113491,63990.91796875,0.0,0.0,0.9193181991577148
2167,285.5154025004688,61548.109375,0.0,0.0,0.9192689061164856
2168,312.2692810725814,75510.1484375,0.0,0.0,0.9191904664039612
2169,428.825615079079,121305.125,0.0,0.0,0.9191054701805115
2170,358.2855536591126,98112.2578125,0.0,0.0,0.9190502166748047
2171,244.21487147423088,47286.734375,0.0,0.0,0.9189858436584473
2172,310.9808484407419,73288.125,0.0,0.0,0.9189052581787109
2173,287.6893186507222,66752.9921875,0.0,0.0,0.9188435673713684
2174,290.0622639231035,64883.1328125,0.0,0.0,0.9187672138214111
2175,284.26833083440533,66451.375,0.0,0.0,0.9187137484550476
2176,272.63578143383097,60282.91796875,0.0,0.0,0.9186685681343079
2177,286.37376657121973,66885.296875,0.0,0.0,0.9186379313468933
2178,337.54656845423517,88420.96875,0.0,0.0,0.918611466884613
2179,245.97625430275033,50929.21484375,0.0,0.0,0.9185886383056641
2180,273.6659791730323,61622.09375,0.0,0.0,0.9185866713523865
2181,287.99032468546204,66955.7734375,0.0,0.0,0.9185866713523865
2182,250.66881117680572,51235.5859375,0.0,0.0,0.9185873866081238
2183,274.2774375883236,64195.8046875,0.0,0.0,0.9186585545539856
2184,264.711101611007,55620.44140625,0.0,0.0,0.9187136292457581
2185,219.73517861272043,41065.3671875,0.0,0.0,0.918774425983429
2186,272.2799920554357,57904.0859375,0.0,0.0,0.9188013076782227
2187,344.08788803524214,88791.0390625,0.0,0.0,0.9188323020935059
2188,280.3804853769642,62305.23046875,0.0,0.0,0.9188458323478699
2189,278.6328118153108,62790.96484375,0.0,0.0,0.9188487529754639
2190,288.8351421489272,66844.96875,0.0,0.0,0.9188514351844788
2191,331.3079296209441,80267.7421875,0.0,0.0,0.9188189506530762
2192,290.8720795086909,73108.4453125,0.0,0.0,0.9188534617424011
2193,254.6728985086108,53747.796875,0.0,0.0,0.918911874294281
2194,271.9761079404122,59225.1640625,0.0,0.0,0.9189448952674866
2195,299.2744446931753,70351.8984375,0.0,0.0,0.9189680218696594
2196,280.9030774909075,63653.5,0.0,0.0,0.9189969897270203
2197,240.54256094766106,45282.36328125,0.0,0.0,0.9189908504486084
2198,232.1949019867625,44601.15625,0.0,0.0,0.9189934730529785
2199,255.5642988394639,53783.1796875,0.0,0.0,0.9190070033073425
2200,233.91568230675435,43738.60546875,0.0,0.0,0.9190142750740051
2201,243.71759649468166,47709.55859375,0.0,0.0,0.9190032482147217
2202,257.81811824777554,54924.34375,0.0,0.0,0.919022262096405
2203,218.77638616194457,39592.921875,0.0,0.0,0.9190364480018616
2204,242.4626063518843,47179.484375,0.0,0.0,0.9190342426300049
2205,237.91496399336316,47589.9296875,0.0,0.0,0.9190505146980286
2206,213.84567270966585,39072.25,0.0,0.0,0.9190816879272461
2207,244.9634957016803,50468.01171875,0.0,0.0,0.9191412925720215
2208,265.7010882766924,57777.640625,0.0,0.0,0.9192022681236267
2209,225.96874506588532,42539.6796875,0.0,0.0,0.9192727208137512
2210,222.72305070168863,43357.92578125,0.0,0.0,0.9193857312202454
2211,220.9195391756515,39835.8828125,0.0,0.0,0.919495165348053
2212,227.24917698095814,42423.1171875,0.0,0.0,0.9195926785469055
2213,272.31456697058087,60129.36328125,0.0,0.0,0.9196829199790955
2214,232.96140629445486,43632.578125,0.0,0.0,0.9197379946708679
2215,221.83075744906628,39819.1328125,0.0,0.0,0.9197866320610046
2216,250.20185978977554,51406.86328125,0.0,0.0,0.919853925704956
2217,236.97022051887387,41470.8046875,0.0,0.0,0.9198727011680603
2218,213.81090071408653,37619.90625,0.0,0.0,0.9198800921440125
2219,221.0021898320837,39939.9921875,0.0,0.0,0.9198713302612305
2220,218.49441236305506,39805.1171875,0.0,0.0,0.9198861718177795
2221,227.4015880274225,42347.0390625,0.0,0.0,0.9199066162109375
2222,215.59791075571601,37216.7109375,0.0,0.0,0.9199011921882629
2223,235.48532737893132,47542.484375,0.0,0.0,0.9199493527412415
2224,269.01392397115154,56164.90625,0.0,0.0,0.9199767112731934
2225,265.2583314279255,57476.0546875,0.0,0.0,0.9199891090393066
2226,225.10065715698624,40825.69921875,0.0,0.0,0.919981062412262
2227,234.48290011128697,45378.49609375,0.0,0.0,0.9199659824371338
2228,242.52465144686718,47328.87890625,0.0,0.0,0.9199355244636536
2229,246.9533624438213,52593.8046875,0.0,0.0,0.9199425578117371
2230,264.082065121349,57675.41015625,0.0,0.0,0.9199748635292053
2231,259.6381823996791,54197.54296875,0.0,0.0,0.9199759364128113
2232,211.25029591973922,37876.0078125,0.0,0.0,0.9199948906898499
2233,279.13291679038167,60961.859375,0.0,0.0,0.9199922680854797
2234,253.3922059657696,51616.5625,0.0,0.0,0.9199889302253723
2235,243.06540678092853,46810.15625,0.0,0.0,0.9199444651603699
2236,224.38596296467261,40878.04296875,0.0,0.0,0.9198887944221497
2237,243.19404718306583,46835.625,0.0,0.0,0.9197759032249451
2238,218.3474032864182,40616.1328125,0.0,0.0,0.9196984767913818
2239,214.4116390914339,39752.2265625,0.0,0.0,0.9196512699127197
2240,240.44726787870815,48095.3828125,0.0,0.0,0.9196219444274902
2241,224.81286179907045,40037.0859375,0.0,0.0,0.9195519089698792
2242,222.37558683946958,41932.53125,0.0,0.0,0.919499397277832
2243,237.85164433209604,45181.7265625,0.0,0.0,0.919427216053009
2244,213.41041400537523,36701.46484375,0.0,0.0,0.9193458557128906
2245,272.5851677024022,61250.38671875,0.0,0.0,0.9192985892295837
2246,221.87170492124883,39445.8671875,0.0,0.0,0.9192468523979187
2247,229.7805089191535,41981.21875,0.0,0.0,0.9191808700561523
2248,222.49787650338033,41274.97265625,0.0,0.0,0.9191381931304932
2249,248.19465489254466,52340.1171875,0.0,0.0,0.9191257357597351
2250,228.4348741167702,42140.4140625,0.0,0.0,0.9190936088562012
2251,234.6165507581736,42526.5703125,0.0,0.0,0.9190285801887512
2252,270.9654833287006,61058.71484375,0.0,0.0,0.9189861416816711
2253,226.5265107418495,42219.48046875,0.0,0.0,0.9189582467079163
2254,250.97403286865375,52692.453125,0.0,0.0,0.9189832806587219
2255,233.17966684479057,42580.0078125,0.0,0.0,0.9189973473548889
2256,249.350015871853,52687.625,0.0,0.0,0.9190555214881897
2257,216.77585308203305,37629.234375,0.0,0.0,0.9191021919250488
2258,235.17800413643528,42879.92578125,0.0,0.0,0.9191009998321533
2259,255.564898052328,53152.51953125,0.0,0.0,0.9191057682037354
2260,252.1858955191241,50986.37109375,0.0,0.0,0.9191078543663025
2261,245.15266996295333,45613.68359375,0.0,0.0,0.9190593361854553
2262,243.22726944064732,46325.37109375,0.0,0.0,0.9190180897712708
2263,255.94201541450062,52742.60546875,0.0,0.0,0.9190033078193665
2264,272.7746177965661,56505.515625,0.0,0.0,0.9189651608467102
2265,241.89816386191038,46297.671875,0.0,0.0,0.9189233779907227
2266,273.6584201128565,56846.98828125,0.0,0.0,0.9188745617866516
2267,236.9732316789504,41248.46875,0.0,0.0,0.9187878966331482
2268,235.65241531919537,44866.72265625,0.0,0.0,0.9187183976173401
2269,238.2443705937342,43408.9296875,0.0,0.0,0.918652355670929
2270,255.66419147029194,52567.35546875,0.0,0.0,0.9186188578605652
2271,233.1780246582912,40168.234375,0.0,0.0,0.91853928565979
2272,257.9640602157709,52864.9921875,0.0,0.0,0.918487012386322
2273,235.22370237137454,42401.37890625,0.0,0.0,0.9184275269508362
2274,221.52517198947976,38900.9296875,0.0,0.0,0.9183717370033264
2275,223.3361548628484,38375.296875,0.0,0.0,0.918295681476593
2276,226.80171643978176,39853.46875,0.0,0.0,0.9181998372077942
2277,231.0597181205084,42923.6796875,0.0,0.0,0.918106734752655
2278,233.2954469510725,43300.65234375,0.0,0.0,0.9180471301078796
2279,216.8168454920382,39082.23046875,0.0,0.0,0.9180081486701965
2280,231.84719437948388,42808.5859375,0.0,0.0,0.917992889881134
2281,225.83314511024054,40155.71484375,0.0,0.0,0.9179756045341492
2282,213.9432176380756,37920.7734375,0.0,0.0,0.9179932475090027
2283,219.46205258720158,37720.1171875,0.0,0.0,0.9179970622062683
2284,231.97100772430298,42478.82421875,0.0,0.0,0.9180192947387695
2285,208.04333882291752,37643.8046875,0.0,0.0,0.9180713295936584
2286,222.27562367367443,38979.9375,0.0,0.0,0.9181113839149475
2287,220.84824529944996,38600.5703125,0.0,0.0,0.9181399941444397
2288,188.74689374504797,30994.05078125,0.0,0.0,0.918182909488678
2289,227.10004261521402,40551.171875,0.0,0.0,0.9182279706001282
2290,214.62901493028593,36705.98046875,0.0,0.0,0.9182543158531189
2291,221.3705698569082,38960.78515625,0.0,0.0,0.9182857871055603
2292,225.02489232409684,40625.671875,0.0,0.0,0.9183257222175598
2293,213.99490427644938,36386.890625,0.0,0.0,0.9183496832847595
2294,220.91933956391225,38072.25390625,0.0,0.0,0.9183617234230042
2295,199.3722624605208,32287.67578125,0.0,0.0,0.9183499217033386
2296,211.08126394115789,35846.5859375,0.0,0.0,0.9183323979377747
2297,223.9559167010156,40474.47265625,0.0,0.0,0.9183335304260254
2298,232.50920949290844,43796.34375,0.0,0.0,0.9183741211891174
2299,224.37269682035486,39002.0859375,0.0,0.0,0.9183816909790039
2300,223.04387386110685,39058.96484375,0.0,0.0,0.9183747172355652
2301,210.10766773368113,36247.515625,0.0,0.0,0.9183707237243652
2302,225.2649940950821,39118.48828125,0.0,0.0,0.9183381199836731
2303,229.23770269034372,43089.59375,0.0,0.0,0.9183316230773926
2304,211.4721047423192,37691.3515625,0.0,0.0,0.9183526635169983
2305,237.9922173017419,46869.87890625,0.0,0.0,0.9184159636497498
2306,222.22620614969432,38942.41796875,0.0,0.0,0.9184654355049133
2307,220.6900899289417,38451.20703125,0.0,0.0,0.9184914231300354
2308,221.16912189210936,39597.89453125,0.0,0.0,0.9185418486595154
2309,230.3050658662926,41844.85546875,0.0,0.0,0.9186081886291504
2310,225.2372376425184,38636.5078125,0.0,0.0,0.9186206459999084
2311,224.01693474540266,38393.92578125,0.0,0.0,0.9186026453971863
2312,225.67719102530504,40307.5859375,0.0,0.0,0.9185803532600403
2313,223.97353702936095,41584.9765625,0.0,0.0,0.9185882210731506
2314,200.77106575682072,36047.6484375,0.0,0.0,0.9186382293701172
2315,226.0985157157935,40498.55078125,0.0,0.0,0.9186909198760986
2316,211.08409092813727,36514.70703125,0.0,0.0,0.9187334179878235
2317,215.57160589748207,37153.015625,0.0,0.0,0.9187601208686829
2318,211.6621300434596,38138.13671875,0.0,0.0,0.9188051819801331
2319,206.035556711107,33742.640625,0.0,0.0,0.9188163876533508
2320,222.49437445653558,36300.3984375,0.0,0.0,0.9187455773353577
2321,232.20455782165703,42842.515625,0.0,0.0,0.9186833500862122
2322,212.55092500896816,36537.265625,0.0,0.0,0.9186179637908936
2323,203.70465615241758,36385.85546875,0.0,0.0,0.9186010360717773
2324,211.64119398718844,35711.78515625,0.0,0.0,0.918567955493927
2325,223.97259117148897,41097.41015625,0.0,0.0,0.9185638427734375
2326,219.10850302742978,38263.3125,0.0,0.0,0.9185507297515869
2327,224.77437001120148,36933.359375,0.0,0.0,0.9184648990631104
2328,227.44554859856325,41902.84765625,0.0,0.0,0.9184040427207947
2329,229.2398076587791,40763.51953125,0.0,0.0,0.9183407425880432
2330,221.0629283734421,36493.0234375,0.0,0.0,0.9182227253913879
2331,221.28457611615377,40512.05859375,0.0,0.0,0.9181394577026367
2332,224.13868699395888,40215.0703125,0.0,0.0,0.9180839657783508
2333,229.23622401915597,38912.55859375,0.0,0.0,0.9179887175559998
2334,222.57301226153234,41735.6953125,0.0,0.0,0.9179568290710449
2335,227.34517637578898,39927.01171875,0.0,0.0,0.917896568775177
2336,205.15546578939248,34486.5234375,0.0,0.0,0.9178356528282166
2337,219.35621081747962,39716.66796875,0.0,0.0,0.9178106188774109
2338,222.03960579204335,38020.82421875,0.0,0.0,0.9177698493003845
2339,201.97566836139424,31418.169921875,0.0,0.0,0.9176653027534485
2340,222.72388751102383,40118.99609375,0.0,0.0,0.9175809025764465
2341,222.0613171598507,36848.81640625,0.0,0.0,0.9174356460571289
2342,225.27199186537123,40299.40625,0.0,0.0,0.9173181653022766
2343,197.5355408434279,34122.83203125,0.0,0.0,0.9172441363334656
2344,214.12201929882286,36798.703125,0.0,0.0,0.9171825051307678
2345,208.66314035044894,36990.64453125,0.0,0.0,0.917136013507843
2346,226.7404751768028,39796.98828125,0.0,0.0,0.9170801639556885
2347,230.08507309721776,39839.203125,0.0,0.0,0.9169897437095642
2348,231.60089102624926,40267.578125,0.0,0.0,0.9168650507926941
2349,228.43231010972792,42252.671875,0.0,0.0,0.9168009757995605
2350,237.66663949673904,45622.02734375,0.0,0.0,0.9167763590812683
2351,235.11706071196767,42558.23046875,0.0,0.0,0.9167588353157043
2352,228.45742885726582,38912.3984375,0.0,0.0,0.9166690707206726
2353,218.4695710211172,38574.52734375,0.0,0.0,0.9166012406349182
2354,227.18592105880842,40453.58203125,0.0,0.0,0.9165475964546204
2355,229.16186327853143,39174.7421875,0.0,0.0,0.9164311289787292
2356,221.166336484962,40447.33984375,0.0,0.0,0.9163796901702881
2357,228.48317944454044,41032.44921875,0.0,0.0,0.9163476824760437
2358,230.2965398639402,42633.2734375,0.0,0.0,0.9163293838500977
2359,222.7921943314659,40988.9375,0.0,0.0,0.9163281917572021
2360,231.40240466456348,41018.23828125,0.0,0.0,0.9163044095039368
2361,227.5122680139339,42710.32421875,0.0,0.0,0.9163289070129395
2362,230.98486393845297,41306.875,0.0,0.0,0.9163322448730469
2363,224.5838830249167,37551.28515625,0.0,0.0,0.9162991046905518
2364,227.0649354317526,42098.73828125,0.0,0.0,0.9162931442260742
2365,236.30357235305647,44782.13671875,0.0,0.0,0.9162874221801758
2366,221.78997577259992,36298.140625,0.0,0.0,0.9162175059318542
2367,226.39464249002862,39806.26171875,0.0,0.0,0.9161272048950195
2368,228.2404938853314,40899.42578125,0.0,0.0,0.9160429835319519
2369,224.96066929883395,39421.4765625,0.0,0.0,0.915947437286377
2370,223.79054017870985,40242.08984375,0.0,0.0,0.915867030620575
2371,239.63638374236936,46008.3359375,0.0,0.0,0.9157860279083252
2372,223.50621865169666,38980.90625,0.0,0.0,0.9156933426856995
2373,223.07862204390935,41149.2265625,0.0,0.0,0.9156489968299866
2374,239.5274990085297,44851.1796875,0.0,0.0,0.9155899882316589
2375,237.25273785765177,44992.18359375,0.0,0.0,0.9155328869819641
2376,241.12603013372737,48513.375,0.0,0.0,0.9155192971229553
2377,231.0553352675414,42492.9765625,0.0,0.0,0.9154929518699646
2378,239.93608019069305,46525.15234375,0.0,0.0,0.9154821038246155
2379,232.7334539646592,42958.50390625,0.0,0.0,0.9154760241508484
2380,233.95716092165756,43554.07421875,0.0,0.0,0.9154658913612366
2381,221.3534790849371,38431.91015625,0.0,0.0,0.9154460430145264
2382,259.9474241008683,52456.96875,0.0,0.0,0.9153804779052734
2383,235.78348841435735,44357.65625,0.0,0.0,0.9153202176094055
2384,238.86755288087588,44000.9609375,0.0,0.0,0.9152534604072571
2385,246.71444267108237,49443.46484375,0.0,0.0,0.9151971936225891
2386,269.15856400071704,59486.2109375,0.0,0.0,0.9152037501335144
2387,241.3861333358234,46249.1328125,0.0,0.0,0.9152114987373352
2388,229.88228909091936,41438.86328125,0.0,0.0,0.9152176976203918
2389,238.25130256484132,45804.953125,0.0,0.0,0.9152369499206543
2390,233.72413495074102,42204.8984375,0.0,0.0,0.9152240753173828
2391,235.58935736698015,41472.66015625,0.0,0.0,0.9151882529258728
2392,229.02909000833407,41434.609375,0.0,0.0,0.9151464104652405
2393,238.82521002982958,43678.71875,0.0,0.0,0.9150598049163818
2394,249.63357098531964,46581.96484375,0.0,0.0,0.9149580001831055
2395,240.81307876905882,44511.49609375,0.0,0.0,0.9148769378662109
2396,248.95260079116937,48926.4453125,0.0,0.0,0.9148103594779968
2397,247.36745476133376,49118.0234375,0.0,0.0,0.9147751927375793
2398,243.01374872777748,44629.125,0.0,0.0,0.9147438406944275
2399,233.81951363253165,40004.01953125,0.0,0.0,0.9146693348884583
2400,216.80335789013475,37875.43359375,0.0,0.0,0.9145992398262024
2401,254.25089111805315,49515.98828125,0.0,0.0,0.9145018458366394
2402,271.5659419348283,55809.421875,0.0,0.0,0.9143723845481873
2403,233.09753399842833,45406.6171875,0.0,0.0,0.9142794609069824
2404,229.62351493457217,41514.50390625,0.0,0.0,0.9141958355903625
2405,247.1644075572279,47085.265625,0.0,0.0,0.9141101241111755
2406,231.07117790683367,41774.4375,0.0,0.0,0.9140384793281555
2407,240.35909400243892,47684.9375,0.0,0.0,0.913994312286377
2408,221.37050974635974,40713.71484375,0.0,0.0,0.9139595627784729
2409,245.05483304415966,44962.09375,0.0,0.0,0.9139000773429871
2410,239.76075458667208,46468.55078125,0.0,0.0,0.9138821959495544
2411,236.61915767385622,45561.70703125,0.0,0.0,0.9138690829277039
2412,194.0802128833939,32366.875,0.0,0.0,0.9138703346252441
2413,248.24438449512502,49197.515625,0.0,0.0,0.9138888716697693
2414,257.00381676356506,56113.578125,0.0,0.0,0.9139593243598938
2415,232.43806776860407,42150.234375,0.0,0.0,0.9140445590019226
2416,236.07464757887223,43593.49609375,0.0,0.0,0.914100170135498
2417,229.0141202036782,41992.671875,0.0,0.0,0.9141693711280823
2418,205.81460669651787,35308.7890625,0.0,0.0,0.9142534136772156
2419,249.33452995477433,48218.11328125,0.0,0.0,0.9143421053886414
2420,215.35430892844926,38490.2578125,0.0,0.0,0.9144331812858582
2421,211.2404357614617,35779.359375,0.0,0.0,0.9144995212554932
2422,233.3645740281152,45562.18359375,0.0,0.0,0.9146015644073486
2423,202.70702543501991,34559.015625,0.0,0.0,0.9147116541862488
2424,221.32524294730817,38718.14453125,0.0,0.0,0.9147894382476807
2425,238.51571735591733,44734.51953125,0.0,0.0,0.9148762226104736
2426,233.03936817338715,40803.71484375,0.0,0.0,0.9149148464202881
2427,225.30582914812294,38264.8828125,0.0,0.0,0.9148667454719543
2428,240.94779274029162,45916.71484375,0.0,0.0,0.914801299571991
2429,215.2816373312723,36849.921875,0.0,0.0,0.9147335886955261
2430,242.005194718013,47696.85546875,0.0,0.0,0.9147686958312988
2431,230.2450509129996,40825.2421875,0.0,0.0,0.9147615432739258
2432,212.1821259364065,35781.265625,0.0,0.0,0.9147067666053772
2433,217.81487567675796,38110.0234375,0.0,0.0,0.9146217703819275
2434,197.98720310086486,32362.80859375,0.0,0.0,0.9145296216011047
2435,260.2263174567978,56066.17578125,0.0,0.0,0.9145317077636719
2436,240.92856370109644,48031.625,0.0,0.0,0.9146175384521484
2437,252.735564375506,51518.86328125,0.0,0.0,0.9146904349327087
2438,241.6484386796954,48459.640625,0.0,0.0,0.9148281216621399
2439,247.81203635735713,49009.73828125,0.0,0.0,0.9149263501167297
2440,252.56788394212515,49563.40625,0.0,0.0,0.9149481654167175
2441,225.62726149339096,40734.8359375,0.0,0.0,0.9149786829948425
2442,244.7273258112,50376.5859375,0.0,0.0,0.9150732159614563
2443,218.14633315285968,38751.6015625,0.0,0.0,0.9151554703712463
2444,243.10403213480905,47568.703125,0.0,0.0,0.9152634143829346
2445,247.95120868622465,47556.75,0.0,0.0,0.9153476357460022
2446,250.7871919978848,47072.16015625,0.0,0.0,0.9153950214385986
2447,295.20577152701316,69238.1953125,0.0,0.0,0.9154710173606873
2448,232.14817377857725,42972.453125,0.0,0.0,0.9155233502388
2449,246.77986519757803,47457.203125,0.0,0.0,0.9155543446540833
2450,254.9970754768088,49095.45703125,0.0,0.0,0.9155406355857849
2451,280.8914909918603,61717.21484375,0.0,0.0,0.9155319333076477
2452,249.89530646501444,52656.46875,0.0,0.0,0.9155604839324951
2453,279.16205468212826,58675.74609375,0.0,0.0,0.9155304431915283
2454,259.2638097065271,53064.55859375,0.0,0.0,0.9155066013336182
2455,281.2509356065359,61516.58984375,0.0,0.0,0.9154736995697021
2456,260.7953367899602,54720.3203125,0.0,0.0,0.9154598116874695
2457,254.59759875320032,50619.8203125,0.0,0.0,0.9154508113861084
2458,245.63333201040865,43769.51953125,0.0,0.0,0.9153800010681152
2459,251.6498647076517,46888.96875,0.0,0.0,0.9152819514274597
2460,296.03909394870385,67374.0859375,0.0,0.0,0.9151867032051086
2461,269.9566926825521,58855.25,0.0,0.0,0.9151330590248108
2462,298.1641830714495,67410.9609375,0.0,0.0,0.9150753021240234
2463,281.3089034531802,61570.83203125,0.0,0.0,0.9150245785713196
2464,258.7945607701258,50069.7890625,0.0,0.0,0.9149309992790222
2465,271.9762902514644,58980.8359375,0.0,0.0,0.9148478507995605
2466,268.36284501510505,55407.0859375,0.0,0.0,0.914763867855072
2467,266.3965525218885,54447.1484375,0.0,0.0,0.9146369099617004
2468,264.386529223803,54623.1796875,0.0,0.0,0.914516270160675
2469,248.7749865274758,48657.3828125,0.0,0.0,0.9144082069396973
2470,254.84232569204823,52738.390625,0.0,0.0,0.9143552780151367
2471,252.17260898436956,50858.7109375,0.0,0.0,0.9143182635307312
2472,222.04477277158284,38092.65625,0.0,0.0,0.9142623543739319
2473,242.527032850145,46645.51953125,0.0,0.0,0.9141986966133118
2474,243.96650295383677,49606.80859375,0.0,0.0,0.9141711592674255
2475,277.559596437183,58901.5078125,0.0,0.0,0.9141059517860413
2476,245.63385310975684,47242.84765625,0.0,0.0,0.9140186905860901
2477,275.4544489502551,61879.953125,0.0,0.0,0.913992166519165
2478,248.0341156002957,49452.9375,0.0,0.0,0.9139685034751892
2479,232.72970643347588,45644.0703125,0.0,0.0,0.9139897227287292
2480,228.38238475799128,42689.375,0.0,0.0,0.9140074849128723
2481,225.06156826482626,42346.890625,0.0,0.0,0.9140496850013733
2482,236.6107206207286,45630.4375,0.0,0.0,0.9140854477882385
2483,216.6015685889145,37932.75,0.0,0.0,0.9140901565551758
2484,214.76098046262888,38364.48828125,0.0,0.0,0.9140997529029846
2485,228.6890352709747,43034.6796875,0.0,0.0,0.9140958786010742
2486,213.3650146654529,40065.1875,0.0,0.0,0.9141266942024231
2487,209.28779305456666,35510.96875,0.0,0.0,0.9141401648521423
2488,208.63654389819837,36812.6015625,0.0,0.0,0.9141479134559631
2489,210.23900804386503,38099.3046875,0.0,0.0,0.9141706824302673
2490,219.7600501281768,40334.7578125,0.0,0.0,0.9141766428947449
2491,209.40315970897672,36596.2109375,0.0,0.0,0.9141780734062195
2492,203.13932300523237,34575.84765625,0.0,0.0,0.9141433835029602
2493,204.18553502849008,36022.00390625,0.0,0.0,0.9141151309013367
2494,123.89106454778236,16145.927734375,0.0,0.0,0.9140796661376953
2495,212.759049364762,37986.25390625,0.0,0.0,0.9140319228172302
2496,198.29000833369992,35878.30078125,0.0,0.0,0.9140408635139465
2497,206.2236912181671,37176.44921875,0.0,0.0,0.9140580296516418
2498,109.10831449863294,13989.392578125,0.0,0.0,0.9141077995300293
2499,132.29475202695227,18073.90234375,0.0,0.0,0.9141369462013245
2500,200.24261866367485,35082.05859375,0.0,0.0,0.9141680598258972
2501,201.0996666311671,33607.66796875,0.0,0.0,0.9141495823860168
2502,204.70025779907118,35387.90234375,0.0,0.0,0.9141209721565247
2503,87.82940639136987,9242.181640625,0.0,0.0,0.9140825867652893
2504,71.87488038004237,7366.86474609375,0.0,0.0,0.9141061902046204
2505,87.09127263300316,10397.5361328125,0.0,0.0,0.9142038822174072
2506,78.47647053531071,8332.263671875,0.0,0.0,0.9143173694610596
2507,106.835084441333,13753.873046875,0.0,0.0,0.9144859910011292
2508,99.0096643613375,11026.890625,0.0,0.0,0.9146102070808411
2509,80.11798361632937,8027.669921875,0.0,0.0,0.914707362651825
2510,125.90018511459577,17752.55859375,0.0,0.0,0.9148271679878235
2511,69.36142683739384,6418.8134765625,0.0,0.0,0.9149225354194641
2512,62.13912348233468,5543.4482421875,0.0,0.0,0.9150161147117615
2513,67.83815129449918,6692.705078125,0.0,0.0,0.9151361584663391
2514,139.54797113340396,19648.65234375,0.0,0.0,0.9152330756187439
2515,63.93448798857445,5243.2744140625,0.0,0.0,0.9152670502662659
2516,57.435382597760906,5328.4833984375,0.0,0.0,0.9153149127960205
2517,73.82280579212357,7369.677734375,0.0,0.0,0.9153649210929871
2518,200.70415056189904,35188.76171875,0.0,0.0,0.915410041809082
2519,201.00409795027122,35895.98046875,0.0,0.0,0.9154541492462158
2520,100.71041607156673,12277.4580078125,0.0,0.0,0.9155101180076599
2521,196.42398008989613,33902.72265625,0.0,0.0,0.9155621528625488
2522,74.10840783321596,7417.48095703125,0.0,0.0,0.915622889995575
2523,95.07673877305977,10979.9228515625,0.0,0.0,0.9156899452209473
2524,130.80472695490462,18182.794921875,0.0,0.0,0.915744960308075
2525,98.42122097734921,10109.7294921875,0.0,0.0,0.9157245755195618
2526,203.09668549593522,38225.921875,0.0,0.0,0.9157490134239197
2527,203.55302829435044,34268.52734375,0.0,0.0,0.9157304763793945
2528,100.00060001594058,11176.822265625,0.0,0.0,0.9156872630119324
2529,235.30010505702222,46219.078125,0.0,0.0,0.9156262874603271
2530,206.30577804271343,37510.13671875,0.0,0.0,0.9155980944633484
2531,205.2904573359567,36706.03515625,0.0,0.0,0.9155837893486023
2532,121.75603533596971,17009.099609375,0.0,0.0,0.9156045913696289
2533,208.39102839808953,36898.69921875,0.0,0.0,0.9156152606010437
2534,210.31080332353235,37524.13671875,0.0,0.0,0.9156128764152527
2535,219.26212591555347,40754.6328125,0.0,0.0,0.9156056046485901
2536,208.98065084263237,36860.4921875,0.0,0.0,0.9155921936035156
2537,272.7017747516467,60631.16015625,0.0,0.0,0.9155816435813904
2538,239.87787972290172,46632.203125,0.0,0.0,0.9155368804931641
2539,235.80108767511376,45988.984375,0.0,0.0,0.915473461151123
2540,236.20302559581515,46493.3515625,0.0,0.0,0.9154172539710999
2541,249.51719697743647,49661.078125,0.0,0.0,0.9153026938438416
2542,222.50085773608464,39416.10546875,0.0,0.0,0.9151499271392822
2543,262.2627401503055,55425.921875,0.0,0.0,0.9149855971336365
2544,262.30861455310793,54618.57421875,0.0,0.0,0.9147922992706299
2545,307.1544356559781,71331.65625,0.0,0.0,0.9145789742469788
2546,254.74687047188982,52340.06640625,0.0,0.0,0.9143667221069336
2547,289.2455400667239,66198.5859375,0.0,0.0,0.9141592383384705
2548,270.39775807308047,58447.078125,0.0,0.0,0.9139363765716553
2549,145.66287685252698,22575.423828125,0.0,0.0,0.9137185215950012
2550,248.83105197554852,50468.08203125,0.0,0.0,0.9134958386421204
2551,323.44352931355746,77172.7734375,0.0,0.0,0.9132229685783386
2552,188.87380876205265,37050.66015625,0.0,0.0,0.9130077958106995
2553,252.14302636339457,51961.45703125,0.0,0.0,0.9128117561340332
2554,157.77539886928008,27458.060546875,0.0,0.0,0.9126579761505127
2555,299.19136798753107,70357.4140625,0.0,0.0,0.9124963283538818
2556,293.8334108563787,70392.875,0.0,0.0,0.912375271320343
2557,181.69056196306929,32872.5703125,0.0,0.0,0.9122664928436279
2558,251.22937177882454,57611.40625,0.0,0.0,0.9122159481048584
2559,328.5618085126576,85062.5234375,0.0,0.0,0.9122285842895508
2560,172.65395842538635,30452.912109375,0.0,0.0,0.9122267365455627
2561,279.52043456117303,62951.890625,0.0,0.0,0.912229061126709
2562,290.89853418559653,67532.71875,0.0,0.0,0.912217915058136
2563,129.37174855674866,20042.73828125,0.0,0.0,0.9122278690338135
2564,341.7500327455357,92738.84375,0.0,0.0,0.9123325943946838
2565,269.1736520670818,60704.0625,0.0,0.0,0.9124400019645691
2566,305.89171523267436,74514.1875,0.0,0.0,0.9125517010688782
2567,277.65993050501226,64116.10546875,0.0,0.0,0.9126595854759216
2568,288.9785865468473,65177.48046875,0.0,0.0,0.912741482257843
2569,306.9180774395654,76089.390625,0.0,0.0,0.9128474593162537
2570,283.40252757933666,65704.4609375,0.0,0.0,0.9129557609558105
2571,414.3812747171456,113650.09375,0.0,0.0,0.9130055904388428
2572,306.19096824189154,76479.1328125,0.0,0.0,0.9130824208259583
2573,240.9087462649976,53333.81640625,0.0,0.0,0.9131598472595215
2574,283.3962148129205,65087.046875,0.0,0.0,0.9132136702537537
2575,290.7010093665179,67848.890625,0.0,0.0,0.9132487773895264
2576,269.5085626293658,59561.0546875,0.0,0.0,0.9132812023162842
2577,293.5191090859184,68849.3671875,0.0,0.0,0.9133121967315674
2578,259.2070353193853,55071.02734375,0.0,0.0,0.9132924675941467
2579,343.8831184232948,87439.8046875,0.0,0.0,0.9132558703422546
2580,294.2104885729833,69333.5546875,0.0,0.0,0.9132285118103027
2581,285.07076589509865,67014.7578125,0.0,0.0,0.9132471680641174
2582,262.8870876815652,59233.66015625,0.0,0.0,0.9132341742515564
2583,290.98379260341477,67511.5546875,0.0,0.0,0.9132183194160461
2584,316.19088740335263,77165.5390625,0.0,0.0,0.9132099747657776
2585,272.3182116443138,60133.6015625,0.0,0.0,0.9131919741630554
2586,154.72395826244693,23950.97265625,0.0,0.0,0.9130814671516418
2587,260.0842624945753,55476.84375,0.0,0.0,0.9129751324653625
2588,304.33036569786873,74714.7890625,0.0,0.0,0.9129099249839783
2589,282.63619647771435,67756.4375,0.0,0.0,0.9128978252410889
2590,307.5913839974438,76453.734375,0.0,0.0,0.9129214286804199
2591,273.7317392463984,60176.1796875,0.0,0.0,0.9129320979118347
2592,298.14796707437324,67727.0546875,0.0,0.0,0.9128692746162415
2593,266.52088142609585,56666.3046875,0.0,0.0,0.9127857089042664
2594,274.68632264014354,61129.015625,0.0,0.0,0.9127137064933777
2595,289.92512438694575,68000.171875,0.0,0.0,0.9126742482185364
2596,285.26324863000866,64544.796875,0.0,0.0,0.9126222729682922
2597,291.63798944929357,66971.96875,0.0,0.0,0.9125369191169739
2598,331.0414951594731,83185.734375,0.0,0.0,0.9124594330787659
2599,287.8745554622122,69059.0703125,0.0,0.0,0.9124645590782166
2600,277.12565545009875,63243.26953125,0.0,0.0,0.9125142097473145
2601,286.7250552306959,67491.0,0.0,0.0,0.9125774502754211
2602,305.7191859853892,72355.2890625,0.0,0.0,0.9126362204551697
2603,272.0341180983245,60146.09375,0.0,0.0,0.9126827120780945
2604,278.1844309312707,64167.109375,0.0,0.0,0.9127466678619385
2605,291.22624653346435,64490.640625,0.0,0.0,0.91274094581604
2606,294.7802742167463,69572.046875,0.0,0.0,0.9127678275108337
2607,281.181135363759,62818.984375,0.0,0.0,0.9127934575080872
2608,309.6134183070248,75283.171875,0.0,0.0,0.9128584861755371
2609,367.3197299742035,95369.609375,0.0,0.0,0.9129002690315247
2610,311.78152207169427,71735.234375,0.0,0.0,0.912860631942749
2611,277.17230059892836,61332.8984375,0.0,0.0,0.9128052592277527
2612,306.4977862163953,73356.1875,0.0,0.0,0.9127635955810547
2613,301.21171837073797,70372.0625,0.0,0.0,0.9126976132392883
2614,286.23357942826493,71651.234375,0.0,0.0,0.9127621054649353
2615,296.9230501028052,69384.7421875,0.0,0.0,0.912818431854248
2616,486.2854149849341,145624.46875,0.0,0.0,0.9128844738006592
2617,322.93071405705604,82249.9453125,0.0,0.0,0.912971019744873
2618,277.947840117889,62070.765625,0.0,0.0,0.9130544662475586
2619,295.6070500140018,70183.7109375,0.0,0.0,0.9131672978401184
2620,301.45320668633366,69406.234375,0.0,0.0,0.9132278561592102
2621,407.3195979116446,114209.0390625,0.0,0.0,0.9133021235466003
2622,330.5147270723379,79687.4296875,0.0,0.0,0.9133374094963074
2623,292.32764165170556,67398.34375,0.0,0.0,0.9133713245391846
2624,340.02963234342644,86359.96875,0.0,0.0,0.9133918285369873
2625,301.76048805826616,73836.5625,0.0,0.0,0.9134548306465149
2626,325.4736679416649,79321.3046875,0.0,0.0,0.9134792685508728
2627,338.7869587704447,86841.734375,0.0,0.0,0.9135057926177979
2628,298.4107577091304,69368.34375,0.0,0.0,0.9135001301765442
2629,297.34071761591935,71405.796875,0.0,0.0,0.9135167598724365
2630,290.3745830501379,71179.0703125,0.0,0.0,0.9136248230934143
2631,285.7423142825422,65508.2890625,0.0,0.0,0.913722813129425
2632,312.651237081148,77069.9609375,0.0,0.0,0.9138429760932922
2633,308.5666268084933,74244.484375,0.0,0.0,0.9139273166656494
2634,306.1317627698181,76457.1328125,0.0,0.0,0.9140334129333496
2635,298.65785039154116,69280.890625,0.0,0.0,0.9140994548797607
2636,280.3719536599777,65338.51953125,0.0,0.0,0.9141944050788879
2637,324.8250609595897,81397.140625,0.0,0.0,0.9142653346061707
2638,301.14406070232417,73575.0546875,0.0,0.0,0.9143816828727722
2639,280.559892563953,62438.63671875,0.0,0.0,0.9144792556762695
2640,350.17072823486336,93098.2421875,0.0,0.0,0.914592444896698
2641,275.9885924326543,64957.09375,0.0,0.0,0.9147396683692932
2642,297.63694699948576,70381.8984375,0.0,0.0,0.914879322052002
2643,304.37880817010597,72284.5859375,0.0,0.0,0.9149975776672363
2644,291.4433931144923,64536.9140625,0.0,0.0,0.915020763874054
2645,308.01666361788955,75020.3125,0.0,0.0,0.9150514602661133
2646,299.7250768151794,71642.5,0.0,0.0,0.9150757193565369
2647,313.883768771285,74692.609375,0.0,0.0,0.9150681495666504
2648,349.7598233274906,89626.8125,0.0,0.0,0.9150285720825195
2649,287.5641781349256,67612.53125,0.0,0.0,0.9150012135505676
2650,280.32978102145046,67653.2109375,0.0,0.0,0.9150637984275818
2651,342.605666862369,85958.328125,0.0,0.0,0.9150803685188293
2652,324.56836870545806,84955.09375,0.0,0.0,0.915174663066864
2653,344.4538132417041,85149.8203125,0.0,0.0,0.9152064323425293
2654,308.1660232061899,76672.796875,0.0,0.0,0.9152490496635437
2655,318.8933038109554,80350.1171875,0.0,0.0,0.9152596592903137
2656,237.11951291055638,55171.4765625,0.0,0.0,0.9153043627738953
2657,320.9024224469528,78077.234375,0.0,0.0,0.9153106808662415
2658,341.72827049011266,88209.796875,0.0,0.0,0.9153122305870056
2659,317.0270615201567,77706.9609375,0.0,0.0,0.9152927398681641
2660,306.5542165175898,78461.5390625,0.0,0.0,0.915294349193573
2661,309.9695822802002,75997.6640625,0.0,0.0,0.9152680039405823
2662,264.52335535986543,62912.546875,0.0,0.0,0.9152724742889404
2663,353.16257808549227,88313.9375,0.0,0.0,0.9151683449745178
2664,309.64637430268914,74947.453125,0.0,0.0,0.9150487780570984
2665,285.6078831738523,72423.609375,0.0,0.0,0.9149883389472961
2666,341.22922789697435,87001.984375,0.0,0.0,0.9149096608161926
2667,368.9814605961211,98343.34375,0.0,0.0,0.9147884845733643
2668,230.4569402600693,50930.76171875,0.0,0.0,0.9146669507026672
2669,349.2908464959734,91653.890625,0.0,0.0,0.9145452976226807
2670,338.0837750026677,89128.6875,0.0,0.0,0.9144387245178223
2671,364.4411454772755,101785.9453125,0.0,0.0,0.9144082069396973
2672,409.95103511370365,115796.5703125,0.0,0.0,0.9143877029418945
2673,298.89460609648165,74107.484375,0.0,0.0,0.9143381118774414
2674,405.3914183528119,113907.609375,0.0,0.0,0.9142709374427795
2675,332.7029665263152,83825.140625,0.0,0.0,0.9141674637794495
2676,179.67091707263728,33979.05078125,0.0,0.0,0.9140388369560242
2677,367.03239187777683,97390.78125,0.0,0.0,0.9139187932014465
2678,355.8392629539782,96459.875,0.0,0.0,0.913830578327179
2679,345.14526985204157,88441.0546875,0.0,0.0,0.9136940836906433
2680,372.1965360759444,99522.8984375,0.0,0.0,0.9135510325431824
2681,326.80745388160653,85561.1796875,0.0,0.0,0.9134225845336914
2682,489.64891148181323,143788.375,0.0,0.0,0.9132201075553894
2683,424.14504243407526,124120.2421875,0.0,0.0,0.9130879044532776
2684,364.37940533489916,96416.4609375,0.0,0.0,0.9129427075386047
2685,320.2461775576738,83058.8671875,0.0,0.0,0.912881076335907
2686,328.94141775654504,81394.828125,0.0,0.0,0.9127607345581055
2687,332.4669474507759,85541.03125,0.0,0.0,0.9126596450805664
2688,355.5114157092313,94079.15625,0.0,0.0,0.912562370300293
2689,327.17553482879646,82106.7734375,0.0,0.0,0.9124493598937988
2690,351.38623298686224,94187.1015625,0.0,0.0,0.9123740792274475
2691,372.7961333588846,99207.9375,0.0,0.0,0.9122807383537292
2692,308.529053523525,75553.625,0.0,0.0,0.9122106432914734
2693,275.6393801088392,61600.5,0.0,0.0,0.9121301174163818
2694,311.07172903840245,74559.5859375,0.0,0.0,0.9120194315910339
2695,309.90911943121,77770.484375,0.0,0.0,0.9119462370872498
2696,326.2969738559718,81140.6484375,0.0,0.0,0.9118528366088867
2697,310.26403878813267,75136.1953125,0.0,0.0,0.9117879867553711
2698,385.55430844623953,106246.8515625,0.0,0.0,0.9117353558540344
2699,315.00612493876076,76355.6640625,0.0,0.0,0.9116888046264648
2700,314.0799906606254,76900.3984375,0.0,0.0,0.911672055721283
2701,285.4501739098893,66535.8984375,0.0,0.0,0.9116554260253906
2702,289.7027572270317,64369.87109375,0.0,0.0,0.9115989804267883
2703,269.8229458277486,59500.4453125,0.0,0.0,0.9115574955940247
2704,304.8879305831154,72490.84375,0.0,0.0,0.9115199446678162
2705,281.8464552288898,62946.69921875,0.0,0.0,0.911475419998169
2706,301.49472830773794,74049.0234375,0.0,0.0,0.9114947319030762
2707,265.49788273752114,59946.71484375,0.0,0.0,0.9115329384803772
2708,291.39675256884385,69816.9296875,0.0,0.0,0.91158527135849
2709,316.51869966174354,78659.640625,0.0,0.0,0.9116927981376648
2710,289.78334550634924,67728.015625,0.0,0.0,0.9117853045463562
2711,273.4214576984453,63056.09765625,0.0,0.0,0.9119160771369934
2712,266.1856811085577,56976.3828125,0.0,0.0,0.9119930267333984
2713,268.6530414809208,59643.0859375,0.0,0.0,0.9120745658874512
2714,265.94904556656337,59199.67578125,0.0,0.0,0.9121965765953064
2715,273.1447479479886,62099.76953125,0.0,0.0,0.9123117327690125
2716,268.96667881092003,57972.71484375,0.0,0.0,0.9123980402946472
2717,294.6042930569933,68960.4296875,0.0,0.0,0.9124746322631836
2718,272.86737156050344,57153.359375,0.0,0.0,0.9125232696533203
2719,243.8318998756681,47958.65625,0.0,0.0,0.9125035405158997
2720,287.54455342928406,63115.7890625,0.0,0.0,0.9124323725700378
2721,283.8936897515877,63374.6015625,0.0,0.0,0.9123533368110657
2722,277.78703532647086,60396.9296875,0.0,0.0,0.9122493267059326
2723,276.2108993933113,59820.7265625,0.0,0.0,0.9121279716491699
2724,266.4823443828973,58689.91796875,0.0,0.0,0.9120281338691711
2725,251.02973273073812,52489.89453125,0.0,0.0,0.9119551777839661
2726,260.00879410244335,57899.31640625,0.0,0.0,0.9119132161140442
2727,261.20687057530176,54926.6328125,0.0,0.0,0.9118444919586182
2728,273.9918431487586,58902.1171875,0.0,0.0,0.911736011505127
2729,287.98766722463245,66754.3046875,0.0,0.0,0.9116513729095459
2730,266.401941400599,56528.921875,0.0,0.0,0.9115517735481262
2731,267.91398970476996,58944.78125,0.0,0.0,0.9114678502082825
2732,262.7324132040122,58093.4296875,0.0,0.0,0.9114246964454651
2733,272.3925057106791,63522.41796875,0.0,0.0,0.911464273929596
2734,258.7587791921066,56217.28515625,0.0,0.0,0.911546528339386
2735,292.54288460058564,67628.84375,0.0,0.0,0.9116098880767822
2736,279.91237096875966,62892.5546875,0.0,0.0,0.9116668701171875
2737,291.76128558387,67672.09375,0.0,0.0,0.9117295145988464
2738,280.6068164657714,61029.97265625,0.0,0.0,0.9117212295532227
2739,273.80290850447835,58875.796875,0.0,0.0,0.9116590023040771
2740,301.3240243150171,71258.390625,0.0,0.0,0.9116019606590271
2741,316.3588895639876,76424.109375,0.0,0.0,0.9115409851074219
2742,283.4642263764562,65910.7890625,0.0,0.0,0.9115142822265625
2743,288.66642291846983,63116.68359375,0.0,0.0,0.911451518535614
2744,283.2318861093871,65133.5,0.0,0.0,0.911398708820343
2745,311.98885768417966,75395.921875,0.0,0.0,0.9113350510597229
2746,297.13223999020227,73349.8125,0.0,0.0,0.9113225936889648
2747,281.5671968098389,63463.6328125,0.0,0.0,0.9112837910652161
2748,315.6412581969919,77356.5625,0.0,0.0,0.9112560153007507
2749,297.4005400896657,69219.640625,0.0,0.0,0.9112196564674377
2750,297.7631493870688,70086.2734375,0.0,0.0,0.9111875891685486
2751,307.6887015056543,72806.7734375,0.0,0.0,0.9111182689666748
2752,332.6312031330331,85723.0390625,0.0,0.0,0.9110662341117859
2753,479.6470872193127,141521.65625,0.0,0.0,0.9110162854194641
2754,330.8884905892235,83244.9609375,0.0,0.0,0.9109728932380676
2755,364.73062457535735,98056.03125,0.0,0.0,0.9109727740287781
2756,323.0572098717245,81798.40625,0.0,0.0,0.9110136032104492
2757,371.00145316846067,100769.3359375,0.0,0.0,0.9110648036003113
2758,324.3015622864477,78998.3125,0.0,0.0,0.9110791087150574
2759,309.62562949245745,76892.7734375,0.0,0.0,0.9111371636390686
2760,376.88188559558876,99142.8984375,0.0,0.0,0.9111614227294922
2761,349.31517094186205,93300.34375,0.0,0.0,0.9112227559089661
2762,326.444422128341,82777.2890625,0.0,0.0,0.9112661480903625
2763,313.48897027605324,73946.7421875,0.0,0.0,0.9112605452537537
2764,310.44601404286135,75168.9296875,0.0,0.0,0.9112448692321777
2765,334.1805461751377,87440.421875,0.0,0.0,0.9112721085548401
2766,974.5266745637911,345332.5,0.0,0.0,0.9113261103630066
2767,325.51990891093754,80688.34375,0.0,0.0,0.911354124546051
2768,316.4883557320045,81938.90625,0.0,0.0,0.9114375114440918
2769,91.12614573789007,10376.369140625,0.0,0.0,0.9114787578582764
2770,333.06047985707033,82663.7890625,0.0,0.0,0.9114844799041748
2771,298.3326460646696,70689.5390625,0.0,0.0,0.9114763140678406
2772,297.5614158425939,71343.328125,0.0,0.0,0.9114810824394226
2773,307.45321377507673,74486.7578125,0.0,0.0,0.9114964604377747
2774,281.558036595241,63806.80078125,0.0,0.0,0.9114726185798645
2775,287.65598520642413,68420.921875,0.0,0.0,0.911473274230957
2776,299.0713277109217,72688.40625,0.0,0.0,0.911518394947052
2777,166.2523298904269,29420.400390625,0.0,0.0,0.9115774035453796
2778,152.92019677260222,25160.61328125,0.0,0.0,0.9116173386573792
2779,278.90125051294075,62300.01953125,0.0,0.0,0.911644697189331
2780,49.527769552862395,3803.4248046875,0.0,0.0,0.9116806983947754
2781,344.643498487355,91098.5703125,0.0,0.0,0.9117231965065002
2782,315.9592485523657,77069.34375,0.0,0.0,0.9117650389671326
2783,274.17958659358726,62005.7734375,0.0,0.0,0.9118102192878723
2784,230.56995146815868,48184.0859375,0.0,0.0,0.9118468761444092
2785,259.77001385374444,56234.140625,0.0,0.0,0.9118950963020325
2786,311.03175874924773,76870.1484375,0.0,0.0,0.9119595885276794
2787,262.4208373018351,57201.9296875,0.0,0.0,0.912020206451416
2788,283.6256877528404,64706.50390625,0.0,0.0,0.9120731353759766
2789,297.4870382332419,68942.734375,0.0,0.0,0.9121005535125732
2790,277.95886213738294,64413.15625,0.0,0.0,0.9121561050415039
2791,241.78185428552362,52125.875,0.0,0.0,0.9122489094734192
2792,259.7834151953802,56317.31640625,0.0,0.0,0.9123314023017883
2793,266.2437522717638,57983.32421875,0.0,0.0,0.9123933911323547
2794,247.15784756330171,48966.4609375,0.0,0.0,0.9124312400817871
2795,258.5036436933626,54155.62109375,0.0,0.0,0.9124459624290466
2796,263.92788175520195,55123.01171875,0.0,0.0,0.9124236106872559
2797,261.3993404993876,54512.86328125,0.0,0.0,0.9123647212982178
2798,293.01867332264044,66299.46875,0.0,0.0,0.9122578501701355
2799,270.9855577787878,57053.88671875,0.0,0.0,0.9121139049530029
2800,247.11147382849697,52558.44140625,0.0,0.0,0.9120153784751892
2801,232.5137825721414,44886.84375,0.0,0.0,0.9119364619255066
2802,242.81260461697337,48666.53515625,0.0,0.0,0.9118611216545105
2803,249.97739931373198,53927.43359375,0.0,0.0,0.9118306040763855
2804,250.11026165561594,51560.1171875,0.0,0.0,0.9117884635925293
2805,252.1412036052475,51021.3359375,0.0,0.0,0.9117270112037659
2806,253.72418635341396,52389.6328125,0.0,0.0,0.911668062210083
2807,266.720108660186,58624.55078125,0.0,0.0,0.9116385579109192
2808,262.1731364676441,54490.53515625,0.0,0.0,0.9116033911705017
2809,253.37003841456928,53044.32421875,0.0,0.0,0.911595344543457
2810,245.33431110730288,49977.5859375,0.0,0.0,0.9116012454032898
2811,257.18834748089614,50742.26953125,0.0,0.0,0.9115472435951233
2812,253.96345759702373,51160.34375,0.0,0.0,0.9114761352539062
2813,247.45684197896168,50053.77734375,0.0,0.0,0.9114099144935608
2814,45.509681338513005,3361.92138671875,0.0,0.0,0.9113695621490479
2815,249.0425425225415,48351.00390625,0.0,0.0,0.9112831950187683
2816,232.42026552910463,42563.84375,0.0,0.0,0.9111630320549011
2817,247.0117022560808,46365.5390625,0.0,0.0,0.9109835624694824
2818,258.2205680129624,55150.12109375,0.0,0.0,0.9108573794364929
2819,282.6054766799704,63199.6953125,0.0,0.0,0.9107547402381897
2820,243.51249603661077,47674.03515625,0.0,0.0,0.9106435179710388
2821,238.9922649724234,46513.953125,0.0,0.0,0.9105584025382996
2822,261.02100063445744,54339.828125,0.0,0.0,0.9104717373847961
2823,250.86075823304705,51446.265625,0.0,0.0,0.910404622554779
2824,233.71676461610417,41736.765625,0.0,0.0,0.9103034138679504
2825,226.67269479161462,42680.7734375,0.0,0.0,0.9102208018302917
2826,245.69886832163274,48182.19921875,0.0,0.0,0.9101157188415527
2827,233.92639219119815,43918.26953125,0.0,0.0,0.9099854826927185
2828,234.41095606621423,44307.55078125,0.0,0.0,0.9098653197288513
2829,237.36046245431942,45577.01171875,0.0,0.0,0.9097450375556946
2830,285.41897131051405,60787.84375,0.0,0.0,0.9095849394798279
2831,222.2966032098607,42037.44140625,0.0,0.0,0.9094643592834473
2832,247.8594856131686,47012.21875,0.0,0.0,0.9092955589294434
2833,263.5284264287607,54454.51953125,0.0,0.0,0.9091298580169678
2834,223.3119664434036,42979.6484375,0.0,0.0,0.9090144634246826
2835,246.20358324009086,50481.10546875,0.0,0.0,0.9089426398277283
2836,237.49053886426938,43742.1015625,0.0,0.0,0.9088612198829651
2837,236.6457076057017,46078.58203125,0.0,0.0,0.9088006615638733
2838,232.35552542877315,44986.03515625,0.0,0.0,0.9087672233581543
2839,212.94216193218142,35570.83984375,0.0,0.0,0.9087182879447937
2840,240.85644446823028,45737.05078125,0.0,0.0,0.9086460471153259
2841,217.87648708241588,38410.546875,0.0,0.0,0.908566951751709
2842,208.66810997985166,35720.390625,0.0,0.0,0.9084882140159607
2843,221.97119180605088,41336.0859375,0.0,0.0,0.9084250926971436
2844,240.53860477535608,47304.796875,0.0,0.0,0.9083750247955322
2845,231.08605394366344,43858.12890625,0.0,0.0,0.9083389639854431
2846,217.97601701643964,39396.40625,0.0,0.0,0.9083316922187805
2847,223.01169604049096,40093.81640625,0.0,0.0,0.9083012938499451
2848,214.20677064230898,37984.953125,0.0,0.0,0.9082887768745422
2849,216.9483747746629,36907.609375,0.0,0.0,0.9082621932029724
2850,246.62122302127895,49925.55078125,0.0,0.0,0.9082565307617188
2851,218.26454613623665,39340.4609375,0.0,0.0,0.9082522392272949
2852,208.98991254405365,36091.1640625,0.0,0.0,0.9082522392272949
2853,203.66165849635297,33364.015625,0.0,0.0,0.9082174301147461
2854,206.79840091966904,35533.7265625,0.0,0.0,0.9081849455833435
2855,209.7131132552281,35745.59375,0.0,0.0,0.9081413745880127
2856,207.25714048416177,35773.45703125,0.0,0.0,0.9081115126609802
2857,207.22671981062902,35483.5859375,0.0,0.0,0.9080856442451477
2858,206.1688285398722,33529.22265625,0.0,0.0,0.9080202579498291
2859,209.77910684890793,35161.0390625,0.0,0.0,0.9079343676567078
2860,215.15738463798007,36508.8046875,0.0,0.0,0.9078011512756348
2861,206.91534222401273,37239.00390625,0.0,0.0,0.9077335000038147
2862,211.71601684637926,38503.0390625,0.0,0.0,0.907702624797821
2863,212.5459358936015,36144.8046875,0.0,0.0,0.9076603055000305
2864,199.3951577401507,34445.9296875,0.0,0.0,0.9076473712921143
2865,202.9531636567617,36717.4375,0.0,0.0,0.9077059626579285
2866,208.0786994286513,35655.25,0.0,0.0,0.9077544808387756
2867,207.54783274476836,35287.31640625,0.0,0.0,0.9077949523925781
2868,208.3427754947545,37509.1484375,0.0,0.0,0.9078578948974609
2869,211.33571589316284,35837.1796875,0.0,0.0,0.9078957438468933
2870,212.8244189654468,36441.2890625,0.0,0.0,0.9079275131225586
2871,212.40034022941217,37160.328125,0.0,0.0,0.9079605937004089
2872,205.7352643364216,34166.4609375,0.0,0.0,0.9079758524894714
2873,208.30501449382325,34437.4140625,0.0,0.0,0.9079504013061523
2874,206.55806112194838,35418.9921875,0.0,0.0,0.907933235168457
2875,214.34875601789466,36857.53125,0.0,0.0,0.9079095721244812
2876,221.14267215073355,43066.671875,0.0,0.0,0.9079281687736511
2877,211.31059428668425,35411.8984375,0.0,0.0,0.9078881144523621
2878,204.60813261060264,33916.0,0.0,0.0,0.9078443646430969
2879,221.82553649292086,39587.6015625,0.0,0.0,0.9077990651130676
2880,208.49040177489107,38122.3125,0.0,0.0,0.9078184962272644
2881,223.988362801808,41047.7421875,0.0,0.0,0.9078319668769836
2882,205.076676972584,34812.1484375,0.0,0.0,0.9078415036201477
2883,209.90668898057785,35581.4609375,0.0,0.0,0.907836377620697
2884,214.5581186929919,37583.61328125,0.0,0.0,0.9078230857849121
2885,214.30457912173947,38803.96875,0.0,0.0,0.9078328013420105
2886,230.80153351378723,44778.1640625,0.0,0.0,0.9078639149665833
2887,213.65933734156178,38090.640625,0.0,0.0,0.9079031944274902
2888,218.18564288328133,40626.65234375,0.0,0.0,0.9079530835151672
2889,211.5701955302608,36782.203125,0.0,0.0,0.9079997539520264
2890,236.4113070756396,44991.0234375,0.0,0.0,0.9080250263214111
2891,215.03650315918534,39273.00390625,0.0,0.0,0.9080786108970642
2892,231.87210542791598,42917.53515625,0.0,0.0,0.9081116318702698
2893,209.6173539659809,35909.55078125,0.0,0.0,0.9081358909606934
2894,211.46553104177647,37000.9453125,0.0,0.0,0.9081614017486572
2895,216.3531031801868,38244.1953125,0.0,0.0,0.9081864953041077
2896,212.30882584339864,39507.94140625,0.0,0.0,0.9082498550415039
2897,235.99358143886806,45058.75,0.0,0.0,0.9082948565483093
2898,223.13973355932302,39375.82421875,0.0,0.0,0.908308744430542
2899,217.38546553756694,37510.4296875,0.0,0.0,0.9083008766174316
2900,214.92230734527436,36685.92578125,0.0,0.0,0.908276379108429
2901,217.00523391745523,39671.90234375,0.0,0.0,0.90828537940979
2902,213.4296586734883,37701.359375,0.0,0.0,0.9083095192909241
2903,210.9725905282034,38644.2890625,0.0,0.0,0.9083585739135742
2904,229.0291062693244,41290.1328125,0.0,0.0,0.9083697199821472
2905,214.29902546504044,36997.515625,0.0,0.0,0.908374011516571
2906,214.65605322033522,37516.75390625,0.0,0.0,0.908363401889801
2907,213.22743688630337,36883.3515625,0.0,0.0,0.9083375930786133
2908,217.46854616764995,38578.44921875,0.0,0.0,0.9083121418952942
2909,214.86363391571064,37410.828125,0.0,0.0,0.9082798957824707
2910,216.4798766420452,37689.7734375,0.0,0.0,0.908242404460907
2911,212.0976711616776,36377.203125,0.0,0.0,0.908200740814209
2912,214.37621442466576,38848.2578125,0.0,0.0,0.9081916809082031
2913,212.4434710408291,36222.93359375,0.0,0.0,0.9081621766090393
2914,221.6501058282028,38192.19140625,0.0,0.0,0.9080402851104736
2915,207.66834980811063,35803.66796875,0.0,0.0,0.9079344868659973
2916,215.57916898818223,38250.31640625,0.0,0.0,0.9078437685966492
2917,211.31672704706244,36072.296875,0.0,0.0,0.9077542424201965
2918,214.5254988550386,36673.55078125,0.0,0.0,0.9076525568962097
2919,212.0648798666921,35027.55859375,0.0,0.0,0.9075279235839844
2920,219.71175519231727,39408.73046875,0.0,0.0,0.9074198603630066
2921,213.05310543880455,36420.4375,0.0,0.0,0.9072980284690857
2922,210.59519612378332,35667.578125,0.0,0.0,0.9071710705757141
2923,209.66757766513655,36898.44921875,0.0,0.0,0.9070696830749512
2924,217.23907441259104,37116.0234375,0.0,0.0,0.9069373607635498
2925,212.988282384212,36045.45703125,0.0,0.0,0.9067946076393127
2926,215.24546780870867,39558.59375,0.0,0.0,0.9066969752311707
2927,215.6384364665682,37950.296875,0.0,0.0,0.9065962433815002
2928,212.9801539146485,36155.25,0.0,0.0,0.9064834713935852
2929,214.68708075089478,38710.76953125,0.0,0.0,0.9063941836357117
2930,213.09763997825294,37108.08203125,0.0,0.0,0.9063027501106262
2931,208.08993654221226,35763.45703125,0.0,0.0,0.9062197208404541
2932,209.21918514031086,34148.59375,0.0,0.0,0.9061214327812195
2933,205.95440016526072,36084.109375,0.0,0.0,0.9060397148132324
2934,212.05641962801414,37570.58203125,0.0,0.0,0.9059720635414124
2935,210.28774641657375,35915.26953125,0.0,0.0,0.9058966636657715
2936,211.0005251908141,36025.08984375,0.0,0.0,0.9057934880256653
2937,222.41969107074587,41120.6953125,0.0,0.0,0.9057085514068604
2938,217.81196595802408,40422.09765625,0.0,0.0,0.9056538939476013
2939,217.68707426853462,38151.51953125,0.0,0.0,0.9055943489074707
2940,226.45392815066538,41649.203125,0.0,0.0,0.9055290222167969
2941,227.27982062416268,40138.6484375,0.0,0.0,0.9054031372070312
2942,218.7901649411668,40072.03125,0.0,0.0,0.9052957892417908
2943,235.97591225810984,45780.5234375,0.0,0.0,0.9052023887634277
2944,229.54439076578763,42168.3984375,0.0,0.0,0.9050900340080261
2945,219.56924404427545,42313.15625,0.0,0.0,0.9050440788269043
2946,209.64077330445724,38670.07421875,0.0,0.0,0.9050405621528625
2947,231.44636472432566,46385.703125,0.0,0.0,0.9051017165184021
2948,242.63399603503734,49497.41015625,0.0,0.0,0.9051854610443115
2949,230.1479804765093,44409.21875,0.0,0.0,0.9052743911743164
2950,221.97694338470396,41264.25,0.0,0.0,0.9053843021392822
2951,226.33552991191397,40916.83203125,0.0,0.0,0.9054672718048096
2952,210.34662134133404,36236.77734375,0.0,0.0,0.9055399894714355
2953,210.9698560183055,36856.625,0.0,0.0,0.9056112170219421
2954,218.95361537331772,38725.18359375,0.0,0.0,0.9056666493415833
2955,229.2749702412133,43877.41796875,0.0,0.0,0.9057323336601257
2956,214.4669979828493,36880.41796875,0.0,0.0,0.9057776927947998
2957,217.74866367465637,38664.36328125,0.0,0.0,0.9058191776275635
2958,235.09314911709,45030.65625,0.0,0.0,0.9058704376220703
2959,203.75817760540062,34445.4921875,0.0,0.0,0.9059164524078369
2960,225.9159991047212,44955.00390625,0.0,0.0,0.9059843420982361
2961,214.17125912262588,38426.23828125,0.0,0.0,0.9060564041137695
2962,210.79593309891672,34432.6015625,0.0,0.0,0.9060637354850769
2963,205.73431533032908,35154.76171875,0.0,0.0,0.9060807228088379
2964,204.23718236717016,34326.54296875,0.0,0.0,0.9060978293418884
2965,222.87297341859448,40401.25390625,0.0,0.0,0.9061233401298523
2966,203.44445299691594,33278.74609375,0.0,0.0,0.9061221480369568
2967,198.478604033211,34840.51953125,0.0,0.0,0.9061625599861145
2968,201.79030631940168,32553.328125,0.0,0.0,0.9061500430107117
2969,196.68597239338308,31996.265625,0.0,0.0,0.906134307384491
2970,200.8718078504661,33078.4296875,0.0,0.0,0.9061157703399658
2971,199.53641244493562,33511.48046875,0.0,0.0,0.9061102271080017
2972,195.6170140647156,32409.8515625,0.0,0.0,0.9061139225959778
2973,196.28599217359383,32642.458984375,0.0,0.0,0.9061220288276672
2974,195.35429585732552,30927.9375,0.0,0.0,0.9060963988304138
2975,186.81158521092817,29608.267578125,0.0,0.0,0.9060712456703186
2976,194.66079654072152,32803.51171875,0.0,0.0,0.9060795307159424
2977,217.01995001570037,39176.18359375,0.0,0.0,0.9061203002929688
2978,190.80073092514462,30399.41796875,0.0,0.0,0.9061479568481445
2979,192.28209837865182,32409.869140625,0.0,0.0,0.9061870574951172
2980,196.83025443717352,31375.8828125,0.0,0.0,0.9061997532844543
2981,189.15074018996083,31815.1015625,0.0,0.0,0.9062474370002747
2982,194.12304260964373,30388.212890625,0.0,0.0,0.9062588810920715
2983,201.94638985806532,33060.92578125,0.0,0.0,0.9062516093254089
2984,202.97509639770138,33054.2109375,0.0,0.0,0.9062150120735168
2985,210.73487271138796,35487.59375,0.0,0.0,0.9061753153800964
2986,194.10879014375445,30880.2734375,0.0,0.0,0.9061131477355957
2987,195.8479610561331,32752.73046875,0.0,0.0,0.9060642719268799
2988,197.79051590505063,32046.06640625,0.0,0.0,0.9060069918632507
2989,202.10384815262017,32890.046875,0.0,0.0,0.9059367179870605
2990,192.4541962723582,32403.34375,0.0,0.0,0.9058942198753357
2991,195.45454172384922,30377.98046875,0.0,0.0,0.9058199524879456
2992,202.11124474750608,34873.09765625,0.0,0.0,0.9057881832122803
2993,200.75434275705047,34740.734375,0.0,0.0,0.9057866930961609
2994,201.96488948500436,34642.875,0.0,0.0,0.9058027863502502
2995,198.43866634892228,33034.96484375,0.0,0.0,0.9058211445808411
2996,203.2194966206762,33867.796875,0.0,0.0,0.905825138092041
2997,211.5361643669209,34786.9609375,0.0,0.0,0.9057896733283997
2998,196.46686083384338,33391.21484375,0.0,0.0,0.9057745933532715
2999,203.17884218403492,32545.37109375,0.0,0.0,0.9057323336601257
3000,210.43218326893825,34799.77734375,0.0,0.0,0.9056609272956848
3001,201.9497445091788,34084.3125,0.0,0.0,0.905601978302002
3002,202.94679360236535,33079.9765625,0.0,0.0,0.9055292010307312
3003,211.62082838293279,35545.8984375,0.0,0.0,0.9054424166679382
3004,211.53952362861088,38723.453125,0.0,0.0,0.9054030776023865
3005,214.30814311267355,37050.359375,0.0,0.0,0.9053595066070557
3006,207.47698844931014,36274.96875,0.0,0.0,0.9053307175636292
3007,215.40181402812448,38893.87109375,0.0,0.0,0.9053207039833069
3008,204.70209364972504,35958.0078125,0.0,0.0,0.9053248763084412
3009,215.85984417578507,35510.15625,0.0,0.0,0.9052509665489197
3010,210.92955678751642,37964.1796875,0.0,0.0,0.9052176475524902
3011,209.68833500214387,37623.41015625,0.0,0.0,0.9052073955535889
3012,213.6203986163736,37181.3515625,0.0,0.0,0.9051920771598816
3013,212.42970465672434,35916.96875,0.0,0.0,0.9051589965820312
3014,208.88723287924665,34591.97265625,0.0,0.0,0.9050807952880859
3015,212.87284271574077,36389.10546875,0.0,0.0,0.9049916863441467
3016,213.89716505764287,37583.75390625,0.0,0.0,0.9049180150032043
3017,210.14424160900603,38678.046875,0.0,0.0,0.9048855900764465
3018,213.53635634994723,36742.875,0.0,0.0,0.9048379063606262
3019,219.11062745222043,39440.5859375,0.0,0.0,0.904792308807373
3020,217.13609310925784,39651.7578125,0.0,0.0,0.9047674536705017
3021,212.1082646890508,36412.58203125,0.0,0.0,0.9047288298606873
3022,210.28718182060229,34859.109375,0.0,0.0,0.9046173691749573
3023,219.29088959382398,40852.2265625,0.0,0.0,0.9045383334159851
3024,208.8685888882507,38240.82421875,0.0,0.0,0.9045074582099915
3025,211.03440317614897,36269.70703125,0.0,0.0,0.9044621586799622
3026,227.47681118025656,43710.578125,0.0,0.0,0.9044329524040222
3027,203.32204390458702,34454.37109375,0.0,0.0,0.9043892025947571
3028,224.53517337152098,42742.43359375,0.0,0.0,0.9043444991111755
3029,204.99538047372766,35596.90625,0.0,0.0,0.9043092131614685
3030,219.3537285638443,39237.890625,0.0,0.0,0.9042332172393799
3031,241.50831900090878,48897.6875,0.0,0.0,0.9041629433631897
3032,223.25361370799408,42145.15234375,0.0,0.0,0.9040983319282532
3033,213.88449669975515,38145.28125,0.0,0.0,0.9040181636810303
3034,204.00772859193413,34765.1796875,0.0,0.0,0.9039325714111328
3035,218.89567905269408,41726.84375,0.0,0.0,0.9038949012756348
3036,152.7355929043254,23518.05078125,0.0,0.0,0.9038558602333069
3037,237.86572354055033,45845.60546875,0.0,0.0,0.9037876129150391
3038,232.08158415671042,45192.12109375,0.0,0.0,0.9037346243858337
3039,237.47823896779096,45249.25,0.0,0.0,0.9036474227905273
3040,222.02514527127838,42693.84765625,0.0,0.0,0.9035863876342773
3041,206.69384466965954,37448.765625,0.0,0.0,0.9035670757293701
3042,223.02706210787034,41367.171875,0.0,0.0,0.9035303592681885
3043,68.64541127025907,6286.54833984375,0.0,0.0,0.903476893901825
3044,209.53080266587358,40526.859375,0.0,0.0,0.9034858345985413
3045,100.43336705298819,11506.3525390625,0.0,0.0,0.9034431576728821
3046,66.68192055223959,5961.71044921875,0.0,0.0,0.9033772945404053
3047,231.40721647719116,45732.05859375,0.0,0.0,0.9033393859863281
3048,112.69128022818097,14452.2275390625,0.0,0.0,0.9033198952674866
3049,227.66822609222382,45189.3125,0.0,0.0,0.9033313393592834
3050,86.01862102460169,9886.859375,0.0,0.0,0.9033999443054199
3051,65.32900996264799,6165.697265625,0.0,0.0,0.9034762382507324
3052,96.09388625433638,10299.7177734375,0.0,0.0,0.9035012722015381
3053,214.58180433883783,39794.3984375,0.0,0.0,0.903540313243866
3054,209.9572862240777,37103.3828125,0.0,0.0,0.9035582542419434
3055,235.34663088542672,47764.13671875,0.0,0.0,0.9035890698432922
3056,218.09183097244954,41357.05078125,0.0,0.0,0.9036376476287842
3057,113.23122810766208,13364.8056640625,0.0,0.0,0.9036609530448914
3058,98.89854639713761,11956.197265625,0.0,0.0,0.9037108421325684
3059,104.42745846091707,13570.865234375,0.0,0.0,0.9037873148918152
3060,61.40947096383035,5096.63916015625,0.0,0.0,0.9038258194923401
3061,224.3107403917489,43132.61328125,0.0,0.0,0.9038708806037903
3062,57.3000761251992,4991.74267578125,0.0,0.0,0.9039261341094971
3063,207.36820108472298,35593.42578125,0.0,0.0,0.9039672017097473
3064,123.52477421481235,17145.935546875,0.0,0.0,0.9040195345878601
3065,115.9533695311038,14675.697265625,0.0,0.0,0.9040581583976746
3066,109.53598107153593,12778.3037109375,0.0,0.0,0.9040563702583313
3067,121.66823236483397,16659.087890625,0.0,0.0,0.9040821194648743
3068,98.71787906728292,10617.9599609375,0.0,0.0,0.9040610194206238
3069,215.71285784754434,39868.75,0.0,0.0,0.9040480256080627
3070,94.58315449351893,11371.9970703125,0.0,0.0,0.9040577411651611
3071,211.688167028876,37456.2109375,0.0,0.0,0.9040609002113342
3072,202.5110630734268,35458.87890625,0.0,0.0,0.9040853381156921
3073,204.59085207065195,34807.86328125,0.0,0.0,0.9040913581848145
3074,205.51258556837945,35094.9375,0.0,0.0,0.9040930867195129
3075,229.86807903765035,43810.37890625,0.0,0.0,0.9040794372558594
3076,204.90926206453994,34870.92578125,0.0,0.0,0.9040618538856506
3077,212.19431837902752,37225.51171875,0.0,0.0,0.904029905796051
3078,77.4412301076562,8601.0771484375,0.0,0.0,0.9041156768798828
3079,204.53086345415682,33197.83984375,0.0,0.0,0.9041020274162292
3080,213.59384199997527,37478.4375,0.0,0.0,0.9040670394897461
3081,217.02371265531679,40648.9296875,0.0,0.0,0.9040605425834656
3082,210.66006040600234,38053.8125,0.0,0.0,0.9040707945823669
3083,217.35663618631622,39376.875,0.0,0.0,0.9040824770927429
3084,218.2344105630979,38968.6953125,0.0,0.0,0.9040873646736145
3085,207.3502692942682,35764.25390625,0.0,0.0,0.9040906429290771
3086,217.8214256077668,37466.9453125,0.0,0.0,0.9040331840515137
3087,217.4047878757988,40471.6484375,0.0,0.0,0.9039881229400635
3088,208.77264593871078,36481.8125,0.0,0.0,0.9039525389671326
3089,215.2709940042103,40105.63671875,0.0,0.0,0.903958797454834
3090,235.6662006374242,45386.55859375,0.0,0.0,0.903946578502655
3091,212.53902183147335,37380.16015625,0.0,0.0,0.9039347767829895
3092,227.45430292988544,42227.375,0.0,0.0,0.9039056301116943
3093,213.01763107711204,39547.3828125,0.0,0.0,0.9039347767829895
3094,209.93384137887264,36336.97265625,0.0,0.0,0.903961718082428
3095,238.35866931819984,45875.8984375,0.0,0.0,0.9039736390113831
3096,222.10379695025333,40612.625,0.0,0.0,0.9039762020111084
3097,242.9740958523389,48261.125,0.0,0.0,0.9039707183837891
3098,230.2154807969634,42781.0703125,0.0,0.0,0.9039499163627625
3099,236.6110522207353,47108.328125,0.0,0.0,0.9039598107337952
3100,236.8633266998003,44962.578125,0.0,0.0,0.9039201140403748
3101,232.0778587852105,45849.68359375,0.0,0.0,0.9039246439933777
3102,219.26689071084434,40313.66015625,0.0,0.0,0.9039416313171387
3103,235.3480520606565,46045.49609375,0.0,0.0,0.9039672017097473
3104,221.62661506086232,42684.25,0.0,0.0,0.9040237069129944
3105,228.12300875548877,41856.6875,0.0,0.0,0.9040518403053284
3106,220.6653516682473,41827.7265625,0.0,0.0,0.9040917754173279
3107,231.26571228968746,43544.6875,0.0,0.0,0.9040988087654114
3108,231.52647894501723,46220.28125,0.0,0.0,0.9041872620582581
3109,219.09080779326297,39043.73046875,0.0,0.0,0.904261589050293
3110,233.3172249457932,45445.1796875,0.0,0.0,0.9043405652046204
3111,243.95124733923515,49262.234375,0.0,0.0,0.9044244885444641
3112,227.15367249224954,43307.7421875,0.0,0.0,0.9045253396034241
3113,220.38837758349007,38312.86328125,0.0,0.0,0.9045984745025635
3114,221.58948804754837,40300.125,0.0,0.0,0.9046724438667297
3115,256.96302761717,51463.88671875,0.0,0.0,0.9047040343284607
3116,233.00623370518554,44311.8671875,0.0,0.0,0.9047415852546692
3117,254.8411011923107,53691.0234375,0.0,0.0,0.9048191905021667
3118,216.50829026995157,40393.2265625,0.0,0.0,0.9049369692802429
3119,247.3026278119669,48634.6328125,0.0,0.0,0.9050223231315613
3120,237.04493947156496,44867.01171875,0.0,0.0,0.9050838947296143
3121,213.83778875453757,36852.09375,0.0,0.0,0.9051294922828674
3122,221.99970977478372,40156.04296875,0.0,0.0,0.9051821827888489
3123,242.28009189717372,50154.79296875,0.0,0.0,0.9052557349205017
3124,228.99634053164672,41478.08984375,0.0,0.0,0.9052982926368713
3125,213.27243384671615,39240.9140625,0.0,0.0,0.9053675532341003
3126,224.73498989552675,40086.8671875,0.0,0.0,0.9053879380226135
3127,220.03706998401736,39384.01171875,0.0,0.0,0.9053969383239746
3128,217.5010821214729,38037.05859375,0.0,0.0,0.9053986072540283
3129,223.00946189834028,39713.5703125,0.0,0.0,0.905381441116333
3130,233.06846248616958,42452.62109375,0.0,0.0,0.9053462147712708
3131,239.94862073414112,48479.9765625,0.0,0.0,0.905351459980011
3132,229.9236439996866,44958.24609375,0.0,0.0,0.905392587184906
3133,227.99835976749097,40887.28125,0.0,0.0,0.9053859114646912
3134,226.59878168062897,40124.57421875,0.0,0.0,0.9053290486335754
3135,217.29455156162996,37423.35546875,0.0,0.0,0.905249297618866
3136,245.3656181757558,46857.15234375,0.0,0.0,0.9051344394683838
3137,216.85824329343876,37927.71484375,0.0,0.0,0.905025064945221
3138,231.89906794756774,43341.0859375,0.0,0.0,0.9049012064933777
3139,217.7219303298202,37791.02734375,0.0,0.0,0.9047700762748718
3140,219.12168062573264,38535.2578125,0.0,0.0,0.9046444892883301
3141,233.9713576230212,45981.9140625,0.0,0.0,0.9045829176902771
3142,217.4236033966203,40332.06640625,0.0,0.0,0.9045429229736328
3143,214.93354202253937,36519.58984375,0.0,0.0,0.9044883251190186
3144,217.4541972218769,40490.19140625,0.0,0.0,0.9044859409332275
3145,229.57567876040983,43137.63671875,0.0,0.0,0.9045069217681885
3146,232.7889721843276,43664.68359375,0.0,0.0,0.9045300483703613
3147,224.9695597736801,40735.2421875,0.0,0.0,0.9045557975769043
3148,210.50254237649045,35374.578125,0.0,0.0,0.9045605063438416
3149,218.99135470092463,38409.6640625,0.0,0.0,0.9045546650886536
3150,208.88254078663422,35792.63671875,0.0,0.0,0.9045400023460388
3151,210.9479051992739,36118.45703125,0.0,0.0,0.9045231342315674
3152,247.94142911681652,50400.02734375,0.0,0.0,0.9045135378837585
3153,218.27114342188594,37914.8515625,0.0,0.0,0.9045001864433289
3154,208.97014632115145,38246.3984375,0.0,0.0,0.9045388102531433
3155,212.99476883017434,36655.6328125,0.0,0.0,0.9045689702033997
3156,227.0595173520636,41216.765625,0.0,0.0,0.9045730233192444
3157,221.69414244715668,40930.35546875,0.0,0.0,0.9045934677124023
3158,194.20931584119657,30051.66015625,0.0,0.0,0.9045703411102295
3159,219.11054946009907,39242.82421875,0.0,0.0,0.9045735001564026
3160,217.35667938606082,39043.08984375,0.0,0.0,0.9046066403388977
3161,228.40830064740496,41573.046875,0.0,0.0,0.9046282768249512
3162,219.60383939218397,40216.6640625,0.0,0.0,0.9046669602394104
3163,220.5987201657136,37997.08203125,0.0,0.0,0.904680073261261
3164,224.50970132520035,40353.85546875,0.0,0.0,0.9046945571899414
3165,227.24556578196893,43786.01953125,0.0,0.0,0.9047245383262634
3166,204.61841731974414,34099.1953125,0.0,0.0,0.904737651348114
3167,199.00598983468095,35303.03125,0.0,0.0,0.9047892689704895
3168,209.3506393816397,34754.28125,0.0,0.0,0.9047975540161133
3169,218.25597782364864,39425.5859375,0.0,0.0,0.9048151969909668
3170,217.53948901503585,37640.53125,0.0,0.0,0.9048111438751221
3171,221.59850619983987,39345.125,0.0,0.0,0.9048067927360535
3172,217.35114430308155,39669.640625,0.0,0.0,0.9048216342926025
3173,222.340506604282,39664.35546875,0.0,0.0,0.9048328399658203
3174,212.98359750128523,38763.3671875,0.0,0.0,0.9048774838447571
3175,222.559191896691,38704.69921875,0.0,0.0,0.9048846364021301
3176,196.20233143966698,32218.814453125,0.0,0.0,0.9048826098442078
3177,211.04139529034114,34894.69921875,0.0,0.0,0.9048369526863098
3178,224.55749386549954,40427.3671875,0.0,0.0,0.9047918915748596
3179,216.12946213763246,37968.7578125,0.0,0.0,0.904735803604126
3180,216.6721909057825,37203.30859375,0.0,0.0,0.9046674370765686
3181,225.4847142915706,40721.19921875,0.0,0.0,0.9046050906181335
3182,215.57989381824024,39111.33203125,0.0,0.0,0.9045761227607727
3183,219.33321557858488,38291.9375,0.0,0.0,0.9045350551605225
3184,210.1955254620702,36997.9140625,0.0,0.0,0.9044967293739319
3185,44.78441878324324,3356.85205078125,0.0,0.0,0.9044718742370605
3186,218.44394133290632,38861.40625,0.0,0.0,0.9044420719146729
3187,44.59081208531636,3425.886962890625,0.0,0.0,0.9044281840324402
3188,32.18792838546916,1832.76318359375,0.0,0.0,0.9044097065925598
3189,38.06138423425175,2666.18798828125,0.0,0.0,0.9044122695922852
3190,219.65198665472545,39077.69921875,0.0,0.0,0.9044125080108643
3191,41.15801464452563,2788.732177734375,0.0,0.0,0.904410183429718
3192,44.512616947662565,3177.297607421875,0.0,0.0,0.9044051170349121
3193,217.02431860987627,40334.890625,0.0,0.0,0.9044320583343506
3194,38.6006692786335,2338.535400390625,0.0,0.0,0.9044167995452881
3195,38.122044349300666,2254.73193359375,0.0,0.0,0.9043416976928711
3196,37.65357260466817,2316.1962890625,0.0,0.0,0.9042555689811707
3197,35.656723745741466,2405.612548828125,0.0,0.0,0.9041897654533386
3198,25.727307316865932,1361.7841796875,0.0,0.0,0.9041387438774109
3199,32.521531144949655,1877.5887451171875,0.0,0.0,0.9040861129760742
3200,56.61598814875434,5158.9833984375,0.0,0.0,0.90407794713974
3201,36.23575121262798,2169.876953125,0.0,0.0,0.9040113091468811
3202,30.99276546758176,1902.142578125,0.0,0.0,0.9039795398712158
3203,30.057818630063316,1594.81494140625,0.0,0.0,0.903941810131073
3204,43.271413626711016,2858.57080078125,0.0,0.0,0.9038877487182617
3205,38.21678841026659,2449.01806640625,0.0,0.0,0.9038341641426086
3206,46.79649526996112,3844.69580078125,0.0,0.0,0.9038066864013672
3207,204.867602978524,34910.06640625,0.0,0.0,0.9037814140319824
3208,34.55542469251316,2267.83447265625,0.0,0.0,0.9037858843803406
3209,220.76904692660426,40742.24609375,0.0,0.0,0.9038212299346924
3210,216.67812584197176,40004.1640625,0.0,0.0,0.903886079788208
3211,38.19022382639681,2589.32568359375,0.0,0.0,0.9039610028266907
3212,202.91190268767835,34106.9921875,0.0,0.0,0.9040221571922302
3213,56.70304337009168,5527.8564453125,0.0,0.0,0.9041247367858887
3214,220.98901308405613,39931.12109375,0.0,0.0,0.9042304158210754
3215,218.27751300590253,38957.41015625,0.0,0.0,0.9043343663215637
3216,214.81703888724152,36412.90625,0.0,0.0,0.9043994545936584
3217,213.10501660683343,36566.5859375,0.0,0.0,0.9044507145881653
3218,213.4082068754812,39272.92578125,0.0,0.0,0.9045355916023254
3219,221.2433679764254,38731.44921875,0.0,0.0,0.9046025276184082
3220,220.14980370147236,37179.60546875,0.0,0.0,0.9046286940574646
3221,222.39963115403503,37782.9375,0.0,0.0,0.9046013355255127
3222,217.41853540456057,37842.296875,0.0,0.0,0.9045734405517578
3223,216.70654018713378,39002.67578125,0.0,0.0,0.9045708775520325
3224,221.15669894860486,38617.15234375,0.0,0.0,0.9045594334602356
3225,66.05415815405706,6579.10107421875,0.0,0.0,0.9046061635017395
3226,213.6130616400749,35959.91796875,0.0,0.0,0.9046232104301453
3227,214.5512873806772,36935.37109375,0.0,0.0,0.9046366214752197
3228,198.01774968179973,35408.9140625,0.0,0.0,0.9046944975852966
3229,215.9481573432051,38202.5078125,0.0,0.0,0.9047650694847107
3230,195.1941688993569,32208.21484375,0.0,0.0,0.904830276966095
3231,221.83234087551102,38766.5234375,0.0,0.0,0.9048821926116943
3232,223.59371898194462,39188.04296875,0.0,0.0,0.9049253463745117
3233,205.74836716536745,36194.48828125,0.0,0.0,0.9049834609031677
3234,196.98456594191418,31776.056640625,0.0,0.0,0.9050186276435852
3235,220.97342362294995,37224.546875,0.0,0.0,0.9050114750862122
3236,210.86581522406365,35769.6796875,0.0,0.0,0.90500807762146
3237,201.96926219038883,32834.578125,0.0,0.0,0.9049922823905945
3238,209.77728541249823,36658.13671875,0.0,0.0,0.9049839973449707
3239,219.08818281982363,37408.62109375,0.0,0.0,0.904962956905365
3240,215.33150838944906,36498.7734375,0.0,0.0,0.9049282073974609
3241,218.36627371713277,37256.94921875,0.0,0.0,0.9048876166343689
3242,207.84217922318797,35038.21875,0.0,0.0,0.9048457741737366
3243,219.44379087713136,37210.81640625,0.0,0.0,0.9047753214836121
3244,218.13246614101274,37686.32421875,0.0,0.0,0.9047109484672546
3245,185.812135056017,27620.28125,0.0,0.0,0.9045942425727844
3246,220.8320841775428,41486.4609375,0.0,0.0,0.9045395851135254
3247,222.34181563682145,38861.015625,0.0,0.0,0.9044889807701111
3248,218.94848635266794,37128.33984375,0.0,0.0,0.9044134020805359
3249,205.30177605120664,33797.609375,0.0,0.0,0.9043254852294922
3250,200.53108587324994,34463.41015625,0.0,0.0,0.9042664170265198
3251,215.6777302101439,37849.125,0.0,0.0,0.9042366147041321
3252,208.79980708506469,35188.171875,0.0,0.0,0.9042063355445862
3253,218.3007311017619,38337.703125,0.0,0.0,0.904185950756073
3254,214.57893854350854,38628.00390625,0.0,0.0,0.9042084813117981
3255,214.57391521930637,36156.9375,0.0,0.0,0.9042141437530518
3256,212.5621828296919,35123.44921875,0.0,0.0,0.9042032361030579
3257,209.77251176075637,34692.57421875,0.0,0.0,0.9041719436645508
3258,207.7393932594647,34018.09765625,0.0,0.0,0.9041244387626648
3259,217.68228339954166,38937.43359375,0.0,0.0,0.904105007648468
3260,219.1632047945144,41339.671875,0.0,0.0,0.9041366577148438
3261,217.0065432808978,37087.3671875,0.0,0.0,0.904160737991333
3262,221.0426288325386,37370.1875,0.0,0.0,0.904158890247345
3263,210.60639657684655,38107.63671875,0.0,0.0,0.9041988253593445
3264,219.1489803094296,36011.72265625,0.0,0.0,0.9041850566864014
3265,216.49469022281093,38454.5390625,0.0,0.0,0.9041892886161804
3266,218.34670076421844,38251.5390625,0.0,0.0,0.9042004942893982
3267,220.78924216972115,38065.1640625,0.0,0.0,0.904205322265625
3268,222.73554933473662,40130.3046875,0.0,0.0,0.9042282104492188
3269,206.6862084447842,35321.546875,0.0,0.0,0.9042566418647766
3270,218.47421470720943,38836.05859375,0.0,0.0,0.9042922854423523
3271,210.89303042619244,37527.2421875,0.0,0.0,0.9043437838554382
3272,220.96713228726878,36695.36328125,0.0,0.0,0.9043238162994385
3273,215.10258302593985,36592.32421875,0.0,0.0,0.9043004512786865
3274,225.06220806240256,38183.0703125,0.0,0.0,0.9042568802833557
3275,213.05994309486343,36346.3125,0.0,0.0,0.9042180180549622
3276,222.90097910053314,37886.40625,0.0,0.0,0.904167890548706
3277,216.98742545913328,37772.16796875,0.0,0.0,0.9041338562965393
3278,218.23000604384907,38333.56640625,0.0,0.0,0.9041147232055664
3279,223.5022744313336,38149.85546875,0.0,0.0,0.9040858149528503
3280,219.2545181380783,38466.62890625,0.0,0.0,0.9040737748146057
3281,220.98141314153798,37939.00390625,0.0,0.0,0.9040584564208984
3282,222.7671173814898,42355.078125,0.0,0.0,0.9040988087654114
3283,218.7111849629046,38640.2265625,0.0,0.0,0.9041462540626526
3284,222.62839660589518,38933.08984375,0.0,0.0,0.9042016863822937
3285,220.47317692158933,36282.1953125,0.0,0.0,0.9042155146598816
3286,222.90908076127232,36910.1875,0.0,0.0,0.9041956067085266
3287,219.4229772767704,37688.64453125,0.0,0.0,0.9041759371757507
3288,224.0504345907901,39199.8515625,0.0,0.0,0.9041612148284912
3289,205.1592933368146,32539.421875,0.0,0.0,0.904118537902832
3290,223.4007542307859,40800.50390625,0.0,0.0,0.904144287109375
3291,221.93260662368309,36046.078125,0.0,0.0,0.9040987491607666
3292,192.86339348352067,32845.828125,0.0,0.0,0.9041097164154053
3293,221.6193986761825,38348.48828125,0.0,0.0,0.9041275978088379
3294,226.22928054269443,40152.453125,0.0,0.0,0.9041574001312256
3295,183.80421655711922,27671.234375,0.0,0.0,0.9041723608970642
3296,222.04133677187997,38543.03125,0.0,0.0,0.9041919708251953
3297,219.06307573618403,37153.14453125,0.0,0.0,0.9042046070098877
3298,224.2707110470505,37717.61328125,0.0,0.0,0.9041976928710938
3299,222.85214795102388,37440.59765625,0.0,0.0,0.9041566848754883
3300,190.71807866198202,30068.322265625,0.0,0.0,0.9041132926940918
3301,223.73498537587054,38775.20703125,0.0,0.0,0.9040777087211609
3302,226.68596552514015,37491.4140625,0.0,0.0,0.9040067195892334
3303,223.35760904771655,38084.8828125,0.0,0.0,0.9039311408996582
3304,225.55690601495024,39077.28125,0.0,0.0,0.903860330581665
3305,224.71942871149477,40728.4609375,0.0,0.0,0.9038470387458801
3306,223.65286025633156,38998.12109375,0.0,0.0,0.9038386344909668
3307,221.64829596659624,38611.21875,0.0,0.0,0.9038369059562683
3308,220.0596082397752,37991.65625,0.0,0.0,0.9038416743278503
3309,220.81431799092232,38467.86328125,0.0,0.0,0.9038618206977844
3310,203.37370993485942,32847.984375,0.0,0.0,0.9038644433021545
3311,224.35701783376857,39222.125,0.0,0.0,0.9038713574409485
3312,226.5377845423652,40554.77734375,0.0,0.0,0.9038870930671692
3313,221.07088008693196,36767.8984375,0.0,0.0,0.9038813710212708
3314,222.7394786091949,38807.87890625,0.0,0.0,0.9038808345794678
3315,223.73566264667926,36885.6484375,0.0,0.0,0.9038377404212952
3316,224.09990388617123,38110.5,0.0,0.0,0.9037783145904541
3317,222.6782345684114,37742.6796875,0.0,0.0,0.9037062525749207
3318,224.06174509003299,38875.0078125,0.0,0.0,0.9036367535591125
3319,218.11473887082965,39932.0625,0.0,0.0,0.9036307334899902
3320,222.3466802720135,40605.09375,0.0,0.0,0.9036644101142883
3321,218.32740310164397,39244.46875,0.0,0.0,0.9037267565727234
3322,220.74263524547771,37774.65625,0.0,0.0,0.9037739634513855
3323,221.34850482888072,39992.828125,0.0,0.0,0.9038345217704773
3324,243.09670176598794,46019.90625,0.0,0.0,0.9038898348808289
3325,221.48652520709513,37202.48046875,0.0,0.0,0.9038979411125183
3326,225.5778430114258,38803.65625,0.0,0.0,0.9038954377174377
3327,220.53707933039664,40185.53515625,0.0,0.0,0.9039562344551086
3328,213.25062868707462,38436.0859375,0.0,0.0,0.904036283493042
3329,226.48290188113458,39208.1015625,0.0,0.0,0.904083251953125
3330,235.37897720082273,43196.0078125,0.0,0.0,0.9041109085083008
3331,223.15633947698163,40562.76171875,0.0,0.0,0.9041628837585449
3332,223.34303692862895,37704.609375,0.0,0.0,0.9041828513145447
3333,221.9050691726752,37457.25390625,0.0,0.0,0.9041590690612793
3334,221.32863009827858,38586.859375,0.0,0.0,0.90413498878479
3335,229.5411431393548,40230.8984375,0.0,0.0,0.9040835499763489
3336,212.50360681154152,38795.26953125,0.0,0.0,0.9040834903717041
3337,229.81820335492557,40609.4375,0.0,0.0,0.904057502746582
3338,217.16246536681558,35796.19921875,0.0,0.0,0.9040088057518005
3339,221.51663174216708,38502.625,0.0,0.0,0.9039607048034668
3340,217.2911448130234,39886.83203125,0.0,0.0,0.9039686322212219
3341,239.30457901044235,44066.36328125,0.0,0.0,0.90395587682724
3342,218.78181739805444,38214.51171875,0.0,0.0,0.903949499130249
3343,237.42785161507047,43485.26171875,0.0,0.0,0.9039300084114075
3344,216.7767566020529,38846.84765625,0.0,0.0,0.9039475917816162
3345,218.20409862562119,37309.44140625,0.0,0.0,0.903961181640625
3346,229.0517776498448,38899.4296875,0.0,0.0,0.9039182066917419
3347,219.34571608861214,38715.390625,0.0,0.0,0.9038901925086975
3348,215.87544975535383,37396.37890625,0.0,0.0,0.9038739204406738
3349,204.88274621853935,36205.25,0.0,0.0,0.903904914855957
3350,215.34979550092726,38415.60546875,0.0,0.0,0.9039594531059265
3351,211.50818257698043,38357.9453125,0.0,0.0,0.9040687084197998
3352,218.54330097745523,41348.015625,0.0,0.0,0.9042127728462219
3353,220.5440532271385,35747.4609375,0.0,0.0,0.904280424118042
3354,217.14278087649234,36522.765625,0.0,0.0,0.9043116569519043
3355,219.75483364411292,38072.58984375,0.0,0.0,0.9043328166007996
3356,221.3280280404566,35529.8046875,0.0,0.0,0.904261589050293
3357,220.17298050593607,37679.90234375,0.0,0.0,0.904182493686676
3358,220.8044905953499,39285.46484375,0.0,0.0,0.9041292071342468
3359,220.63514096063625,37127.5,0.0,0.0,0.9040458798408508
3360,217.45438931894304,34350.52734375,0.0,0.0,0.9039003849029541
3361,219.0393172295466,39179.07421875,0.0,0.0,0.9038075804710388
3362,221.33977767775534,39708.625,0.0,0.0,0.9037559628486633
3363,231.05613494382183,41906.09765625,0.0,0.0,0.9037003517150879
3364,210.92016488550615,34488.828125,0.0,0.0,0.9036276340484619
3365,217.00839866401287,38818.75390625,0.0,0.0,0.9035946726799011
3366,220.72685775339642,39988.1640625,0.0,0.0,0.9035894870758057
3367,221.2397475260488,38144.9609375,0.0,0.0,0.9035727381706238
3368,222.32921947446874,38536.99609375,0.0,0.0,0.9035437703132629
3369,219.94008553865984,37459.62890625,0.0,0.0,0.9035008549690247
3370,244.1519705480533,47025.3984375,0.0,0.0,0.903462827205658
3371,211.22506550116398,36076.8671875,0.0,0.0,0.9034339785575867
3372,213.74260567827872,36972.13671875,0.0,0.0,0.9034249186515808
3373,233.04462848574218,44067.4921875,0.0,0.0,0.9034339785575867
3374,220.70225065459178,37100.0703125,0.0,0.0,0.903415858745575
3375,216.0691447287115,37106.84375,0.0,0.0,0.9033982753753662
3376,221.69115800305985,38134.66015625,0.0,0.0,0.9033601880073547
3377,224.417859686458,38311.44921875,0.0,0.0,0.9032978415489197
3378,230.43028334644904,43393.140625,0.0,0.0,0.9032652378082275
3379,219.8522311923731,38752.5,0.0,0.0,0.9032463431358337
3380,216.48574926331312,37670.77734375,0.0,0.0,0.9032375812530518
3381,242.98717659111682,47770.20703125,0.0,0.0,0.9032360911369324
3382,215.86166723825573,35281.265625,0.0,0.0,0.9032023549079895
3383,214.82651554271845,34698.27734375,0.0,0.0,0.9031272530555725
3384,229.98288042954968,39799.44140625,0.0,0.0,0.9029955863952637
3385,215.117434177951,36912.41015625,0.0,0.0,0.9028756022453308
3386,220.52400950482175,37195.1171875,0.0,0.0,0.9027092456817627
3387,229.30803333312977,39684.390625,0.0,0.0,0.9025099873542786
3388,220.642010429336,37048.91796875,0.0,0.0,0.9023022055625916
3389,227.69785324149737,42149.9296875,0.0,0.0,0.9021544456481934
3390,218.02543530203596,36862.27734375,0.0,0.0,0.9020097255706787
3391,216.83218906129449,38352.4296875,0.0,0.0,0.9018946290016174
3392,227.9474298994983,39340.66796875,0.0,0.0,0.9017705321311951
3393,224.25101047306498,40410.53125,0.0,0.0,0.9016711115837097
3394,220.74864635297382,37256.8046875,0.0,0.0,0.9015656113624573
3395,218.1581043705844,38027.625,0.0,0.0,0.9014884829521179
3396,221.617535597765,39290.8046875,0.0,0.0,0.901432991027832
3397,222.61204780715758,38502.05078125,0.0,0.0,0.9013657569885254
3398,225.77890548857494,43574.875,0.0,0.0,0.9013623595237732
3399,220.80642894338698,38026.078125,0.0,0.0,0.9013552069664001
3400,231.9459005343655,41194.55078125,0.0,0.0,0.9013298153877258
3401,225.90364979662255,39065.8671875,0.0,0.0,0.9012917876243591
3402,223.72369167934136,37612.640625,0.0,0.0,0.9012286067008972
3403,247.52850206035657,48034.70703125,0.0,0.0,0.9011874198913574
3404,226.8923656042201,42309.37890625,0.0,0.0,0.9012028574943542
3405,253.0501380664341,49274.2265625,0.0,0.0,0.9012115597724915
3406,224.80331599670134,38073.2890625,0.0,0.0,0.901193380355835
3407,237.50118464931072,44839.2734375,0.0,0.0,0.9011982083320618
3408,234.30093952335181,44809.46875,0.0,0.0,0.9012436270713806
3409,230.88596057153174,40219.1171875,0.0,0.0,0.9012587666511536
3410,239.74738703022055,45823.38671875,0.0,0.0,0.901268482208252
3411,239.59881614391094,45150.08984375,0.0,0.0,0.9012928009033203
3412,229.02686902047063,41565.875,0.0,0.0,0.9013288021087646
3413,244.04081905466887,46038.015625,0.0,0.0,0.9013585448265076
3414,229.02990465366844,40306.765625,0.0,0.0,0.9013778567314148
3415,254.20277479567548,51972.17578125,0.0,0.0,0.9014137387275696
3416,245.59002232926204,47430.609375,0.0,0.0,0.9014505743980408
3417,227.1451590828553,40114.640625,0.0,0.0,0.9014812111854553
3418,251.88553290471054,49765.1015625,0.0,0.0,0.9015312790870667
3419,240.27468203733275,42935.2265625,0.0,0.0,0.9015202522277832
3420,251.51554463871895,48208.62890625,0.0,0.0,0.9014889597892761
3421,235.1604550721359,44740.5390625,0.0,0.0,0.9014854431152344
3422,235.74517529946908,41080.13671875,0.0,0.0,0.9014204144477844
3423,227.11215537513468,40052.54296875,0.0,0.0,0.9013571739196777
3424,242.5463753578403,44067.9296875,0.0,0.0,0.9012709259986877
3425,242.40849338642093,45089.07421875,0.0,0.0,0.9011519551277161
3426,251.1477514350007,49923.40625,0.0,0.0,0.9010642170906067
3427,269.12665841229403,58676.8125,0.0,0.0,0.901015043258667
3428,255.58802464008104,49030.8515625,0.0,0.0,0.9009469151496887
3429,226.38941242046016,40072.3203125,0.0,0.0,0.9008872509002686
3430,241.4813290242224,44276.15234375,0.0,0.0,0.9007757306098938
3431,244.5646919054032,48756.0546875,0.0,0.0,0.9007323384284973
3432,258.39963118442125,49831.5390625,0.0,0.0,0.9006483554840088
3433,224.1713769325512,39408.859375,0.0,0.0,0.9005740284919739
3434,249.7600528743621,49931.8046875,0.0,0.0,0.9005196690559387
3435,259.2924877335325,54482.02734375,0.0,0.0,0.9004878401756287
3436,219.88875820921592,37715.21875,0.0,0.0,0.9003997445106506
3437,249.46975128558958,48498.2734375,0.0,0.0,0.9003231525421143
3438,254.83616644486276,54531.91015625,0.0,0.0,0.9003041386604309
3439,250.2245734860008,48288.59375,0.0,0.0,0.9002671241760254
3440,252.08696983353985,50293.5703125,0.0,0.0,0.9002329707145691
3441,265.3953755477407,55001.984375,0.0,0.0,0.9002078175544739
3442,267.7806599049774,53263.6796875,0.0,0.0,0.9001433253288269
3443,263.18944601642494,54546.1171875,0.0,0.0,0.9000831246376038
3444,247.46484151804185,48504.7421875,0.0,0.0,0.9000260233879089
3445,253.25490184223034,49609.21875,0.0,0.0,0.8999507427215576
3446,251.89238514395134,49648.6484375,0.0,0.0,0.8998784422874451
3447,246.25356312601488,47735.38671875,0.0,0.0,0.8997988104820251
3448,261.76119464521906,55216.28125,0.0,0.0,0.8997486233711243
3449,266.76643151870303,53069.6484375,0.0,0.0,0.8996465802192688
3450,259.1364621799475,52130.7109375,0.0,0.0,0.8995348811149597
3451,259.7596702096621,54988.65234375,0.0,0.0,0.8994770050048828
3452,273.9507982491916,61374.859375,0.0,0.0,0.899468719959259
3453,260.73188047989333,54380.74609375,0.0,0.0,0.899448812007904
3454,260.0968803156806,51313.28125,0.0,0.0,0.8994009494781494
3455,269.74102409918555,57381.2890625,0.0,0.0,0.8993690609931946
3456,252.6833388800309,51931.15234375,0.0,0.0,0.8993597030639648
3457,276.6024082469764,60933.0234375,0.0,0.0,0.8993633389472961
3458,252.08304824916053,52237.4140625,0.0,0.0,0.8993825912475586
3459,267.0444185222664,58736.0234375,0.0,0.0,0.899424135684967
3460,264.1228774813196,53017.17578125,0.0,0.0,0.8994395136833191
3461,244.0775639786666,48028.99609375,0.0,0.0,0.8994565010070801
3462,257.3781980980769,55234.7890625,0.0,0.0,0.8994995951652527
3463,262.7858265836335,55549.609375,0.0,0.0,0.8995422720909119
3464,255.83326110569115,52330.34375,0.0,0.0,0.8995799422264099
3465,270.52788773118976,58659.57421875,0.0,0.0,0.8996210694313049
3466,258.7449936664075,51879.33203125,0.0,0.0,0.8996455669403076
3467,258.4829504034257,51459.33984375,0.0,0.0,0.8996503353118896
3468,267.2977476468679,55445.84765625,0.0,0.0,0.899642288684845
3469,254.28390851435503,50144.296875,0.0,0.0,0.8996176719665527
3470,256.78772520111363,51986.78515625,0.0,0.0,0.8995912671089172
3471,267.6250919151012,60395.5,0.0,0.0,0.8996098637580872
3472,271.8305862983865,58721.109375,0.0,0.0,0.8996376991271973
3473,263.8211088416774,54020.546875,0.0,0.0,0.8996427655220032
3474,246.74336955862051,49341.8125,0.0,0.0,0.8996376991271973
3475,265.7278117962339,52294.56640625,0.0,0.0,0.8996102213859558
3476,242.06434138724774,49769.8125,0.0,0.0,0.8996317386627197
3477,253.52083971418023,51822.22265625,0.0,0.0,0.8996621966362
3478,252.25385349483489,49880.31640625,0.0,0.0,0.8996663093566895
3479,249.56724683553804,51761.234375,0.0,0.0,0.8996976017951965
3480,256.9673467902044,52283.44921875,0.0,0.0,0.8997251987457275
3481,262.6427029378798,58055.87109375,0.0,0.0,0.8997745513916016
3482,267.32952321208717,59129.0546875,0.0,0.0,0.8998478055000305
3483,244.10504652608188,47605.92578125,0.0,0.0,0.8999056220054626
3484,240.82798500160936,47223.69921875,0.0,0.0,0.8999754786491394
3485,254.84235604445865,52504.41015625,0.0,0.0,0.90004563331604
3486,263.95097105666576,58890.6953125,0.0,0.0,0.900148868560791
3487,248.01401030591123,49065.16015625,0.0,0.0,0.9002313613891602
3488,252.006733501459,50816.65625,0.0,0.0,0.9002969264984131
3489,255.98531137511196,53784.7734375,0.0,0.0,0.9003763794898987
3490,256.799349474804,51917.703125,0.0,0.0,0.9004220962524414
3491,254.2226363541719,49681.1875,0.0,0.0,0.900414228439331
3492,223.27351945145125,42350.67578125,0.0,0.0,0.900438129901886
3493,276.7196337638472,60705.11328125,0.0,0.0,0.9004650712013245
3494,277.95904998900255,60800.65234375,0.0,0.0,0.9004795551300049
3495,267.1650580735558,55807.953125,0.0,0.0,0.9004834294319153
3496,242.26668325514873,48122.4609375,0.0,0.0,0.9004950523376465
3497,238.50077306826287,48505.171875,0.0,0.0,0.9005282521247864
3498,249.98600498141184,50679.046875,0.0,0.0,0.9005565047264099
3499,263.8669699107917,55022.94921875,0.0,0.0,0.9005742073059082
3500,253.69029390748085,51407.8984375,0.0,0.0,0.9005864262580872
3501,287.11081258699863,64131.5625,0.0,0.0,0.9005988240242004
3502,260.16742959826064,56258.30859375,0.0,0.0,0.9006562232971191
3503,265.1430756794726,56384.16796875,0.0,0.0,0.9006968140602112
3504,253.19627428760427,51675.5859375,0.0,0.0,0.9007289409637451
3505,248.11380266610382,47745.38671875,0.0,0.0,0.9006807208061218
3506,84.24387778870212,8439.978515625,0.0,0.0,0.9006059765815735
3507,267.21038818046304,57123.1875,0.0,0.0,0.9005345702171326
3508,219.07978922577485,38256.7109375,0.0,0.0,0.9004529118537903
3509,255.34396129661778,52433.83984375,0.0,0.0,0.9003610610961914
3510,270.09640745257803,58677.296875,0.0,0.0,0.9002936482429504
3511,79.49467322249713,8484.3974609375,0.0,0.0,0.9002229571342468
3512,258.6368504485564,54029.80078125,0.0,0.0,0.9001592993736267
3513,266.3460846192658,58292.9609375,0.0,0.0,0.9001170992851257
3514,255.35844218579243,52317.1328125,0.0,0.0,0.9000306129455566
3515,248.40654355046541,49500.43359375,0.0,0.0,0.8999397158622742
3516,67.14253129226286,6067.2275390625,0.0,0.0,0.8998465538024902
3517,60.86925309699725,5727.2451171875,0.0,0.0,0.8997704386711121
3518,115.73760855909093,15632.4169921875,0.0,0.0,0.8997305035591125
3519,82.80844103741704,9419.447265625,0.0,0.0,0.8997273445129395
3520,236.97988080204715,44488.4609375,0.0,0.0,0.8996963500976562
3521,262.1368515670052,54931.22265625,0.0,0.0,0.8996449112892151
3522,63.76518008431725,6273.884765625,0.0,0.0,0.899613618850708
3523,235.46795150319628,45210.6484375,0.0,0.0,0.8995823264122009
3524,252.95196773484537,53459.765625,0.0,0.0,0.8995701670646667
3525,236.5488174121986,46402.9296875,0.0,0.0,0.8995683789253235
3526,245.09632969008098,47162.48046875,0.0,0.0,0.8995189070701599
3527,81.35075887831941,8845.69140625,0.0,0.0,0.8994646668434143
3528,86.91743909138587,9653.91015625,0.0,0.0,0.8994027972221375
3529,63.21865324830445,5817.4560546875,0.0,0.0,0.8993468880653381
3530,67.9712110544723,6957.2666015625,0.0,0.0,0.8993011116981506
3531,70.83001829763641,6782.87109375,0.0,0.0,0.8992441296577454
3532,48.02158082072976,3636.56982421875,0.0,0.0,0.899168074131012
3533,44.45930164692747,3310.133056640625,0.0,0.0,0.8990798592567444
3534,44.13384290130399,2878.623291015625,0.0,0.0,0.8989306092262268
3535,33.743862169781416,1996.8916015625,0.0,0.0,0.8987245559692383
3536,50.10662138807633,3840.871337890625,0.0,0.0,0.8984861969947815
3537,49.00747932225932,3959.38623046875,0.0,0.0,0.8982839584350586
3538,43.923589767840454,2970.965576171875,0.0,0.0,0.8980631232261658
3539,34.323337709760374,2151.5107421875,0.0,0.0,0.8978481292724609
3540,40.80445637743184,3080.3056640625,0.0,0.0,0.8976817727088928
3541,53.97445942595145,4715.46533203125,0.0,0.0,0.8975390791893005
3542,35.068128194925315,2475.4306640625,0.0,0.0,0.8974159359931946
3543,46.620040189043536,3847.72119140625,0.0,0.0,0.8973111510276794
3544,46.42379707715084,3419.28125,0.0,0.0,0.8972101211547852
3545,47.82340658330479,3807.352783203125,0.0,0.0,0.8971097469329834
3546,45.90887900774279,3622.55615234375,0.0,0.0,0.8970286846160889
3547,45.76614761063264,3266.112060546875,0.0,0.0,0.8968862891197205
3548,56.5769752017537,5334.62646484375,0.0,0.0,0.8967857360839844
3549,37.67531398872414,2605.476318359375,0.0,0.0,0.8966920375823975
3550,49.671817251520594,4104.923828125,0.0,0.0,0.8966112732887268
3551,51.33093999874126,4399.177734375,0.0,0.0,0.8965585827827454
3552,44.17089142924588,3017.636474609375,0.0,0.0,0.896457850933075
3553,64.5524301692249,6491.7109375,0.0,0.0,0.8963916301727295
3554,46.2706378464051,3411.024169921875,0.0,0.0,0.8963108062744141
3555,47.5110350881851,3884.474853515625,0.0,0.0,0.8962593078613281
3556,41.007361932727875,2955.0390625,0.0,0.0,0.8961982131004333
3557,55.47370065314535,4651.484375,0.0,0.0,0.8961329460144043
3558,56.06037478941884,4533.259765625,0.0,0.0,0.8960348963737488
3559,51.31701165830711,4249.01171875,0.0,0.0,0.8959431648254395
3560,69.44743225686896,6765.1162109375,0.0,0.0,0.8958528637886047
3561,52.02713784355613,4540.32861328125,0.0,0.0,0.8957903385162354
3562,60.42409616031699,6111.54541015625,0.0,0.0,0.895765483379364
3563,80.40816229659949,9372.6826171875,0.0,0.0,0.8957865834236145
3564,301.0796570561833,71512.0625,0.0,0.0,0.8958168029785156
3565,279.5363118241501,62033.3359375,0.0,0.0,0.8958480954170227
3566,76.2037601718467,7664.73193359375,0.0,0.0,0.8958532214164734
3567,302.7690893657362,74796.03125,0.0,0.0,0.8958994746208191
3568,250.1075312642698,52191.90625,0.0,0.0,0.8959601521492004
3569,78.7706287082325,8715.576171875,0.0,0.0,0.8959908485412598
3570,247.8783142049158,49407.3359375,0.0,0.0,0.8960033059120178
3571,264.9542489761466,57956.078125,0.0,0.0,0.8960358500480652
3572,296.8895438039928,71992.15625,0.0,0.0,0.8961017727851868
3573,254.54538255272115,52464.7890625,0.0,0.0,0.896144688129425
3574,266.08855060589815,57676.8828125,0.0,0.0,0.8962013125419617
3575,287.59910648058633,65916.375,0.0,0.0,0.8962677121162415
3576,249.7275199180175,49966.9296875,0.0,0.0,0.8963086605072021
3577,271.869703527732,60813.7109375,0.0,0.0,0.8963725566864014
3578,277.47603748462507,59507.765625,0.0,0.0,0.896397054195404
3579,291.31409985412154,67224.8671875,0.0,0.0,0.8964131474494934
3580,286.54403222707407,63609.625,0.0,0.0,0.896406352519989
3581,269.9249833233078,59609.53125,0.0,0.0,0.8964319229125977
3582,254.0654792479417,51716.109375,0.0,0.0,0.8964483141899109
3583,67.06353002239709,6641.2705078125,0.0,0.0,0.8964607119560242
3584,266.14156529048824,55492.48046875,0.0,0.0,0.8964499831199646
3585,269.4800443291196,60080.03515625,0.0,0.0,0.8964877128601074
3586,260.57995856815813,57419.0625,0.0,0.0,0.8965443968772888
3587,270.3927081044034,57890.09765625,0.0,0.0,0.8965868949890137
3588,273.75851723776015,60875.2265625,0.0,0.0,0.8966378569602966
3589,260.7878229065888,54992.65234375,0.0,0.0,0.8966816067695618
3590,273.7715497589379,58512.3203125,0.0,0.0,0.8966963887214661
3591,275.4462597499951,60045.56640625,0.0,0.0,0.896708071231842
3592,263.32623016792394,57350.1484375,0.0,0.0,0.8967320322990417
3593,93.84059100358728,12166.869140625,0.0,0.0,0.8968121409416199
3594,277.47741408877346,60887.0625,0.0,0.0,0.8968783020973206
3595,268.68500349627186,60347.51953125,0.0,0.0,0.8969742655754089
3596,256.75889451259627,59346.26171875,0.0,0.0,0.8971290588378906
3597,285.17877852309744,63642.49609375,0.0,0.0,0.897267758846283
3598,277.059581933948,61672.390625,0.0,0.0,0.8974058032035828
3599,273.3484834993612,59112.22265625,0.0,0.0,0.8975163102149963
3600,272.3103069397087,57427.359375,0.0,0.0,0.8975566029548645
3601,99.3694991518007,11970.185546875,0.0,0.0,0.8975868821144104
3602,266.8645311330927,59154.4453125,0.0,0.0,0.8976343274116516
3603,271.65302471356574,62645.296875,0.0,0.0,0.8977260589599609
3604,281.15854201782935,63269.8984375,0.0,0.0,0.8978009819984436
3605,276.82696443038606,59361.328125,0.0,0.0,0.8978461623191833
3606,272.1488683677944,61238.234375,0.0,0.0,0.8979045748710632
3607,284.4316289484563,67775.5859375,0.0,0.0,0.8980172276496887
3608,280.3174231113345,62126.50390625,0.0,0.0,0.8981056809425354
3609,281.1483564833023,63078.71875,0.0,0.0,0.898200273513794
3610,315.2750493846304,76949.8125,0.0,0.0,0.8982935547828674
3611,287.0007234912381,64834.3515625,0.0,0.0,0.8983739018440247
3612,275.71241419977247,60655.9921875,0.0,0.0,0.8984334468841553
3613,318.6389149921976,81719.296875,0.0,0.0,0.8985311388969421
3614,318.1823320143818,78862.1484375,0.0,0.0,0.8986344933509827
3615,269.3930584387705,59764.65625,0.0,0.0,0.898730993270874
3616,285.14371002008795,63524.5859375,0.0,0.0,0.8987674117088318
3617,280.26616856237223,63798.6875,0.0,0.0,0.8988174796104431
3618,287.1594764025409,66172.6875,0.0,0.0,0.8988615870475769
3619,270.1234499562925,62058.38671875,0.0,0.0,0.8988898396492004
3620,282.83264746320236,66368.1171875,0.0,0.0,0.8989328742027283
3621,83.28048352900281,9782.896484375,0.0,0.0,0.898979127407074
3622,297.88292494738994,70604.8515625,0.0,0.0,0.8990320563316345
3623,306.86063488384536,75777.171875,0.0,0.0,0.8991081714630127
3624,304.7230313183659,71815.203125,0.0,0.0,0.8991338610649109
3625,418.5708505552857,117625.0625,0.0,0.0,0.8991477489471436
3626,280.0923803104675,63373.44140625,0.0,0.0,0.899152934551239
3627,217.90779465803845,47392.609375,0.0,0.0,0.8991948962211609
3628,291.36234224735773,68236.9453125,0.0,0.0,0.8992375731468201
3629,98.1155294176409,13692.34765625,0.0,0.0,0.8992893099784851
3630,83.22959374985692,8536.095703125,0.0,0.0,0.8992217183113098
3631,76.78026902608734,8626.134765625,0.0,0.0,0.8991820812225342
3632,195.5490070672191,38564.77734375,0.0,0.0,0.8991429209709167
3633,84.75873829780251,10637.2197265625,0.0,0.0,0.8991174697875977
3634,351.6320183066954,93506.6484375,0.0,0.0,0.8991303443908691
3635,332.39539413678085,86661.046875,0.0,0.0,0.899168074131012
3636,113.23411226950991,16216.76953125,0.0,0.0,0.899214506149292
3637,305.78044196186295,72205.1015625,0.0,0.0,0.8992280960083008
3638,42.5638938272851,3232.64208984375,0.0,0.0,0.8992229104042053
3639,89.06528023150624,11286.099609375,0.0,0.0,0.8992114663124084
3640,88.9122023060639,11971.828125,0.0,0.0,0.8992411494255066
3641,54.47474756764212,5339.90771484375,0.0,0.0,0.8992936611175537
3642,55.9713865461821,5180.908203125,0.0,0.0,0.8993341326713562
3643,69.22350059096904,7817.68994140625,0.0,0.0,0.8993999361991882
3644,52.54401488866158,4787.20361328125,0.0,0.0,0.8994317054748535
3645,58.90227553171212,5507.6201171875,0.0,0.0,0.899448812007904
3646,48.970035553657304,4566.33740234375,0.0,0.0,0.8994722366333008
3647,59.491964886404666,5699.90576171875,0.0,0.0,0.8994714617729187
3648,51.52837683787209,5063.404296875,0.0,0.0,0.8995019793510437
3649,51.247563624708434,5064.45458984375,0.0,0.0,0.8995652794837952
3650,56.565706571278334,5197.86767578125,0.0,0.0,0.8995616436004639
3651,40.717257072141805,3278.517578125,0.0,0.0,0.899564802646637
3652,47.7898472546551,5004.15185546875,0.0,0.0,0.8996708393096924
3653,39.12053976830583,3277.720703125,0.0,0.0,0.8997752666473389
3654,50.20672859917964,4447.3671875,0.0,0.0,0.8998454213142395
3655,39.1953461526134,3093.932861328125,0.0,0.0,0.8999195694923401
3656,32.07064621674715,2128.843994140625,0.0,0.0,0.899946391582489
3657,39.64653473284874,3205.73876953125,0.0,0.0,0.8999797701835632
3658,38.164180150686114,2725.9609375,0.0,0.0,0.8999605178833008
3659,35.44219552933728,2649.74755859375,0.0,0.0,0.899921178817749
3660,33.388980889975024,2381.50830078125,0.0,0.0,0.8998811841011047
3661,28.37531966022918,2114.90771484375,0.0,0.0,0.8999132513999939
3662,37.815682609296225,2804.36328125,0.0,0.0,0.8999155163764954
3663,30.53914563187573,2027.6026611328125,0.0,0.0,0.8999044299125671
3664,36.81179436311185,2900.56640625,0.0,0.0,0.8999137878417969
3665,23.68581960557331,1547.7322998046875,0.0,0.0,0.8999738693237305
3666,40.3807349903005,3379.568359375,0.0,0.0,0.9000339508056641
3667,33.816362211643586,2356.361083984375,0.0,0.0,0.9000656008720398
3668,35.05520894848692,2681.825439453125,0.0,0.0,0.9000954627990723
3669,33.15143331281306,2323.53564453125,0.0,0.0,0.90010005235672
3670,31.012171721383172,2020.0010986328125,0.0,0.0,0.9000791907310486
3671,27.01910419874792,1824.3443603515625,0.0,0.0,0.9000502228736877
3672,25.376835691283745,1505.95751953125,0.0,0.0,0.9000296592712402
3673,30.621285554094605,2190.69287109375,0.0,0.0,0.9000256657600403
3674,29.881630441294035,2095.83154296875,0.0,0.0,0.9000067710876465
3675,29.444445980754757,2138.960205078125,0.0,0.0,0.9000141024589539
3676,36.07322980527114,2702.908447265625,0.0,0.0,0.900021493434906
3677,32.706249968413566,2616.392333984375,0.0,0.0,0.9000620245933533
3678,29.28126035716601,2166.600830078125,0.0,0.0,0.9001176357269287
3679,27.3494223271744,1729.0877685546875,0.0,0.0,0.9001702666282654
3680,24.952820623906593,1549.0035400390625,0.0,0.0,0.9002272486686707
3681,27.04345748916431,1606.15576171875,0.0,0.0,0.900202214717865
3682,30.151515176701768,1855.9632568359375,0.0,0.0,0.9001678824424744
3683,25.28331027373083,1597.9818115234375,0.0,0.0,0.9001539349555969
3684,20.729538671329877,1277.775146484375,0.0,0.0,0.9001839756965637
3685,31.800758574156838,2232.579345703125,0.0,0.0,0.9002013206481934
3686,31.687615787936245,2274.179931640625,0.0,0.0,0.9001956582069397
3687,21.644972814423152,1323.717041015625,0.0,0.0,0.9002394676208496
3688,27.765226161149588,1879.466796875,0.0,0.0,0.9002707004547119
3689,20.6809330844299,1174.27294921875,0.0,0.0,0.9002993106842041
3690,21.924433535325967,1244.4105224609375,0.0,0.0,0.9003274440765381
3691,29.54421448471369,1790.5057373046875,0.0,0.0,0.9003104567527771
3692,22.38570400083098,1271.84228515625,0.0,0.0,0.9002814292907715
3693,34.81417621517844,2984.923828125,0.0,0.0,0.9002907872200012
3694,21.467494080060707,1225.9713134765625,0.0,0.0,0.900303065776825
3695,22.238701123978224,1181.6990966796875,0.0,0.0,0.9002858996391296
3696,25.216484294949407,1411.4713134765625,0.0,0.0,0.9002173542976379
3697,20.889805210887204,1237.026123046875,0.0,0.0,0.9001779556274414
3698,29.227076681535948,1861.900146484375,0.0,0.0,0.900095522403717
3699,22.790529609526313,1314.7513427734375,0.0,0.0,0.9000102877616882
3700,25.13753198461576,1498.6407470703125,0.0,0.0,0.899901807308197
3701,24.74123613441097,1531.1298828125,0.0,0.0,0.899796724319458
3702,25.267124243711862,1432.61962890625,0.0,0.0,0.8996565937995911
3703,17.906416699871833,787.0156860351562,0.0,0.0,0.8994978070259094
3704,19.099246128832377,1066.95166015625,0.0,0.0,0.8993735313415527
3705,23.44443441804861,1412.8690185546875,0.0,0.0,0.89927077293396
3706,21.826333947832136,1278.0323486328125,0.0,0.0,0.8992040753364563
3707,18.720469401694807,864.391357421875,0.0,0.0,0.8991222381591797
3708,21.17060368703532,1128.9139404296875,0.0,0.0,0.8990486264228821
3709,16.718797190329735,675.0027465820312,0.0,0.0,0.8989508152008057
3710,18.753636958202204,925.9002685546875,0.0,0.0,0.8988561630249023
3711,22.854223786874098,1317.134033203125,0.0,0.0,0.8987557888031006
3712,20.119930175676796,1025.2481689453125,0.0,0.0,0.898658037185669
3713,22.978392879350697,1498.84326171875,0.0,0.0,0.8986281752586365
3714,21.95950150166291,1213.1622314453125,0.0,0.0,0.8985977172851562
3715,30.059868884685024,2176.138916015625,0.0,0.0,0.8985802531242371
3716,21.113464103837384,1139.5899658203125,0.0,0.0,0.8985539078712463
3717,18.602831022970918,932.8372192382812,0.0,0.0,0.8985273838043213
3718,18.8466400992376,867.9954833984375,0.0,0.0,0.8984746932983398
3719,30.035721669277972,2114.436767578125,0.0,0.0,0.8984177112579346
3720,33.60372134853499,2513.033935546875,0.0,0.0,0.8983538746833801
3721,22.563237816202317,1277.87841796875,0.0,0.0,0.898276150226593
3722,23.910947415926508,1537.71728515625,0.0,0.0,0.8982295393943787
3723,19.61811148436754,1114.1766357421875,0.0,0.0,0.8982176780700684
3724,26.906771156822835,1633.632568359375,0.0,0.0,0.8981994986534119
3725,27.295969224066493,1886.7335205078125,0.0,0.0,0.8982045650482178
3726,24.880500197486345,1558.928466796875,0.0,0.0,0.8982076644897461
3727,21.346030908264776,1204.113525390625,0.0,0.0,0.8982227444648743
3728,25.802304294359825,1554.5052490234375,0.0,0.0,0.8982260823249817
3729,35.23881310051285,2907.218994140625,0.0,0.0,0.8982493281364441
3730,25.226331718735132,1945.6065673828125,0.0,0.0,0.8983545899391174
3731,26.530712663426137,1772.5694580078125,0.0,0.0,0.898474931716919
3732,29.513429771398307,2057.623779296875,0.0,0.0,0.8985705375671387
3733,28.48599116935424,2005.5101318359375,0.0,0.0,0.8986878991127014
3734,31.367411511532605,2434.263671875,0.0,0.0,0.8988260626792908
3735,29.867799871222378,1887.4088134765625,0.0,0.0,0.8989126086235046
3736,29.72835278148265,2246.139404296875,0.0,0.0,0.8990151882171631
3737,31.084380228001827,2157.704833984375,0.0,0.0,0.8991029262542725
3738,27.54597111277811,1747.498779296875,0.0,0.0,0.8991804718971252
3739,26.999306132743758,1796.38037109375,0.0,0.0,0.8992559313774109
3740,32.018825674933844,2486.131103515625,0.0,0.0,0.899334728717804
3741,33.19816957761362,2490.203857421875,0.0,0.0,0.899397075176239
3742,30.899519405761612,2187.870361328125,0.0,0.0,0.8994448184967041
3743,32.41511520635385,2175.198974609375,0.0,0.0,0.8994529247283936
3744,39.558403936166705,2845.323974609375,0.0,0.0,0.8994030952453613
3745,29.483702088979935,2095.693603515625,0.0,0.0,0.8993842601776123
3746,32.66279163555753,2366.89013671875,0.0,0.0,0.8993491530418396
3747,38.4814984359384,2830.54833984375,0.0,0.0,0.8992735743522644
3748,27.37760499536582,1937.681640625,0.0,0.0,0.8992217183113098
3749,33.84158180986432,2346.53076171875,0.0,0.0,0.8991038203239441
3750,35.52353843993628,2856.98046875,0.0,0.0,0.8990058898925781
3751,33.62562649601467,2387.81884765625,0.0,0.0,0.8988978862762451
3752,31.48603143425328,2340.84814453125,0.0,0.0,0.8988030552864075
3753,33.388001450167266,2640.869140625,0.0,0.0,0.8987314701080322
3754,38.930025782082154,3613.681884765625,0.0,0.0,0.8987255096435547
3755,34.347707375993856,2561.044677734375,0.0,0.0,0.8987205624580383
3756,42.38754715038546,3730.71240234375,0.0,0.0,0.8987320065498352
3757,42.2791679212345,3633.03515625,0.0,0.0,0.898749828338623
3758,37.966298791790855,3107.3623046875,0.0,0.0,0.8987665772438049
3759,31.08365341236812,2109.948486328125,0.0,0.0,0.8987249732017517
3760,35.93915182412773,3148.903564453125,0.0,0.0,0.8987412452697754
3761,42.52633396633858,3794.293212890625,0.0,0.0,0.898768961429596
3762,38.839781904048,3216.642822265625,0.0,0.0,0.8987650871276855
3763,38.374588987658264,3083.30419921875,0.0,0.0,0.8987465500831604
3764,33.412843031056084,2416.856201171875,0.0,0.0,0.8987197875976562
3765,39.459063356617854,3046.779541015625,0.0,0.0,0.8986654281616211
3766,39.67721166216609,3515.47021484375,0.0,0.0,0.8986594080924988
3767,33.20940906500186,2184.21142578125,0.0,0.0,0.8985874056816101
3768,36.48553814864652,2907.10986328125,0.0,0.0,0.8985397219657898
3769,39.71293394210748,3123.337158203125,0.0,0.0,0.8984281420707703
3770,43.86065886188363,3992.99267578125,0.0,0.0,0.8983447551727295
3771,52.06327765217928,4965.06298828125,0.0,0.0,0.8982401490211487
3772,36.40096837318787,3229.671875,0.0,0.0,0.8981724381446838
3773,46.65043720303953,4529.328125,0.0,0.0,0.8981108665466309
3774,44.002133814922814,4119.0205078125,0.0,0.0,0.8980627655982971
3775,34.64227769606874,2627.066650390625,0.0,0.0,0.89800626039505
3776,45.59570058048826,4349.2822265625,0.0,0.0,0.8979840874671936
3777,42.1049740888156,3296.107421875,0.0,0.0,0.8979255557060242
3778,46.282370132234576,3739.113037109375,0.0,0.0,0.8978137373924255
3779,54.81372154161518,5512.892578125,0.0,0.0,0.8977223038673401
3780,55.40545905647459,5753.3203125,0.0,0.0,0.8976567387580872
3781,51.44839316042387,5506.919921875,0.0,0.0,0.8976357579231262
3782,56.29067375965298,5741.80712890625,0.0,0.0,0.8976399302482605
3783,57.043478322029145,5648.572265625,0.0,0.0,0.8975639939308167
3784,57.150456330587026,5707.88818359375,0.0,0.0,0.8974860310554504
3785,57.89541887847044,5517.376953125,0.0,0.0,0.8973556160926819
3786,64.39236052238094,8223.1826171875,0.0,0.0,0.8973096013069153
3787,57.56127952919179,6283.36572265625,0.0,0.0,0.8972740173339844
3788,62.84780716403547,7060.13720703125,0.0,0.0,0.8972476124763489
3789,68.94432877145704,7308.58984375,0.0,0.0,0.8972058296203613
3790,79.06317624810686,9293.1240234375,0.0,0.0,0.8970903754234314
3791,64.84817181398638,6864.208984375,0.0,0.0,0.8969809412956238
3792,65.71401557584146,7438.9658203125,0.0,0.0,0.8969100117683411
3793,65.67469260525665,6885.4853515625,0.0,0.0,0.8968133926391602
3794,62.64482691854256,6694.11181640625,0.0,0.0,0.8967352509498596
3795,59.55290591907992,6400.90185546875,0.0,0.0,0.896664559841156
3796,66.92788126475337,7239.61669921875,0.0,0.0,0.8965752720832825
3797,66.84902693521316,7248.47216796875,0.0,0.0,0.8964712619781494
3798,75.55315499594693,9255.458984375,0.0,0.0,0.896385133266449
3799,65.0095453435648,7650.80224609375,0.0,0.0,0.8963415622711182
3800,93.26739876133642,13174.142578125,0.0,0.0,0.8963164687156677
3801,76.48900417777871,9106.939453125,0.0,0.0,0.8963005542755127
3802,80.94274737195754,10699.298828125,0.0,0.0,0.8963179588317871
3803,83.76821757588925,10146.0625,0.0,0.0,0.896300733089447
3804,70.85237501584551,8606.24609375,0.0,0.0,0.896320641040802
3805,64.71834413730554,6975.69580078125,0.0,0.0,0.8963244557380676
3806,57.67015453377222,5759.3134765625,0.0,0.0,0.8963062167167664
3807,55.57340362396359,5909.18212890625,0.0,0.0,0.8963164687156677
3808,60.528123551635396,6788.01171875,0.0,0.0,0.896357536315918
3809,81.28907547124648,11138.5009765625,0.0,0.0,0.8964342474937439
3810,55.90542825491423,5808.5322265625,0.0,0.0,0.8965072631835938
3811,57.607889977521666,5657.677734375,0.0,0.0,0.8965156674385071
3812,52.67997364880204,5313.373046875,0.0,0.0,0.8965086340904236
3813,60.165073802814696,6381.54150390625,0.0,0.0,0.8964887261390686
3814,62.66828301844797,6498.71484375,0.0,0.0,0.8964431285858154
3815,48.130667620262976,4749.42578125,0.0,0.0,0.8964172005653381
3816,70.29692380302632,8206.52734375,0.0,0.0,0.8963935375213623
3817,73.13540063948919,8357.4755859375,0.0,0.0,0.8963313102722168
3818,78.89919500002878,10134.1748046875,0.0,0.0,0.8963019251823425
3819,56.09583864630636,5726.16162109375,0.0,0.0,0.8962740302085876
3820,65.80115863745637,7453.04248046875,0.0,0.0,0.8962404131889343
3821,54.67530780520641,5386.31689453125,0.0,0.0,0.8962056040763855
3822,63.50564027953611,7116.01025390625,0.0,0.0,0.8961958289146423
3823,64.01206553795907,6137.69482421875,0.0,0.0,0.8961052298545837
3824,68.91377047290422,7853.8994140625,0.0,0.0,0.896003007888794
3825,75.4992583255969,9533.00390625,0.0,0.0,0.895887553691864
3826,53.384318930184804,5246.9765625,0.0,0.0,0.8957903981208801
3827,55.19955316226915,5554.09765625,0.0,0.0,0.8957101702690125
3828,56.39537591700892,5877.60888671875,0.0,0.0,0.895639955997467
3829,64.46519290069038,7184.68359375,0.0,0.0,0.8955770134925842
3830,68.92338443160241,7563.2724609375,0.0,0.0,0.8954775929450989
3831,67.04825357947074,7242.658203125,0.0,0.0,0.8953741192817688
3832,60.341590946114536,6600.80859375,0.0,0.0,0.8952946066856384
3833,67.53093330492679,7244.02392578125,0.0,0.0,0.8951851725578308
3834,52.40300305663553,5405.173828125,0.0,0.0,0.8951077461242676
3835,71.47163519544316,8089.10107421875,0.0,0.0,0.8950386643409729
3836,57.2169526373335,5982.3740234375,0.0,0.0,0.8949926495552063
3837,68.65759578770209,7602.95166015625,0.0,0.0,0.8949692845344543
3838,59.273250022522255,5592.03271484375,0.0,0.0,0.8949235081672668
3839,61.84430183920315,7162.296875,0.0,0.0,0.8949129581451416
3840,59.53631904353872,6275.6689453125,0.0,0.0,0.8949055671691895
3841,65.35664933743367,6702.9130859375,0.0,0.0,0.8948325514793396
3842,62.09740871445896,6958.6396484375,0.0,0.0,0.8947784304618835
3843,56.2572431108462,5591.341796875,0.0,0.0,0.8947013020515442
3844,53.21173356028941,5150.06298828125,0.0,0.0,0.8946325182914734
3845,59.91905415840692,5547.98974609375,0.0,0.0,0.8945214748382568
3846,52.784280283507975,4659.7412109375,0.0,0.0,0.8943857550621033
3847,64.17991881584538,7044.375,0.0,0.0,0.8942421078681946
3848,73.88871554417919,8733.595703125,0.0,0.0,0.8941137790679932
3849,46.159252201299275,3688.429443359375,0.0,0.0,0.8939469456672668
3850,60.23631191778572,6162.4287109375,0.0,0.0,0.8937963843345642
3851,48.086837263623096,4216.36669921875,0.0,0.0,0.8936440348625183
3852,42.79083491737514,3446.483642578125,0.0,0.0,0.8934888243675232
3853,56.340476653231285,6237.3095703125,0.0,0.0,0.8933841586112976
3854,51.8612224783568,4676.9150390625,0.0,0.0,0.8932550549507141
3855,58.29095176416671,5584.556640625,0.0,0.0,0.8930796980857849
3856,61.57604972621256,6247.37353515625,0.0,0.0,0.8929222226142883
3857,61.49796072371086,5889.4345703125,0.0,0.0,0.8926680088043213
3858,67.16081669250705,7393.90185546875,0.0,0.0,0.8924387097358704
3859,65.28471127578156,6954.9052734375,0.0,0.0,0.8922169804573059
3860,59.062531034531595,6412.869140625,0.0,0.0,0.8920378088951111
3861,45.019964157333455,4303.216796875,0.0,0.0,0.8918941020965576
3862,51.34699431098655,4625.9404296875,0.0,0.0,0.8917424082756042
3863,74.12647880052147,8635.2421875,0.0,0.0,0.8916075825691223
3864,73.82084475792088,8078.880859375,0.0,0.0,0.8914621472358704
3865,77.33847536306753,8917.6767578125,0.0,0.0,0.8913207054138184
3866,65.1027845355682,6566.1962890625,0.0,0.0,0.8911707997322083
3867,82.24623988604331,10364.2763671875,0.0,0.0,0.8910331130027771
3868,57.987473020551214,5653.0009765625,0.0,0.0,0.8909057974815369
3869,56.7133160143089,5781.4697265625,0.0,0.0,0.890795886516571
3870,51.60877021072397,4608.2412109375,0.0,0.0,0.8906762003898621
3871,56.56986300220315,6495.63671875,0.0,0.0,0.8906278610229492
3872,52.36666526671235,4388.84423828125,0.0,0.0,0.8905426859855652
3873,62.0389263966317,6685.17041015625,0.0,0.0,0.8904699683189392
3874,53.933397611703214,5529.6865234375,0.0,0.0,0.8904249668121338
3875,66.94105150604678,7253.20166015625,0.0,0.0,0.8903711438179016
3876,46.661445833108644,3843.94384765625,0.0,0.0,0.8903017044067383
3877,53.05900872851573,5306.3037109375,0.0,0.0,0.8902515769004822
3878,64.8079538528992,7382.18994140625,0.0,0.0,0.890230655670166
3879,63.31478932334783,6544.55078125,0.0,0.0,0.8901901245117188
3880,58.182020014382815,5903.1123046875,0.0,0.0,0.8901557922363281
3881,59.14575791546362,5969.81005859375,0.0,0.0,0.890141487121582
3882,51.08621664296497,4421.38525390625,0.0,0.0,0.89012211561203
3883,49.4087163149397,4666.8876953125,0.0,0.0,0.8901137709617615
3884,59.47041189107661,5581.77392578125,0.0,0.0,0.8900696635246277
3885,48.28308681308979,4302.9482421875,0.0,0.0,0.8900240063667297
3886,53.770304540039575,5298.6513671875,0.0,0.0,0.8899989724159241
3887,61.996910291917935,6426.03271484375,0.0,0.0,0.8899877071380615
3888,48.09919319291781,4247.986328125,0.0,0.0,0.8899445533752441
3889,60.234675990667675,5983.93701171875,0.0,0.0,0.8898828625679016
3890,53.26833595482713,5125.19140625,0.0,0.0,0.8898285031318665
3891,49.59295150822678,4143.6943359375,0.0,0.0,0.8897646069526672
3892,49.96651899577053,4635.63525390625,0.0,0.0,0.889704704284668
3893,31.688855665288084,2349.366943359375,0.0,0.0,0.8896524310112
3894,46.825544658197266,3822.930419921875,0.0,0.0,0.8895934224128723
3895,52.15094497859951,4760.92822265625,0.0,0.0,0.8895238041877747
3896,34.88714072660792,2525.51953125,0.0,0.0,0.8894360065460205
3897,39.91985843550272,3101.231201171875,0.0,0.0,0.889326274394989
3898,47.05015840543446,3697.191650390625,0.0,0.0,0.8891850113868713
3899,52.444631675791804,4683.1640625,0.0,0.0,0.8890507817268372
3900,48.36923002384406,4309.12939453125,0.0,0.0,0.8889303207397461
3901,40.419841821413925,3280.134521484375,0.0,0.0,0.8888459801673889
3902,55.64577329432292,5353.3896484375,0.0,0.0,0.8887760639190674
3903,56.62170046517678,5454.02734375,0.0,0.0,0.8887012600898743
3904,37.79005040578623,2884.734375,0.0,0.0,0.8886311650276184
3905,44.98126274313204,3868.35546875,0.0,0.0,0.8885743618011475
3906,46.01020833309068,3778.972900390625,0.0,0.0,0.8885109424591064
3907,38.40351327473015,2834.774169921875,0.0,0.0,0.8884527087211609
3908,43.24954026500248,3563.090576171875,0.0,0.0,0.8883891701698303
3909,55.48618131027283,5469.3779296875,0.0,0.0,0.8883342146873474
3910,48.841148853890516,4183.7939453125,0.0,0.0,0.8882503509521484
3911,79.52240279146535,9741.4736328125,0.0,0.0,0.8881948590278625
3912,42.15750616834648,3289.557373046875,0.0,0.0,0.8881257176399231
3913,68.8769193293789,7208.55712890625,0.0,0.0,0.8880605697631836
3914,37.219759479253405,2479.15966796875,0.0,0.0,0.8879706859588623
3915,49.27079263932373,4299.55859375,0.0,0.0,0.8878657221794128
3916,63.64122265525061,6123.7353515625,0.0,0.0,0.8877226710319519
3917,53.65256273626627,4871.9931640625,0.0,0.0,0.8875588774681091
3918,50.366089022204505,4252.69189453125,0.0,0.0,0.8873834013938904
3919,44.26705408393884,3864.47412109375,0.0,0.0,0.8872405886650085
3920,57.26023822815081,5804.06005859375,0.0,0.0,0.8871226906776428
3921,49.152126620662564,4287.9560546875,0.0,0.0,0.8870142102241516
3922,49.305986179105496,4097.90771484375,0.0,0.0,0.8868566155433655
3923,52.44613019105757,4646.5537109375,0.0,0.0,0.8866982460021973
3924,40.03800949402823,3355.249755859375,0.0,0.0,0.8865876197814941
3925,44.91738860531046,3678.317138671875,0.0,0.0,0.8864734768867493
3926,46.98644237062824,4313.8291015625,0.0,0.0,0.8863977789878845
3927,45.837593216551056,3855.653076171875,0.0,0.0,0.8863160014152527
3928,55.723936834322174,5047.6123046875,0.0,0.0,0.8862373232841492
3929,47.02305677494408,4027.6572265625,0.0,0.0,0.886164665222168
3930,33.766319999220386,2590.755859375,0.0,0.0,0.8861353397369385
3931,52.14800570724575,4723.74267578125,0.0,0.0,0.8860931396484375
3932,59.107043600019914,5568.716796875,0.0,0.0,0.8860318064689636
3933,44.21615349234735,3563.203857421875,0.0,0.0,0.8859588503837585
3934,38.01428686049787,2919.036865234375,0.0,0.0,0.8858771920204163
3935,43.73224755600574,3950.88330078125,0.0,0.0,0.8858402371406555
3936,47.03563383346741,4028.94140625,0.0,0.0,0.8857998847961426
3937,43.92023238499734,3555.771240234375,0.0,0.0,0.8857569694519043
3938,45.61735075231131,3691.60498046875,0.0,0.0,0.8856951594352722
3939,26.63399487149011,1524.93408203125,0.0,0.0,0.8856239318847656
3940,40.19867791229286,2682.822265625,0.0,0.0,0.8855142593383789
3941,44.1387405848724,3932.736083984375,0.0,0.0,0.8854413032531738
3942,32.86138991376693,2396.041259765625,0.0,0.0,0.8854131698608398
3943,38.66494994271939,3057.3662109375,0.0,0.0,0.8853924870491028
3944,23.1996325924734,1321.477294921875,0.0,0.0,0.885394811630249
3945,35.22895885631647,2789.242431640625,0.0,0.0,0.8854283690452576
3946,25.548126295140598,1502.4127197265625,0.0,0.0,0.8854596614837646
3947,27.06454332738437,1661.7945556640625,0.0,0.0,0.8854934573173523
3948,36.21773522355988,2561.599609375,0.0,0.0,0.885517418384552
3949,32.72298464163139,1991.1412353515625,0.0,0.0,0.8854948878288269
3950,26.890341171367258,1599.67919921875,0.0,0.0,0.8854734301567078
3951,27.87705093394909,1742.1925048828125,0.0,0.0,0.8854303956031799
3952,29.018048795349014,1982.8858642578125,0.0,0.0,0.885422945022583
3953,26.58119964543247,1484.9974365234375,0.0,0.0,0.8853771686553955
3954,33.53857032126636,2487.374755859375,0.0,0.0,0.8853588104248047
3955,22.667373705204056,1239.744873046875,0.0,0.0,0.8853481411933899
3956,37.92303295647714,2816.496337890625,0.0,0.0,0.8853155970573425
3957,24.0469350228883,1286.195068359375,0.0,0.0,0.8852150440216064
3958,25.221745693022562,1418.6871337890625,0.0,0.0,0.8851075768470764
3959,24.629714561143757,1394.1409912109375,0.0,0.0,0.8850108981132507
3960,23.068668585744067,1368.6759033203125,0.0,0.0,0.8849360346794128
3961,25.91261025998169,1437.1685791015625,0.0,0.0,0.8848490715026855
3962,20.553892667815205,1250.701904296875,0.0,0.0,0.8848158717155457
3963,18.693206031230268,798.4644775390625,0.0,0.0,0.8847503662109375
3964,23.01778130173428,1283.114013671875,0.0,0.0,0.8847083449363708
3965,21.22201688912335,1092.3748779296875,0.0,0.0,0.8846527934074402
3966,26.654848523140632,1583.4903564453125,0.0,0.0,0.8845973610877991
3967,24.22180174692953,1345.5987548828125,0.0,0.0,0.8845269680023193
3968,27.26101304150808,1763.92236328125,0.0,0.0,0.8844700455665588
3969,28.8746364402721,1850.831787109375,0.0,0.0,0.8844258189201355
3970,26.129134841348225,1436.158447265625,0.0,0.0,0.8843689560890198
3971,23.57265403528261,1566.060791015625,0.0,0.0,0.8843529224395752
3972,21.527890740803205,1243.984619140625,0.0,0.0,0.8843622207641602
3973,20.321192022706658,992.8359375,0.0,0.0,0.8843643665313721
3974,32.22913371422707,2363.69287109375,0.0,0.0,0.884371280670166
3975,37.04545730321253,3031.14990234375,0.0,0.0,0.8843986988067627
3976,20.59783124928827,1162.087646484375,0.0,0.0,0.8844590187072754
3977,31.277049632566825,2032.739990234375,0.0,0.0,0.884498655796051
3978,27.405329880928182,1764.7667236328125,0.0,0.0,0.8845530152320862
3979,26.105877859078852,1500.92578125,0.0,0.0,0.8845779895782471
3980,30.517446126692416,2272.23046875,0.0,0.0,0.8846399784088135
3981,22.17024862359974,1268.7652587890625,0.0,0.0,0.8847017288208008
3982,30.69398039128533,2160.53564453125,0.0,0.0,0.8847671151161194
3983,23.814502547263068,1406.3680419921875,0.0,0.0,0.8848420977592468
3984,28.019232262000358,1688.585693359375,0.0,0.0,0.8848817348480225
3985,29.036404405505134,1800.229248046875,0.0,0.0,0.8848986625671387
3986,38.74399775035092,3231.456298828125,0.0,0.0,0.8849561810493469
3987,25.46723973355821,1625.6683349609375,0.0,0.0,0.885025680065155
3988,26.453026747842163,1643.3387451171875,0.0,0.0,0.8850756287574768
3989,25.503498372863092,1460.10302734375,0.0,0.0,0.8850842118263245
3990,27.321944902347,1584.0948486328125,0.0,0.0,0.8850514888763428
3991,26.187042858426487,1673.0101318359375,0.0,0.0,0.8850298523902893
3992,25.833506708905663,1541.239990234375,0.0,0.0,0.8850099444389343
3993,23.51049072443259,1367.42822265625,0.0,0.0,0.8849989771842957
3994,25.302252511707508,1456.1175537109375,0.0,0.0,0.8849948048591614
3995,26.507382942170686,1681.8238525390625,0.0,0.0,0.8850166201591492
3996,27.976289312729843,1493.6181640625,0.0,0.0,0.8849396109580994
3997,24.66530503056274,1550.4271240234375,0.0,0.0,0.8848831057548523
3998,25.059140619178564,1464.637451171875,0.0,0.0,0.8848238587379456
3999,24.20893489752095,1433.9111328125,0.0,0.0,0.8847739100456238
4000,33.506120906985956,2242.843017578125,0.0,0.0,0.8847143650054932
4001,30.066843605558606,1919.5877685546875,0.0,0.0,0.8846567273139954
4002,23.148795822962253,1227.009765625,0.0,0.0,0.8845913410186768
4003,36.836108713101744,2714.232421875,0.0,0.0,0.8845204710960388
4004,26.69076437669135,1635.2783203125,0.0,0.0,0.8844334483146667
4005,32.171200264585266,2108.135986328125,0.0,0.0,0.884347140789032
4006,36.79375600685039,2868.6318359375,0.0,0.0,0.8842859864234924
4007,31.026079880459502,2227.336669921875,0.0,0.0,0.8842605948448181
4008,25.082935401898926,1484.3531494140625,0.0,0.0,0.8842406868934631
4009,26.32545746789918,1493.709228515625,0.0,0.0,0.8841900825500488
4010,35.048980050663204,2283.54248046875,0.0,0.0,0.8841121196746826
4011,31.336051456790265,2063.43505859375,0.0,0.0,0.8840324282646179
4012,32.446819052855986,2231.462158203125,0.0,0.0,0.883970320224762
4013,28.30818011278632,1716.5213623046875,0.0,0.0,0.8838992118835449
4014,21.684163382665066,1227.3515625,0.0,0.0,0.8838541507720947
4015,29.389286810661567,1926.8916015625,0.0,0.0,0.8838085532188416
4016,29.7479530305806,2102.234375,0.0,0.0,0.883804976940155
4017,29.053522911194836,1812.306884765625,0.0,0.0,0.8837869763374329
4018,29.425875438394275,1991.6051025390625,0.0,0.0,0.8837792277336121
4019,33.4979004490134,2062.368408203125,0.0,0.0,0.8837048411369324
4020,29.524794868426653,1744.2440185546875,0.0,0.0,0.8836207389831543
4021,28.880277426050725,1819.19677734375,0.0,0.0,0.8835396766662598
4022,33.262332815922214,2405.840087890625,0.0,0.0,0.8834724426269531
4023,32.961964187621184,2267.3017578125,0.0,0.0,0.8834373354911804
4024,22.78612536263364,1279.0321044921875,0.0,0.0,0.8834133744239807
4025,35.463692080017594,2333.180419921875,0.0,0.0,0.8833479881286621
4026,26.259327830480053,1636.7470703125,0.0,0.0,0.8832876682281494
4027,25.43233395309357,1430.6376953125,0.0,0.0,0.8832221031188965
4028,24.75082956710505,1457.3223876953125,0.0,0.0,0.8831580281257629
4029,22.794223738580996,1217.6356201171875,0.0,0.0,0.8830881118774414
4030,33.61118032526322,2733.14306640625,0.0,0.0,0.8830680251121521
4031,35.21245429441752,2532.4228515625,0.0,0.0,0.8830474019050598
4032,25.43300272596968,1579.6636962890625,0.0,0.0,0.8830215334892273
4033,20.737601120863413,980.0457153320312,0.0,0.0,0.8829501271247864
4034,26.85539935080315,1525.4674072265625,0.0,0.0,0.8828494548797607
4035,33.41882682631324,2519.55322265625,0.0,0.0,0.8827784657478333
4036,22.676919981391677,1377.9676513671875,0.0,0.0,0.8827365040779114
4037,26.880515394005027,1570.4967041015625,0.0,0.0,0.8826776146888733
4038,24.227665417702447,1356.15234375,0.0,0.0,0.8826155662536621
4039,24.23474224049374,1390.388427734375,0.0,0.0,0.8825476765632629
4040,23.40252051498751,1278.780029296875,0.0,0.0,0.8824784159660339
4041,21.80661022894613,1126.2978515625,0.0,0.0,0.8823533058166504
4042,21.9886481484779,1358.4462890625,0.0,0.0,0.8822726607322693
4043,21.644583014869955,1146.18359375,0.0,0.0,0.8821861147880554
4044,23.211704311052767,1251.4617919921875,0.0,0.0,0.8821002840995789
4045,24.319424859597916,1444.032470703125,0.0,0.0,0.8820185661315918
4046,25.4757837891251,1578.7926025390625,0.0,0.0,0.8819554448127747
4047,25.950089984304242,1503.393310546875,0.0,0.0,0.8818793296813965
4048,29.000977122195117,1766.5386962890625,0.0,0.0,0.8817902207374573
4049,28.13743157605286,1691.389892578125,0.0,0.0,0.8817053437232971
4050,28.032930214786884,1928.848388671875,0.0,0.0,0.8816683292388916
4051,28.68436971769986,1902.5120849609375,0.0,0.0,0.8816624283790588
4052,30.460704492635582,1945.742919921875,0.0,0.0,0.8816490173339844
4053,21.17407518598681,1137.158203125,0.0,0.0,0.8816533088684082
4054,23.313977445729847,1200.0567626953125,0.0,0.0,0.8816318511962891
4055,28.67054905797639,1663.45068359375,0.0,0.0,0.8815789222717285
4056,24.16406169293578,1396.8656005859375,0.0,0.0,0.8815560936927795
4057,28.107028474143608,1854.6177978515625,0.0,0.0,0.8815584182739258
4058,25.444764338272726,1408.604736328125,0.0,0.0,0.8815281391143799
4059,21.387198202862848,1024.3511962890625,0.0,0.0,0.8814693093299866
4060,24.633918188731183,1467.3616943359375,0.0,0.0,0.8814246654510498
4061,22.415227257314317,1078.153564453125,0.0,0.0,0.8813440799713135
4062,27.325917594133713,1743.604736328125,0.0,0.0,0.8812757134437561
4063,24.66776915616887,1452.67333984375,0.0,0.0,0.8812186121940613
4064,26.040569598981488,1738.8876953125,0.0,0.0,0.8812122344970703
4065,22.00051939783682,1055.7423095703125,0.0,0.0,0.8810953497886658
4066,23.304230656502998,1269.966064453125,0.0,0.0,0.880967915058136
4067,24.156675371937364,1475.940185546875,0.0,0.0,0.8808777332305908
4068,25.01715788908117,1477.9366455078125,0.0,0.0,0.8808111548423767
4069,19.709356381911498,994.7845458984375,0.0,0.0,0.8807569146156311
4070,22.527479360433265,1172.9029541015625,0.0,0.0,0.8807008862495422
4071,27.016484301589475,1470.095947265625,0.0,0.0,0.8806195855140686
4072,29.768699597426984,1862.1068115234375,0.0,0.0,0.8805463314056396
4073,21.68714577304896,1227.1287841796875,0.0,0.0,0.8805055618286133
4074,23.81542451535275,1435.634765625,0.0,0.0,0.8804803490638733
4075,20.54749872095915,1126.10595703125,0.0,0.0,0.8804810643196106
4076,26.310979381919136,1529.516357421875,0.0,0.0,0.8804580569267273
4077,29.66389399473699,1981.7406005859375,0.0,0.0,0.8804361820220947
4078,21.969102717904246,1129.174072265625,0.0,0.0,0.8804200291633606
4079,19.808288558042673,1037.5380859375,0.0,0.0,0.8804282546043396
4080,19.572772410999036,969.7031860351562,0.0,0.0,0.8804251551628113
4081,21.04585283725131,984.1520385742188,0.0,0.0,0.8803865313529968
4082,28.278916219895265,1673.86962890625,0.0,0.0,0.8803146481513977
4083,24.385606691041232,1512.4266357421875,0.0,0.0,0.8802669644355774
4084,22.084867378520272,1175.847412109375,0.0,0.0,0.8802428245544434
4085,23.488518877624262,1156.448974609375,0.0,0.0,0.8801546096801758
4086,31.77501702951153,2197.26220703125,0.0,0.0,0.8800780177116394
4087,24.79215750783309,1441.15283203125,0.0,0.0,0.8800178170204163
4088,21.281113137823084,938.9263916015625,0.0,0.0,0.8799096941947937
4089,24.39819517767264,1285.4556884765625,0.0,0.0,0.8797909617424011
4090,23.565757515809985,1257.908935546875,0.0,0.0,0.8796730041503906
4091,23.44856787361232,1423.5428466796875,0.0,0.0,0.8796065449714661
4092,22.42153306800065,1294.1988525390625,0.0,0.0,0.8795755505561829
4093,28.439305301426323,1626.238525390625,0.0,0.0,0.8795023560523987
4094,18.70557198710111,853.0711059570312,0.0,0.0,0.8794314861297607
4095,27.537429401565863,1797.5118408203125,0.0,0.0,0.8793873190879822
4096,20.831111335917562,1023.103271484375,0.0,0.0,0.8793299794197083
4097,22.83710369451274,1191.1519775390625,0.0,0.0,0.8792756199836731
4098,20.608170736569782,1143.481201171875,0.0,0.0,0.8792693614959717
4099,23.010898615028246,1201.624267578125,0.0,0.0,0.8792361617088318
4100,23.693033658504525,1367.762939453125,0.0,0.0,0.879220187664032
4101,22.962418555172498,1363.1455078125,0.0,0.0,0.879244327545166
4102,22.355836461778953,1226.8204345703125,0.0,0.0,0.8792555928230286
4103,25.383942432632683,1527.590087890625,0.0,0.0,0.8792845606803894
4104,25.999131029191922,1423.03125,0.0,0.0,0.8792884349822998
4105,18.11251549074459,772.34033203125,0.0,0.0,0.8792724013328552
4106,21.92969161386713,1078.3560791015625,0.0,0.0,0.8792341351509094
4107,20.782926806650103,1092.1927490234375,0.0,0.0,0.8792129158973694
4108,18.47260533844955,1000.3662719726562,0.0,0.0,0.8792262077331543
4109,21.976487883681195,1201.9962158203125,0.0,0.0,0.8792586922645569
4110,24.687542998502604,1262.0830078125,0.0,0.0,0.879253089427948
4111,23.690933332231076,1294.142333984375,0.0,0.0,0.8792500495910645
4112,20.07365659038451,1205.390625,0.0,0.0,0.8792820572853088
4113,23.212212790465205,1174.428466796875,0.0,0.0,0.8792760968208313
4114,18.86707005538896,843.6417846679688,0.0,0.0,0.8792619705200195
4115,18.550376583260757,905.5496826171875,0.0,0.0,0.8792557716369629
4116,20.517754362507592,1132.392578125,0.0,0.0,0.8792743682861328
4117,23.068606217259703,1097.2333984375,0.0,0.0,0.8792611956596375
4118,17.293806285360226,804.8765869140625,0.0,0.0,0.8792579174041748
4119,22.394572512323183,1218.66943359375,0.0,0.0,0.8792570233345032
4120,23.95708846985143,1370.6934814453125,0.0,0.0,0.8792583346366882
4121,19.42373748925335,937.9658203125,0.0,0.0,0.8792538642883301
4122,19.475102448981957,966.7943115234375,0.0,0.0,0.879258930683136
4123,23.59112498790604,1380.686767578125,0.0,0.0,0.8792738914489746
4124,19.9632139421613,991.4547119140625,0.0,0.0,0.879286527633667
4125,27.289232821859567,1470.8892822265625,0.0,0.0,0.8792541027069092
4126,19.721822277368865,1004.8599243164062,0.0,0.0,0.8792341351509094
4127,24.807058368822478,1467.979736328125,0.0,0.0,0.8792173266410828
4128,16.358295136229945,730.806396484375,0.0,0.0,0.8792187571525574
4129,23.505976131631993,1381.0810546875,0.0,0.0,0.8792428970336914
4130,28.256452075711977,1757.88134765625,0.0,0.0,0.8792622685432434
4131,26.023946886981406,1601.79736328125,0.0,0.0,0.8792764544487
4132,16.79854062631158,688.814453125,0.0,0.0,0.8792710900306702
4133,21.77201972226125,1078.12158203125,0.0,0.0,0.8792409300804138
4134,27.325337109558056,1456.0736083984375,0.0,0.0,0.8791801333427429
4135,20.42261158167869,1035.9981689453125,0.0,0.0,0.8791297078132629
4136,22.78351215455515,1227.5848388671875,0.0,0.0,0.8790717720985413
4137,19.103995876713594,891.1170043945312,0.0,0.0,0.8790023922920227
4138,25.006804467445285,1535.298095703125,0.0,0.0,0.8789452910423279
4139,25.255998215480243,1678.50537109375,0.0,0.0,0.8789396286010742
4140,26.181885399990488,1513.8243408203125,0.0,0.0,0.8789078593254089
4141,24.069343737379942,1541.051025390625,0.0,0.0,0.8789330124855042
4142,21.638681911708446,1123.100830078125,0.0,0.0,0.8789370656013489
4143,26.478216697490257,1558.0999755859375,0.0,0.0,0.8789308071136475
4144,20.322413388465556,958.8980712890625,0.0,0.0,0.8789010643959045
4145,26.570879193414232,1593.091552734375,0.0,0.0,0.8788619041442871
4146,27.561418328864995,1589.6416015625,0.0,0.0,0.8787859082221985
4147,22.884024585609914,1357.3355712890625,0.0,0.0,0.8787369728088379
4148,18.990191512276034,912.7118530273438,0.0,0.0,0.8787060379981995
4149,23.798391872409702,1288.5079345703125,0.0,0.0,0.8786695599555969
4150,23.07928238659907,1288.017333984375,0.0,0.0,0.8786394000053406
4151,25.157108968259404,1388.3646240234375,0.0,0.0,0.8785484433174133
4152,23.88943594701935,1410.68505859375,0.0,0.0,0.8784778118133545
4153,18.43650596670139,967.7606811523438,0.0,0.0,0.8784543871879578
4154,17.462833706460994,897.511962890625,0.0,0.0,0.87845379114151
4155,23.92109019495202,1373.12890625,0.0,0.0,0.8784530758857727
4156,15.882813047857729,675.08447265625,0.0,0.0,0.878452718257904
4157,18.264186871393907,927.1500244140625,0.0,0.0,0.8784698843955994
4158,24.94423919231334,1691.852294921875,0.0,0.0,0.8785337805747986
4159,16.431657301195376,909.2132568359375,0.0,0.0,0.8786606788635254
4160,23.9141399032464,1452.9193115234375,0.0,0.0,0.8787946701049805
4161,23.695012208453477,1324.9903564453125,0.0,0.0,0.8789110779762268
4162,21.26438590449533,1269.1781005859375,0.0,0.0,0.8790345191955566
4163,13.9469101633765,507.49566650390625,0.0,0.0,0.8791239261627197
4164,16.8859032479179,746.2565307617188,0.0,0.0,0.8792123198509216
4165,14.021898162314429,513.2854614257812,0.0,0.0,0.8792826533317566
4166,15.458938066033038,680.9630126953125,0.0,0.0,0.8793461322784424
4167,16.397569628079566,711.2984619140625,0.0,0.0,0.8794034123420715
4168,18.772841998344965,1017.4669189453125,0.0,0.0,0.8794744610786438
4169,17.0057949717078,756.389404296875,0.0,0.0,0.8795101046562195
4170,17.905403500966404,749.53857421875,0.0,0.0,0.8795058727264404
4171,15.711979417321988,607.3489379882812,0.0,0.0,0.8794806599617004
4172,21.735709087654502,1142.6365966796875,0.0,0.0,0.8794381618499756
4173,17.162676850727877,825.4066162109375,0.0,0.0,0.8794066905975342
4174,22.59771432994619,1298.3597412109375,0.0,0.0,0.879374086856842
4175,17.487068275210092,815.8427734375,0.0,0.0,0.8793430328369141
4176,17.949721399621392,792.88134765625,0.0,0.0,0.8793045878410339
4177,15.949873359549665,666.4364013671875,0.0,0.0,0.879274845123291
4178,15.122250222670438,670.3622436523438,0.0,0.0,0.879270076751709
4179,24.117178577739995,1445.238525390625,0.0,0.0,0.8792465329170227
4180,19.226134143928633,1086.7613525390625,0.0,0.0,0.8792586326599121
4181,22.245474478591884,1101.523193359375,0.0,0.0,0.8792033195495605
4182,16.13099808756833,694.1875610351562,0.0,0.0,0.8791771531105042
4183,20.71930823925425,1168.541259765625,0.0,0.0,0.879188060760498
4184,20.2112486803992,1084.15234375,0.0,0.0,0.8792060017585754
4185,21.698928723315046,1200.7222900390625,0.0,0.0,0.8792309165000916
4186,19.95560597208219,1115.08154296875,0.0,0.0,0.8792789578437805
4187,21.268118565578852,1169.067626953125,0.0,0.0,0.8793325424194336
4188,17.350658739997954,801.5697021484375,0.0,0.0,0.8793910145759583
4189,21.85829320508367,1221.617919921875,0.0,0.0,0.8794436454772949
4190,15.698312086680376,615.343505859375,0.0,0.0,0.8794357776641846
4191,13.274403141755997,511.6997375488281,0.0,0.0,0.8794398307800293
4192,17.44134659532999,731.1300659179688,0.0,0.0,0.8794007897377014
4193,17.604714719572797,914.3406982421875,0.0,0.0,0.8794246315956116
4194,21.043338396734562,1070.2030029296875,0.0,0.0,0.8794463276863098
4195,20.244726207701223,1117.174560546875,0.0,0.0,0.8794741034507751
4196,17.250713601233958,754.0236206054688,0.0,0.0,0.8794636726379395
4197,15.753374281570446,606.5449829101562,0.0,0.0,0.8793995976448059
4198,16.95145669556878,840.9320068359375,0.0,0.0,0.8793644905090332
4199,18.245819445627692,852.695556640625,0.0,0.0,0.8793416023254395
4200,17.906234129660007,876.4791870117188,0.0,0.0,0.8793153166770935
4201,19.777436366675943,1059.0128173828125,0.0,0.0,0.8793027400970459
4202,17.622958214743964,796.1282348632812,0.0,0.0,0.879270613193512
4203,18.651919145831375,868.7105712890625,0.0,0.0,0.8792373538017273
4204,15.686792305244245,699.8734741210938,0.0,0.0,0.8792447447776794
4205,18.84632630613666,869.7418823242188,0.0,0.0,0.8792006373405457
4206,16.980353671351217,792.23291015625,0.0,0.0,0.8791770935058594
4207,21.027955103848953,1021.9829711914062,0.0,0.0,0.8791254162788391
4208,17.05695955483198,783.39208984375,0.0,0.0,0.8790971636772156
4209,17.75536637808607,822.6652221679688,0.0,0.0,0.8790703415870667
4210,19.22132673441484,897.2951049804688,0.0,0.0,0.8790119290351868
4211,16.547895396744167,638.2261962890625,0.0,0.0,0.878917932510376
4212,17.80735872320484,825.2969970703125,0.0,0.0,0.8788185119628906
4213,17.753903588027942,927.22314453125,0.0,0.0,0.8787837028503418
4214,17.319369813867805,728.984130859375,0.0,0.0,0.8787145614624023
4215,17.06092072489109,703.5347900390625,0.0,0.0,0.8786194920539856
4216,15.531270421401478,603.9681396484375,0.0,0.0,0.8785107731819153
4217,17.01874973229429,715.4109497070312,0.0,0.0,0.878372848033905
4218,12.337486191977629,449.3908996582031,0.0,0.0,0.8782760500907898
4219,16.14484422576472,785.7698364257812,0.0,0.0,0.8782210946083069
4220,17.109248106790165,728.3829345703125,0.0,0.0,0.8781308531761169
4221,13.43041356233934,472.40087890625,0.0,0.0,0.8780503869056702
4222,16.072941069153213,641.49072265625,0.0,0.0,0.8779547810554504
4223,17.364001805101445,776.4347534179688,0.0,0.0,0.8778412938117981
4224,18.044648632296095,874.9067993164062,0.0,0.0,0.8777546882629395
4225,16.554005376924863,752.505126953125,0.0,0.0,0.8776896595954895
4226,16.16673936371079,680.5825805664062,0.0,0.0,0.8776015639305115
4227,15.81855426490728,691.6954345703125,0.0,0.0,0.8775137066841125
4228,18.870226260532046,971.4100952148438,0.0,0.0,0.8774330019950867
4229,23.41744610977605,1473.7401123046875,0.0,0.0,0.8773999810218811
4230,21.37133718702399,1118.5577392578125,0.0,0.0,0.8773514628410339
4231,16.494781077259542,685.4755249023438,0.0,0.0,0.8772644996643066
4232,14.939638050222637,669.4720458984375,0.0,0.0,0.877232551574707
4233,13.909126530665215,440.7856140136719,0.0,0.0,0.8771745562553406
4234,17.09547733473192,776.4124145507812,0.0,0.0,0.8771253228187561
4235,16.996716720945987,749.2365112304688,0.0,0.0,0.8770797252655029
4236,13.724042952131736,480.27374267578125,0.0,0.0,0.8770275115966797
4237,12.726386173622716,426.13494873046875,0.0,0.0,0.8769340515136719
4238,15.140026267322094,582.9089965820312,0.0,0.0,0.876812219619751
4239,19.33626297820542,1045.772705078125,0.0,0.0,0.876713752746582
4240,17.658856089817327,968.5404052734375,0.0,0.0,0.8766813278198242
4241,18.925632125732353,963.807861328125,0.0,0.0,0.8766672611236572
4242,13.414137355272848,446.4900817871094,0.0,0.0,0.8766355514526367
4243,16.155872600268452,781.5869140625,0.0,0.0,0.8766339421272278
4244,15.64031264663424,569.341064453125,0.0,0.0,0.8765872120857239
4245,17.04468041838038,922.6926879882812,0.0,0.0,0.8765769004821777
4246,15.229689942725239,656.0060424804688,0.0,0.0,0.8765780329704285
4247,17.8618098261616,891.7240600585938,0.0,0.0,0.8765479922294617
4248,14.94112850799499,659.780029296875,0.0,0.0,0.8765454292297363
4249,16.805779263345084,753.2745971679688,0.0,0.0,0.8765038847923279
4250,15.038608846763545,583.4063720703125,0.0,0.0,0.8764472007751465
4251,20.039041147597583,1017.9592895507812,0.0,0.0,0.8763694763183594
4252,15.752137812861967,605.3757934570312,0.0,0.0,0.8762762546539307
4253,18.341085030894334,942.5046997070312,0.0,0.0,0.8762230277061462
4254,17.698639283486944,738.1658935546875,0.0,0.0,0.8760969042778015
4255,13.880134270787428,483.22247314453125,0.0,0.0,0.8758873343467712
4256,16.84745810526004,845.9343872070312,0.0,0.0,0.8757367730140686
4257,15.973683930874184,608.2801513671875,0.0,0.0,0.8755452036857605
4258,18.716004066458325,1130.037109375,0.0,0.0,0.8754385113716125
4259,16.172187229763765,689.4115600585938,0.0,0.0,0.8753018379211426
4260,21.33310622217458,1151.9290771484375,0.0,0.0,0.8751664757728577
4261,23.96514563746018,1345.984375,0.0,0.0,0.8750174641609192
4262,18.77263288064373,872.5263671875,0.0,0.0,0.8748515248298645
4263,21.32512642407019,1330.935546875,0.0,0.0,0.8747327923774719
4264,18.033385733161218,801.3218994140625,0.0,0.0,0.8745937943458557
4265,15.283007014893833,589.0689697265625,0.0,0.0,0.8744598031044006
4266,19.156710139874892,986.0599975585938,0.0,0.0,0.874366283416748
4267,21.403927789208097,1372.4796142578125,0.0,0.0,0.87432461977005
4268,22.357087353220976,1356.1163330078125,0.0,0.0,0.8742802739143372
4269,23.21528630903923,1331.4095458984375,0.0,0.0,0.8742033839225769
4270,21.796276327013082,1279.4163818359375,0.0,0.0,0.8741271495819092
4271,21.56257814327793,1108.8826904296875,0.0,0.0,0.8740323185920715
4272,29.031912171669724,2081.939453125,0.0,0.0,0.8739562034606934
4273,29.596723873185315,2103.5166015625,0.0,0.0,0.8738835453987122
4274,15.005222711599579,618.1304931640625,0.0,0.0,0.8738086223602295
4275,22.678187318780022,1206.955322265625,0.0,0.0,0.8737046122550964
4276,24.010723372339363,1520.581298828125,0.0,0.0,0.873617947101593
4277,21.650211598587177,1181.291259765625,0.0,0.0,0.8734595775604248
4278,27.921121304831015,1837.4876708984375,0.0,0.0,0.8732964992523193
4279,27.20692859436751,1791.95458984375,0.0,0.0,0.8731781840324402
4280,24.543738247468397,1609.8695068359375,0.0,0.0,0.8730940222740173
4281,27.12467853885786,1853.605224609375,0.0,0.0,0.8730385899543762
4282,29.61805115562792,2098.944091796875,0.0,0.0,0.8729602694511414
4283,32.115361879834964,2633.805908203125,0.0,0.0,0.8729245662689209
4284,35.746387269775916,2732.063720703125,0.0,0.0,0.8728936314582825
4285,27.9404033000992,2049.6650390625,0.0,0.0,0.8728750348091125
4286,36.568638477620944,2733.3876953125,0.0,0.0,0.8728427290916443
4287,34.852431933259034,2452.02783203125,0.0,0.0,0.8727660179138184
4288,28.483782425225456,1801.5511474609375,0.0,0.0,0.8726577758789062
4289,27.392592106469497,1887.3480224609375,0.0,0.0,0.8725804686546326
4290,28.470069693700463,2021.10546875,0.0,0.0,0.8725085854530334
4291,30.902482253493737,2102.80126953125,0.0,0.0,0.872425377368927
4292,32.39470018447242,1992.9742431640625,0.0,0.0,0.8723030090332031
4293,28.45546493837157,2107.8505859375,0.0,0.0,0.8721928596496582
4294,28.712275666162757,2160.2099609375,0.0,0.0,0.8721548914909363
4295,42.42027804530218,3425.11767578125,0.0,0.0,0.8720660209655762
4296,33.12674463301432,2533.8935546875,0.0,0.0,0.8719816207885742
4297,35.32953921629336,2574.733154296875,0.0,0.0,0.8718745708465576
4298,39.53796870709311,2975.9853515625,0.0,0.0,0.871732234954834
4299,24.3734163032215,1427.5316162109375,0.0,0.0,0.8715807795524597
4300,20.79227206887178,1278.685791015625,0.0,0.0,0.8714748024940491
4301,42.04659192862532,3873.3203125,0.0,0.0,0.8713909983634949
4302,38.74250932865724,3195.2265625,0.0,0.0,0.8713034987449646
4303,33.68902419960955,2650.58544921875,0.0,0.0,0.8712409138679504
4304,24.267342873506788,1692.7255859375,0.0,0.0,0.8711996078491211
4305,31.2456216933766,2232.182861328125,0.0,0.0,0.8711362481117249
4306,28.87396141501584,2019.109619140625,0.0,0.0,0.8710670471191406
4307,24.89681850196697,1568.85205078125,0.0,0.0,0.8709844946861267
4308,23.672532041558682,1308.23291015625,0.0,0.0,0.8708594441413879
4309,36.4267245789176,2882.063232421875,0.0,0.0,0.8707372546195984
4310,25.27797332785504,1538.34326171875,0.0,0.0,0.8705544471740723
4311,31.295143168226954,2230.7080078125,0.0,0.0,0.8703814148902893
4312,27.620608167970776,1818.6298828125,0.0,0.0,0.8702208399772644
4313,24.625543548362174,1484.17236328125,0.0,0.0,0.8700329661369324
4314,22.189611060094247,1293.2720947265625,0.0,0.0,0.8698570728302002
4315,23.373727731869025,1375.0562744140625,0.0,0.0,0.8696918487548828
4316,25.830830310944826,1772.967529296875,0.0,0.0,0.8695686459541321
4317,28.707248495882745,1925.808837890625,0.0,0.0,0.8694412112236023
4318,24.339595501884464,1444.870849609375,0.0,0.0,0.8693209290504456
4319,30.32726038577358,2270.821044921875,0.0,0.0,0.8692389130592346
4320,20.719009811075804,1031.8592529296875,0.0,0.0,0.8691020011901855
4321,25.10962078008662,1564.391357421875,0.0,0.0,0.8689634203910828
4322,32.335228557708334,2735.942626953125,0.0,0.0,0.8689267039299011
4323,23.531207889891682,1413.036865234375,0.0,0.0,0.8689015507698059
4324,19.90857775571631,1003.2840576171875,0.0,0.0,0.8688490390777588
4325,23.489093010018443,1468.837646484375,0.0,0.0,0.8688259124755859
4326,23.725596027170713,1523.530029296875,0.0,0.0,0.8688420653343201
4327,18.84159597510202,942.8814086914062,0.0,0.0,0.8688620924949646
4328,19.77507070629973,1037.45556640625,0.0,0.0,0.8688614368438721
4329,20.263299254388876,1165.796630859375,0.0,0.0,0.8688732981681824
4330,17.177101501871523,748.4783935546875,0.0,0.0,0.868849515914917
4331,23.671781933333524,1424.9659423828125,0.0,0.0,0.8688188195228577
4332,27.943720172731975,2016.790771484375,0.0,0.0,0.8688164353370667
4333,24.12995646884271,1418.6944580078125,0.0,0.0,0.8688015937805176
4334,15.260885332593961,656.6290893554688,0.0,0.0,0.8687920570373535
4335,21.726416762388617,1401.9659423828125,0.0,0.0,0.8688070178031921
4336,16.57606528112343,672.068359375,0.0,0.0,0.8687816262245178
4337,15.588738012255272,771.2900390625,0.0,0.0,0.8688048720359802
4338,36.51189846053129,2844.0810546875,0.0,0.0,0.8687832951545715
4339,19.616282337017626,1026.197509765625,0.0,0.0,0.8687816262245178
4340,22.40984564010504,1282.76171875,0.0,0.0,0.8687463402748108
4341,36.37973242453264,2832.22216796875,0.0,0.0,0.8687179088592529
4342,19.429963239247698,981.20166015625,0.0,0.0,0.8686671257019043
4343,30.20318485343668,2201.212158203125,0.0,0.0,0.8686328530311584
4344,21.235084380015394,1129.1474609375,0.0,0.0,0.8685528635978699
4345,28.556965501505836,2059.534912109375,0.0,0.0,0.8684985041618347
4346,19.77277802362823,1112.0665283203125,0.0,0.0,0.8684523105621338
4347,26.164868290572784,1930.30126953125,0.0,0.0,0.8684322237968445
4348,23.94560937960497,1579.9764404296875,0.0,0.0,0.8684278130531311
4349,21.381700574419952,1291.824951171875,0.0,0.0,0.8684062361717224
4350,22.239868891740993,1381.904541015625,0.0,0.0,0.8683879375457764
4351,25.31529631168333,1719.033935546875,0.0,0.0,0.8683634400367737
4352,24.35969629901165,1482.12353515625,0.0,0.0,0.8683198094367981
4353,29.204599278600465,1895.6248779296875,0.0,0.0,0.8682665228843689
4354,29.45494810398331,2298.966796875,0.0,0.0,0.8682727217674255
4355,25.69323792110902,1586.7733154296875,0.0,0.0,0.8682352900505066
4356,33.81479526452245,2599.9775390625,0.0,0.0,0.8681924343109131
4357,23.826983576479208,1522.0396728515625,0.0,0.0,0.8681322932243347
4358,28.444432167741308,1949.855712890625,0.0,0.0,0.8680974841117859
4359,28.77032733322618,2208.449951171875,0.0,0.0,0.86812824010849
4360,26.16738347339524,1875.0556640625,0.0,0.0,0.8682012557983398
4361,22.994340734593678,1353.9189453125,0.0,0.0,0.8682746887207031
4362,28.869313636719657,1927.2125244140625,0.0,0.0,0.868323028087616
4363,27.896625980697088,1690.2294921875,0.0,0.0,0.8683353066444397
4364,23.227397655375924,1410.61572265625,0.0,0.0,0.8683538436889648
4365,27.84813577995477,2052.070068359375,0.0,0.0,0.8683822154998779
4366,27.01761647048327,1710.617431640625,0.0,0.0,0.8683898448944092
4367,27.312874414655095,1904.6845703125,0.0,0.0,0.8684453368186951
4368,24.305227034403117,1389.700927734375,0.0,0.0,0.8684746623039246
4369,27.516021521565246,1686.18896484375,0.0,0.0,0.8684843182563782
4370,23.42469551718167,1404.4541015625,0.0,0.0,0.8684951663017273
4371,31.365687608606663,2404.782958984375,0.0,0.0,0.8685219883918762
4372,20.72807056114591,1217.7691650390625,0.0,0.0,0.8685658574104309
4373,23.877996724045673,1395.0938720703125,0.0,0.0,0.8685593605041504
4374,25.391985688323047,1614.97802734375,0.0,0.0,0.8685553073883057
4375,27.134060134116172,1740.98583984375,0.0,0.0,0.8685460090637207
4376,26.249263339847303,1781.388427734375,0.0,0.0,0.8685340881347656
4377,29.45895677839483,2070.40673828125,0.0,0.0,0.8685133457183838
4378,25.35340241237016,1801.0042724609375,0.0,0.0,0.8685281276702881
4379,29.420765719435863,1962.55810546875,0.0,0.0,0.8685147166252136
4380,23.282912952139256,1538.8431396484375,0.0,0.0,0.8685545325279236
4381,27.039602248833074,2016.37255859375,0.0,0.0,0.8686223030090332
4382,28.491261517836445,1897.3658447265625,0.0,0.0,0.8686664700508118
4383,28.43845474104244,1839.893798828125,0.0,0.0,0.8686863780021667
4384,21.525330675643463,1138.1171875,0.0,0.0,0.868675708770752
4385,34.057478308095845,2450.49169921875,0.0,0.0,0.8686366081237793
4386,33.96400699576658,2608.5302734375,0.0,0.0,0.8685914874076843
4387,32.89318585481078,2395.640625,0.0,0.0,0.8685633540153503
4388,40.924176067669514,3354.922119140625,0.0,0.0,0.8684950470924377
4389,26.503390260414243,1582.0523681640625,0.0,0.0,0.8684150576591492
4390,42.07766877297279,3694.262451171875,0.0,0.0,0.868330717086792
4391,39.06476904504208,3358.16943359375,0.0,0.0,0.8682476878166199
4392,26.579169016013754,1763.97216796875,0.0,0.0,0.8681633472442627
4393,31.67717217423502,2399.69482421875,0.0,0.0,0.8681039810180664
4394,22.128325010322715,1167.4239501953125,0.0,0.0,0.8680279850959778
4395,41.803413923413125,3687.88037109375,0.0,0.0,0.8679918646812439
4396,27.29016229384946,1824.8314208984375,0.0,0.0,0.8679685592651367
4397,47.697556336208386,4344.63134765625,0.0,0.0,0.8679453730583191
4398,25.93723595529651,1685.447265625,0.0,0.0,0.8679313659667969
4399,29.623916793851706,2090.50732421875,0.0,0.0,0.867935836315155
4400,28.68569994780154,1925.513916015625,0.0,0.0,0.8679125905036926
4401,32.379517885757835,2483.5771484375,0.0,0.0,0.8678908348083496
4402,35.76230091859565,2813.01220703125,0.0,0.0,0.8678784966468811
4403,21.057534951214063,1259.51416015625,0.0,0.0,0.867896556854248
4404,38.54891694149827,3616.54052734375,0.0,0.0,0.8680295348167419
4405,34.99309086299927,2635.009765625,0.0,0.0,0.8681363463401794
4406,25.231908455115782,1696.64306640625,0.0,0.0,0.8682700991630554
4407,24.390520171407243,1666.046142578125,0.0,0.0,0.8684144020080566
4408,27.875870896655083,1896.348388671875,0.0,0.0,0.8685023188591003
4409,31.613571119500854,2307.749267578125,0.0,0.0,0.8685806393623352
4410,24.619192864853296,1912.68505859375,0.0,0.0,0.8687222599983215
4411,29.91055954467327,1934.828369140625,0.0,0.0,0.8688278794288635
4412,35.10811303562151,2725.81884765625,0.0,0.0,0.8689339756965637
4413,26.962940067187425,1606.1217041015625,0.0,0.0,0.8690031170845032
4414,37.957460295383555,3285.00390625,0.0,0.0,0.8690646290779114
4415,28.323455239111926,1948.806640625,0.0,0.0,0.8691176772117615
4416,36.86879560843852,2833.89111328125,0.0,0.0,0.8691351413726807
4417,28.9789860695993,1923.40771484375,0.0,0.0,0.8691639304161072
4418,28.04332642286446,1880.271240234375,0.0,0.0,0.8692169785499573
4419,21.323553641347797,1201.140869140625,0.0,0.0,0.8692793250083923
4420,24.05913963852585,1309.1842041015625,0.0,0.0,0.8693183064460754
4421,30.547725678719765,2272.363037109375,0.0,0.0,0.8693759441375732
4422,24.343788449092887,1490.6868896484375,0.0,0.0,0.8694368004798889
4423,26.64545610478387,1754.5810546875,0.0,0.0,0.869499683380127
4424,30.479283041281136,2247.574462890625,0.0,0.0,0.869551956653595
4425,35.3522243400609,2749.1708984375,0.0,0.0,0.8696203231811523
4426,29.97698396825636,1937.2198486328125,0.0,0.0,0.8696358799934387
4427,32.715667368620515,2422.235107421875,0.0,0.0,0.8696448802947998
4428,39.33302147270272,3149.94580078125,0.0,0.0,0.8696491122245789
4429,32.18754314615011,2453.852294921875,0.0,0.0,0.8696765899658203
4430,27.80263254141063,1786.7421875,0.0,0.0,0.869677722454071
4431,30.321540692417802,2007.437255859375,0.0,0.0,0.8696425557136536
4432,22.82566878884027,1164.3399658203125,0.0,0.0,0.8695737719535828
4433,34.82389916613619,2686.869873046875,0.0,0.0,0.869528591632843
4434,35.78169454260481,2683.264404296875,0.0,0.0,0.869472086429596
4435,28.82496887634636,1884.6544189453125,0.0,0.0,0.8693975806236267
4436,30.479948879008006,2008.98291015625,0.0,0.0,0.8693029284477234
4437,27.186123105967557,1902.912353515625,0.0,0.0,0.86924147605896
4438,32.02385515160971,2300.51953125,0.0,0.0,0.8691737055778503
4439,35.016742505721425,2809.400390625,0.0,0.0,0.8691443800926208
4440,39.83356239442798,3047.1640625,0.0,0.0,0.8691125512123108
4441,32.0508471721362,2144.904052734375,0.0,0.0,0.8690738677978516
4442,41.95080956810473,3468.3759765625,0.0,0.0,0.8690487742424011
4443,28.43823613036542,1886.8115234375,0.0,0.0,0.8690035939216614
4444,31.30343625204572,2144.241943359375,0.0,0.0,0.868952751159668
4445,25.273301647205052,1418.94580078125,0.0,0.0,0.868880033493042
4446,26.16945262688973,1621.1810302734375,0.0,0.0,0.8688098788261414
4447,41.668629566751356,3431.739990234375,0.0,0.0,0.8687571883201599
4448,23.333943029057377,1466.5208740234375,0.0,0.0,0.8687426447868347
4449,35.266465976716,2523.536865234375,0.0,0.0,0.8687236905097961
4450,42.83614715974909,3406.67529296875,0.0,0.0,0.8686661720275879
4451,36.64017514406236,2840.89990234375,0.0,0.0,0.868640661239624
4452,36.268631375576284,2789.45703125,0.0,0.0,0.8686119914054871
4453,32.88606623127791,2276.97265625,0.0,0.0,0.8685920834541321
4454,37.91256713689467,2815.358642578125,0.0,0.0,0.8685643076896667
4455,39.84834817330688,3219.610107421875,0.0,0.0,0.8685515522956848
4456,32.68615026288817,2209.06787109375,0.0,0.0,0.8685272336006165
4457,32.097439725364964,2216.10791015625,0.0,0.0,0.8685010075569153
4458,47.618684752858876,4636.0888671875,0.0,0.0,0.8685032725334167
4459,48.220973440425006,4276.99951171875,0.0,0.0,0.8685305118560791
4460,29.82821567052884,1935.3045654296875,0.0,0.0,0.8685831427574158
4461,35.06561558016497,2649.605224609375,0.0,0.0,0.8686439990997314
4462,31.889947990005357,2074.87353515625,0.0,0.0,0.8686692714691162
4463,32.375111435257516,2479.681640625,0.0,0.0,0.868701696395874
4464,31.818391012906226,2010.931640625,0.0,0.0,0.8686633706092834
4465,50.49567861875495,4595.4267578125,0.0,0.0,0.8686034679412842
4466,32.01280576560108,2111.0576171875,0.0,0.0,0.8685646057128906
4467,33.85901206551281,2384.69140625,0.0,0.0,0.8685138821601868
4468,48.54999722482298,4116.00390625,0.0,0.0,0.8684768676757812
4469,38.35236016640137,3140.833984375,0.0,0.0,0.8684794306755066
4470,54.847561341404216,5414.20849609375,0.0,0.0,0.8684975504875183
4471,41.454027540268605,3418.071044921875,0.0,0.0,0.8685205578804016
4472,28.836649063642707,1747.074462890625,0.0,0.0,0.86851567029953
4473,55.1766957023237,5276.56884765625,0.0,0.0,0.868495523929596
4474,33.26449705246148,2663.02587890625,0.0,0.0,0.868489682674408
4475,47.98568988011,4161.47705078125,0.0,0.0,0.8685092926025391
4476,31.983100943846875,2206.122314453125,0.0,0.0,0.8685372471809387
4477,43.43272201893158,3907.50390625,0.0,0.0,0.8686089515686035
4478,24.897459273852263,1316.3585205078125,0.0,0.0,0.8686501979827881
4479,46.63503078385574,3498.405029296875,0.0,0.0,0.8686017990112305
4480,49.24337999779795,4795.4111328125,0.0,0.0,0.8685815930366516
4481,50.04866661280765,4036.13232421875,0.0,0.0,0.868539035320282
4482,36.19225887272671,2520.703125,0.0,0.0,0.8684390187263489
4483,41.559302470430325,3380.611572265625,0.0,0.0,0.8683533668518066
4484,33.12361798743752,2313.2900390625,0.0,0.0,0.8682973980903625
4485,29.673258201921925,1895.4141845703125,0.0,0.0,0.8681933283805847
4486,51.94389427315831,4942.3994140625,0.0,0.0,0.8681088089942932
4487,43.85349672536844,3691.06103515625,0.0,0.0,0.868054211139679
4488,45.312708973706734,3563.413330078125,0.0,0.0,0.867966890335083
4489,33.30454792672075,2280.41943359375,0.0,0.0,0.8678944110870361
4490,44.35932623894601,3683.944091796875,0.0,0.0,0.8678061962127686
4491,41.31305093696394,3837.48681640625,0.0,0.0,0.8677728176116943
4492,49.59081932174518,4884.6123046875,0.0,0.0,0.867780864238739
4493,37.940941699176335,2899.197021484375,0.0,0.0,0.8677995800971985
4494,44.83578531708753,3755.85205078125,0.0,0.0,0.8678227066993713
4495,47.338761171419534,4068.575439453125,0.0,0.0,0.8678444027900696
4496,29.333577904697627,1742.6622314453125,0.0,0.0,0.8678150177001953
4497,27.780979342618902,1942.4508056640625,0.0,0.0,0.8678114414215088
4498,37.70657115715728,3094.3662109375,0.0,0.0,0.8678292632102966
4499,42.94380759069477,3400.79443359375,0.0,0.0,0.8678062558174133
4500,44.07056726862438,3572.335205078125,0.0,0.0,0.867795467376709
4501,42.10181686328627,2999.3046875,0.0,0.0,0.8677021861076355
4502,30.471760598742414,1989.961181640625,0.0,0.0,0.8676106929779053
4503,54.103264379828886,5295.0576171875,0.0,0.0,0.8675084710121155
4504,44.66439210146667,3818.2490234375,0.0,0.0,0.8674241900444031
4505,41.76548279000096,2970.66650390625,0.0,0.0,0.8672574162483215
4506,44.53360018137902,3551.01123046875,0.0,0.0,0.8670835494995117
4507,64.68670768660876,6291.572265625,0.0,0.0,0.8668789863586426
4508,39.14204327827053,3154.703125,0.0,0.0,0.866688072681427
4509,40.61419972331673,3380.83935546875,0.0,0.0,0.8665210604667664
4510,42.33885531490582,3402.26220703125,0.0,0.0,0.8663620948791504
4511,36.19253654026364,2824.7353515625,0.0,0.0,0.8662209510803223
4512,43.775300521936714,3397.049560546875,0.0,0.0,0.8660443425178528
4513,51.28745819825239,4823.2919921875,0.0,0.0,0.8659088611602783
4514,43.37324388502599,3574.902587890625,0.0,0.0,0.8657791018486023
4515,56.36698850753298,5344.4833984375,0.0,0.0,0.8656746745109558
4516,27.980086283762855,1787.9178466796875,0.0,0.0,0.8655368685722351
4517,35.178116910437346,2825.32275390625,0.0,0.0,0.865450918674469
4518,38.45042605055686,3256.64013671875,0.0,0.0,0.865398108959198
4519,52.277617697379256,4685.66259765625,0.0,0.0,0.8652779459953308
4520,47.64000190399903,4261.435546875,0.0,0.0,0.8651931285858154
4521,69.72633320723737,6956.0166015625,0.0,0.0,0.8650631308555603
4522,31.53936799459397,2085.03125,0.0,0.0,0.8649221062660217
4523,52.76386570581748,5232.8828125,0.0,0.0,0.8648174405097961
4524,47.692815472910425,4000.62109375,0.0,0.0,0.8646461963653564
4525,47.509837239146414,4009.705078125,0.0,0.0,0.8644984364509583
4526,90.48531917170715,12281.5517578125,0.0,0.0,0.8643910884857178
4527,40.882026668427,3704.769287109375,0.0,0.0,0.8643402457237244
4528,68.58029246489971,8457.921875,0.0,0.0,0.8643466830253601
4529,39.828796970877534,3138.64599609375,0.0,0.0,0.8643534183502197
4530,36.69436889558279,2897.400146484375,0.0,0.0,0.8644052147865295
4531,32.548208783600245,1940.2841796875,0.0,0.0,0.8644289970397949
4532,69.36041058063357,7800.8583984375,0.0,0.0,0.8644589781761169
4533,88.73408171485418,11215.9013671875,0.0,0.0,0.864502489566803
4534,53.939300316620866,4754.22216796875,0.0,0.0,0.8644803166389465
4535,41.21965722817614,3174.031982421875,0.0,0.0,0.8644425272941589
4536,46.743189744602404,3937.024169921875,0.0,0.0,0.8643901944160461
4537,86.23509209793075,10680.8271484375,0.0,0.0,0.864351749420166
4538,51.6244908008231,5089.22607421875,0.0,0.0,0.8643288016319275
4539,38.80050548968443,3451.78515625,0.0,0.0,0.864345371723175
4540,95.83983668937289,12231.7197265625,0.0,0.0,0.8643476963043213
4541,56.65498127000268,5197.9482421875,0.0,0.0,0.8643237948417664
4542,43.41861610393352,3759.62646484375,0.0,0.0,0.8642987608909607
4543,75.52032082106771,8232.41015625,0.0,0.0,0.8642676472663879
4544,65.70784420184545,6954.9091796875,0.0,0.0,0.8642517924308777
4545,96.3569660961128,12452.1767578125,0.0,0.0,0.8642373085021973
4546,84.45138428978636,10808.814453125,0.0,0.0,0.8642206192016602
4547,63.7985800926637,6654.45068359375,0.0,0.0,0.8642470240592957
4548,53.26908317709843,5131.818359375,0.0,0.0,0.8642948269844055
4549,49.67572533472588,4390.994140625,0.0,0.0,0.8643044829368591
4550,148.75107629497504,26303.875,0.0,0.0,0.8643379211425781
4551,115.53269907644442,17406.50390625,0.0,0.0,0.8643777370452881
4552,83.54848926561753,10255.40625,0.0,0.0,0.8644170761108398
4553,38.3930511384204,3107.4287109375,0.0,0.0,0.8644838333129883
4554,91.09704201174878,11502.166015625,0.0,0.0,0.8645279407501221
4555,74.5727578874848,8585.59375,0.0,0.0,0.8645578026771545
4556,149.47974101814316,26735.357421875,0.0,0.0,0.8646406531333923
4557,190.4252416759901,37356.453125,0.0,0.0,0.8647251129150391
4558,39.919224221380134,3350.7705078125,0.0,0.0,0.8648082613945007
4559,55.88807997714904,4915.85546875,0.0,0.0,0.8648806214332581
4560,79.3560838670744,9986.6845703125,0.0,0.0,0.8649990558624268
4561,164.5639904978176,29373.953125,0.0,0.0,0.865088164806366
4562,60.9061357116435,6986.04931640625,0.0,0.0,0.8652114272117615
4563,85.46370680085546,10945.8271484375,0.0,0.0,0.8653114438056946
4564,50.35985708469429,3900.4609375,0.0,0.0,0.8653649687767029
4565,83.35402260203149,9829.759765625,0.0,0.0,0.8653938174247742
4566,169.4033584679026,31724.580078125,0.0,0.0,0.865434467792511
4567,186.26166357573072,35817.40234375,0.0,0.0,0.8654661178588867
4568,49.868113520902114,3864.602783203125,0.0,0.0,0.8654419779777527
4569,77.23537609586623,8792.3984375,0.0,0.0,0.8654134273529053
4570,169.49758155588168,32433.30078125,0.0,0.0,0.86539226770401
4571,169.97041727700665,32613.1796875,0.0,0.0,0.8654451370239258
4572,237.87714957422108,50761.0234375,0.0,0.0,0.8654935359954834
4573,73.26716243270621,7997.71875,0.0,0.0,0.8654950261116028
4574,81.45781318231342,9905.8623046875,0.0,0.0,0.8654833436012268
4575,79.86995104233087,9726.953125,0.0,0.0,0.8654754757881165
4576,195.80333216920488,37944.99609375,0.0,0.0,0.8654592633247375
4577,168.56754608001333,30943.40234375,0.0,0.0,0.8654608726501465
4578,74.13044690912959,8152.9873046875,0.0,0.0,0.8654740452766418
4579,66.94545236424828,6755.7958984375,0.0,0.0,0.8654753565788269
4580,217.85709659674285,42106.59765625,0.0,0.0,0.8654381632804871
4581,169.0598742210545,28868.01953125,0.0,0.0,0.8653613924980164
4582,179.46657293731818,31888.0703125,0.0,0.0,0.8652703166007996
4583,73.88653173911705,7690.82470703125,0.0,0.0,0.8651474118232727
4584,175.67617157410638,32706.044921875,0.0,0.0,0.8650528788566589
4585,143.27539961720845,24498.79296875,0.0,0.0,0.8649640679359436
4586,168.76019120468737,31037.640625,0.0,0.0,0.8649256229400635
4587,138.5674059019042,21340.62890625,0.0,0.0,0.8648735880851746
4588,159.8186090547212,27324.326171875,0.0,0.0,0.8648030161857605
4589,159.63488804372076,27225.279296875,0.0,0.0,0.8647501468658447
4590,151.28919000253686,24291.560546875,0.0,0.0,0.8646561503410339
4591,167.14153458854858,30461.640625,0.0,0.0,0.8646044135093689
4592,169.2625979998914,30231.638671875,0.0,0.0,0.8645615577697754
4593,155.25106543738482,24727.837890625,0.0,0.0,0.8644700646400452
4594,143.54059150025034,23288.59765625,0.0,0.0,0.8643824458122253
4595,65.62523387875088,6852.681640625,0.0,0.0,0.8642690181732178
4596,153.5933596979886,27091.685546875,0.0,0.0,0.8642094135284424
4597,164.15368490815942,26455.513671875,0.0,0.0,0.8640973567962646
4598,134.64742624193417,21066.560546875,0.0,0.0,0.8639877438545227
4599,180.01085624794058,34044.96875,0.0,0.0,0.863889217376709
4600,187.64037155034757,36569.72265625,0.0,0.0,0.8638248443603516
4601,77.9917948594214,8735.5263671875,0.0,0.0,0.8637633323669434
4602,144.41836449208148,22616.96875,0.0,0.0,0.8637087941169739
4603,174.3063891344632,30712.33203125,0.0,0.0,0.8636615872383118
4604,163.93338603002152,29902.525390625,0.0,0.0,0.8636400699615479
4605,170.19245914941393,30462.55078125,0.0,0.0,0.8636465072631836
4606,157.8838622191288,25651.01953125,0.0,0.0,0.8636325001716614
4607,134.51455783119724,21594.421875,0.0,0.0,0.8636491894721985
4608,167.30925221374528,27131.533203125,0.0,0.0,0.8636031746864319
4609,188.1141823887748,33325.06640625,0.0,0.0,0.8634964823722839
4610,130.46072033929585,18878.61328125,0.0,0.0,0.8633882999420166
4611,75.16825093136157,8460.115234375,0.0,0.0,0.863283097743988
4612,160.49227401095135,29277.296875,0.0,0.0,0.8632335662841797
4613,59.6294538846306,5554.7275390625,0.0,0.0,0.8631690144538879
4614,139.29923220397293,21594.89453125,0.0,0.0,0.8630989193916321
4615,131.54685601602654,19936.005859375,0.0,0.0,0.863028347492218
4616,40.843645319879215,2940.996337890625,0.0,0.0,0.8629330992698669
4617,89.05621577819164,11217.21875,0.0,0.0,0.8628647327423096
4618,65.61850387044888,6594.83984375,0.0,0.0,0.8628032803535461
4619,140.93992568731693,22350.171875,0.0,0.0,0.8627614974975586
4620,134.97500641172377,19915.91015625,0.0,0.0,0.8626763820648193
4621,83.31434375205087,9878.52734375,0.0,0.0,0.8626152873039246
4622,128.4157818968881,20562.65625,0.0,0.0,0.8625813126564026
4623,134.06092118245593,20608.18359375,0.0,0.0,0.862561047077179
4624,148.49973632956866,23951.326171875,0.0,0.0,0.862520694732666
4625,65.306211582521,6460.28271484375,0.0,0.0,0.8624598383903503
4626,37.55112956267328,2342.632568359375,0.0,0.0,0.8623548150062561
4627,80.54900493387629,9441.109375,0.0,0.0,0.8622613549232483
4628,63.852123080313426,6447.3701171875,0.0,0.0,0.8621585965156555
4629,125.6240276404919,18648.626953125,0.0,0.0,0.8620737195014954
4630,107.91012941634264,14632.7734375,0.0,0.0,0.8620176911354065
4631,41.193374602676236,2800.461181640625,0.0,0.0,0.8619113564491272
4632,40.99850309538745,2742.0849609375,0.0,0.0,0.8617615103721619
4633,51.41027295062061,4126.00244140625,0.0,0.0,0.8616179823875427
4634,77.82583588880951,8881.888671875,0.0,0.0,0.8614799976348877
4635,65.07616199181682,6026.1962890625,0.0,0.0,0.8613360524177551
4636,122.98297406251346,17090.455078125,0.0,0.0,0.8611397743225098
4637,47.633316215073094,3707.649658203125,0.0,0.0,0.8609355092048645
4638,47.145011771295735,3929.0205078125,0.0,0.0,0.8607852458953857
4639,127.58617811266241,19438.60546875,0.0,0.0,0.8606698513031006
4640,122.93670840053079,17618.2578125,0.0,0.0,0.8605173230171204
4641,68.40237945398758,6729.9375,0.0,0.0,0.8603906631469727
4642,149.82837372308663,25046.08984375,0.0,0.0,0.8602913022041321
4643,92.59591647166576,10624.79296875,0.0,0.0,0.8601617813110352
4644,66.42516229026847,6978.7763671875,0.0,0.0,0.8600659370422363
4645,92.59300952280245,10922.5478515625,0.0,0.0,0.8599581718444824
4646,134.59572479627792,22892.80078125,0.0,0.0,0.8598987460136414
4647,129.3300788552558,18594.703125,0.0,0.0,0.859815776348114
4648,140.93008776341375,20839.99609375,0.0,0.0,0.8596976399421692
4649,145.7263532734923,24393.423828125,0.0,0.0,0.8596224188804626
4650,97.80623465336235,13147.8681640625,0.0,0.0,0.8595688939094543
4651,61.29860572501373,5432.2919921875,0.0,0.0,0.8594622015953064
4652,42.84746414727671,2916.572998046875,0.0,0.0,0.8593335747718811
4653,136.84417326698926,19983.900390625,0.0,0.0,0.85918790102005
4654,85.6418547831015,10433.5224609375,0.0,0.0,0.8590499758720398
4655,125.79163956595947,17744.68359375,0.0,0.0,0.8589040637016296
4656,148.0830088533938,24475.462890625,0.0,0.0,0.8587837815284729
4657,148.22967628576183,23407.2109375,0.0,0.0,0.8586444854736328
4658,157.8625453846003,26408.095703125,0.0,0.0,0.8585192561149597
4659,158.58256076286452,25920.60546875,0.0,0.0,0.8583869338035583
4660,140.35719607650967,20485.232421875,0.0,0.0,0.8582324981689453
4661,147.75279065680263,25271.267578125,0.0,0.0,0.8581216335296631
4662,39.77600444518305,2511.525390625,0.0,0.0,0.8579750061035156
4663,170.03865537765785,29196.38671875,0.0,0.0,0.8578473925590515
4664,167.75738005684772,28282.37109375,0.0,0.0,0.8577360510826111
4665,159.84140119275872,27007.8046875,0.0,0.0,0.8576434254646301
4666,161.66396669243642,29563.1640625,0.0,0.0,0.8576211929321289
4667,170.56576477633405,29007.8046875,0.0,0.0,0.8575969338417053
4668,141.5166745470829,21418.90234375,0.0,0.0,0.8575615286827087
4669,166.18327201403167,28263.78515625,0.0,0.0,0.8575282692909241
4670,92.52513042706242,10543.328125,0.0,0.0,0.8574428558349609
4671,196.16194346904825,36306.0625,0.0,0.0,0.8573843836784363
4672,186.9373945278806,36649.71875,0.0,0.0,0.8573734164237976
4673,186.12269646513667,34123.703125,0.0,0.0,0.8573980927467346
4674,170.11598373595803,28713.80859375,0.0,0.0,0.857427179813385
4675,162.30008661165448,26501.66015625,0.0,0.0,0.85746169090271
4676,157.67144193263942,26317.24609375,0.0,0.0,0.8575214743614197
4677,167.77501226114,29426.662109375,0.0,0.0,0.8576109409332275
4678,208.92042087877525,39107.140625,0.0,0.0,0.8576952815055847
4679,162.10503036537483,28734.8671875,0.0,0.0,0.8578043580055237
4680,162.78320193693853,28049.109375,0.0,0.0,0.8579044342041016
4681,161.4296072568622,26217.82421875,0.0,0.0,0.8579685091972351
4682,197.72862156990436,35701.38671875,0.0,0.0,0.8580328822135925
4683,153.96868209426907,25220.91796875,0.0,0.0,0.8581010699272156
4684,189.8893680797743,33479.203125,0.0,0.0,0.8581531643867493
4685,159.93303947225223,26752.904296875,0.0,0.0,0.8582032322883606
4686,155.93654657081305,24506.24609375,0.0,0.0,0.8582443594932556
4687,194.11991074055652,36454.59375,0.0,0.0,0.8583049774169922
4688,172.85893978341917,28612.119140625,0.0,0.0,0.8583448529243469
4689,178.9995447894219,31025.20703125,0.0,0.0,0.8583791255950928
4690,185.81128549736945,32810.73828125,0.0,0.0,0.8583979606628418
4691,174.25664415882719,29823.671875,0.0,0.0,0.8584191203117371
4692,162.9904789523791,26220.900390625,0.0,0.0,0.8584336638450623
4693,173.73330721493346,30875.306640625,0.0,0.0,0.8584709167480469
4694,173.18346949040998,31701.662109375,0.0,0.0,0.8585619926452637
4695,203.0768897699743,36593.3515625,0.0,0.0,0.8586258888244629
4696,263.84304438249785,52672.34765625,0.0,0.0,0.8586225509643555
4697,189.8583818805649,32238.84375,0.0,0.0,0.8585915565490723
4698,219.15135469804193,44183.890625,0.0,0.0,0.8586175441741943
4699,271.472185181185,56802.05859375,0.0,0.0,0.8586357235908508
4700,276.1328248608302,60193.4921875,0.0,0.0,0.8586612343788147
4701,200.0147116109223,37684.421875,0.0,0.0,0.8587473034858704
4702,276.79985121963006,59523.45703125,0.0,0.0,0.8588191866874695
4703,165.56615351225784,26604.890625,0.0,0.0,0.8588514924049377
4704,205.08453795320762,38641.9296875,0.0,0.0,0.8589003682136536
4705,283.0930753345769,58516.21484375,0.0,0.0,0.8588817119598389
4706,267.81697808796116,56741.2578125,0.0,0.0,0.8588533997535706
4707,290.91563296889757,66607.3359375,0.0,0.0,0.858870804309845
4708,229.5670145183972,45761.96875,0.0,0.0,0.8589054942131042
4709,291.12539866901716,67746.78125,0.0,0.0,0.8589769005775452
4710,274.35899745959705,58715.828125,0.0,0.0,0.8590490221977234
4711,272.2858749537583,57009.78125,0.0,0.0,0.8591076731681824
4712,283.5286832656462,57319.4140625,0.0,0.0,0.8590661883354187
4713,292.91217517578474,67455.6171875,0.0,0.0,0.8590767979621887
4714,225.66234411087788,44718.796875,0.0,0.0,0.8591168522834778
4715,307.73735241164985,69369.1796875,0.0,0.0,0.8591364026069641
4716,301.4929175264269,67928.8125,0.0,0.0,0.8591429591178894
4717,283.03874296561634,60992.68359375,0.0,0.0,0.8591424822807312
4718,293.2306955561363,65787.3046875,0.0,0.0,0.8591533303260803
4719,307.1432933153627,73199.1484375,0.0,0.0,0.8592146039009094
4720,203.23662506338184,39455.92578125,0.0,0.0,0.8593096137046814
4721,288.8481549571875,64425.2421875,0.0,0.0,0.8593994975090027
4722,305.4665248460423,68576.921875,0.0,0.0,0.8594383597373962
4723,278.0798531348356,60620.67578125,0.0,0.0,0.8594885468482971
4724,283.5532056100189,62292.0078125,0.0,0.0,0.8595345616340637
4725,285.3980739516851,65737.0078125,0.0,0.0,0.8596088886260986
4726,294.3250971900477,64531.234375,0.0,0.0,0.8596566319465637
4727,313.3712381204611,75562.375,0.0,0.0,0.8597413897514343
4728,284.42811268459474,60375.96484375,0.0,0.0,0.8597645163536072
4729,277.1496025288024,58371.0078125,0.0,0.0,0.8597607612609863
4730,281.76418381121323,62376.5078125,0.0,0.0,0.8597889542579651
4731,293.7956424833539,64915.6015625,0.0,0.0,0.8598071932792664
4732,295.78939765173175,68832.7578125,0.0,0.0,0.8598602414131165
4733,308.67579352711664,70293.8828125,0.0,0.0,0.8598996996879578
4734,298.6865618751816,70658.921875,0.0,0.0,0.8599867224693298
4735,287.6962665648579,64616.2265625,0.0,0.0,0.8600865006446838
4736,297.8378085020397,64678.8046875,0.0,0.0,0.8601294159889221
4737,318.01628987336034,70857.4765625,0.0,0.0,0.8601083755493164
4738,293.94205494630745,67576.3046875,0.0,0.0,0.8601148128509521
4739,296.51666715760257,66613.375,0.0,0.0,0.860105574131012
4740,302.2539249234059,66737.4140625,0.0,0.0,0.8600446581840515
4741,291.3399180400677,65662.9921875,0.0,0.0,0.8599993586540222
4742,279.50115601528364,60938.09765625,0.0,0.0,0.859968900680542
4743,201.1079429050275,36132.9375,0.0,0.0,0.8598975539207458
4744,284.4166648395465,60994.03125,0.0,0.0,0.8598073124885559
4745,269.6659359740431,57012.109375,0.0,0.0,0.859725296497345
4746,294.0300274745693,68101.4921875,0.0,0.0,0.8596704006195068
4747,285.89879083800304,64172.11328125,0.0,0.0,0.8596392273902893
4748,278.21810336619603,58205.99609375,0.0,0.0,0.8595924377441406
4749,176.9764192715135,30736.98828125,0.0,0.0,0.8595542311668396
4750,273.28394344181976,60729.8359375,0.0,0.0,0.8596043586730957
4751,273.91277181182556,56644.91015625,0.0,0.0,0.8596343994140625
4752,278.9330109433985,60368.4921875,0.0,0.0,0.8596586585044861
4753,268.9347462342937,56814.67578125,0.0,0.0,0.8596846461296082
4754,265.64894633741625,54497.35546875,0.0,0.0,0.8596742749214172
4755,265.6612752250831,53365.81640625,0.0,0.0,0.859636127948761
4756,276.24144637785923,60142.55859375,0.0,0.0,0.8596222996711731
4757,204.04407254215238,37864.26953125,0.0,0.0,0.8596060872077942
4758,286.2682861752797,62628.41796875,0.0,0.0,0.8595847487449646
4759,281.25397674471077,59143.87890625,0.0,0.0,0.8595297932624817
4760,171.46727364591806,27140.384765625,0.0,0.0,0.8594257831573486
4761,271.62317931830876,56034.95703125,0.0,0.0,0.8593120574951172
4762,273.0697308588137,59780.171875,0.0,0.0,0.8592236042022705
4763,271.2227738679493,59729.4375,0.0,0.0,0.8591602444648743
4764,274.40948188077766,58804.5625,0.0,0.0,0.8591180443763733
4765,265.4635484863442,58375.1640625,0.0,0.0,0.8590993285179138
4766,275.8970482759877,59791.87109375,0.0,0.0,0.8590905666351318
4767,294.50335776560394,64187.125,0.0,0.0,0.8590397834777832
4768,263.53442849257254,56008.0625,0.0,0.0,0.8590226173400879
4769,280.1281632097308,63026.8046875,0.0,0.0,0.8590407371520996
4770,260.06142772106097,53423.06640625,0.0,0.0,0.8590617179870605
4771,289.272164818902,65949.1875,0.0,0.0,0.8591048717498779
4772,160.05488792098362,26943.73828125,0.0,0.0,0.8591489195823669
4773,285.95583625443925,65730.6484375,0.0,0.0,0.8592384457588196
4774,267.07120321584847,55951.32421875,0.0,0.0,0.8593308329582214
4775,272.894830672702,59291.08203125,0.0,0.0,0.859440267086029
4776,285.7506067382553,64653.9921875,0.0,0.0,0.859562337398529
4777,294.6217933998314,63148.43359375,0.0,0.0,0.8596031665802002
4778,280.0520680077965,60076.17578125,0.0,0.0,0.8596115112304688
4779,263.74630392251385,51322.64453125,0.0,0.0,0.8595719337463379
4780,269.8656491645289,57589.75390625,0.0,0.0,0.8595376014709473
4781,261.00901025242223,51979.48046875,0.0,0.0,0.8594710826873779
4782,262.8443744593414,53271.7109375,0.0,0.0,0.8593977093696594
4783,276.63539289923364,60645.28515625,0.0,0.0,0.8593616485595703
4784,271.0157580840516,57666.9140625,0.0,0.0,0.8593460917472839
4785,289.1064287445582,62992.83203125,0.0,0.0,0.8593292236328125
4786,285.2461520840344,62634.8984375,0.0,0.0,0.8593265414237976
4787,269.6154767727814,57262.48828125,0.0,0.0,0.859340250492096
4788,263.7735403640785,55148.81640625,0.0,0.0,0.859381377696991
4789,288.93242329604476,63603.3828125,0.0,0.0,0.8594350814819336
4790,303.8861070553088,68754.1015625,0.0,0.0,0.8594820499420166
4791,262.58398513419144,55843.87890625,0.0,0.0,0.8595693707466125
4792,257.4459811647184,50026.18359375,0.0,0.0,0.8596203923225403
4793,271.7162569060789,57524.4296875,0.0,0.0,0.8596792221069336
4794,273.80158809760496,60381.578125,0.0,0.0,0.8597691655158997
4795,286.66144572014065,63527.6953125,0.0,0.0,0.859856367111206
4796,274.7616395313383,59468.171875,0.0,0.0,0.8599443435668945
4797,185.91273229128433,33009.640625,0.0,0.0,0.8600261211395264
4798,326.239710704225,76744.6796875,0.0,0.0,0.8600795865058899
4799,298.7866313351072,65953.6015625,0.0,0.0,0.8601045608520508
4800,281.65559861639133,61329.33203125,0.0,0.0,0.8601295948028564
4801,292.59933365066183,67161.125,0.0,0.0,0.8601715564727783
4802,349.39315283976515,86500.8828125,0.0,0.0,0.860226571559906
4803,291.2052159967361,68883.703125,0.0,0.0,0.8603355884552002
4804,279.64718574844056,63991.91796875,0.0,0.0,0.8604717254638672
4805,275.8142457095056,56230.125,0.0,0.0,0.8605028986930847
4806,289.5235859587036,63539.765625,0.0,0.0,0.8605161309242249
4807,339.2046504864962,82207.4453125,0.0,0.0,0.8604993224143982
4808,310.5609553198553,71542.796875,0.0,0.0,0.8604564666748047
4809,81.4764689991946,9444.3046875,0.0,0.0,0.86041659116745
4810,306.77280805337784,67823.65625,0.0,0.0,0.8602965474128723
4811,337.73037106110036,81688.6171875,0.0,0.0,0.8601686358451843
4812,337.268428138081,81318.6875,0.0,0.0,0.8600387573242188
4813,350.76716846552074,86114.234375,0.0,0.0,0.8598830699920654
4814,332.2804147457209,80456.34375,0.0,0.0,0.8597097396850586
4815,317.72796690674846,74348.625,0.0,0.0,0.8595340251922607
4816,313.31501291790676,72839.8828125,0.0,0.0,0.859363853931427
4817,311.36483313617254,72597.359375,0.0,0.0,0.8591793179512024
4818,63.89814615258622,6535.037109375,0.0,0.0,0.8590155243873596
4819,108.50592257679713,15196.791015625,0.0,0.0,0.8588741421699524
4820,360.1104533627962,92214.5546875,0.0,0.0,0.858729362487793
4821,114.85635478262695,19006.59765625,0.0,0.0,0.8586586117744446
4822,89.83267000273524,10818.66015625,0.0,0.0,0.8585452437400818
4823,76.53556583233406,8577.4169921875,0.0,0.0,0.8584582209587097
4824,102.7124967444281,12948.568359375,0.0,0.0,0.858330249786377
4825,80.08462510848578,9348.615234375,0.0,0.0,0.8582279682159424
4826,78.8887661182811,9561.650390625,0.0,0.0,0.8581441044807434
4827,1021.8959075396372,350488.125,0.0,0.0,0.8581269383430481
4828,96.89342206797264,12456.265625,0.0,0.0,0.8581140637397766
4829,80.28628959998153,9710.75390625,0.0,0.0,0.8581218123435974
4830,83.55231180512762,10160.0234375,0.0,0.0,0.8581295013427734
4831,65.2848027771359,7213.8779296875,0.0,0.0,0.8581712245941162
4832,79.28900956176696,9027.7216796875,0.0,0.0,0.8581981658935547
4833,107.14359747570268,15546.3291015625,0.0,0.0,0.858244001865387
4834,52.26293667848473,4936.14306640625,0.0,0.0,0.8582960963249207
4835,51.81757493678393,4895.61767578125,0.0,0.0,0.8583414554595947
4836,64.95054716731059,7051.7548828125,0.0,0.0,0.8583661913871765
4837,89.78111741555416,11379.017578125,0.0,0.0,0.8583946824073792
4838,62.65450267043027,6486.99853515625,0.0,0.0,0.8584067225456238
4839,64.3985283974095,6225.22412109375,0.0,0.0,0.8583573698997498
4840,66.61602746884405,6882.04931640625,0.0,0.0,0.8582947850227356
4841,94.70565101845905,13196.634765625,0.0,0.0,0.8582622408866882
4842,67.01701995568692,6456.080078125,0.0,0.0,0.8581390976905823
4843,53.22806732825053,4683.3876953125,0.0,0.0,0.8580031394958496
4844,59.61764137266505,6047.443359375,0.0,0.0,0.8578945994377136
4845,60.171399435958214,5768.47607421875,0.0,0.0,0.8577679991722107
4846,51.93368890805213,4790.6083984375,0.0,0.0,0.8576371073722839
4847,49.313229333324294,4581.13330078125,0.0,0.0,0.8575126528739929
4848,54.6882066526973,6006.6484375,0.0,0.0,0.8574236035346985
4849,46.89363812607775,4099.04638671875,0.0,0.0,0.8572914004325867
4850,63.938545279000586,7065.48876953125,0.0,0.0,0.8571717143058777
4851,53.84644417916998,5021.4755859375,0.0,0.0,0.8570365905761719
4852,56.94884811577071,5334.06396484375,0.0,0.0,0.8569037318229675
4853,59.570502565988114,5486.22802734375,0.0,0.0,0.8567650318145752
4854,71.76350267806774,7948.13427734375,0.0,0.0,0.8566257357597351
4855,57.89626444880751,5864.65869140625,0.0,0.0,0.856495201587677
4856,54.5040510986969,5504.2666015625,0.0,0.0,0.8564154505729675
4857,56.27256720356054,5850.31494140625,0.0,0.0,0.8563407063484192
4858,31.627069516821642,2380.873291015625,0.0,0.0,0.8562714457511902
4859,46.956751761968754,3768.386962890625,0.0,0.0,0.8561515808105469
4860,72.11452238227577,8504.294921875,0.0,0.0,0.8560645580291748
4861,74.55942343902942,8414.1767578125,0.0,0.0,0.8559713959693909
4862,61.26822684519132,7249.66845703125,0.0,0.0,0.8559598922729492
4863,57.63591304485836,5371.490234375,0.0,0.0,0.855936586856842
4864,45.44154898631307,3766.003173828125,0.0,0.0,0.8558523654937744
4865,71.74970719653304,8461.048828125,0.0,0.0,0.8557761311531067
4866,62.91326684947516,6535.171875,0.0,0.0,0.855704128742218
4867,46.67498181216139,4124.7041015625,0.0,0.0,0.8556728363037109
4868,85.09013510337923,11868.087890625,0.0,0.0,0.8556765913963318
4869,67.96512277595485,7566.73828125,0.0,0.0,0.8556804060935974
4870,68.31966976829504,7033.4912109375,0.0,0.0,0.8556589484214783
4871,71.38720545746362,8597.6787109375,0.0,0.0,0.8556740283966064
4872,73.62993286333419,8516.60546875,0.0,0.0,0.8556384444236755
4873,67.4875608896848,7227.6630859375,0.0,0.0,0.8555908203125
4874,76.89096482203,9326.314453125,0.0,0.0,0.8555408120155334
4875,74.88805018715448,8969.970703125,0.0,0.0,0.8555242419242859
4876,66.21643408160868,6652.70654296875,0.0,0.0,0.8554182648658752
4877,105.60211458135329,15237.1044921875,0.0,0.0,0.855329692363739
4878,99.5938337895559,12619.169921875,0.0,0.0,0.8552107810974121
4879,88.90129228526881,11104.4853515625,0.0,0.0,0.8550881743431091
4880,56.992756608394885,5629.77783203125,0.0,0.0,0.854991614818573
4881,88.18186424685341,11064.0888671875,0.0,0.0,0.8548759818077087
4882,106.44550242474627,14360.318359375,0.0,0.0,0.8547201752662659
4883,83.42922868812204,10073.12109375,0.0,0.0,0.8545505404472351
4884,64.50408637080965,6643.26708984375,0.0,0.0,0.8543393015861511
4885,76.55481893427621,9052.6123046875,0.0,0.0,0.854135274887085
4886,1022.1222304597184,343211.9375,0.0,0.0,0.8539485931396484
4887,88.12647741081517,11719.693359375,0.0,0.0,0.853786289691925
4888,77.25996306789442,8876.896484375,0.0,0.0,0.8536354899406433
4889,94.0435170981891,12387.3671875,0.0,0.0,0.8535141348838806
4890,419.88448097384094,117599.09375,0.0,0.0,0.8534528613090515
4891,111.09210643075924,14738.265625,0.0,0.0,0.8532874584197998
4892,1025.7907943820123,350550.875,0.0,0.0,0.853193461894989
4893,101.5910194146009,13773.681640625,0.0,0.0,0.8530862331390381
4894,390.9415215365664,106541.4375,0.0,0.0,0.8530014157295227
4895,88.71774811436175,10460.435546875,0.0,0.0,0.8528843522071838
4896,76.00212738660986,8843.7890625,0.0,0.0,0.8527882695198059
4897,1027.3915285767036,342810.25,0.0,0.0,0.8526814579963684
4898,403.95802255378516,112875.8125,0.0,0.0,0.8526116013526917
4899,1030.1390687319686,352296.40625,0.0,0.0,0.8526178002357483
4900,1029.4400915124975,346198.09375,0.0,0.0,0.8526210784912109
4901,1029.6889765975827,345669.34375,0.0,0.0,0.8526234030723572
4902,391.3278689798498,106228.7421875,0.0,0.0,0.8526370525360107
4903,354.4400928665059,88160.171875,0.0,0.0,0.8525731563568115
4904,1032.6570087733958,346562.5625,0.0,0.0,0.8525007367134094
4905,1031.762273560774,354413.625,0.0,0.0,0.852492094039917
4906,1033.8192613103715,346100.90625,0.0,0.0,0.8524629473686218
4907,418.38597014356793,112396.75,0.0,0.0,0.8523690104484558
4908,1033.4246231208822,347984.625,0.0,0.0,0.8522930145263672
4909,331.839802754352,84307.7890625,0.0,0.0,0.8522326350212097
4910,343.21557449198224,86630.8125,0.0,0.0,0.8521807789802551
4911,1038.8075670354883,349523.09375,0.0,0.0,0.8521355986595154
4912,1037.4062027150912,356279.65625,0.0,0.0,0.8521798253059387
4913,382.2612235198059,106548.4609375,0.0,0.0,0.852295458316803
4914,392.5456427466421,105459.875,0.0,0.0,0.852391242980957
4915,1037.9417807933644,345211.1875,0.0,0.0,0.8524422645568848
4916,357.5780625262736,90278.75,0.0,0.0,0.8524749875068665
4917,338.6869301761978,87324.5703125,0.0,0.0,0.8525424599647522
4918,314.22603656828915,75511.0234375,0.0,0.0,0.8525943756103516
4919,365.253157285818,92588.125,0.0,0.0,0.8526154160499573
4920,316.2418556654785,78574.015625,0.0,0.0,0.852662980556488
4921,343.7815206000165,88197.2265625,0.0,0.0,0.8527342677116394
4922,328.6959877717399,82098.0390625,0.0,0.0,0.8528193831443787
4923,347.48295556249303,86624.484375,0.0,0.0,0.8528289794921875
4924,305.8973870679902,73189.6328125,0.0,0.0,0.8528265953063965
4925,329.8504028510519,80569.71875,0.0,0.0,0.8528054356575012
4926,334.7959069915193,79367.8671875,0.0,0.0,0.8527109026908875
4927,340.01332454521315,84288.2421875,0.0,0.0,0.8526093363761902
4928,320.79162524197994,76828.4921875,0.0,0.0,0.8525050282478333
4929,368.28008244774037,94560.984375,0.0,0.0,0.8523868918418884
4930,365.7837733885093,91789.6640625,0.0,0.0,0.8522271513938904
4931,333.7038455728875,83619.9609375,0.0,0.0,0.8520932197570801
4932,339.44377575549646,83526.09375,0.0,0.0,0.8519546389579773
4933,353.08071774209213,92127.921875,0.0,0.0,0.8518698215484619
4934,325.94652507021993,78728.3203125,0.0,0.0,0.8517820835113525
4935,298.15344614208027,68504.3203125,0.0,0.0,0.8516785502433777
4936,294.45057051729464,69959.8828125,0.0,0.0,0.8516092896461487
4937,303.2325957704799,74233.375,0.0,0.0,0.8515893816947937
4938,340.13723771603395,85254.3984375,0.0,0.0,0.8515656590461731
4939,345.1596299781777,85828.3203125,0.0,0.0,0.851527988910675
4940,328.5246551832881,81566.90625,0.0,0.0,0.8514997959136963
4941,300.7521504365879,69153.796875,0.0,0.0,0.8514449000358582
4942,308.8733364250917,74056.703125,0.0,0.0,0.8513962626457214
4943,342.9156055053062,84547.8125,0.0,0.0,0.8513193130493164
4944,299.9809739398167,68711.796875,0.0,0.0,0.8512365818023682
4945,303.8540235890937,72868.2109375,0.0,0.0,0.8511797785758972
4946,292.32277405337743,66787.359375,0.0,0.0,0.8511166572570801
4947,317.49841159469395,77080.375,0.0,0.0,0.8510578274726868
4948,302.42046208519736,70447.078125,0.0,0.0,0.8509995341300964
4949,320.7178216930739,79529.3515625,0.0,0.0,0.850985586643219
4950,288.1913094666685,64129.6484375,0.0,0.0,0.8509461283683777
4951,296.072634161507,72156.8125,0.0,0.0,0.8509619832038879
4952,311.28416204281615,71127.5546875,0.0,0.0,0.8508983254432678
4953,283.50294549515615,64014.640625,0.0,0.0,0.8508383631706238
4954,304.1407805649489,69825.7421875,0.0,0.0,0.8507518768310547
4955,297.0071559723144,70693.96875,0.0,0.0,0.8507043719291687
4956,299.69694853210234,69807.2890625,0.0,0.0,0.8506471514701843
4957,317.5120664444052,77487.75,0.0,0.0,0.8506110310554504
4958,304.27961044572095,71964.328125,0.0,0.0,0.8505859375
4959,316.68589186423145,75897.109375,0.0,0.0,0.850557804107666
4960,309.3774325131767,74261.4140625,0.0,0.0,0.8505471348762512
4961,301.3943725610221,70400.3984375,0.0,0.0,0.8505277037620544
4962,352.24040139252025,90919.921875,0.0,0.0,0.8505285382270813
4963,331.1661555169573,79684.1953125,0.0,0.0,0.8505096435546875
4964,332.74523804172986,80930.1171875,0.0,0.0,0.8504664897918701
4965,315.96383127002764,72500.90625,0.0,0.0,0.8503661155700684
4966,322.7552213314885,75247.609375,0.0,0.0,0.8502188324928284
4967,305.8428966213115,73408.1484375,0.0,0.0,0.8500884175300598
4968,325.475639651434,81018.484375,0.0,0.0,0.8499780297279358
4969,306.616458486217,72285.1484375,0.0,0.0,0.8498521447181702
4970,344.4903178800435,86397.0078125,0.0,0.0,0.8497381806373596
4971,324.5554092913126,78777.765625,0.0,0.0,0.8496288657188416
4972,306.2833185766145,72010.7890625,0.0,0.0,0.849511444568634
4973,326.0937632766226,81290.6953125,0.0,0.0,0.8494532704353333
4974,309.92655021416306,73942.984375,0.0,0.0,0.8494014739990234
4975,353.9765947982365,91867.5625,0.0,0.0,0.8493663668632507
4976,380.8291890952777,98947.484375,0.0,0.0,0.8493132591247559
4977,348.39476215306223,90464.703125,0.0,0.0,0.8492973446846008
4978,337.5101036231973,87700.375,0.0,0.0,0.8493123054504395
4979,335.03565192158476,83149.4453125,0.0,0.0,0.8493167757987976
4980,358.1121255699404,93741.578125,0.0,0.0,0.8493530750274658
4981,366.56568795134933,95902.7265625,0.0,0.0,0.8493874669075012
4982,338.11230191549845,85487.1015625,0.0,0.0,0.8494322896003723
4983,450.2127765712978,123664.2421875,0.0,0.0,0.8494365215301514
4984,472.69527981187326,134174.890625,0.0,0.0,0.8494248390197754
4985,339.2780452908674,85644.2734375,0.0,0.0,0.8494362831115723
4986,349.62468481965766,90371.2890625,0.0,0.0,0.8494810461997986
4987,338.0120216407659,86766.859375,0.0,0.0,0.8495562672615051
4988,1034.0564719694082,350305.9375,0.0,0.0,0.8496568202972412
4989,363.9604718768342,96277.890625,0.0,0.0,0.8497655987739563
4990,330.81513082401244,83330.765625,0.0,0.0,0.8498860001564026
4991,469.73791314369913,138432.0,0.0,0.0,0.850053608417511
4992,302.6777488064879,71257.6953125,0.0,0.0,0.8501896262168884
4993,335.52579082249497,81784.8203125,0.0,0.0,0.8502882122993469
4994,392.7739439247221,102877.0625,0.0,0.0,0.8503432273864746
4995,370.33360715394366,97754.484375,0.0,0.0,0.8504016995429993
4996,1034.2439730219448,347385.375,0.0,0.0,0.8504567742347717
4997,339.7685906872903,86702.421875,0.0,0.0,0.8505349159240723
4998,342.95142649888027,85462.65625,0.0,0.0,0.8506023287773132
4999,341.35874216019386,88196.90625,0.0,0.0,0.8507328033447266
5000,440.3925295389295,124674.25,0.0,0.0,0.8508779406547546
