episode,reward,actor_loss,critic_loss,mean_value,mean_sigma
1,10.146967892505636,-967.3218383789062,0.0,0.0,0.9734546542167664
2,16.253408956846474,-1066.74267578125,0.0,0.0,0.9733304977416992
3,53.648788155027255,984.4346923828125,0.0,0.0,0.9733259081840515
4,17.98358407534017,-1600.288330078125,0.0,0.0,0.9732367992401123
5,28.577890200041782,-833.541015625,0.0,0.0,0.9731711745262146
6,62.38550114503015,2051.82080078125,0.0,0.0,0.9730909466743469
7,7.414191229050826,-1072.0902099609375,0.0,0.0,0.973016083240509
8,10.19075195953928,-851.4185791015625,0.0,0.0,0.9730274677276611
9,19.641242485665828,-671.0076904296875,0.0,0.0,0.973116934299469
10,7.816352078518157,-638.3150024414062,0.0,0.0,0.9732140898704529
11,19.095207879737664,-1170.5672607421875,0.0,0.0,0.9732624888420105
12,14.866447371977237,-951.5546264648438,0.0,0.0,0.973341166973114
13,13.265784792448631,-1072.605712890625,0.0,0.0,0.9733734130859375
14,54.157208856310795,1123.430419921875,0.0,0.0,0.973381757736206
15,19.381986051586914,-996.259033203125,0.0,0.0,0.9733520150184631
16,21.051761341003804,-824.0888671875,0.0,0.0,0.9732936024665833
17,77.05925003266388,3577.03662109375,0.0,0.0,0.973189115524292
18,47.8603880617857,578.3524780273438,0.0,0.0,0.9731135368347168
19,8.112265996766036,-1266.708740234375,0.0,0.0,0.9730126857757568
20,6.846223744899806,-667.7738647460938,0.0,0.0,0.972943127155304
21,66.34084960793058,2077.757568359375,0.0,0.0,0.9727867245674133
22,40.3862578975388,-0.4402198791503906,0.0,0.0,0.9726662635803223
23,23.757862591253723,-716.66845703125,0.0,0.0,0.9725962281227112
24,55.27161659974432,913.158447265625,0.0,0.0,0.9724974632263184
25,6.819047434623986,-575.6143798828125,0.0,0.0,0.9723910689353943
26,9.142637519411831,-638.936767578125,0.0,0.0,0.9722962379455566
27,51.20684002625517,1010.942138671875,0.0,0.0,0.9722722172737122
28,13.2754403042346,-994.73681640625,0.0,0.0,0.9722147583961487
29,5.37195815992316,-799.0880126953125,0.0,0.0,0.9721476435661316
30,57.83045717526228,1662.55029296875,0.0,0.0,0.9721096158027649
31,76.707320872711,3114.767333984375,0.0,0.0,0.9720909595489502
32,49.50489922145911,835.8370361328125,0.0,0.0,0.9721164703369141
33,49.825194136883866,534.2977905273438,0.0,0.0,0.9721196293830872
34,93.43468146424156,5575.65283203125,0.0,0.0,0.9721556305885315
35,53.82213724944413,1230.7491455078125,0.0,0.0,0.9721670150756836
36,63.65134767287122,1762.6556396484375,0.0,0.0,0.9721174240112305
37,55.91864928076234,1285.246826171875,0.0,0.0,0.9720690846443176
38,44.448432620970166,419.27667236328125,0.0,0.0,0.9720154404640198
39,13.143539368867781,-881.8787841796875,0.0,0.0,0.9719350934028625
40,51.98717633093602,830.3505249023438,0.0,0.0,0.9718113541603088
41,86.16811309354237,4261.7109375,0.0,0.0,0.9717296957969666
42,129.67480379698355,13402.5615234375,0.0,0.0,0.9716517329216003
43,61.55083902655098,2063.465087890625,0.0,0.0,0.9715766906738281
44,7.297156534457483,-853.9041137695312,0.0,0.0,0.9714582562446594
45,6.251092013913925,-655.1162719726562,0.0,0.0,0.971305787563324
46,49.95984960625121,776.4052734375,0.0,0.0,0.9711577892303467
47,74.96816133250432,3012.304931640625,0.0,0.0,0.9710238575935364
48,51.02485945530489,872.025146484375,0.0,0.0,0.9708691239356995
49,51.8711849136139,963.4695434570312,0.0,0.0,0.970714807510376
50,49.653803796482926,801.5133056640625,0.0,0.0,0.9706071019172668
51,53.13553794929921,867.865234375,0.0,0.0,0.9704513549804688
52,62.35484814327869,1506.6190185546875,0.0,0.0,0.9702466130256653
53,72.89309814470413,3269.535888671875,0.0,0.0,0.9700695872306824
54,49.99208977489757,1036.5645751953125,0.0,0.0,0.9699446558952332
55,76.86400333043142,3611.43798828125,0.0,0.0,0.9698591828346252
56,92.5375435513591,5103.216796875,0.0,0.0,0.969765841960907
57,60.02193015655635,1571.5926513671875,0.0,0.0,0.969609797000885
58,63.575053338864,2131.55029296875,0.0,0.0,0.9694899916648865
59,35.62885051454144,-129.432373046875,0.0,0.0,0.969403088092804
60,58.04848937829913,1325.260498046875,0.0,0.0,0.9693264961242676
61,68.79934796039582,2873.45361328125,0.0,0.0,0.9692602753639221
62,66.03549042384394,2358.4013671875,0.0,0.0,0.9692124724388123
63,63.105007115087474,2126.1142578125,0.0,0.0,0.9691776633262634
64,101.86712423043186,8109.7060546875,0.0,0.0,0.9692283272743225
65,77.37523067790309,3398.7333984375,0.0,0.0,0.9692485928535461
66,46.219272618474136,623.737548828125,0.0,0.0,0.9692986607551575
67,92.061164345248,5076.46728515625,0.0,0.0,0.9693019390106201
68,116.0637255818409,10357.5693359375,0.0,0.0,0.9693794250488281
69,82.60419969175987,4224.11083984375,0.0,0.0,0.9694312214851379
70,78.63280418973008,3480.234375,0.0,0.0,0.9694294929504395
71,67.64089480723271,2452.360595703125,0.0,0.0,0.9694183468818665
72,84.71140264187201,4492.92626953125,0.0,0.0,0.9694084525108337
73,27.787571266317347,-531.239501953125,0.0,0.0,0.9693804383277893
74,79.23063237132166,3694.060302734375,0.0,0.0,0.969338595867157
75,73.15105528804854,2872.241943359375,0.0,0.0,0.9692115783691406
76,98.16693471385176,7589.78466796875,0.0,0.0,0.9690950512886047
77,79.37613988189969,3670.236083984375,0.0,0.0,0.9689350128173828
78,71.1455340065853,3390.132080078125,0.0,0.0,0.9688798785209656
79,72.36141483854533,3194.50927734375,0.0,0.0,0.9688469767570496
80,88.7450363289912,5130.42431640625,0.0,0.0,0.9687849879264832
81,42.44054794321018,25.81167221069336,0.0,0.0,0.968653678894043
82,80.26150500320128,3945.49951171875,0.0,0.0,0.9685271382331848
83,73.0655293621624,3118.86572265625,0.0,0.0,0.9684081077575684
84,75.65728042707457,3242.8056640625,0.0,0.0,0.9682786464691162
85,73.09412971349138,3245.190185546875,0.0,0.0,0.9681918025016785
86,71.38709526222688,2585.271728515625,0.0,0.0,0.9680121541023254
87,75.21875415066674,3349.736328125,0.0,0.0,0.9678289294242859
88,98.45317193695594,6950.7021484375,0.0,0.0,0.9676918387413025
89,81.77887413814032,4191.66455078125,0.0,0.0,0.9675400257110596
90,109.39807124701768,7902.0947265625,0.0,0.0,0.9673888683319092
91,76.29660131474864,3569.579833984375,0.0,0.0,0.9672241806983948
92,67.55561257981938,2318.431396484375,0.0,0.0,0.9670575261116028
93,92.21864868207264,6048.89306640625,0.0,0.0,0.9668848514556885
94,110.03883345850181,8667.7431640625,0.0,0.0,0.966693103313446
95,28.08608003348325,-993.3042602539062,0.0,0.0,0.9664666056632996
96,70.79645564537867,2885.41259765625,0.0,0.0,0.9662611484527588
97,83.26965881479683,4102.31787109375,0.0,0.0,0.9660420417785645
98,68.4526949080954,2622.601806640625,0.0,0.0,0.9658355712890625
99,94.61397462960662,6705.119140625,0.0,0.0,0.9656075835227966
100,73.75493707325344,3047.261962890625,0.0,0.0,0.9653457999229431
101,116.02832012341135,10112.4521484375,0.0,0.0,0.9651026725769043
102,80.2679647328549,3837.3232421875,0.0,0.0,0.964877188205719
103,75.85667274689223,3273.122802734375,0.0,0.0,0.9646463990211487
104,77.02107637858425,3509.374755859375,0.0,0.0,0.9644313454627991
105,104.87667938708715,7048.2841796875,0.0,0.0,0.9642369747161865
106,114.84981922516522,10392.4755859375,0.0,0.0,0.9640374779701233
107,134.78924610372633,15710.435546875,0.0,0.0,0.963921844959259
108,78.71800502589062,3885.4248046875,0.0,0.0,0.9638616442680359
109,78.34268658378791,3848.517822265625,0.0,0.0,0.9638562202453613
110,99.05558245130536,7940.11376953125,0.0,0.0,0.9639036655426025
111,79.32902528843805,3570.98046875,0.0,0.0,0.9638824462890625
112,127.61721184538487,12498.4794921875,0.0,0.0,0.9638097286224365
113,90.73512250841932,6234.3720703125,0.0,0.0,0.9638174176216125
114,91.6569956124794,5394.4462890625,0.0,0.0,0.9637772440910339
115,72.04773960522954,2680.413818359375,0.0,0.0,0.9637019038200378
116,102.20096807749407,7738.8935546875,0.0,0.0,0.9636414051055908
117,87.84365460399901,4705.1240234375,0.0,0.0,0.9635615944862366
118,84.16426349607919,4421.310546875,0.0,0.0,0.9634326100349426
119,145.6327871720058,17181.83203125,0.0,0.0,0.9631586670875549
120,68.09438942629946,2541.630615234375,0.0,0.0,0.9629200100898743
121,94.84813205998847,6217.52294921875,0.0,0.0,0.9626894593238831
122,68.81474427603372,2632.354248046875,0.0,0.0,0.9624717235565186
123,95.48455728548431,5862.47314453125,0.0,0.0,0.9622693061828613
124,75.40830354381313,3832.2353515625,0.0,0.0,0.9621455073356628
125,107.81537929076987,9191.455078125,0.0,0.0,0.9620642066001892
126,88.8192171118717,5213.09423828125,0.0,0.0,0.9619894027709961
127,75.0254053280619,3197.96728515625,0.0,0.0,0.9619196057319641
128,134.4081406945245,15172.1806640625,0.0,0.0,0.9619324803352356
129,92.85145818952269,6240.0712890625,0.0,0.0,0.9619379639625549
130,78.90119233907996,3443.02001953125,0.0,0.0,0.9618870615959167
131,75.98811356921256,2981.48046875,0.0,0.0,0.9617069363594055
132,79.5354471917522,4013.6005859375,0.0,0.0,0.9615969657897949
133,85.1419575770969,4557.62939453125,0.0,0.0,0.9614961743354797
134,78.50753904440096,3835.402099609375,0.0,0.0,0.961392343044281
135,73.9093266317982,2866.2353515625,0.0,0.0,0.9612367749214172
136,73.20829005741298,3197.969970703125,0.0,0.0,0.9611147046089172
137,69.7907256037513,2937.234375,0.0,0.0,0.9610555768013
138,77.89387967401439,3350.284423828125,0.0,0.0,0.9609281420707703
139,69.20699617307712,2825.76171875,0.0,0.0,0.9608368277549744
140,92.29032246061016,5961.2294921875,0.0,0.0,0.9607510566711426
141,69.74869935440452,2681.02685546875,0.0,0.0,0.9606583118438721
142,98.61786239624408,6113.5625,0.0,0.0,0.9605444073677063
143,75.91227609085298,3687.093017578125,0.0,0.0,0.9604688286781311
144,91.88806571131778,5368.49169921875,0.0,0.0,0.9604189991950989
145,125.03677471018105,12916.466796875,0.0,0.0,0.9603472352027893
146,74.76894669633869,2966.55029296875,0.0,0.0,0.9602246880531311
147,81.36635850711804,3971.83203125,0.0,0.0,0.9601001739501953
148,69.34777834511254,2590.428466796875,0.0,0.0,0.9599475264549255
149,75.1528748564779,3298.7529296875,0.0,0.0,0.9597833752632141
150,81.3927647045333,4474.666015625,0.0,0.0,0.9596733450889587
151,72.58944578051991,3083.474609375,0.0,0.0,0.959572970867157
152,97.72664850515262,6391.10498046875,0.0,0.0,0.9594695568084717
153,98.27943322041803,6249.72900390625,0.0,0.0,0.9593935608863831
154,91.23360271825028,5618.23193359375,0.0,0.0,0.959303081035614
155,86.21829832437828,5418.7294921875,0.0,0.0,0.9592806696891785
156,99.61831065522286,6779.1279296875,0.0,0.0,0.9593040347099304
157,87.01986294791256,4423.4609375,0.0,0.0,0.9592847228050232
158,67.77494793824586,2368.3037109375,0.0,0.0,0.9592494964599609
159,84.57846964629952,4273.91357421875,0.0,0.0,0.9592306613922119
160,73.59253486887891,3108.41259765625,0.0,0.0,0.9592096209526062
161,88.27993826213473,4990.3994140625,0.0,0.0,0.9591872692108154
162,92.74289729607732,6789.66064453125,0.0,0.0,0.9591978192329407
163,78.01733335259668,3153.5732421875,0.0,0.0,0.9590818285942078
164,76.35998307012416,3483.625,0.0,0.0,0.958977222442627
165,82.08694825655637,3912.3740234375,0.0,0.0,0.9588391184806824
166,67.21100544813557,2398.76025390625,0.0,0.0,0.9586946368217468
167,72.43046986084303,2951.33154296875,0.0,0.0,0.9585540890693665
168,73.9792964058649,3180.45703125,0.0,0.0,0.9584176540374756
169,86.34541640571928,4948.11279296875,0.0,0.0,0.9583566784858704
170,119.17621488782702,10678.591796875,0.0,0.0,0.9582527279853821
171,100.72509701894356,6535.595703125,0.0,0.0,0.9581411480903625
172,84.74311069812553,4694.31884765625,0.0,0.0,0.9580633640289307
173,73.55952196249078,3195.89599609375,0.0,0.0,0.9579982757568359
174,94.07465374321922,5874.76025390625,0.0,0.0,0.9579363465309143
175,74.66086981996844,3423.484375,0.0,0.0,0.9578940272331238
176,122.79211807549711,11801.8408203125,0.0,0.0,0.9578365683555603
177,75.66411767637064,3539.6787109375,0.0,0.0,0.9578024744987488
178,103.23624164259955,7111.45068359375,0.0,0.0,0.9577210545539856
179,124.93939193576466,12228.078125,0.0,0.0,0.9576506614685059
180,114.34121058698321,8432.765625,0.0,0.0,0.957541286945343
181,74.93576743554189,3419.20703125,0.0,0.0,0.9574516415596008
182,130.5489935314357,14215.76171875,0.0,0.0,0.9573938250541687
183,90.05354162676525,5055.93505859375,0.0,0.0,0.9573584198951721
184,229.4472951835977,41126.83984375,0.0,0.0,0.9573456645011902
185,78.9941189765714,3770.91259765625,0.0,0.0,0.9573333859443665
186,86.25918865501376,5347.72216796875,0.0,0.0,0.9574024081230164
187,81.37272238523856,3740.85107421875,0.0,0.0,0.9573760032653809
188,87.07636947960052,4767.11328125,0.0,0.0,0.9573336243629456
189,167.35811052417378,21279.798828125,0.0,0.0,0.9573075771331787
190,108.17387708581388,8823.359375,0.0,0.0,0.9573349356651306
191,92.55315289683634,5391.19189453125,0.0,0.0,0.9573037028312683
192,109.13816289989556,7911.54296875,0.0,0.0,0.9572736620903015
193,168.78251798865148,22024.630859375,0.0,0.0,0.95722895860672
194,90.17287044601044,5051.65869140625,0.0,0.0,0.9572096467018127
195,134.43679798915812,13144.7607421875,0.0,0.0,0.9571971893310547
196,94.39179292526218,7123.27734375,0.0,0.0,0.9572110772132874
197,115.82005235859815,9206.64453125,0.0,0.0,0.9572097659111023
198,140.72516009409304,16847.45703125,0.0,0.0,0.9572423100471497
199,138.28421756152667,14740.345703125,0.0,0.0,0.9572772979736328
200,137.2465287795288,14961.1728515625,0.0,0.0,0.9572557806968689
201,143.31571841387492,15319.033203125,0.0,0.0,0.9571689963340759
202,111.64467015800336,8453.27734375,0.0,0.0,0.9570899605751038
203,80.68263412159783,4485.056640625,0.0,0.0,0.9570445418357849
204,117.24440732495522,10259.4345703125,0.0,0.0,0.9570624828338623
205,137.90800241099464,16541.4921875,0.0,0.0,0.957042396068573
206,211.1007962928921,35983.265625,0.0,0.0,0.9569828510284424
207,177.4227140380862,25746.30078125,0.0,0.0,0.956936776638031
208,128.07242041274486,11957.009765625,0.0,0.0,0.9568935036659241
209,144.1695596713249,14288.9326171875,0.0,0.0,0.9568808674812317
210,138.84456896420429,14527.619140625,0.0,0.0,0.9568636417388916
211,112.07945060534884,9006.0751953125,0.0,0.0,0.956872284412384
212,92.20847995974762,5813.3935546875,0.0,0.0,0.9569330811500549
213,94.32977645423242,6167.76708984375,0.0,0.0,0.9570188522338867
214,89.93648438887239,5235.1962890625,0.0,0.0,0.9571083188056946
215,95.53835498737726,5476.09228515625,0.0,0.0,0.9571235775947571
216,129.283354982043,12122.4052734375,0.0,0.0,0.9571303725242615
217,156.1177825373265,16584.27734375,0.0,0.0,0.9571545720100403
218,100.03037606383934,6948.3251953125,0.0,0.0,0.9571539759635925
219,94.25331590775959,5941.4580078125,0.0,0.0,0.9571805596351624
220,153.0943103563391,18601.44140625,0.0,0.0,0.9572256207466125
221,93.29929552228221,5743.92626953125,0.0,0.0,0.9572427868843079
222,138.27900442780535,13041.408203125,0.0,0.0,0.9572544097900391
223,93.70126969530872,5885.1240234375,0.0,0.0,0.9572670459747314
224,125.2407219671156,10913.685546875,0.0,0.0,0.9571229815483093
225,113.77555711636575,9947.0634765625,0.0,0.0,0.9571051597595215
226,99.65672803403685,6582.33349609375,0.0,0.0,0.9570391774177551
227,134.26633830346705,13424.189453125,0.0,0.0,0.95699143409729
228,103.36720726875461,6799.498046875,0.0,0.0,0.956906795501709
229,101.61438950067651,8219.3330078125,0.0,0.0,0.9568395018577576
230,147.9021531848943,16546.263671875,0.0,0.0,0.9567850232124329
231,144.75093793508694,15909.0634765625,0.0,0.0,0.9567241668701172
232,117.49713827038228,10094.408203125,0.0,0.0,0.9566980004310608
233,79.09650444372785,3632.86474609375,0.0,0.0,0.9566482901573181
234,124.62832587797318,10530.87890625,0.0,0.0,0.956581175327301
235,179.3853374270353,24431.611328125,0.0,0.0,0.9564995765686035
236,94.50459688004314,5841.7939453125,0.0,0.0,0.9564176201820374
237,150.51474298406637,17805.837890625,0.0,0.0,0.9563257694244385
238,161.96869454265467,19542.32421875,0.0,0.0,0.9563112854957581
239,110.96833859425452,8556.1376953125,0.0,0.0,0.9563097953796387
240,114.70606934123062,8778.5703125,0.0,0.0,0.9562928676605225
241,103.42290509348534,7501.2958984375,0.0,0.0,0.9563276171684265
242,163.87791069797882,19734.228515625,0.0,0.0,0.956383466720581
243,157.6510604472113,19255.15625,0.0,0.0,0.9564695954322815
244,142.81719843379955,14130.6171875,0.0,0.0,0.9565061926841736
245,141.57797875663238,15812.3583984375,0.0,0.0,0.9565660357475281
246,110.47851690267146,8246.1611328125,0.0,0.0,0.9566273093223572
247,158.11346648032549,17804.720703125,0.0,0.0,0.9566247463226318
248,191.87209252705134,31017.228515625,0.0,0.0,0.9566212296485901
249,170.62686506183263,20983.228515625,0.0,0.0,0.9566261172294617
250,220.95690127706322,37828.09375,0.0,0.0,0.9566619992256165
251,176.83145193227972,23040.70703125,0.0,0.0,0.9567105174064636
252,149.08875472792255,15383.5498046875,0.0,0.0,0.9567241072654724
253,168.13893303144854,21344.75,0.0,0.0,0.9567118287086487
254,244.9664568867462,42356.5078125,0.0,0.0,0.9567270278930664
255,164.87017111592334,20342.041015625,0.0,0.0,0.9568085074424744
256,237.12877073111292,42693.1484375,0.0,0.0,0.9569301009178162
257,207.72054249977955,28276.8828125,0.0,0.0,0.9570531845092773
258,168.94718248962025,21048.59375,0.0,0.0,0.9571869373321533
259,232.20413906955235,32992.41015625,0.0,0.0,0.957272469997406
260,200.8676474147118,26983.15625,0.0,0.0,0.9574036002159119
261,162.10924416162317,19387.212890625,0.0,0.0,0.9575212597846985
262,393.8368356700447,90838.390625,0.0,0.0,0.9576866030693054
263,150.7867869563989,15969.525390625,0.0,0.0,0.9578602910041809
264,355.0058367189586,80279.28125,0.0,0.0,0.9580170512199402
265,297.4408652065509,59471.2578125,0.0,0.0,0.9581513404846191
266,596.4392046249319,165542.03125,0.0,0.0,0.958281934261322
267,186.61799469074433,27658.017578125,0.0,0.0,0.9584137797355652
268,309.220192040528,62028.7421875,0.0,0.0,0.9585389494895935
269,236.46003238871347,41292.16796875,0.0,0.0,0.9586536288261414
270,148.41049781384797,14738.2763671875,0.0,0.0,0.9587598443031311
271,309.424302835191,63902.30078125,0.0,0.0,0.9588851928710938
272,182.3832757166956,22921.474609375,0.0,0.0,0.958989143371582
273,294.5908859703547,52978.578125,0.0,0.0,0.9590222835540771
274,156.55133377826343,16671.220703125,0.0,0.0,0.9590519070625305
275,351.85680077490287,76396.203125,0.0,0.0,0.9591162204742432
276,243.20252017293043,38215.95703125,0.0,0.0,0.9591606259346008
277,266.0143335617664,44663.3125,0.0,0.0,0.9592137932777405
278,225.53070803925755,31909.107421875,0.0,0.0,0.9592190384864807
279,325.6407432603647,66737.34375,0.0,0.0,0.9591782093048096
280,289.6732623513866,60184.92578125,0.0,0.0,0.9591412544250488
281,251.98704319264806,42842.47265625,0.0,0.0,0.9591395258903503
282,391.4285466004348,92171.1171875,0.0,0.0,0.9591429829597473
283,257.67338738932654,44524.98046875,0.0,0.0,0.9591502547264099
284,244.53369538169417,40460.0703125,0.0,0.0,0.9592011570930481
285,302.8627694389139,59158.19140625,0.0,0.0,0.9592564702033997
286,285.1897225245381,55081.203125,0.0,0.0,0.9593033790588379
287,231.76003767964966,34278.82421875,0.0,0.0,0.9593450427055359
288,289.7698113742764,55581.8828125,0.0,0.0,0.9593577980995178
289,210.52598860987166,27079.58984375,0.0,0.0,0.9593165516853333
290,227.78966789139088,31909.482421875,0.0,0.0,0.959252655506134
291,441.27375226737007,108676.4921875,0.0,0.0,0.9591867923736572
292,226.87714691073182,30507.69921875,0.0,0.0,0.9590737819671631
293,203.17576727731873,28591.20703125,0.0,0.0,0.9590235352516174
294,209.85823492188274,28856.447265625,0.0,0.0,0.9589812755584717
295,200.18227259962515,35390.203125,0.0,0.0,0.9589305520057678
296,336.1908272670087,76378.5703125,0.0,0.0,0.9588794112205505
297,209.2526667848429,28095.923828125,0.0,0.0,0.9588488936424255
298,223.71033060310597,33583.2890625,0.0,0.0,0.958819568157196
299,359.3379473322232,83942.8203125,0.0,0.0,0.9588112831115723
300,313.7653129015374,64765.890625,0.0,0.0,0.9588169455528259
301,215.6461154545386,30735.328125,0.0,0.0,0.9588560461997986
302,236.40809812044336,36663.1640625,0.0,0.0,0.9588816165924072
303,277.86616619590893,49404.09375,0.0,0.0,0.9589025974273682
304,238.08039701109453,42771.609375,0.0,0.0,0.9589690566062927
305,246.33681049058168,41180.76171875,0.0,0.0,0.9590099453926086
306,216.6945009748475,29384.19921875,0.0,0.0,0.9590492248535156
307,215.25430807039044,28731.21875,0.0,0.0,0.9590731263160706
308,253.1207823157471,42639.96875,0.0,0.0,0.9590526223182678
309,221.80409401260363,31629.62890625,0.0,0.0,0.9590379595756531
310,366.4610774249877,83715.296875,0.0,0.0,0.9590036273002625
311,323.25955369878517,69021.3203125,0.0,0.0,0.9589438438415527
312,273.9490407103461,48892.25390625,0.0,0.0,0.9588656425476074
313,281.45366026751196,55895.4765625,0.0,0.0,0.9588088393211365
314,273.4748639294986,53335.7421875,0.0,0.0,0.9587975144386292
315,269.8539940466578,47616.87890625,0.0,0.0,0.9587957262992859
316,299.90080523043895,62276.9296875,0.0,0.0,0.9587618708610535
317,166.99163647442515,20415.189453125,0.0,0.0,0.9587411880493164
318,306.14442450613234,61254.57421875,0.0,0.0,0.958683431148529
319,234.83933640182846,38318.40234375,0.0,0.0,0.9586413502693176
320,233.19293525506066,35307.5703125,0.0,0.0,0.9585657715797424
321,282.4766575354608,54284.9453125,0.0,0.0,0.9585010409355164
322,366.1481920838244,87426.4453125,0.0,0.0,0.9584765434265137
323,266.7267489162819,50402.515625,0.0,0.0,0.9584559798240662
324,418.5239921052104,107149.4765625,0.0,0.0,0.9584472179412842
325,410.7205992285456,99524.0546875,0.0,0.0,0.9584161639213562
326,230.13526853452103,34304.0234375,0.0,0.0,0.9583892822265625
327,283.25903985841467,50886.9375,0.0,0.0,0.9583940505981445
328,216.3534158111641,28356.533203125,0.0,0.0,0.9583547115325928
329,271.39422604675656,49164.9375,0.0,0.0,0.9583063125610352
330,243.78227140375606,40266.3671875,0.0,0.0,0.9582967162132263
331,246.85161768209866,39246.234375,0.0,0.0,0.958278238773346
332,274.9160936975476,55774.7578125,0.0,0.0,0.9582871794700623
333,293.9748406602048,55820.80078125,0.0,0.0,0.9582712054252625
334,355.2332339152779,79778.3046875,0.0,0.0,0.9582660794258118
335,359.5953619205635,83353.3828125,0.0,0.0,0.958254337310791
336,253.02729003981494,43799.33984375,0.0,0.0,0.9582532048225403
337,244.3042525309249,40898.2734375,0.0,0.0,0.9583212733268738
338,285.2509506334044,53180.0859375,0.0,0.0,0.9583315253257751
339,326.62659088905923,68954.640625,0.0,0.0,0.9583160877227783
340,237.0235902805644,35609.29296875,0.0,0.0,0.9582967758178711
341,280.2747077742185,51592.62109375,0.0,0.0,0.9582962393760681
342,274.2666057709384,50465.4140625,0.0,0.0,0.9583063721656799
343,242.63868104845727,38393.20703125,0.0,0.0,0.9583146572113037
344,244.66535283924617,39079.2265625,0.0,0.0,0.9583683013916016
345,270.92154055688115,47189.43359375,0.0,0.0,0.9583911895751953
346,322.26888906571486,70167.65625,0.0,0.0,0.9583897590637207
347,316.7658818899383,66926.765625,0.0,0.0,0.9584081172943115
348,371.3147445319973,88352.3359375,0.0,0.0,0.9584589600563049
349,198.06000768334138,30867.119140625,0.0,0.0,0.9585091471672058
350,218.93611501813788,29452.443359375,0.0,0.0,0.9585416316986084
351,208.870798334138,28665.166015625,0.0,0.0,0.9585906863212585
352,287.0264213031194,56675.50390625,0.0,0.0,0.958624541759491
353,226.78947476324555,34562.92578125,0.0,0.0,0.9587205052375793
354,308.96937288903695,64272.234375,0.0,0.0,0.9588571190834045
355,225.3706567344924,36993.13671875,0.0,0.0,0.959018886089325
356,274.8657747013789,48904.14453125,0.0,0.0,0.9591912627220154
357,238.51420110498012,36831.78515625,0.0,0.0,0.9593477249145508
358,219.72270439421982,33565.6640625,0.0,0.0,0.9595119953155518
359,225.25781246813008,31542.87890625,0.0,0.0,0.9596654772758484
360,258.422745945232,43685.2109375,0.0,0.0,0.959782600402832
361,279.49208863726585,57805.95703125,0.0,0.0,0.9598613381385803
362,253.56196557337822,43806.75390625,0.0,0.0,0.9599326252937317
363,238.62892290700293,37000.58984375,0.0,0.0,0.9599738121032715
364,223.4623923000986,32511.62109375,0.0,0.0,0.9600048661231995
365,281.7904445722428,50865.75,0.0,0.0,0.9600369334220886
366,233.09425001766394,33645.59765625,0.0,0.0,0.9600574970245361
367,361.18372027825666,80459.265625,0.0,0.0,0.9600611329078674
368,236.15089398700297,37071.8125,0.0,0.0,0.9600614905357361
369,251.05190501308584,41338.796875,0.0,0.0,0.9600425362586975
370,220.53838029307025,30820.04296875,0.0,0.0,0.9600364565849304
371,237.14519586025332,34131.8515625,0.0,0.0,0.9599830508232117
372,331.47631500502376,71352.1328125,0.0,0.0,0.9599218964576721
373,241.5518730575764,43667.97265625,0.0,0.0,0.9599170088768005
374,241.7369579902471,37287.390625,0.0,0.0,0.9599037170410156
375,257.41819911712463,46645.36328125,0.0,0.0,0.9599097371101379
376,226.8564919404745,32657.947265625,0.0,0.0,0.9599153399467468
377,223.6703140930157,31595.046875,0.0,0.0,0.9598894119262695
378,220.90539376326694,32368.193359375,0.0,0.0,0.9599023461341858
379,269.45607248464086,48407.609375,0.0,0.0,0.9599036574363708
380,215.0340991339326,28853.806640625,0.0,0.0,0.9598811268806458
381,250.22445573498942,41989.4453125,0.0,0.0,0.9598843455314636
382,290.30614558284174,56429.05859375,0.0,0.0,0.9598912596702576
383,219.86427209598847,31374.84765625,0.0,0.0,0.9599339962005615
384,207.97889994521012,27372.060546875,0.0,0.0,0.9599817395210266
385,235.24701905344895,36776.98046875,0.0,0.0,0.9600197672843933
386,209.09375486365937,25391.9609375,0.0,0.0,0.9599852561950684
387,207.14084428599705,26301.28515625,0.0,0.0,0.9599342346191406
388,201.15537952309714,24191.51171875,0.0,0.0,0.9598484039306641
389,220.0575490929492,29942.671875,0.0,0.0,0.9597578048706055
390,205.53437584515004,25820.47265625,0.0,0.0,0.959658682346344
391,209.2679936002614,26753.845703125,0.0,0.0,0.9595513343811035
392,246.18163700396946,42262.5,0.0,0.0,0.9594736695289612
393,204.53706700846652,25150.1875,0.0,0.0,0.9593756794929504
394,203.51901077502927,25556.361328125,0.0,0.0,0.9592742919921875
395,219.10538533354597,32598.078125,0.0,0.0,0.9592052102088928
396,195.9151592641507,24442.701171875,0.0,0.0,0.9591538310050964
397,222.91367701785376,33049.90234375,0.0,0.0,0.9590813517570496
398,209.534335099363,25750.49609375,0.0,0.0,0.9589627385139465
399,207.39326205144712,25535.8828125,0.0,0.0,0.9588003158569336
400,203.07621427143428,27225.24609375,0.0,0.0,0.9586367607116699
401,215.55566467779317,29843.1171875,0.0,0.0,0.9584649205207825
402,206.21298824853577,27605.6484375,0.0,0.0,0.958315372467041
403,210.78763535603096,26863.32421875,0.0,0.0,0.9581562876701355
404,214.72333244610854,28263.693359375,0.0,0.0,0.9579542279243469
405,197.1122694478564,24812.734375,0.0,0.0,0.9577656388282776
406,202.91011745432317,25873.064453125,0.0,0.0,0.95758056640625
407,202.24708174887033,26850.408203125,0.0,0.0,0.9574342370033264
408,212.63740835059838,28831.9921875,0.0,0.0,0.9573137760162354
409,202.25253080166326,23719.921875,0.0,0.0,0.9570984840393066
410,220.19193959548315,32309.3515625,0.0,0.0,0.9569297432899475
411,204.71562073734356,26261.861328125,0.0,0.0,0.9567793011665344
412,188.41643175765574,22778.115234375,0.0,0.0,0.9566502571105957
413,172.9809123777088,19125.69140625,0.0,0.0,0.956521213054657
414,155.04829743948517,17288.73046875,0.0,0.0,0.9563708305358887
415,201.85364468297882,26779.625,0.0,0.0,0.9562715888023376
416,202.31708105834,24776.19921875,0.0,0.0,0.9561572074890137
417,142.49361811079257,12800.0419921875,0.0,0.0,0.9560158252716064
418,149.09859724303885,14806.5634765625,0.0,0.0,0.9558877348899841
419,207.75290757018652,28013.830078125,0.0,0.0,0.9557721018791199
420,217.0548428131622,29892.708984375,0.0,0.0,0.9556607604026794
421,207.63251057660827,26061.599609375,0.0,0.0,0.9555263519287109
422,164.99585328768404,17776.615234375,0.0,0.0,0.9554100632667542
423,169.21996794824918,18974.08984375,0.0,0.0,0.9553181529045105
424,178.79740088630058,20649.623046875,0.0,0.0,0.9552359580993652
425,203.32188929539709,26501.326171875,0.0,0.0,0.95518559217453
426,187.33062573154845,21658.224609375,0.0,0.0,0.9550905823707581
427,158.5007076252214,17488.0078125,0.0,0.0,0.9550219178199768
428,204.2020550288386,25643.33984375,0.0,0.0,0.9549456238746643
429,214.38253894845673,28843.859375,0.0,0.0,0.9548923373222351
430,119.81458938849107,8542.64453125,0.0,0.0,0.9548143744468689
431,208.57181910324988,27102.9453125,0.0,0.0,0.9547378420829773
432,211.60836944421933,27042.33984375,0.0,0.0,0.9546416401863098
433,133.9283933346162,11959.1875,0.0,0.0,0.9545511603355408
434,198.0441343410277,24625.193359375,0.0,0.0,0.9544680714607239
435,193.34350897619186,23690.59765625,0.0,0.0,0.954389750957489
436,189.7488876231226,22656.29296875,0.0,0.0,0.954313337802887
437,207.13556197806358,25758.447265625,0.0,0.0,0.9542086720466614
438,206.2858681421913,27250.587890625,0.0,0.0,0.9541361927986145
439,208.57134030603777,26193.333984375,0.0,0.0,0.9540366530418396
440,212.66813983256552,30046.50390625,0.0,0.0,0.9539957642555237
441,207.06167996501895,27055.935546875,0.0,0.0,0.9539811015129089
442,182.55187086971685,21714.51171875,0.0,0.0,0.9539673924446106
443,210.23475722749228,28784.25,0.0,0.0,0.9539772868156433
444,214.10796854238188,28477.58203125,0.0,0.0,0.9539948105812073
445,137.68833583590506,11839.8447265625,0.0,0.0,0.9539750218391418
446,211.96612385006898,25102.94921875,0.0,0.0,0.9539106488227844
447,208.37363030120562,26407.1171875,0.0,0.0,0.953824520111084
448,154.92716710960485,16353.1201171875,0.0,0.0,0.9537627100944519
449,235.52446597271347,37464.671875,0.0,0.0,0.9537501931190491
450,218.7435074783534,29195.26171875,0.0,0.0,0.9537280201911926
451,215.9836899439067,29530.36328125,0.0,0.0,0.9537332653999329
452,211.02868202848632,26157.22265625,0.0,0.0,0.9536991119384766
453,219.97428171543635,30329.201171875,0.0,0.0,0.9536821246147156
454,214.4978469023801,28796.3671875,0.0,0.0,0.953693687915802
455,208.50134170604082,27008.51953125,0.0,0.0,0.9537043571472168
456,220.07687348662773,28641.787109375,0.0,0.0,0.9536986351013184
457,221.1500928693676,30814.076171875,0.0,0.0,0.9537188410758972
458,213.03948516388408,29222.09765625,0.0,0.0,0.9537666440010071
459,251.8099616018758,37800.05078125,0.0,0.0,0.9537989497184753
460,207.20456500707053,27176.8515625,0.0,0.0,0.953838050365448
461,218.76776424685153,29721.451171875,0.0,0.0,0.9538769125938416
462,230.18796179619983,31886.75,0.0,0.0,0.9538896083831787
463,211.51297989913058,26539.482421875,0.0,0.0,0.953870952129364
464,220.6045427543714,30394.361328125,0.0,0.0,0.9538571238517761
465,218.93067709918105,29912.126953125,0.0,0.0,0.9538504481315613
466,222.8302023112146,28144.74609375,0.0,0.0,0.9537336826324463
467,224.08154512301536,31014.689453125,0.0,0.0,0.9536369442939758
468,214.86928030877718,29037.7890625,0.0,0.0,0.9535647034645081
469,220.71502919112717,28570.009765625,0.0,0.0,0.9534816741943359
470,188.90482618881242,21744.603515625,0.0,0.0,0.9533695578575134
471,227.42936350914908,32215.408203125,0.0,0.0,0.953277587890625
472,237.50745828730862,33506.796875,0.0,0.0,0.9531581997871399
473,228.79320893718517,30186.25,0.0,0.0,0.9529920220375061
474,224.21529299608653,30733.513671875,0.0,0.0,0.9528434872627258
475,221.27991535456482,29710.0546875,0.0,0.0,0.9527034759521484
476,202.91962892702827,25657.71875,0.0,0.0,0.9525625705718994
477,168.7334119207148,18823.025390625,0.0,0.0,0.9524248242378235
478,225.5386776740528,31218.154296875,0.0,0.0,0.9523053169250488
479,229.35952520377535,35469.578125,0.0,0.0,0.9522413611412048
480,221.2801906896826,30843.986328125,0.0,0.0,0.9522037506103516
481,220.74454409728395,28871.064453125,0.0,0.0,0.95213383436203
482,216.9883773739472,28941.0859375,0.0,0.0,0.9520666003227234
483,208.10330265670183,30131.55859375,0.0,0.0,0.9519889950752258
484,215.98093059581035,27251.861328125,0.0,0.0,0.9518738389015198
485,250.80240785024458,40783.1484375,0.0,0.0,0.9518027305603027
486,211.8728347534532,28533.1328125,0.0,0.0,0.9517598152160645
487,217.22950052471725,30288.55078125,0.0,0.0,0.951747477054596
488,213.27750471266688,30143.35546875,0.0,0.0,0.9517812132835388
489,224.53437794891872,31421.1953125,0.0,0.0,0.951770544052124
490,208.18881959983221,26189.78125,0.0,0.0,0.9517454504966736
491,216.3785929289523,28418.96484375,0.0,0.0,0.9517098069190979
492,233.75529592006185,33722.23046875,0.0,0.0,0.9516940116882324
493,216.44376369129614,30213.69921875,0.0,0.0,0.9517059326171875
494,210.6015676046908,26012.302734375,0.0,0.0,0.9516696333885193
495,221.67847419517662,31178.541015625,0.0,0.0,0.9516593813896179
496,208.4850667281593,25350.658203125,0.0,0.0,0.9515858292579651
497,229.3263854614132,33051.390625,0.0,0.0,0.9515067934989929
498,254.64488231728717,45369.046875,0.0,0.0,0.951475203037262
499,220.37985705002336,29905.73046875,0.0,0.0,0.9514419436454773
500,215.55746688539014,31184.8125,0.0,0.0,0.9514431953430176
501,231.06285990572758,34145.23828125,0.0,0.0,0.9514561295509338
502,224.47645502491739,33059.046875,0.0,0.0,0.9514986872673035
503,215.42467925795384,28631.6015625,0.0,0.0,0.9515157341957092
504,213.9810317200335,29085.3359375,0.0,0.0,0.9515573978424072
505,220.72991786383093,30343.80078125,0.0,0.0,0.9515883326530457
506,227.8509323452324,34095.47265625,0.0,0.0,0.9516079425811768
507,222.35327216306277,30868.470703125,0.0,0.0,0.9516245722770691
508,211.5248276231544,27725.076171875,0.0,0.0,0.9516369700431824
509,224.92078127936733,30130.767578125,0.0,0.0,0.9515953063964844
510,218.76307271701668,31272.63671875,0.0,0.0,0.9515776038169861
511,266.50229325578636,48884.9609375,0.0,0.0,0.9515752792358398
512,212.46885229503164,28990.1328125,0.0,0.0,0.9515893459320068
513,213.48294916040476,26595.30859375,0.0,0.0,0.9515374302864075
514,231.78578030505713,31642.736328125,0.0,0.0,0.9514284133911133
515,226.2177607363728,33950.97265625,0.0,0.0,0.9513444304466248
516,227.9869396850113,34177.75,0.0,0.0,0.9512960910797119
517,253.55548636094983,39275.2890625,0.0,0.0,0.9511837959289551
518,228.19065254138664,31699.486328125,0.0,0.0,0.9510536193847656
519,222.37990420408593,29642.130859375,0.0,0.0,0.9508919715881348
520,220.93849444954472,31123.376953125,0.0,0.0,0.9507544636726379
521,230.2309554145774,34096.37109375,0.0,0.0,0.950643002986908
522,235.48541439023614,37233.4921875,0.0,0.0,0.9505682587623596
523,220.32857702775033,32641.1640625,0.0,0.0,0.950585663318634
524,213.5217660849799,29832.232421875,0.0,0.0,0.9506180882453918
525,188.34664951694117,23323.794921875,0.0,0.0,0.9506065249443054
526,200.88733842772746,28145.16796875,0.0,0.0,0.9506120085716248
527,177.29623487586264,20869.908203125,0.0,0.0,0.9506087303161621
528,183.83640524591715,21020.20703125,0.0,0.0,0.9505706429481506
529,175.54946601749643,19668.345703125,0.0,0.0,0.9505000114440918
530,232.33452662949512,33626.94140625,0.0,0.0,0.9504135251045227
531,174.6460962343151,21876.10546875,0.0,0.0,0.950348436832428
532,177.34545766706913,22266.708984375,0.0,0.0,0.9502986073493958
533,199.0272263734138,26884.994140625,0.0,0.0,0.9503111839294434
534,203.82176032453478,25030.4140625,0.0,0.0,0.9502845406532288
535,170.20326354723505,21107.5078125,0.0,0.0,0.950279712677002
536,205.65572814263595,30041.416015625,0.0,0.0,0.9503214955329895
537,159.2171545537797,15550.93359375,0.0,0.0,0.950291097164154
538,144.59095071820653,15317.3818359375,0.0,0.0,0.9502840042114258
539,196.21057870906841,26978.205078125,0.0,0.0,0.9502798914909363
540,151.0148973284026,15613.6953125,0.0,0.0,0.9502773284912109
541,157.57435209908124,17101.1796875,0.0,0.0,0.9502870440483093
542,154.30500123300266,15834.2470703125,0.0,0.0,0.9502556324005127
543,165.15044642559863,18045.12109375,0.0,0.0,0.9502285122871399
544,159.25817915921903,17058.083984375,0.0,0.0,0.9502117037773132
545,190.98663386847684,23623.001953125,0.0,0.0,0.9501976370811462
546,194.12469250713238,27414.390625,0.0,0.0,0.950194776058197
547,188.92410615267644,23601.544921875,0.0,0.0,0.9502108097076416
548,177.91995436053386,21441.1796875,0.0,0.0,0.950227677822113
549,165.49992219068676,17683.87109375,0.0,0.0,0.9502284526824951
550,194.05342010487618,24123.3828125,0.0,0.0,0.9502332210540771
551,171.32078953475937,21156.921875,0.0,0.0,0.9503135085105896
552,162.45124049273286,17358.19921875,0.0,0.0,0.9503783583641052
553,212.9561852987766,31072.767578125,0.0,0.0,0.9503936767578125
554,175.06464033010045,20835.943359375,0.0,0.0,0.9504082798957825
555,202.02019183408993,30177.28125,0.0,0.0,0.950441300868988
556,217.32281969825655,35307.01171875,0.0,0.0,0.9505080580711365
557,210.9456493886738,31869.291015625,0.0,0.0,0.9505941271781921
558,196.87971481620664,26271.154296875,0.0,0.0,0.9506519436836243
559,213.86423648245693,31570.427734375,0.0,0.0,0.9507193565368652
560,206.58313869789492,28816.65234375,0.0,0.0,0.950812816619873
561,252.58088373755464,44008.5703125,0.0,0.0,0.9509246945381165
562,181.8068733426834,22657.771484375,0.0,0.0,0.9510356783866882
563,263.8797787785759,51383.24609375,0.0,0.0,0.9511917233467102
564,195.47155375120875,25663.615234375,0.0,0.0,0.9513144493103027
565,232.2576411678597,33050.890625,0.0,0.0,0.9514003396034241
566,236.94970080413844,38275.6171875,0.0,0.0,0.9514245390892029
567,282.89686051630696,53757.140625,0.0,0.0,0.9514568448066711
568,262.593661629579,46365.60546875,0.0,0.0,0.9515042304992676
569,234.62436286958962,37776.171875,0.0,0.0,0.9515535235404968
570,224.18298278419186,30997.603515625,0.0,0.0,0.951591968536377
571,240.5619380887372,35747.92578125,0.0,0.0,0.9515950083732605
572,215.23200219154936,28651.787109375,0.0,0.0,0.9515876173973083
573,243.6738589131222,39438.61328125,0.0,0.0,0.9515471458435059
574,263.0157152225956,42882.65234375,0.0,0.0,0.9514930844306946
575,254.55042157540535,43117.62109375,0.0,0.0,0.95143061876297
576,239.7683547002724,37768.1171875,0.0,0.0,0.9513964056968689
577,234.49722511573702,33392.1796875,0.0,0.0,0.9513368606567383
578,228.3010962037283,32289.671875,0.0,0.0,0.9512888789176941
579,254.64494576814823,40281.640625,0.0,0.0,0.9512391686439514
580,260.0231144948792,42288.2890625,0.0,0.0,0.9511828422546387
581,258.714194969546,45163.90234375,0.0,0.0,0.9511429667472839
582,330.7575439416426,72266.3984375,0.0,0.0,0.9511283040046692
583,364.9313274762482,82492.8984375,0.0,0.0,0.9510928988456726
584,309.52271980545555,64061.80078125,0.0,0.0,0.9510748386383057
585,240.53073263403436,36427.21484375,0.0,0.0,0.9510440230369568
586,231.34779159794846,34211.98828125,0.0,0.0,0.9510638117790222
587,246.02336411167434,41100.46875,0.0,0.0,0.9511069655418396
588,223.93502886923827,32186.119140625,0.0,0.0,0.9511629939079285
589,311.30085098161624,62973.3515625,0.0,0.0,0.9511854648590088
590,238.9851947839183,37027.64453125,0.0,0.0,0.9512212872505188
591,299.9746453985516,59513.61328125,0.0,0.0,0.9512438178062439
592,219.1948260522578,31211.15625,0.0,0.0,0.9512953162193298
593,295.46353455603304,56387.7734375,0.0,0.0,0.9513387084007263
594,253.02232147567432,40022.171875,0.0,0.0,0.9513199329376221
595,244.82111535270326,39605.3203125,0.0,0.0,0.951302707195282
596,239.96228671678958,35422.24609375,0.0,0.0,0.9512588381767273
597,221.74783937794356,30879.666015625,0.0,0.0,0.9511687159538269
598,248.39996021143457,38436.875,0.0,0.0,0.9510760307312012
599,252.50227899784264,43128.41796875,0.0,0.0,0.9510014653205872
600,265.2376499887373,46458.8125,0.0,0.0,0.9509289264678955
601,216.8116779100907,29531.228515625,0.0,0.0,0.950869083404541
602,219.740060221986,29734.978515625,0.0,0.0,0.950796365737915
603,249.55778374354213,40045.171875,0.0,0.0,0.9507226347923279
604,283.47118132443984,52067.60546875,0.0,0.0,0.9506520628929138
605,226.9957697965897,31314.505859375,0.0,0.0,0.9505618214607239
606,242.88230281981305,37577.4375,0.0,0.0,0.9504683017730713
607,231.19041591040488,35522.4296875,0.0,0.0,0.9504173398017883
608,239.66524143283965,35401.03515625,0.0,0.0,0.9503641724586487
609,265.589514306118,43966.1484375,0.0,0.0,0.9502857327461243
610,249.91349736964224,40210.98046875,0.0,0.0,0.9502187371253967
611,245.63344990755732,35903.015625,0.0,0.0,0.9501317143440247
612,229.4842767959842,32877.23828125,0.0,0.0,0.9500486254692078
613,260.61328181842066,40253.01171875,0.0,0.0,0.9499201774597168
614,238.73010066717822,36278.15625,0.0,0.0,0.9497817158699036
615,238.16861628853252,36449.7421875,0.0,0.0,0.9496784806251526
616,288.2529104780283,56338.26171875,0.0,0.0,0.9496221542358398
617,253.75587696749807,38947.91015625,0.0,0.0,0.949531614780426
618,243.84409890333842,37624.98046875,0.0,0.0,0.9494262337684631
619,274.24121010541256,52581.171875,0.0,0.0,0.9493410587310791
620,215.13926044827343,27168.34375,0.0,0.0,0.9492332935333252
621,259.5473499137915,44189.5234375,0.0,0.0,0.9491448998451233
622,220.41619125805133,30564.330078125,0.0,0.0,0.9490668177604675
623,30.766317333055333,-1063.9852294921875,0.0,0.0,0.948974609375
624,228.49731321640857,32314.53515625,0.0,0.0,0.9489054083824158
625,220.18140670432476,30992.24609375,0.0,0.0,0.9488546252250671
626,230.48034012974983,33955.1484375,0.0,0.0,0.948802649974823
627,248.20929606509975,36716.046875,0.0,0.0,0.9487493634223938
628,256.59411234215764,42880.90625,0.0,0.0,0.9487318396568298
629,244.899491597782,37771.21484375,0.0,0.0,0.9487231373786926
630,260.4852134523003,44505.265625,0.0,0.0,0.9487431049346924
631,233.9279382684927,33221.765625,0.0,0.0,0.9487297534942627
632,310.902914017634,61093.71484375,0.0,0.0,0.9486978054046631
633,234.06609294095978,34634.3046875,0.0,0.0,0.94869065284729
634,255.3414235911146,41443.56640625,0.0,0.0,0.9486823678016663
635,219.73578110812974,33147.81640625,0.0,0.0,0.9487214088439941
636,256.84468208011344,42010.609375,0.0,0.0,0.9487388134002686
637,219.22552792592109,31236.8203125,0.0,0.0,0.9487605690956116
638,240.34311620881235,32901.484375,0.0,0.0,0.9487383961677551
639,214.83198865187939,30256.14453125,0.0,0.0,0.9487211108207703
640,245.43249732879215,36526.4140625,0.0,0.0,0.9486923217773438
641,234.10337989457904,37341.09375,0.0,0.0,0.9487197995185852
642,242.7558981942955,34415.41015625,0.0,0.0,0.9487068057060242
643,229.6786483074583,32362.22265625,0.0,0.0,0.9487003684043884
644,237.0635300179724,36415.921875,0.0,0.0,0.9486972689628601
645,260.8064720020037,44357.109375,0.0,0.0,0.9486756324768066
646,24.693526923704585,-873.607177734375,0.0,0.0,0.9486353993415833
647,241.41945042705223,36835.29296875,0.0,0.0,0.9485841393470764
648,236.80482368605828,36449.9921875,0.0,0.0,0.948573887348175
649,227.7130270742375,30145.748046875,0.0,0.0,0.9484886527061462
650,232.7483210499687,35010.65625,0.0,0.0,0.9484273791313171
651,229.2819364763454,32854.8671875,0.0,0.0,0.9483736157417297
652,223.38763652718453,31854.16796875,0.0,0.0,0.9483354091644287
653,228.91323868013606,34171.30859375,0.0,0.0,0.9483382105827332
654,222.83249758414408,31088.556640625,0.0,0.0,0.9483222961425781
655,230.49545016723758,31261.66015625,0.0,0.0,0.9482817649841309
656,218.4596584633063,30024.115234375,0.0,0.0,0.9482592940330505
657,238.28028302452236,37517.4765625,0.0,0.0,0.9482281804084778
658,174.23361563493708,19704.66015625,0.0,0.0,0.9481919407844543
659,17.758472231793405,-870.5588989257812,0.0,0.0,0.9481489062309265
660,209.0993298442215,29443.205078125,0.0,0.0,0.9481374621391296
661,208.91701329237804,26545.3984375,0.0,0.0,0.9481180310249329
662,284.7265635199239,52038.05078125,0.0,0.0,0.9481053948402405
663,186.9217130194698,21580.58203125,0.0,0.0,0.9480772614479065
664,247.14472112666246,42107.1953125,0.0,0.0,0.9480655193328857
665,218.12165810782776,28961.94921875,0.0,0.0,0.9480509757995605
666,83.8020654112172,4349.09228515625,0.0,0.0,0.9480308890342712
667,197.49678869157194,23860.43359375,0.0,0.0,0.9479700922966003
668,222.1320310808315,33049.3671875,0.0,0.0,0.9479398727416992
669,209.0117369724827,28698.794921875,0.0,0.0,0.9479362368583679
670,221.33639695583477,31545.849609375,0.0,0.0,0.9479443430900574
671,115.43404181862586,8613.8798828125,0.0,0.0,0.9479324817657471
672,26.07342790502528,-852.5045166015625,0.0,0.0,0.9479107856750488
673,210.24675513974935,29038.021484375,0.0,0.0,0.9479101300239563
674,246.7099842175962,39393.46484375,0.0,0.0,0.9478980898857117
675,243.83812469010377,36193.1171875,0.0,0.0,0.9478636384010315
676,210.00710734650517,28167.03125,0.0,0.0,0.947826623916626
677,190.28380387698695,22961.9921875,0.0,0.0,0.9477869868278503
678,232.73304086959587,32830.76171875,0.0,0.0,0.9476978778839111
679,211.0399020814261,30004.96484375,0.0,0.0,0.9476345181465149
680,153.93901475882475,15629.28515625,0.0,0.0,0.9475832581520081
681,221.7344754115222,33121.578125,0.0,0.0,0.9475533366203308
682,235.4425709383966,34021.87109375,0.0,0.0,0.9475188851356506
683,217.84707424034204,28440.482421875,0.0,0.0,0.9474665522575378
684,228.7193239753216,33735.4921875,0.0,0.0,0.9474096298217773
685,260.55979894694576,43916.41796875,0.0,0.0,0.9473719000816345
686,213.28063270845044,29781.001953125,0.0,0.0,0.9473543167114258
687,240.9093371254692,36752.8828125,0.0,0.0,0.9473337531089783
688,223.61935412531335,31436.244140625,0.0,0.0,0.947313129901886
689,237.70686316924036,35768.12109375,0.0,0.0,0.9472999572753906
690,249.90750369042595,38582.09375,0.0,0.0,0.9472734928131104
691,225.5746940881422,31594.53125,0.0,0.0,0.9472603797912598
692,237.41339214391292,34841.62890625,0.0,0.0,0.9472565054893494
693,239.67285667852022,35359.91015625,0.0,0.0,0.947247326374054
694,224.01876742903121,30443.5625,0.0,0.0,0.9472286105155945
695,303.92294583041297,59343.328125,0.0,0.0,0.9471854567527771
696,242.6965811066845,36449.52734375,0.0,0.0,0.9471519589424133
697,232.0743465975991,35489.31640625,0.0,0.0,0.9470968246459961
698,251.9323252529563,40716.37109375,0.0,0.0,0.9470429420471191
699,271.2742510630327,51669.58203125,0.0,0.0,0.947009801864624
700,217.77545008692587,30148.884765625,0.0,0.0,0.9469974040985107
701,273.64115130569553,46980.18359375,0.0,0.0,0.9470038414001465
702,237.3894433551867,33860.34375,0.0,0.0,0.9469985961914062
703,281.3416449902796,54163.12890625,0.0,0.0,0.947013795375824
704,220.12639857491482,28568.322265625,0.0,0.0,0.9470038414001465
705,230.1551941718147,33822.8203125,0.0,0.0,0.9469607472419739
706,226.31341280185939,33461.19140625,0.0,0.0,0.9469461441040039
707,221.86186293375172,31226.095703125,0.0,0.0,0.9469327926635742
708,230.18857386425145,31538.46484375,0.0,0.0,0.9469029307365417
709,230.12042778185355,31690.43359375,0.0,0.0,0.9468660354614258
710,236.3344351145295,34863.9453125,0.0,0.0,0.9468045234680176
711,195.57380996455524,23725.22265625,0.0,0.0,0.9467287659645081
712,226.91039616775095,33070.05078125,0.0,0.0,0.9466813206672668
713,261.2892418701388,48095.74609375,0.0,0.0,0.9466450214385986
714,229.98515818160882,33299.62109375,0.0,0.0,0.9466275572776794
715,210.00120398884732,30134.728515625,0.0,0.0,0.9466432929039001
716,272.57218268572075,50505.796875,0.0,0.0,0.94669109582901
717,220.71468031177164,31156.75390625,0.0,0.0,0.9466783404350281
718,219.29110696756297,27782.171875,0.0,0.0,0.9466180205345154
719,226.30835104440814,32377.404296875,0.0,0.0,0.9465797543525696
720,201.85523238327482,25660.859375,0.0,0.0,0.9465399384498596
721,217.99238737023876,32806.0078125,0.0,0.0,0.9464839100837708
722,257.7433774980457,38474.41015625,0.0,0.0,0.9464098811149597
723,226.91079655181213,31981.60546875,0.0,0.0,0.9463183283805847
724,240.4626960207995,36167.35546875,0.0,0.0,0.9462253451347351
725,232.42052938740736,33416.73828125,0.0,0.0,0.9461349844932556
726,226.6051935959837,32085.7734375,0.0,0.0,0.9460771679878235
727,245.76950652505877,36007.15625,0.0,0.0,0.945975124835968
728,230.2528715710304,31945.458984375,0.0,0.0,0.9458510279655457
729,222.47747594761927,29093.23828125,0.0,0.0,0.9457116723060608
730,281.2231899017822,50782.76171875,0.0,0.0,0.9455761313438416
731,272.8065438827761,45914.79296875,0.0,0.0,0.945443332195282
732,260.13696090069396,44213.6484375,0.0,0.0,0.9453666806221008
733,183.41160651970029,22880.28125,0.0,0.0,0.9453226923942566
734,333.87096580639917,67894.3984375,0.0,0.0,0.9452918171882629
735,276.20317689978424,50153.39453125,0.0,0.0,0.9452424645423889
736,222.42655930463695,32697.8046875,0.0,0.0,0.9452510476112366
737,221.34860630667345,32433.017578125,0.0,0.0,0.9452758431434631
738,238.44273820224075,36522.73046875,0.0,0.0,0.9453098177909851
739,261.11230797733197,42643.3125,0.0,0.0,0.9453306794166565
740,289.6660459853603,52035.5546875,0.0,0.0,0.9453174471855164
741,254.98672038433034,40818.34765625,0.0,0.0,0.9452826380729675
742,242.6563013342404,35562.34765625,0.0,0.0,0.9452434182167053
743,234.34047321092856,36253.46875,0.0,0.0,0.9452430605888367
744,258.25797807546047,41485.6171875,0.0,0.0,0.9452455043792725
745,302.6244990987441,59695.578125,0.0,0.0,0.9452468752861023
746,237.75324166329034,34961.015625,0.0,0.0,0.9452447295188904
747,277.94528009466654,50091.453125,0.0,0.0,0.9452546238899231
748,237.80441523878943,36533.75,0.0,0.0,0.9452763199806213
749,249.91953082045438,40857.5703125,0.0,0.0,0.9453229308128357
750,203.0368612149892,27314.498046875,0.0,0.0,0.9454193115234375
751,250.6736531386435,40818.2109375,0.0,0.0,0.9455472826957703
752,245.99734098426558,38782.3515625,0.0,0.0,0.9456793665885925
753,343.63108789499046,74947.859375,0.0,0.0,0.9457986354827881
754,242.87043598775685,36269.71875,0.0,0.0,0.9458988308906555
755,244.86389333761934,39234.2109375,0.0,0.0,0.9459945559501648
756,271.02157618694196,46896.703125,0.0,0.0,0.9460777640342712
757,259.8623345464955,41869.15625,0.0,0.0,0.9461197853088379
758,230.34080080294717,33453.72265625,0.0,0.0,0.9461625218391418
759,268.4897054220565,46705.73828125,0.0,0.0,0.9462316036224365
760,226.66857887698916,32656.005859375,0.0,0.0,0.9462931752204895
761,314.4016139872276,62631.25,0.0,0.0,0.946315586566925
762,255.48509007608092,41394.140625,0.0,0.0,0.9463320374488831
763,240.40415807409136,37342.89453125,0.0,0.0,0.9463539123535156
764,216.8370784144876,30770.798828125,0.0,0.0,0.946386992931366
765,234.9374033196569,32960.90234375,0.0,0.0,0.946366012096405
766,229.06424056309075,32879.98046875,0.0,0.0,0.9463637471199036
767,251.8255406746737,40371.35546875,0.0,0.0,0.9463367462158203
768,233.13558120922283,32390.685546875,0.0,0.0,0.9463040828704834
769,220.00829019781594,31028.263671875,0.0,0.0,0.9463105201721191
770,228.78958658533796,30726.2734375,0.0,0.0,0.9462878704071045
771,245.74499213539954,34903.6640625,0.0,0.0,0.9462048411369324
772,243.78824287166327,41498.703125,0.0,0.0,0.9461376667022705
773,223.89308108919582,31425.68359375,0.0,0.0,0.9460837244987488
774,236.11535343180083,37166.88671875,0.0,0.0,0.9460735321044922
775,214.24592675562872,28167.5390625,0.0,0.0,0.9460528492927551
776,215.15994880426086,28383.677734375,0.0,0.0,0.9460210800170898
777,259.2629213621381,41173.8125,0.0,0.0,0.9459517598152161
778,246.7649780292851,41721.28515625,0.0,0.0,0.9459248185157776
779,206.80990217536714,27506.904296875,0.0,0.0,0.9458915591239929
780,305.2162891703087,63530.0859375,0.0,0.0,0.9458923935890198
781,261.2854561326846,44547.5,0.0,0.0,0.9458947777748108
782,230.7253718221519,34242.57421875,0.0,0.0,0.9459059834480286
783,257.46404778932504,43739.9765625,0.0,0.0,0.945880115032196
784,237.26957691970176,36255.76171875,0.0,0.0,0.9458811283111572
785,248.5898798902083,38146.109375,0.0,0.0,0.9458279609680176
786,261.18675598169125,44010.90234375,0.0,0.0,0.9458026885986328
787,258.8202182656616,43604.6640625,0.0,0.0,0.9458000063896179
788,213.6353438462964,28931.978515625,0.0,0.0,0.9458191394805908
789,229.09333309195128,33225.3359375,0.0,0.0,0.945845901966095
790,211.36945387662132,28324.29296875,0.0,0.0,0.9458603262901306
791,226.79693981041603,33244.16015625,0.0,0.0,0.9458706378936768
792,222.7504923486654,32090.61328125,0.0,0.0,0.9459192156791687
793,255.94618091902674,42389.59765625,0.0,0.0,0.9459561705589294
794,250.93783090130447,38663.953125,0.0,0.0,0.9459690451622009
795,247.28972115243894,36681.46484375,0.0,0.0,0.945932924747467
796,253.84945781618458,43134.8984375,0.0,0.0,0.9458988308906555
797,272.0358841745369,51419.2421875,0.0,0.0,0.9458777904510498
798,262.43566253824264,42925.0703125,0.0,0.0,0.9458160400390625
799,228.34947300916065,33419.296875,0.0,0.0,0.9457986950874329
800,376.461892458734,89635.1953125,0.0,0.0,0.9457961916923523
801,290.95423037133855,55722.44921875,0.0,0.0,0.9458206295967102
802,241.4024669378553,41161.06640625,0.0,0.0,0.9459123015403748
803,279.2417259977067,48618.87890625,0.0,0.0,0.9459584355354309
804,291.5144329874906,59590.6328125,0.0,0.0,0.9460629820823669
805,378.442668563295,90099.0859375,0.0,0.0,0.9461870193481445
806,281.73053923765633,56085.17578125,0.0,0.0,0.9463174343109131
807,274.18128077225043,44573.359375,0.0,0.0,0.9463809132575989
808,237.30580594452215,35818.6171875,0.0,0.0,0.9464505314826965
809,314.90861290250206,63093.109375,0.0,0.0,0.946540355682373
810,224.99814710789212,32285.88671875,0.0,0.0,0.9466190934181213
811,294.45489152608155,58109.3359375,0.0,0.0,0.946722686290741
812,405.2320556475313,97303.84375,0.0,0.0,0.9468302726745605
813,364.8803754574145,85286.09375,0.0,0.0,0.9469540119171143
814,442.09417192195076,109726.484375,0.0,0.0,0.9470398426055908
815,283.20853311997064,50253.7734375,0.0,0.0,0.9471521377563477
816,260.01585948684067,44154.62890625,0.0,0.0,0.9472682476043701
817,340.1819681170311,75401.9921875,0.0,0.0,0.9474374651908875
818,273.9961498286593,50369.78125,0.0,0.0,0.9475643038749695
819,224.63742970575632,36323.4921875,0.0,0.0,0.9476662278175354
820,63.707732566892226,2553.46728515625,0.0,0.0,0.9477527737617493
821,96.22332450279211,7544.572265625,0.0,0.0,0.9478831887245178
822,194.07770351305712,27350.373046875,0.0,0.0,0.9479968547821045
823,325.41947546508453,63306.70703125,0.0,0.0,0.9480430483818054
824,427.84905442196344,100244.671875,0.0,0.0,0.9480757713317871
825,167.1095996088996,21500.3515625,0.0,0.0,0.9481005668640137
826,463.8549830345925,108764.5625,0.0,0.0,0.9481104016304016
827,384.7217852376856,88782.3125,0.0,0.0,0.948118269443512
828,328.1389380279387,65277.515625,0.0,0.0,0.9481269717216492
829,252.41325903186484,42592.6484375,0.0,0.0,0.9481630921363831
830,236.54421745965078,38580.328125,0.0,0.0,0.948164701461792
831,476.1374111058803,109274.7109375,0.0,0.0,0.9481304287910461
832,408.52081485256025,92475.796875,0.0,0.0,0.9481260776519775
833,444.7457910137462,111967.390625,0.0,0.0,0.9481127262115479
834,407.77846238909746,95149.109375,0.0,0.0,0.9481095671653748
835,334.6514892915607,69026.9609375,0.0,0.0,0.9481529593467712
836,721.2860534260502,201541.625,0.0,0.0,0.9481331706047058
837,325.5449327646254,69759.4140625,0.0,0.0,0.9481428265571594
838,339.91075433788495,67864.9921875,0.0,0.0,0.9481104016304016
839,700.3766015464207,185669.375,0.0,0.0,0.9480689167976379
840,372.63204758611914,81532.796875,0.0,0.0,0.9479740262031555
841,545.5568472973673,133039.84375,0.0,0.0,0.9478902816772461
842,252.7596968664963,39653.76953125,0.0,0.0,0.9477949142456055
843,269.8446918510556,44335.16796875,0.0,0.0,0.9476670622825623
844,306.100588803462,56893.91015625,0.0,0.0,0.9475438594818115
845,355.68800693847095,77435.0,0.0,0.0,0.9474412798881531
846,321.92150535159266,64680.78125,0.0,0.0,0.947415292263031
847,549.5070774161906,150849.140625,0.0,0.0,0.947420060634613
848,543.3280801209451,145194.0625,0.0,0.0,0.9474088549613953
849,310.93356237514803,61669.1953125,0.0,0.0,0.9474471211433411
850,467.13001400895973,120607.046875,0.0,0.0,0.947506844997406
851,356.9426939537556,80109.0625,0.0,0.0,0.9475666880607605
852,269.1531584746303,45425.296875,0.0,0.0,0.9476337432861328
853,576.7040168454271,156410.234375,0.0,0.0,0.9477427005767822
854,341.32154093441073,75388.5625,0.0,0.0,0.947838306427002
855,304.901771241882,57410.3671875,0.0,0.0,0.9479789733886719
856,352.03875983960575,81473.9375,0.0,0.0,0.9481375813484192
857,402.51504567959125,100220.4375,0.0,0.0,0.9483423233032227
858,456.768603516991,111002.96875,0.0,0.0,0.9484970569610596
859,332.62085908694473,67327.5,0.0,0.0,0.9486515522003174
860,395.1598709460297,91963.625,0.0,0.0,0.9487922787666321
861,295.23465272729317,59760.765625,0.0,0.0,0.9489574432373047
862,338.1537755006236,71911.546875,0.0,0.0,0.9491154551506042
863,335.3757054937885,68345.9765625,0.0,0.0,0.9492237567901611
864,234.7602566761186,35501.56640625,0.0,0.0,0.9493429064750671
865,372.0052712872384,84512.7734375,0.0,0.0,0.9494405388832092
866,337.7745181448342,68382.28125,0.0,0.0,0.9495041966438293
867,300.8925556141883,58303.91015625,0.0,0.0,0.9495987892150879
868,376.08120312032423,87369.84375,0.0,0.0,0.9497306942939758
869,366.75225298015147,79268.796875,0.0,0.0,0.9498202204704285
870,277.3998023785132,48205.8203125,0.0,0.0,0.9498745799064636
871,273.6713452520561,45227.25390625,0.0,0.0,0.9498171806335449
872,428.72212510687996,105383.953125,0.0,0.0,0.9497745633125305
873,331.9259398708108,67917.59375,0.0,0.0,0.9497473239898682
874,426.5945157167893,98824.765625,0.0,0.0,0.9496727585792542
875,439.5953170432876,113940.53125,0.0,0.0,0.949638307094574
876,446.8557756271244,112789.84375,0.0,0.0,0.9496195316314697
877,302.5678298620864,59148.50390625,0.0,0.0,0.9496452808380127
878,312.2667629890718,62361.01171875,0.0,0.0,0.9497148990631104
879,297.70354042406626,55429.859375,0.0,0.0,0.9497730135917664
880,423.8867988902195,103409.6640625,0.0,0.0,0.9498436450958252
881,363.2034245537811,80857.59375,0.0,0.0,0.9499068260192871
882,395.78848749413055,92081.3125,0.0,0.0,0.9499800801277161
883,329.46953201297333,70458.109375,0.0,0.0,0.9500380158424377
884,406.72610630845367,95831.3828125,0.0,0.0,0.9500866532325745
885,322.25926782114567,66383.2890625,0.0,0.0,0.9501254558563232
886,286.2021517594671,52548.69921875,0.0,0.0,0.9501797556877136
887,403.51743805786737,94642.390625,0.0,0.0,0.9502364993095398
888,399.08093093208726,93663.6171875,0.0,0.0,0.9502754211425781
889,664.0169496791574,177622.765625,0.0,0.0,0.9502491354942322
890,380.66589183757105,84529.390625,0.0,0.0,0.9502313137054443
891,399.24922107822465,94344.90625,0.0,0.0,0.9502100348472595
892,365.33744663883454,83399.8046875,0.0,0.0,0.9502172470092773
893,352.7536499018237,78804.265625,0.0,0.0,0.9501924514770508
894,339.069097330091,72270.1953125,0.0,0.0,0.9501804709434509
895,465.9059518093067,117667.5859375,0.0,0.0,0.9501809477806091
896,262.6861777335639,43370.0390625,0.0,0.0,0.9501859545707703
897,367.8119656081697,81324.6875,0.0,0.0,0.9501657485961914
898,268.62830227994357,46678.8984375,0.0,0.0,0.950154721736908
899,461.3405341174543,117924.4453125,0.0,0.0,0.9501422047615051
900,311.52534735434114,60398.421875,0.0,0.0,0.9501540064811707
901,318.73328085743213,67203.0859375,0.0,0.0,0.950217068195343
902,286.91048470072855,52226.0,0.0,0.0,0.9502473473548889
903,414.7676536744531,99071.09375,0.0,0.0,0.9502661824226379
904,235.37081336397756,34331.515625,0.0,0.0,0.9502989649772644
905,352.5794361753577,77381.6171875,0.0,0.0,0.9503257870674133
906,322.7667900663587,68698.328125,0.0,0.0,0.9503534436225891
907,354.993066903126,74802.140625,0.0,0.0,0.9503280520439148
908,345.2208649364864,72799.7421875,0.0,0.0,0.9502954483032227
909,387.79405187103487,91869.5625,0.0,0.0,0.95029217004776
910,303.18350457621784,57376.4921875,0.0,0.0,0.9503191113471985
911,331.2728962599685,68978.984375,0.0,0.0,0.9502902626991272
912,275.6261400380472,48362.40625,0.0,0.0,0.9502609372138977
913,307.9670660947143,59514.52734375,0.0,0.0,0.9502174854278564
914,261.72439836607947,45568.41015625,0.0,0.0,0.9501969814300537
915,315.14002914459434,65188.94921875,0.0,0.0,0.9501916766166687
916,258.75219443222386,41415.3125,0.0,0.0,0.9501810669898987
917,350.30238735875565,72420.9296875,0.0,0.0,0.9501278400421143
918,349.0730095737264,72253.6171875,0.0,0.0,0.9500660300254822
919,285.03623156601657,50292.10546875,0.0,0.0,0.9500141739845276
920,322.5919136989184,69845.140625,0.0,0.0,0.9499842524528503
921,273.6112383375235,46637.88671875,0.0,0.0,0.9499731659889221
922,270.08688150738135,46298.41015625,0.0,0.0,0.9499538540840149
923,316.0746445495219,64074.98046875,0.0,0.0,0.9499353766441345
924,246.0977027682856,37330.46875,0.0,0.0,0.9499265551567078
925,312.55971907732896,62387.07421875,0.0,0.0,0.949942409992218
926,225.55724692875538,32203.93359375,0.0,0.0,0.9499863982200623
927,277.4486066263525,48361.9140625,0.0,0.0,0.9500255584716797
928,327.62508961413323,64428.6640625,0.0,0.0,0.9500349164009094
929,262.4905426921233,45558.6953125,0.0,0.0,0.9500548243522644
930,331.68277059573944,70597.6328125,0.0,0.0,0.9500716328620911
931,295.7817120864848,53807.1796875,0.0,0.0,0.9500907063484192
932,294.56317703280024,55999.96484375,0.0,0.0,0.9501164555549622
933,230.67194098184464,32785.74609375,0.0,0.0,0.9501132369041443
934,273.6340004621888,51024.375,0.0,0.0,0.9501242637634277
935,288.25757156533933,52980.921875,0.0,0.0,0.9501020312309265
936,276.1838927281515,48139.66015625,0.0,0.0,0.9500474333763123
937,265.83784221446547,44549.890625,0.0,0.0,0.9499490261077881
938,236.35476137111363,34568.4609375,0.0,0.0,0.9498677253723145
939,283.45941720748687,48013.18359375,0.0,0.0,0.9497905373573303
940,337.85956025450747,73579.046875,0.0,0.0,0.949739933013916
941,260.0095332311516,39932.171875,0.0,0.0,0.9496262073516846
942,243.58772939706748,38974.921875,0.0,0.0,0.9495288729667664
943,271.932747862778,48253.84375,0.0,0.0,0.9494807124137878
944,300.2936694378048,56019.890625,0.0,0.0,0.9494274258613586
945,264.2842695617984,43711.54296875,0.0,0.0,0.949396550655365
946,243.42903677146043,37005.875,0.0,0.0,0.9493827819824219
947,305.0876470668866,56187.4921875,0.0,0.0,0.9493260383605957
948,221.91601595572774,30648.234375,0.0,0.0,0.9492805600166321
949,317.3384598487577,68390.890625,0.0,0.0,0.9492973685264587
950,300.91211552554176,54228.81640625,0.0,0.0,0.9492682814598083
951,269.2522720177551,48692.0625,0.0,0.0,0.9492723345756531
952,228.05970834982256,31469.58984375,0.0,0.0,0.9492632746696472
953,276.9381220573493,47118.390625,0.0,0.0,0.9492354393005371
954,253.89835263889043,40245.55859375,0.0,0.0,0.9492116570472717
955,223.54038463932153,29579.669921875,0.0,0.0,0.9491655826568604
956,269.01256005839116,48338.0,0.0,0.0,0.9491397738456726
957,267.8356730401159,44566.41796875,0.0,0.0,0.949108898639679
958,265.85918179806225,44621.6015625,0.0,0.0,0.9490816593170166
959,285.97937705190503,54888.2421875,0.0,0.0,0.949061393737793
960,327.56756225686985,67422.234375,0.0,0.0,0.9490230679512024
961,291.19243129700266,52193.46875,0.0,0.0,0.9489533305168152
962,250.17360978696573,39258.32421875,0.0,0.0,0.9488764405250549
963,280.6171205411817,50892.5703125,0.0,0.0,0.9488028883934021
964,257.55199796913547,41983.5703125,0.0,0.0,0.9487168788909912
965,247.9842879042512,37727.328125,0.0,0.0,0.9486345648765564
966,299.5536506146253,56713.97265625,0.0,0.0,0.948509693145752
967,331.5379639355385,70616.5625,0.0,0.0,0.9484131932258606
968,282.0802468697647,47522.6328125,0.0,0.0,0.9483073353767395
969,241.80131987198016,36387.15625,0.0,0.0,0.9481649398803711
970,264.0751071955235,43672.3515625,0.0,0.0,0.9480277895927429
971,232.40920686863734,33159.34375,0.0,0.0,0.947913646697998
972,232.48728258524386,35357.14453125,0.0,0.0,0.9478331208229065
973,257.3178559625196,44359.9375,0.0,0.0,0.9477782845497131
974,238.22375903448773,37124.8125,0.0,0.0,0.9476839900016785
975,244.04482774556644,37408.54296875,0.0,0.0,0.9475831389427185
976,247.77993155844376,39169.08203125,0.0,0.0,0.9474533200263977
977,258.6148489365195,44305.671875,0.0,0.0,0.9473759531974792
978,262.8129152362106,43506.55078125,0.0,0.0,0.9473206400871277
979,257.7953121691934,42131.19921875,0.0,0.0,0.9472690224647522
980,289.39767444089557,53769.421875,0.0,0.0,0.9472277760505676
981,322.94895337253473,66800.2109375,0.0,0.0,0.9471771121025085
982,233.8437459109234,33871.15234375,0.0,0.0,0.9471490979194641
983,248.49538079023498,37167.109375,0.0,0.0,0.9471054077148438
984,230.6957496843396,33640.4921875,0.0,0.0,0.9470706582069397
985,195.67507362519783,24370.83984375,0.0,0.0,0.9470317959785461
986,259.4126916641489,44106.515625,0.0,0.0,0.9470189213752747
987,239.87946606942398,35197.69921875,0.0,0.0,0.9469959139823914
988,241.33587753244612,34691.546875,0.0,0.0,0.9469369053840637
989,237.50501377774893,36500.03515625,0.0,0.0,0.9469075202941895
990,267.85652154972826,44936.3359375,0.0,0.0,0.9468746185302734
991,211.6748167865328,29983.318359375,0.0,0.0,0.9468831419944763
992,271.65385864492686,46662.734375,0.0,0.0,0.9468986988067627
993,227.24833527385698,30220.45703125,0.0,0.0,0.9468917846679688
994,279.09159450202964,46555.1484375,0.0,0.0,0.9468469023704529
995,206.57107673275462,27037.056640625,0.0,0.0,0.9468173980712891
996,235.64937966855425,37939.8359375,0.0,0.0,0.9467871189117432
997,259.7966682265534,43707.609375,0.0,0.0,0.9468099474906921
998,253.36586838926345,39587.234375,0.0,0.0,0.9468221664428711
999,220.0635108823333,31397.587890625,0.0,0.0,0.9468421936035156
1000,226.29200510851558,30352.22265625,0.0,0.0,0.946811854839325
1001,231.6778099048927,33261.92578125,0.0,0.0,0.9467155337333679
1002,223.65495524293053,29926.326171875,0.0,0.0,0.9465978145599365
1003,264.5176096373812,44164.5390625,0.0,0.0,0.9464807510375977
1004,226.646163978405,31933.19140625,0.0,0.0,0.9463947415351868
1005,253.321916521714,43744.375,0.0,0.0,0.9463303089141846
1006,222.4632480642214,29458.0859375,0.0,0.0,0.9462380409240723
1007,216.24186204217037,32305.205078125,0.0,0.0,0.946185827255249
1008,227.81550336342994,32284.28515625,0.0,0.0,0.9461552500724792
1009,202.16748811310313,25778.544921875,0.0,0.0,0.9461156725883484
1010,239.12309400439156,37546.57421875,0.0,0.0,0.9460959434509277
1011,236.70913385497641,31955.611328125,0.0,0.0,0.9459941983222961
1012,219.75146001956747,32004.08203125,0.0,0.0,0.945929229259491
1013,202.0850995789302,26531.98828125,0.0,0.0,0.9458532333374023
1014,223.58658622564056,30661.92578125,0.0,0.0,0.9457826614379883
1015,238.40647270576122,35872.55859375,0.0,0.0,0.9456698298454285
1016,206.31534587553693,27954.60546875,0.0,0.0,0.9455915093421936
1017,220.05044501524532,32097.125,0.0,0.0,0.9455073475837708
1018,214.6739750698356,29112.748046875,0.0,0.0,0.9454051852226257
1019,234.0099191278049,34501.16015625,0.0,0.0,0.9453234076499939
1020,227.8026813205711,32150.19921875,0.0,0.0,0.9452385902404785
1021,237.86966615955882,37441.0625,0.0,0.0,0.9451836943626404
1022,236.62041125895436,35073.56640625,0.0,0.0,0.9451305866241455
1023,200.75806261594246,28188.763671875,0.0,0.0,0.9451072812080383
1024,226.9750310636417,32679.57421875,0.0,0.0,0.9449924826622009
1025,244.89984863639052,38698.4296875,0.0,0.0,0.9449074864387512
1026,247.8298841486517,39702.30859375,0.0,0.0,0.9448040127754211
1027,200.28077956333462,26070.078125,0.0,0.0,0.9447088837623596
1028,239.0537892660234,35944.09765625,0.0,0.0,0.944631814956665
1029,233.6625173628951,34712.7734375,0.0,0.0,0.9445778727531433
1030,245.53100998599965,36027.6171875,0.0,0.0,0.9444988369941711
1031,232.15389182358257,34228.62109375,0.0,0.0,0.9444777369499207
1032,220.02328152999826,28656.05078125,0.0,0.0,0.9444201588630676
1033,212.94685555850555,28326.796875,0.0,0.0,0.9443705081939697
1034,262.4285948415427,44851.4140625,0.0,0.0,0.9443101286888123
1035,246.51126316203658,37680.06640625,0.0,0.0,0.9442512392997742
1036,244.77839747011024,38274.296875,0.0,0.0,0.9441826939582825
1037,221.28102624254748,30947.19140625,0.0,0.0,0.9441249966621399
1038,227.10315467582947,31515.44921875,0.0,0.0,0.944072961807251
1039,275.7567961196876,51329.9453125,0.0,0.0,0.9440308213233948
1040,251.212036958135,41187.55078125,0.0,0.0,0.9440386891365051
1041,276.1520775621398,52685.4921875,0.0,0.0,0.9440577626228333
1042,233.49458788478856,31536.59375,0.0,0.0,0.9440226554870605
1043,278.11853620424887,50318.05859375,0.0,0.0,0.9440129399299622
1044,277.24733168668854,49716.94140625,0.0,0.0,0.9439563751220703
1045,248.12822831554004,38742.48828125,0.0,0.0,0.9439239501953125
1046,238.8630359909498,37804.1875,0.0,0.0,0.9439473152160645
1047,262.8323654653441,43398.8671875,0.0,0.0,0.9439487457275391
1048,250.19467752069974,39646.20703125,0.0,0.0,0.9439408183097839
1049,247.54824552307414,38589.12890625,0.0,0.0,0.9439497590065002
1050,237.4351889619584,35713.84375,0.0,0.0,0.9439764618873596
1051,276.69502263927353,52147.3359375,0.0,0.0,0.9439957737922668
1052,228.41087365883828,33009.03125,0.0,0.0,0.9440550208091736
1053,256.5462825546242,40532.8828125,0.0,0.0,0.9440534710884094
1054,244.9715375001772,37073.8125,0.0,0.0,0.9440569877624512
1055,254.3348065302089,39214.75,0.0,0.0,0.9440062642097473
1056,250.12489706501069,40429.06640625,0.0,0.0,0.9439764022827148
1057,244.73215480017018,36483.0390625,0.0,0.0,0.9438900947570801
1058,244.9600474052191,37696.984375,0.0,0.0,0.9437883496284485
1059,245.61806917088614,37242.0625,0.0,0.0,0.9436952471733093
1060,256.42975206051426,41615.5703125,0.0,0.0,0.9436221122741699
1061,224.69504196072072,29835.1953125,0.0,0.0,0.9435327053070068
1062,233.86095600705227,34820.01171875,0.0,0.0,0.9434369206428528
1063,252.6328667825428,41199.8671875,0.0,0.0,0.9433426260948181
1064,376.7622560793139,85941.8359375,0.0,0.0,0.943294107913971
1065,238.5474114090191,34708.5703125,0.0,0.0,0.9432522654533386
1066,232.7721977840706,35131.1953125,0.0,0.0,0.9432345032691956
1067,254.62547363279796,41942.9765625,0.0,0.0,0.9432387948036194
1068,234.19118784803408,36481.87890625,0.0,0.0,0.9433113932609558
1069,231.40601842954712,33278.2578125,0.0,0.0,0.9433848261833191
1070,269.3896805431438,44905.50390625,0.0,0.0,0.9434093832969666
1071,225.68456341238388,30051.68359375,0.0,0.0,0.9433960318565369
1072,234.24417658078343,35217.94140625,0.0,0.0,0.9434040188789368
1073,218.21546570539806,29935.869140625,0.0,0.0,0.9434240460395813
1074,255.86771398860813,44112.125,0.0,0.0,0.9434768557548523
1075,229.64994318651566,33948.72265625,0.0,0.0,0.9435556530952454
1076,241.05326818885044,36823.3671875,0.0,0.0,0.9436418414115906
1077,226.91748510818132,33557.078125,0.0,0.0,0.9437389373779297
1078,230.29420295294932,34111.921875,0.0,0.0,0.9438608288764954
1079,267.79848015842333,48015.50390625,0.0,0.0,0.9439888000488281
1080,243.49028074305156,38669.20703125,0.0,0.0,0.9441275596618652
1081,268.6486978209087,47199.2734375,0.0,0.0,0.9442565441131592
1082,281.57465147620235,49098.625,0.0,0.0,0.9443662762641907
1083,278.6661004710005,50779.4765625,0.0,0.0,0.9444527626037598
1084,237.08893776582912,34995.4921875,0.0,0.0,0.9445314407348633
1085,261.04250491841424,42505.609375,0.0,0.0,0.9445717930793762
1086,228.3809365321127,32339.224609375,0.0,0.0,0.9446229934692383
1087,241.2035059424362,37173.8125,0.0,0.0,0.9446759223937988
1088,236.2143967980305,35678.671875,0.0,0.0,0.9447405338287354
1089,248.42107295808353,40471.76953125,0.0,0.0,0.9448375105857849
1090,243.97164687751103,37199.765625,0.0,0.0,0.9448719620704651
1091,222.49171927677244,31574.875,0.0,0.0,0.9449288249015808
1092,223.35368766864963,30121.3984375,0.0,0.0,0.9449629187583923
1093,221.5593184644656,30110.083984375,0.0,0.0,0.9449976086616516
1094,234.28349540892407,35462.47265625,0.0,0.0,0.9450557231903076
1095,234.1970731588701,33823.9609375,0.0,0.0,0.9450510144233704
1096,232.4766763158955,34171.515625,0.0,0.0,0.9450736045837402
1097,240.13924894845744,37401.390625,0.0,0.0,0.9451117515563965
1098,235.49867369517247,34857.48046875,0.0,0.0,0.9451308250427246
1099,240.99088004159833,34391.73828125,0.0,0.0,0.9450480341911316
1100,223.05662025857964,32142.9765625,0.0,0.0,0.9450296759605408
1101,250.93839504345874,40660.0390625,0.0,0.0,0.9450221657752991
1102,219.63902411653956,28832.248046875,0.0,0.0,0.9449896812438965
1103,251.0717460802908,40133.234375,0.0,0.0,0.9449794292449951
1104,227.54804188750936,32755.5625,0.0,0.0,0.9449787735939026
1105,239.40543972763732,35359.0546875,0.0,0.0,0.9449834823608398
1106,263.5896668359798,45612.44921875,0.0,0.0,0.9450058341026306
1107,218.69393281819782,29747.75390625,0.0,0.0,0.9450330138206482
1108,244.27337398223622,34201.08203125,0.0,0.0,0.9449684619903564
1109,253.80617312630204,42923.734375,0.0,0.0,0.9449402689933777
1110,232.1435486276602,33093.18359375,0.0,0.0,0.9449257254600525
1111,233.81878777300645,33487.90234375,0.0,0.0,0.9449227452278137
1112,232.8101779388483,31687.767578125,0.0,0.0,0.9448974132537842
1113,260.29579952906033,44903.7890625,0.0,0.0,0.9448647499084473
1114,229.2050553480991,32882.3828125,0.0,0.0,0.9448458552360535
1115,221.3457546961369,29660.06640625,0.0,0.0,0.9448203444480896
1116,268.7717848522408,46453.9296875,0.0,0.0,0.9447932243347168
1117,229.40500636161227,31339.162109375,0.0,0.0,0.9446923136711121
1118,230.2694074249423,31421.498046875,0.0,0.0,0.9445772767066956
1119,246.22718859263202,37576.875,0.0,0.0,0.9444296956062317
1120,220.5861210525142,30050.849609375,0.0,0.0,0.9443037509918213
1121,247.05415945184615,40701.51171875,0.0,0.0,0.9442256093025208
1122,224.22177647815306,31296.22265625,0.0,0.0,0.9441710114479065
1123,234.16234147393584,34293.8046875,0.0,0.0,0.9440919756889343
1124,227.982024826155,32936.1640625,0.0,0.0,0.944040060043335
1125,224.21177967420496,31115.34375,0.0,0.0,0.943993091583252
1126,230.0017339001198,33995.4765625,0.0,0.0,0.9439794421195984
1127,221.4302006498582,31767.892578125,0.0,0.0,0.9439892172813416
1128,221.91905430247652,29184.66015625,0.0,0.0,0.9439735412597656
1129,225.34980679857915,31380.484375,0.0,0.0,0.9439699053764343
1130,235.64158036347922,31590.798828125,0.0,0.0,0.9439075589179993
1131,240.5015644902261,39414.48828125,0.0,0.0,0.9439145922660828
1132,226.00404312093158,30389.12109375,0.0,0.0,0.9439018368721008
1133,232.21484776365537,34237.9609375,0.0,0.0,0.9439089298248291
1134,251.5265680679913,40013.5546875,0.0,0.0,0.9439316391944885
1135,246.12111834321152,36159.65234375,0.0,0.0,0.9439194798469543
1136,234.24381077461751,33828.28515625,0.0,0.0,0.9438967704772949
1137,216.2556553956279,27556.41796875,0.0,0.0,0.943852424621582
1138,221.89003997248875,31239.005859375,0.0,0.0,0.9438397884368896
1139,248.88470117814853,38608.13671875,0.0,0.0,0.9438231587409973
1140,239.63133987948754,39117.7890625,0.0,0.0,0.9438381791114807
1141,219.4623686123478,29156.310546875,0.0,0.0,0.9438263773918152
1142,225.51569523345177,30544.19921875,0.0,0.0,0.9438019394874573
1143,227.071520904963,31232.251953125,0.0,0.0,0.9437717795372009
1144,215.24885258285093,27717.236328125,0.0,0.0,0.943725049495697
1145,221.81299322584545,30717.4453125,0.0,0.0,0.9436927437782288
1146,230.2747663510504,32318.93359375,0.0,0.0,0.9436617493629456
1147,253.08351211510353,39162.9140625,0.0,0.0,0.9435840249061584
1148,237.3840746076697,32958.9375,0.0,0.0,0.9434669613838196
1149,243.46813319795484,37734.44921875,0.0,0.0,0.9433625340461731
1150,217.8267570789875,29666.251953125,0.0,0.0,0.9432826638221741
1151,225.11158046740613,32034.423828125,0.0,0.0,0.9432244896888733
1152,233.1821227978437,34410.35546875,0.0,0.0,0.9431483149528503
1153,220.75966824400007,29942.26171875,0.0,0.0,0.9430574774742126
1154,225.82947216639903,31092.404296875,0.0,0.0,0.9429292678833008
1155,220.35269224842273,29593.17578125,0.0,0.0,0.9428002238273621
1156,227.20680301467334,30694.48046875,0.0,0.0,0.9426582455635071
1157,220.28496590294355,29382.826171875,0.0,0.0,0.9425199627876282
1158,235.2029497492743,35548.91015625,0.0,0.0,0.9424402713775635
1159,226.62003763307257,31500.025390625,0.0,0.0,0.942369282245636
1160,241.77159157060794,39289.6796875,0.0,0.0,0.9423341751098633
1161,220.1027808920132,31999.43359375,0.0,0.0,0.9423298835754395
1162,236.1762018243321,35745.609375,0.0,0.0,0.9423525929450989
1163,222.79839517961554,29964.98046875,0.0,0.0,0.9423519968986511
1164,220.05224162538138,29336.751953125,0.0,0.0,0.9423444867134094
1165,223.07383646691204,29814.498046875,0.0,0.0,0.9422808289527893
1166,277.4973063843243,50834.15234375,0.0,0.0,0.9422070384025574
1167,262.45307700743433,46964.05859375,0.0,0.0,0.9421694874763489
1168,222.52843243100753,31909.826171875,0.0,0.0,0.9421612620353699
1169,240.40867504230187,36670.82421875,0.0,0.0,0.9421703219413757
1170,225.9992826268485,34420.93359375,0.0,0.0,0.9422285556793213
1171,242.91333958583257,38106.0234375,0.0,0.0,0.942288339138031
1172,250.95204680935882,41409.484375,0.0,0.0,0.9423158764839172
1173,222.7247955445619,30727.34375,0.0,0.0,0.9423225522041321
1174,269.13583160010546,47382.71875,0.0,0.0,0.9423410892486572
1175,225.2559727481943,31009.50390625,0.0,0.0,0.9423482418060303
1176,227.95287421598704,31220.638671875,0.0,0.0,0.9423234462738037
1177,224.8214004852719,30811.181640625,0.0,0.0,0.9422883987426758
1178,257.7336349531826,46116.76171875,0.0,0.0,0.9422932267189026
1179,239.223855673442,34973.83203125,0.0,0.0,0.9422791600227356
1180,231.1612800142392,34094.69921875,0.0,0.0,0.9422447681427002
1181,110.9046256422844,8125.50439453125,0.0,0.0,0.9422041773796082
1182,226.66625868669087,32361.076171875,0.0,0.0,0.9421747326850891
1183,228.89040678937238,32892.05078125,0.0,0.0,0.9421734809875488
1184,257.3445193532104,44612.47265625,0.0,0.0,0.9422450661659241
1185,237.38677276027423,34361.2578125,0.0,0.0,0.9422827363014221
1186,247.90159370282896,38462.515625,0.0,0.0,0.9423213601112366
1187,233.08568718529452,36370.4921875,0.0,0.0,0.942365825176239
1188,211.96962846934363,27594.67578125,0.0,0.0,0.9423969388008118
1189,247.85787011549576,40326.0703125,0.0,0.0,0.9424470067024231
1190,263.1542102176944,41484.5703125,0.0,0.0,0.9424532055854797
1191,235.54403407587387,34558.859375,0.0,0.0,0.9424670338630676
1192,275.4037193868045,48761.13671875,0.0,0.0,0.9424543380737305
1193,241.70900041430747,36769.7734375,0.0,0.0,0.9424675107002258
1194,229.92758123881566,32377.26953125,0.0,0.0,0.9424695372581482
1195,243.1682179544324,39241.65234375,0.0,0.0,0.9424603581428528
1196,95.18393862616364,6544.2314453125,0.0,0.0,0.9425337314605713
1197,241.6613696852468,38771.21875,0.0,0.0,0.9426169395446777
1198,233.28006703253456,36093.41015625,0.0,0.0,0.9427439570426941
1199,239.41181431038305,37665.015625,0.0,0.0,0.9428727030754089
1200,254.38780988168273,43705.0234375,0.0,0.0,0.9429956078529358
1201,124.42773162319729,11081.2880859375,0.0,0.0,0.9431317448616028
1202,86.90838341705765,5096.4482421875,0.0,0.0,0.9432734847068787
1203,128.83361125410198,11561.5126953125,0.0,0.0,0.9433842301368713
1204,234.86595076622757,34916.37890625,0.0,0.0,0.9434961676597595
1205,275.266473487793,50666.54296875,0.0,0.0,0.9436004757881165
1206,255.16324418103085,40395.03125,0.0,0.0,0.9436938166618347
1207,220.11352112061684,29548.375,0.0,0.0,0.9437710642814636
1208,226.54982714672542,30748.85546875,0.0,0.0,0.943817675113678
1209,228.48919138399165,30353.66796875,0.0,0.0,0.9438064694404602
1210,343.89269959248253,70681.7109375,0.0,0.0,0.9438064098358154
1211,230.77429455128438,33227.828125,0.0,0.0,0.9437910914421082
1212,224.34445593171273,29685.419921875,0.0,0.0,0.9437236189842224
1213,208.35733318281913,27056.216796875,0.0,0.0,0.9436600804328918
1214,218.3364509347299,29584.029296875,0.0,0.0,0.9436010718345642
1215,216.21653812795836,29345.958984375,0.0,0.0,0.9435451626777649
1216,232.90359510815665,34147.4765625,0.0,0.0,0.9435071349143982
1217,114.53433082950687,9649.6240234375,0.0,0.0,0.9435210227966309
1218,244.23701402853274,39753.15234375,0.0,0.0,0.9435750842094421
1219,106.4313294531845,7694.5302734375,0.0,0.0,0.9436182975769043
1220,83.43670170069532,4950.5048828125,0.0,0.0,0.9437013268470764
1221,229.28591425700478,33609.54296875,0.0,0.0,0.9437692761421204
1222,67.80459182214271,2641.725830078125,0.0,0.0,0.9438437819480896
1223,131.17418136882605,11894.2685546875,0.0,0.0,0.9439165592193604
1224,97.93343837073397,6635.12255859375,0.0,0.0,0.9439979195594788
1225,102.88632287455258,6768.08203125,0.0,0.0,0.9440321922302246
1226,241.6365524457578,36582.65234375,0.0,0.0,0.9440552592277527
1227,96.83884197816462,6551.90283203125,0.0,0.0,0.9440910816192627
1228,52.99495257265354,1086.273681640625,0.0,0.0,0.9441235065460205
1229,130.1550437834593,12221.4736328125,0.0,0.0,0.9441549181938171
1230,103.77605987468795,7442.5107421875,0.0,0.0,0.9441370964050293
1231,130.7761854074331,11843.2265625,0.0,0.0,0.9441218376159668
1232,111.42130050564418,9293.71875,0.0,0.0,0.9441530108451843
1233,120.91282749603035,9812.013671875,0.0,0.0,0.9441553950309753
1234,211.39501071403566,28083.39453125,0.0,0.0,0.9441582560539246
1235,70.92690856896009,3055.854248046875,0.0,0.0,0.9441807866096497
1236,220.4707762172434,29073.435546875,0.0,0.0,0.9441779255867004
1237,220.01709308353986,30471.931640625,0.0,0.0,0.9441609978675842
1238,136.1193645175769,13777.306640625,0.0,0.0,0.9441559314727783
1239,226.97880647131743,32530.98046875,0.0,0.0,0.9441388249397278
1240,77.3738098913603,3850.980224609375,0.0,0.0,0.9441528916358948
1241,75.64980921121342,3148.56103515625,0.0,0.0,0.9441178441047668
1242,244.72590403635067,38668.453125,0.0,0.0,0.9440445303916931
1243,244.0677760008072,37985.7421875,0.0,0.0,0.9439959526062012
1244,94.67359885014554,6591.609375,0.0,0.0,0.9440098404884338
1245,127.96546954460625,11360.9072265625,0.0,0.0,0.9440026879310608
1246,129.93920517747088,12071.3408203125,0.0,0.0,0.9440243244171143
1247,239.82586448775177,34654.24609375,0.0,0.0,0.9439659118652344
1248,218.91182550356115,28258.548828125,0.0,0.0,0.943852961063385
1249,146.15082774392232,14772.37109375,0.0,0.0,0.9437522888183594
1250,64.90094485599877,1886.309326171875,0.0,0.0,0.943565845489502
1251,139.87601771673096,14650.4794921875,0.0,0.0,0.94340580701828
1252,152.62975555303018,15926.1201171875,0.0,0.0,0.943276584148407
1253,218.7295582317296,30474.61328125,0.0,0.0,0.9431787133216858
1254,125.54369448175308,13346.146484375,0.0,0.0,0.9431408047676086
1255,155.94323847447828,19743.234375,0.0,0.0,0.9431820511817932
1256,119.2063158698641,9757.1875,0.0,0.0,0.9432210922241211
1257,92.3256487592964,5900.5732421875,0.0,0.0,0.9432676434516907
1258,125.2862690033298,10458.2724609375,0.0,0.0,0.9432964324951172
1259,240.65216553206136,36489.0546875,0.0,0.0,0.9433004856109619
1260,78.47039912903584,4087.23876953125,0.0,0.0,0.9433322548866272
1261,236.20244745063866,39062.34375,0.0,0.0,0.9434032440185547
1262,134.30552714075762,13118.6142578125,0.0,0.0,0.9434845447540283
1263,123.04066418699789,10997.6513671875,0.0,0.0,0.9435480237007141
1264,131.40314068294379,12660.1328125,0.0,0.0,0.9436232447624207
1265,53.98799578579529,1235.7684326171875,0.0,0.0,0.9436988830566406
1266,103.28654653777964,7657.1845703125,0.0,0.0,0.9437900185585022
1267,269.1138751582556,47702.46484375,0.0,0.0,0.9438633322715759
1268,136.55377278947128,12217.7421875,0.0,0.0,0.9438796043395996
1269,59.66933013889972,1685.3924560546875,0.0,0.0,0.9438775181770325
1270,131.93113165246092,11006.1845703125,0.0,0.0,0.9437564015388489
1271,260.4800759384387,45125.1015625,0.0,0.0,0.9436971545219421
1272,98.15662414633324,7211.4892578125,0.0,0.0,0.9436586499214172
1273,84.54801333399853,4280.53662109375,0.0,0.0,0.9435760974884033
1274,172.35999374606084,19657.857421875,0.0,0.0,0.9434146881103516
1275,152.96782718427713,17063.158203125,0.0,0.0,0.9432514309883118
1276,109.77441548543655,8111.85205078125,0.0,0.0,0.9430873394012451
1277,91.82604753716275,5697.1630859375,0.0,0.0,0.9429212212562561
1278,74.08155195193723,3285.604736328125,0.0,0.0,0.942786455154419
1279,136.3455758071412,11602.28125,0.0,0.0,0.9426094889640808
1280,153.08254541251307,16612.279296875,0.0,0.0,0.942470371723175
1281,139.7906105896262,14210.1044921875,0.0,0.0,0.9423539042472839
1282,203.28776860445362,34434.2265625,0.0,0.0,0.9422662258148193
1283,97.42162718650883,7276.2255859375,0.0,0.0,0.9421969056129456
1284,123.01260806330382,10548.791015625,0.0,0.0,0.9420815110206604
1285,80.9021525431332,4390.984375,0.0,0.0,0.941967785358429
1286,205.4938983035988,32077.513671875,0.0,0.0,0.9418182969093323
1287,242.16407966846407,37658.78515625,0.0,0.0,0.9417106509208679
1288,139.45540465192707,16993.646484375,0.0,0.0,0.9416643977165222
1289,140.53139735239637,13694.384765625,0.0,0.0,0.9415926337242126
1290,126.05065296631362,10776.9775390625,0.0,0.0,0.9415271878242493
1291,154.6692952107727,18397.84375,0.0,0.0,0.9415555000305176
1292,97.08721551124617,6743.12939453125,0.0,0.0,0.9415799975395203
1293,122.89440376216844,11358.921875,0.0,0.0,0.9416160583496094
1294,228.73666006564656,32304.35546875,0.0,0.0,0.9416159987449646
1295,130.31107630054834,11411.015625,0.0,0.0,0.9415514469146729
1296,163.661271215984,21051.017578125,0.0,0.0,0.9415184855461121
1297,119.56926497059784,9866.1220703125,0.0,0.0,0.9414833188056946
1298,282.27989001523986,52288.234375,0.0,0.0,0.9414669871330261
1299,154.51019672107395,16452.984375,0.0,0.0,0.9414072036743164
1300,132.7923061683804,11488.3076171875,0.0,0.0,0.9413177371025085
1301,146.6164411067955,14870.9697265625,0.0,0.0,0.9412477016448975
1302,308.8639873442391,64000.35546875,0.0,0.0,0.9411992430686951
1303,167.9920059598111,20441.193359375,0.0,0.0,0.941126823425293
1304,209.39476208955864,27485.125,0.0,0.0,0.9410656094551086
1305,233.4637207702114,35601.2265625,0.0,0.0,0.9410030841827393
1306,217.8641771564858,27000.69140625,0.0,0.0,0.94085693359375
1307,264.1747460123698,44912.5703125,0.0,0.0,0.9406940340995789
1308,211.7031375903832,29342.978515625,0.0,0.0,0.9405949711799622
1309,268.6145660268692,43037.28515625,0.0,0.0,0.9404882788658142
1310,220.8439979957061,28691.333984375,0.0,0.0,0.94032883644104
1311,234.50986909319403,35229.08203125,0.0,0.0,0.9401955008506775
1312,111.44533063840476,10114.8525390625,0.0,0.0,0.9400737881660461
1313,252.7527890903587,42487.06640625,0.0,0.0,0.9400022029876709
1314,229.04225246961272,35841.8984375,0.0,0.0,0.9399499893188477
1315,238.12817520561222,36252.81640625,0.0,0.0,0.9398759007453918
1316,226.21036804811408,32117.80859375,0.0,0.0,0.9398043155670166
1317,234.33123086120662,33712.18359375,0.0,0.0,0.9397359490394592
1318,233.31672713369852,35186.49609375,0.0,0.0,0.9396501183509827
1319,214.05722312790363,29568.1484375,0.0,0.0,0.9395982623100281
1320,221.73197884021155,30472.8125,0.0,0.0,0.9395645260810852
1321,268.035902835004,46950.80078125,0.0,0.0,0.9395044445991516
1322,283.0637388630505,52291.2265625,0.0,0.0,0.9394488334655762
1323,260.5926787724684,46683.640625,0.0,0.0,0.9394165873527527
1324,239.01506912868538,37080.51171875,0.0,0.0,0.9393548369407654
1325,267.03241609773914,48540.046875,0.0,0.0,0.9392812848091125
1326,230.22993759782838,32496.48828125,0.0,0.0,0.9391855597496033
1327,278.41224458893333,47672.5390625,0.0,0.0,0.9389204382896423
1328,271.7844647760499,47259.25,0.0,0.0,0.9386997818946838
1329,248.45809653731948,39712.7890625,0.0,0.0,0.9384892582893372
1330,277.93841483333205,48609.05859375,0.0,0.0,0.9382979869842529
1331,214.27878644531066,27901.380859375,0.0,0.0,0.9381155967712402
1332,219.30414426236294,29484.7421875,0.0,0.0,0.9379518628120422
1333,255.0699267452273,42174.16796875,0.0,0.0,0.9378395676612854
1334,226.4835039624423,30603.43359375,0.0,0.0,0.9377056956291199
1335,294.843860184131,56066.9296875,0.0,0.0,0.9376000761985779
1336,272.90335686563543,47316.3125,0.0,0.0,0.9374540448188782
1337,231.52125122057723,36355.91796875,0.0,0.0,0.9373748898506165
1338,223.55830612836036,31741.490234375,0.0,0.0,0.9373238682746887
1339,291.0290385012159,55207.234375,0.0,0.0,0.9373019337654114
1340,227.09853072573523,33179.16796875,0.0,0.0,0.9372791647911072
1341,264.92254002621894,45228.92578125,0.0,0.0,0.9372543692588806
1342,237.32372004016196,34809.23046875,0.0,0.0,0.9372315406799316
1343,245.84455874949717,39926.78515625,0.0,0.0,0.9372182488441467
1344,249.30931819675686,38844.20703125,0.0,0.0,0.93714839220047
1345,281.9802644540085,51567.3984375,0.0,0.0,0.9370946884155273
1346,177.42410298701915,25385.81640625,0.0,0.0,0.9370636940002441
1347,242.1449704573575,35050.59765625,0.0,0.0,0.9369876384735107
1348,252.38772680631573,40666.53515625,0.0,0.0,0.936910092830658
1349,221.04675859555041,31368.482421875,0.0,0.0,0.9368390440940857
1350,260.7831414636077,45356.42578125,0.0,0.0,0.936781644821167
1351,270.05937833164967,47718.3671875,0.0,0.0,0.9367563724517822
1352,298.8602971573381,57756.62890625,0.0,0.0,0.9367391467094421
1353,250.0729459433945,41201.09765625,0.0,0.0,0.9367372393608093
1354,232.12543067177452,33703.3125,0.0,0.0,0.9367480278015137
1355,232.08022634468463,31986.38671875,0.0,0.0,0.9367364048957825
1356,253.87160476016058,41108.1796875,0.0,0.0,0.9367184042930603
1357,235.17784084139834,36858.14453125,0.0,0.0,0.9367205500602722
1358,274.36491505443894,45622.21875,0.0,0.0,0.9366835951805115
1359,292.65991868267685,53604.90234375,0.0,0.0,0.9366620182991028
1360,240.46999650281498,35456.2734375,0.0,0.0,0.9366440773010254
1361,242.6615621540244,38428.74609375,0.0,0.0,0.9366827607154846
1362,245.76784574741143,39979.71875,0.0,0.0,0.9367396831512451
1363,245.73837049033926,39873.2890625,0.0,0.0,0.9368076920509338
1364,301.038471964781,57470.546875,0.0,0.0,0.9368276000022888
1365,237.70850811866842,35853.51953125,0.0,0.0,0.9368172287940979
1366,276.1968804282685,47103.734375,0.0,0.0,0.9367713928222656
1367,297.95870174292725,56244.85546875,0.0,0.0,0.936720073223114
1368,226.44596021336483,32273.443359375,0.0,0.0,0.9366888999938965
1369,259.40984010694535,41518.37109375,0.0,0.0,0.9366366863250732
1370,83.82510270504692,5506.005859375,0.0,0.0,0.9366009831428528
1371,246.20929473245081,38700.140625,0.0,0.0,0.9365827441215515
1372,249.76165108851438,39972.9375,0.0,0.0,0.9366006255149841
1373,262.02307341254885,43063.921875,0.0,0.0,0.9366318583488464
1374,257.3426845309886,38414.6171875,0.0,0.0,0.9365631937980652
1375,267.7264671766638,44720.25,0.0,0.0,0.9364644885063171
1376,271.8336460559477,48015.609375,0.0,0.0,0.9363789558410645
1377,294.50905300900007,52808.6171875,0.0,0.0,0.9362713694572449
1378,249.16211642224374,39869.58984375,0.0,0.0,0.9361802935600281
1379,287.31473398310334,53974.3359375,0.0,0.0,0.9361278414726257
1380,254.02770854663194,40061.28515625,0.0,0.0,0.9360364079475403
1381,234.0779123328665,32870.9609375,0.0,0.0,0.935912549495697
1382,272.2002120060656,48875.68359375,0.0,0.0,0.9358077645301819
1383,279.8601922794629,50245.27734375,0.0,0.0,0.9356972575187683
1384,251.66280268976817,40302.390625,0.0,0.0,0.9356126189231873
1385,269.94019685539524,43267.09375,0.0,0.0,0.9354942440986633
1386,253.10670575809098,40375.37109375,0.0,0.0,0.9353876113891602
1387,246.43892102292392,39713.5703125,0.0,0.0,0.9353067278862
1388,347.15749156968,76511.328125,0.0,0.0,0.9352433085441589
1389,359.7407004044812,85317.609375,0.0,0.0,0.9352617859840393
1390,292.34211526701375,56921.76171875,0.0,0.0,0.9353097081184387
1391,292.70498170042373,54991.71875,0.0,0.0,0.9353740811347961
1392,286.725467530691,55477.703125,0.0,0.0,0.9354414343833923
1393,288.7353437414492,49379.36328125,0.0,0.0,0.9354961514472961
1394,236.9064344222872,34781.3125,0.0,0.0,0.9355654716491699
1395,270.54080394355583,45953.16796875,0.0,0.0,0.9355518817901611
1396,241.0136457975245,38679.71875,0.0,0.0,0.9355698227882385
1397,280.78196640906185,53524.02734375,0.0,0.0,0.93560391664505
1398,309.76645575162746,61039.17578125,0.0,0.0,0.9356004595756531
1399,360.2091457541377,78812.34375,0.0,0.0,0.9355673789978027
1400,259.2784820479959,42040.22265625,0.0,0.0,0.9355190396308899
1401,288.1858058185993,50479.19921875,0.0,0.0,0.9354343414306641
1402,253.68680740979153,39845.77734375,0.0,0.0,0.935303270816803
1403,315.97763498455595,63479.98046875,0.0,0.0,0.9351856112480164
1404,251.92551727662496,38365.60546875,0.0,0.0,0.9350757002830505
1405,308.3285341656676,60674.08203125,0.0,0.0,0.9349610209465027
1406,271.61863557444434,46258.7265625,0.0,0.0,0.9348579049110413
1407,296.4460701021286,55565.3046875,0.0,0.0,0.9347692131996155
1408,268.0477041394774,44430.140625,0.0,0.0,0.9346365332603455
1409,254.67379438273426,41035.1875,0.0,0.0,0.9345318675041199
1410,266.53619924288654,46346.796875,0.0,0.0,0.9344172477722168
1411,254.76068358376688,39404.44921875,0.0,0.0,0.9343283176422119
1412,234.37664852972068,33523.80859375,0.0,0.0,0.9342229962348938
1413,292.84435198646696,52807.0078125,0.0,0.0,0.934103786945343
1414,241.19144013314536,37744.5,0.0,0.0,0.9340327382087708
1415,267.8279571861512,46861.4765625,0.0,0.0,0.9340175986289978
1416,342.5058254067982,75072.390625,0.0,0.0,0.933991014957428
1417,318.49761048223195,62435.19921875,0.0,0.0,0.9339532852172852
1418,256.87890252531554,40067.078125,0.0,0.0,0.933880090713501
1419,281.5076323541221,50758.703125,0.0,0.0,0.9338210225105286
1420,289.93994044449875,48392.3359375,0.0,0.0,0.9337040781974792
1421,266.60811087064064,47464.19921875,0.0,0.0,0.9336735606193542
1422,277.66353743047995,48898.546875,0.0,0.0,0.9336506724357605
1423,317.51756645396307,63419.53515625,0.0,0.0,0.9336118698120117
1424,284.1213004833465,48066.01171875,0.0,0.0,0.9335548281669617
1425,289.38388903038964,52870.6953125,0.0,0.0,0.9335216879844666
1426,271.56490071817694,44857.1796875,0.0,0.0,0.9334483742713928
1427,249.8955041847187,40199.68359375,0.0,0.0,0.9333694577217102
1428,249.78486890700063,40871.24609375,0.0,0.0,0.9333164095878601
1429,288.4772192967353,51834.33203125,0.0,0.0,0.933306872844696
1430,301.5978676822805,57730.28125,0.0,0.0,0.9333062171936035
1431,308.6524114494706,60354.46875,0.0,0.0,0.933250367641449
1432,287.25380308617065,50767.4609375,0.0,0.0,0.9331815242767334
1433,264.81869277827434,41790.85546875,0.0,0.0,0.9330558776855469
1434,320.17350648002406,63113.79296875,0.0,0.0,0.9329511523246765
1435,340.34210786468213,68839.40625,0.0,0.0,0.9328323006629944
1436,304.36260980717316,56083.7890625,0.0,0.0,0.9327552318572998
1437,283.0653131512948,49083.46875,0.0,0.0,0.9326099753379822
1438,337.5704103397968,72196.7734375,0.0,0.0,0.9325355887413025
1439,295.1189890113077,50955.26171875,0.0,0.0,0.9324560165405273
1440,324.28698186327057,65045.1015625,0.0,0.0,0.9324002265930176
1441,302.07818363263624,56493.7578125,0.0,0.0,0.932328462600708
1442,266.26648226918775,49247.328125,0.0,0.0,0.932372510433197
1443,343.56849714302814,70848.71875,0.0,0.0,0.9323770403862
1444,308.9246327880726,59995.1015625,0.0,0.0,0.9323953986167908
1445,352.90435373742963,75767.5859375,0.0,0.0,0.9323700070381165
1446,276.07362936247097,47756.953125,0.0,0.0,0.9323439598083496
1447,293.2677716992456,49224.2265625,0.0,0.0,0.9322128295898438
1448,282.2843772686455,47099.3046875,0.0,0.0,0.9320821762084961
1449,288.1789789466959,51409.1640625,0.0,0.0,0.931965172290802
1450,282.1976796083692,50000.16796875,0.0,0.0,0.9318132400512695
1451,265.5006632747233,45451.3515625,0.0,0.0,0.9316875338554382
1452,355.9177886786875,76328.21875,0.0,0.0,0.9315927624702454
1453,351.66760571594756,75591.0625,0.0,0.0,0.9314906597137451
1454,371.1728387895982,84252.984375,0.0,0.0,0.9314613342285156
1455,290.84434303591365,49204.90234375,0.0,0.0,0.931410551071167
1456,288.45447999962073,55231.96484375,0.0,0.0,0.9314160346984863
1457,320.31430036721497,61392.42578125,0.0,0.0,0.9313905835151672
1458,313.6162793815967,61334.91015625,0.0,0.0,0.9313428997993469
1459,276.9119309280785,47550.0,0.0,0.0,0.9313014149665833
1460,271.9343429938596,43762.921875,0.0,0.0,0.9312389492988586
1461,267.22058773515425,45077.1171875,0.0,0.0,0.931178629398346
1462,318.72797234198464,58950.421875,0.0,0.0,0.9310508370399475
1463,306.85854724543213,58215.0078125,0.0,0.0,0.9309337139129639
1464,355.3724757801124,73857.7734375,0.0,0.0,0.9308145642280579
1465,281.16951109910394,49865.2265625,0.0,0.0,0.9307224154472351
1466,328.4773357125824,63816.25,0.0,0.0,0.9306311011314392
1467,293.2595877240555,53856.68359375,0.0,0.0,0.930560290813446
1468,339.2856839168332,68285.03125,0.0,0.0,0.9304724335670471
1469,323.9580915813394,63910.484375,0.0,0.0,0.9304197430610657
1470,362.56184154763815,76783.5859375,0.0,0.0,0.9303635954856873
1471,367.7018838102919,80034.3515625,0.0,0.0,0.9303387999534607
1472,297.51884908767795,57272.1796875,0.0,0.0,0.9303318858146667
1473,303.9891305351784,56525.58203125,0.0,0.0,0.9302980303764343
1474,278.61170968878025,47175.51171875,0.0,0.0,0.9302683472633362
1475,321.74166116293287,63637.5390625,0.0,0.0,0.9302170276641846
1476,285.5678662668738,49922.1640625,0.0,0.0,0.930189311504364
1477,340.2017351577343,69373.046875,0.0,0.0,0.9301977753639221
1478,285.20735688148955,50563.15625,0.0,0.0,0.9302447438240051
1479,294.97553787690583,56068.046875,0.0,0.0,0.9303132891654968
1480,279.72254973385157,48125.4296875,0.0,0.0,0.9303911328315735
1481,282.49198580498717,47182.77734375,0.0,0.0,0.9304490089416504
1482,299.47478993876837,53796.17578125,0.0,0.0,0.9304595589637756
1483,345.2905310243776,67664.25,0.0,0.0,0.9304539561271667
1484,321.27395177249684,61011.1875,0.0,0.0,0.9304235577583313
1485,312.2132335178932,56226.4375,0.0,0.0,0.9303297996520996
1486,237.64085318331212,34631.05078125,0.0,0.0,0.930260956287384
1487,349.9017631679008,72912.3828125,0.0,0.0,0.9302031397819519
1488,298.7893003147175,53235.93359375,0.0,0.0,0.9300974011421204
1489,298.89301916856425,53708.3203125,0.0,0.0,0.9299433827400208
1490,246.41266973508183,37630.1875,0.0,0.0,0.9298365712165833
1491,289.87861039024335,50081.55859375,0.0,0.0,0.9296820759773254
1492,307.024068393474,57849.12109375,0.0,0.0,0.9295697808265686
1493,342.3245277485013,72385.4296875,0.0,0.0,0.9294862747192383
1494,394.3031063152918,86021.5078125,0.0,0.0,0.92939692735672
1495,311.0703390941817,57471.58984375,0.0,0.0,0.9293010830879211
1496,269.7272944561668,47268.73046875,0.0,0.0,0.9292316436767578
1497,305.3433503310623,57306.12890625,0.0,0.0,0.9291836619377136
1498,299.3071969913057,56073.31640625,0.0,0.0,0.9291415810585022
1499,347.3406531986757,70738.171875,0.0,0.0,0.9290280938148499
1500,361.46363477836167,76902.3359375,0.0,0.0,0.9288992881774902
1501,283.0257040363687,49887.98828125,0.0,0.0,0.9288169741630554
1502,366.36377880869657,78353.46875,0.0,0.0,0.9287218451499939
1503,265.0617375927579,43492.046875,0.0,0.0,0.9286432266235352
1504,338.55167144850645,68807.3125,0.0,0.0,0.9286003708839417
1505,288.49866459395133,51998.8515625,0.0,0.0,0.928560733795166
1506,277.2711321312643,46562.109375,0.0,0.0,0.9285240769386292
1507,299.72316075310727,56264.02734375,0.0,0.0,0.9285097122192383
1508,297.9614056207851,55121.140625,0.0,0.0,0.92853182554245
1509,395.24267895021836,89089.0,0.0,0.0,0.9285610318183899
1510,329.4296251526942,64307.515625,0.0,0.0,0.9285836815834045
1511,367.1021330751425,77628.765625,0.0,0.0,0.9285350441932678
1512,371.66750451647937,79125.46875,0.0,0.0,0.9284653067588806
1513,322.1510201075104,64488.41015625,0.0,0.0,0.928450345993042
1514,274.3183545371389,45196.44921875,0.0,0.0,0.9284172058105469
1515,192.088004749133,26458.990234375,0.0,0.0,0.9283997416496277
1516,345.82356480781243,71175.0,0.0,0.0,0.9283914566040039
1517,343.29008832414416,68337.1484375,0.0,0.0,0.9283501505851746
1518,356.2785308170366,76339.125,0.0,0.0,0.9283390045166016
1519,150.44462268044487,15676.2060546875,0.0,0.0,0.9282922744750977
1520,297.51108759462215,56740.62890625,0.0,0.0,0.9283028244972229
1521,165.0576722875705,21437.908203125,0.0,0.0,0.9283013939857483
1522,391.4521920216661,87632.234375,0.0,0.0,0.9282848238945007
1523,315.02720402047595,60280.93359375,0.0,0.0,0.9282323718070984
1524,340.3195344776986,71481.6328125,0.0,0.0,0.9282844066619873
1525,224.16245276210293,34259.12890625,0.0,0.0,0.9283633828163147
1526,216.17575284669462,32386.578125,0.0,0.0,0.9284412860870361
1527,198.3177039899093,28893.15625,0.0,0.0,0.9284918308258057
1528,92.92441865718206,5709.6669921875,0.0,0.0,0.9285395741462708
1529,324.4184007784119,61326.51171875,0.0,0.0,0.9285295605659485
1530,97.96869831034905,6539.81005859375,0.0,0.0,0.9285316467285156
1531,157.57425186129083,18176.689453125,0.0,0.0,0.9285433888435364
1532,201.11602769968675,31548.7578125,0.0,0.0,0.9286416172981262
1533,147.63467936805992,17080.734375,0.0,0.0,0.9287987351417542
1534,252.49465739187107,42036.4375,0.0,0.0,0.9289019703865051
1535,137.07929752980928,14796.162109375,0.0,0.0,0.9289863109588623
1536,391.2651060087432,88735.640625,0.0,0.0,0.9291040301322937
1537,127.27643145957178,11080.802734375,0.0,0.0,0.9291699528694153
1538,204.39094902486158,29706.86328125,0.0,0.0,0.9292027950286865
1539,214.92329050116592,33650.92578125,0.0,0.0,0.9292752742767334
1540,169.75339413610047,22969.7109375,0.0,0.0,0.9293683171272278
1541,241.00718578795414,42927.5625,0.0,0.0,0.9295487403869629
1542,342.9605737959864,67584.6796875,0.0,0.0,0.9296543598175049
1543,156.12665287654502,20017.974609375,0.0,0.0,0.9297922253608704
1544,187.8101949748486,26039.693359375,0.0,0.0,0.9298976063728333
1545,158.01209080143875,17658.34375,0.0,0.0,0.9299468994140625
1546,253.62765617528768,43818.6640625,0.0,0.0,0.9300101399421692
1547,346.3991189821141,68595.4921875,0.0,0.0,0.9300721287727356
1548,163.95193050973202,22120.2734375,0.0,0.0,0.9301910400390625
1549,331.9754798701743,64396.55859375,0.0,0.0,0.9302147030830383
1550,234.32839337543152,36422.05859375,0.0,0.0,0.9302473068237305
1551,80.42864661971788,4651.2607421875,0.0,0.0,0.9302949905395508
1552,121.91654626204289,10181.5546875,0.0,0.0,0.9302886128425598
1553,241.50916944503746,40849.4140625,0.0,0.0,0.9302940964698792
1554,164.06101930947352,20291.7890625,0.0,0.0,0.9302868247032166
1555,184.12990729137266,22200.150390625,0.0,0.0,0.9302522540092468
1556,123.36455996796396,11243.927734375,0.0,0.0,0.930283784866333
1557,219.06561904458192,33597.265625,0.0,0.0,0.930314838886261
1558,74.01725924193451,3761.579833984375,0.0,0.0,0.9303562641143799
1559,347.2963705915214,72975.359375,0.0,0.0,0.9303551316261292
1560,108.23870839284112,7881.4541015625,0.0,0.0,0.9303454756736755
1561,223.03904047254207,34762.01171875,0.0,0.0,0.9303238391876221
1562,111.26934146297725,8378.609375,0.0,0.0,0.9302652478218079
1563,135.1853331637054,14502.798828125,0.0,0.0,0.9302287101745605
1564,134.13823022103452,14303.44921875,0.0,0.0,0.930233895778656
1565,228.19074524873352,34187.41796875,0.0,0.0,0.9302260875701904
1566,167.3714661020509,21382.998046875,0.0,0.0,0.9302539229393005
1567,117.12947653244613,10613.296875,0.0,0.0,0.9302782416343689
1568,165.3999330201538,19292.4453125,0.0,0.0,0.9302946925163269
1569,163.20819942793727,19251.951171875,0.0,0.0,0.930316150188446
1570,114.88075740186028,9982.2255859375,0.0,0.0,0.9304214119911194
1571,233.37714192014982,35687.328125,0.0,0.0,0.9304628968238831
1572,172.20479150909364,21941.03515625,0.0,0.0,0.9304645657539368
1573,227.0935738951311,35946.42578125,0.0,0.0,0.930459201335907
1574,156.24797470329403,18575.65234375,0.0,0.0,0.9304823279380798
1575,157.27828549432036,18886.033203125,0.0,0.0,0.9305530190467834
1576,149.83810527758436,16807.4765625,0.0,0.0,0.9306636452674866
1577,201.33054040513144,29809.5625,0.0,0.0,0.93075031042099
1578,90.75532558869307,5421.33544921875,0.0,0.0,0.9308704733848572
1579,184.9035611899207,26146.849609375,0.0,0.0,0.9309964179992676
1580,146.22177356573505,15630.6796875,0.0,0.0,0.931130588054657
1581,175.41309518185102,23680.109375,0.0,0.0,0.9312707781791687
1582,210.86879321635962,30641.34375,0.0,0.0,0.9313942790031433
1583,414.3191643088499,95941.8046875,0.0,0.0,0.931563675403595
1584,432.68932251584266,99533.453125,0.0,0.0,0.9317014217376709
1585,312.1082844850506,58387.0390625,0.0,0.0,0.9318057894706726
1586,395.26379384515667,90890.3359375,0.0,0.0,0.931928813457489
1587,412.91628385964407,94271.5234375,0.0,0.0,0.9320537447929382
1588,316.8782445523135,63192.25,0.0,0.0,0.9321584701538086
1589,205.5445187803521,30571.935546875,0.0,0.0,0.9322544932365417
1590,389.3638112054904,85407.359375,0.0,0.0,0.9323300719261169
1591,143.06737997778959,15701.548828125,0.0,0.0,0.9324032664299011
1592,142.10436521263873,14148.4970703125,0.0,0.0,0.9324249625205994
1593,587.6733524491901,152461.96875,0.0,0.0,0.9324438571929932
1594,259.5895455282266,45968.15625,0.0,0.0,0.9324705004692078
1595,553.2780577606507,142052.796875,0.0,0.0,0.9324501156806946
1596,193.52701459318658,25642.349609375,0.0,0.0,0.9324262142181396
1597,190.27586812145213,26043.85546875,0.0,0.0,0.9323999285697937
1598,568.4765887758091,149087.859375,0.0,0.0,0.93238765001297
1599,172.28631725293516,23269.494140625,0.0,0.0,0.9323644042015076
1600,749.6032305585638,213511.375,0.0,0.0,0.932370126247406
1601,283.3244784225074,52356.09765625,0.0,0.0,0.9323329925537109
1602,458.62917740354084,115641.921875,0.0,0.0,0.9323264956474304
1603,497.92500271098635,124828.6875,0.0,0.0,0.9323077201843262
1604,642.2727788330252,173444.953125,0.0,0.0,0.9322519898414612
1605,827.341322619197,229016.65625,0.0,0.0,0.9321942329406738
1606,345.9064954715421,76182.796875,0.0,0.0,0.9322002530097961
1607,942.5684816194673,275527.21875,0.0,0.0,0.9322102069854736
1608,490.99793989569264,130645.734375,0.0,0.0,0.9322989583015442
1609,570.0483684030635,150506.234375,0.0,0.0,0.932370126247406
1610,748.8975064983957,208257.796875,0.0,0.0,0.932411253452301
1611,1014.1653595163659,286407.28125,0.0,0.0,0.9324585795402527
1612,542.2509486888814,141100.6875,0.0,0.0,0.9324690699577332
1613,1046.9367711596924,299942.84375,0.0,0.0,0.9324433207511902
1614,400.65475734900014,89531.8046875,0.0,0.0,0.9324111342430115
1615,787.305804139515,224047.125,0.0,0.0,0.9324088096618652
1616,809.879130393033,240955.3125,0.0,0.0,0.9325248599052429
1617,709.930409444626,197575.21875,0.0,0.0,0.9326151013374329
1618,654.9270529589916,178170.203125,0.0,0.0,0.9326810240745544
1619,682.1145153250014,192489.1875,0.0,0.0,0.9327484965324402
1620,554.790874422029,144126.65625,0.0,0.0,0.9327983260154724
1621,898.0695126159745,265313.75,0.0,0.0,0.9328970909118652
1622,535.0393698598039,140796.8125,0.0,0.0,0.9330108761787415
1623,582.1520008683634,151172.984375,0.0,0.0,0.9330479502677917
1624,1111.9688564432538,324632.53125,0.0,0.0,0.9330276846885681
1625,640.7399625652173,171468.8125,0.0,0.0,0.9330014586448669
1626,643.4350500398514,171025.28125,0.0,0.0,0.9329338669776917
1627,446.7315067969029,107488.9453125,0.0,0.0,0.9328784942626953
1628,613.4281330537045,161225.359375,0.0,0.0,0.9327834248542786
1629,524.174188629692,138471.578125,0.0,0.0,0.9327475428581238
1630,498.01421556492915,126195.390625,0.0,0.0,0.9327073097229004
1631,539.5050499263531,139972.53125,0.0,0.0,0.9326522946357727
1632,455.52094532361076,109505.515625,0.0,0.0,0.9325838088989258
1633,451.1272994707563,109449.4375,0.0,0.0,0.932536780834198
1634,484.88040554176274,122158.0078125,0.0,0.0,0.9324812889099121
1635,637.8212108478806,175631.671875,0.0,0.0,0.9324495196342468
1636,455.6080270318535,112682.3828125,0.0,0.0,0.9324423670768738
1637,560.4772543990439,145687.140625,0.0,0.0,0.9324052929878235
1638,342.30411759884373,74173.4296875,0.0,0.0,0.9324708580970764
1639,557.3202760559241,148701.4375,0.0,0.0,0.9325723648071289
1640,663.588949531871,181798.0,0.0,0.0,0.932671308517456
1641,830.0151422478735,229028.703125,0.0,0.0,0.9326972365379333
1642,475.5122271234656,122666.109375,0.0,0.0,0.9327602386474609
1643,607.2451867202783,165257.234375,0.0,0.0,0.9328456521034241
1644,405.14507267485567,87237.5078125,0.0,0.0,0.9328097701072693
1645,488.3481813744114,120847.84375,0.0,0.0,0.9327108860015869
1646,465.9768779579557,114822.4375,0.0,0.0,0.9325897097587585
1647,349.42384867886597,70654.2421875,0.0,0.0,0.9324695467948914
1648,382.04286054935227,83983.8984375,0.0,0.0,0.932360827922821
1649,489.34365045958833,124290.59375,0.0,0.0,0.9322717785835266
1650,569.3037389647727,145654.28125,0.0,0.0,0.9321529865264893
1651,379.0728835505185,82699.9296875,0.0,0.0,0.9319979548454285
1652,507.9101460024876,129452.171875,0.0,0.0,0.9318333268165588
1653,492.88723306272266,120257.2890625,0.0,0.0,0.9316267967224121
1654,515.1710814658212,132156.234375,0.0,0.0,0.93143630027771
1655,627.2342012875622,168334.359375,0.0,0.0,0.9312494397163391
1656,382.5978625144873,84287.859375,0.0,0.0,0.9311098456382751
1657,393.8094831585923,88908.46875,0.0,0.0,0.9309876561164856
1658,623.6824335276322,174243.328125,0.0,0.0,0.9309292435646057
1659,670.5138457431449,183193.25,0.0,0.0,0.9308602809906006
1660,390.5592878079046,84478.09375,0.0,0.0,0.9307898879051208
1661,401.4067080472351,91522.2578125,0.0,0.0,0.9307554364204407
1662,571.7402345193206,147691.15625,0.0,0.0,0.9307237267494202
1663,433.7875999472105,99399.34375,0.0,0.0,0.9306342005729675
1664,425.87917065780016,101271.765625,0.0,0.0,0.930586040019989
1665,500.9337189342111,127128.78125,0.0,0.0,0.9305517077445984
1666,386.5261857118585,87756.6875,0.0,0.0,0.9305219650268555
1667,489.35816013080324,123634.5234375,0.0,0.0,0.9304795265197754
1668,376.27554573162456,81744.3515625,0.0,0.0,0.930429220199585
1669,477.12578681673267,118022.9140625,0.0,0.0,0.9303512573242188
1670,342.8054788911299,70678.390625,0.0,0.0,0.9302712082862854
1671,425.3596043586412,93654.078125,0.0,0.0,0.930128812789917
1672,379.0851158295998,86214.546875,0.0,0.0,0.9300950169563293
1673,352.59738857275465,75739.59375,0.0,0.0,0.9300904870033264
1674,411.1564010480891,94638.734375,0.0,0.0,0.9300900101661682
1675,417.1537672545403,98463.40625,0.0,0.0,0.9301077723503113
1676,328.1679229963354,63746.33984375,0.0,0.0,0.93011075258255
1677,383.5638552277645,86615.375,0.0,0.0,0.9301545023918152
1678,420.9621046659277,98499.53125,0.0,0.0,0.9301578402519226
1679,383.1447581028958,84627.3046875,0.0,0.0,0.9301547408103943
1680,441.6793185087407,105996.921875,0.0,0.0,0.9301185011863708
1681,320.66301715549014,63882.5859375,0.0,0.0,0.930140495300293
1682,399.80764651911744,91137.3828125,0.0,0.0,0.9301850199699402
1683,441.1327696563652,104089.4921875,0.0,0.0,0.9301912188529968
1684,361.56861287176486,76787.2890625,0.0,0.0,0.9302155375480652
1685,392.85357238986506,86308.9921875,0.0,0.0,0.9301747679710388
1686,334.99029065763955,66619.8046875,0.0,0.0,0.930159330368042
1687,347.36048095863976,71718.390625,0.0,0.0,0.9301069378852844
1688,395.3619267956894,90501.2265625,0.0,0.0,0.930047333240509
1689,362.1341076865294,74844.5,0.0,0.0,0.9299648404121399
1690,337.3038775700093,68996.4765625,0.0,0.0,0.9298706650733948
1691,385.98752147849837,83818.96875,0.0,0.0,0.9297592043876648
1692,331.5659242021295,66425.0703125,0.0,0.0,0.9296918511390686
1693,361.07375091139915,77877.703125,0.0,0.0,0.9296140074729919
1694,353.6118546808775,74466.5546875,0.0,0.0,0.9295509457588196
1695,403.5249426859637,95192.28125,0.0,0.0,0.9295262694358826
1696,394.4290815980216,89315.8671875,0.0,0.0,0.9295077323913574
1697,330.7152011622515,66465.28125,0.0,0.0,0.9295032620429993
1698,351.38380512087275,76041.078125,0.0,0.0,0.9295401573181152
1699,388.92259871861813,90825.265625,0.0,0.0,0.9295855164527893
1700,340.7327495884945,67048.96875,0.0,0.0,0.9295762181282043
1701,317.3352639790246,58598.58984375,0.0,0.0,0.9295360445976257
1702,301.24762547446664,59697.4296875,0.0,0.0,0.9295927882194519
1703,323.5191401906276,62546.18359375,0.0,0.0,0.9296226501464844
1704,353.1536440938851,78956.40625,0.0,0.0,0.9296799302101135
1705,362.0120364194378,77634.84375,0.0,0.0,0.9297223687171936
1706,369.4654330502173,79078.3203125,0.0,0.0,0.9297487735748291
1707,325.33297815649826,62227.21875,0.0,0.0,0.9297370910644531
1708,347.6695077914902,73577.546875,0.0,0.0,0.929711103439331
1709,393.6557484909495,91282.390625,0.0,0.0,0.9297115206718445
1710,369.0031111684086,80194.75,0.0,0.0,0.92965167760849
1711,430.14440405610577,102525.953125,0.0,0.0,0.92959064245224
1712,373.51755022754,82594.3203125,0.0,0.0,0.9295499920845032
1713,386.71989873453515,90592.5234375,0.0,0.0,0.9295758605003357
1714,324.86144137229877,64873.59375,0.0,0.0,0.9296083450317383
1715,405.101039424384,88950.015625,0.0,0.0,0.9295820593833923
1716,368.9364132687083,81058.40625,0.0,0.0,0.9295499324798584
1717,341.74459439543324,71395.46875,0.0,0.0,0.9295480847358704
1718,358.5707843209525,78916.65625,0.0,0.0,0.9295505881309509
1719,318.73464909504617,63247.45703125,0.0,0.0,0.9295675754547119
1720,527.5518823558816,134134.859375,0.0,0.0,0.9295467734336853
1721,417.2310136996482,97069.0703125,0.0,0.0,0.9295431971549988
1722,354.35562514546643,77396.234375,0.0,0.0,0.9295628666877747
1723,441.05208466340605,110188.640625,0.0,0.0,0.9296040534973145
1724,505.43364583318265,130688.734375,0.0,0.0,0.9296478629112244
1725,348.9623025777249,70363.9375,0.0,0.0,0.9296585917472839
1726,385.9317005149528,90510.7421875,0.0,0.0,0.9297259449958801
1727,406.4053768311446,91269.875,0.0,0.0,0.9297834038734436
1728,392.8502381113022,86592.1015625,0.0,0.0,0.9297992587089539
1729,467.674189277085,116733.34375,0.0,0.0,0.929830014705658
1730,419.6313388238606,99566.09375,0.0,0.0,0.9298346042633057
1731,425.562898445584,98789.78125,0.0,0.0,0.9298453330993652
1732,406.3819214161703,93709.3203125,0.0,0.0,0.9298529624938965
1733,468.6306234678706,116317.390625,0.0,0.0,0.9298563003540039
1734,352.1626768989556,77413.03125,0.0,0.0,0.9298983216285706
1735,326.6090635353259,68867.7734375,0.0,0.0,0.9299852252006531
1736,355.518035139943,76440.2578125,0.0,0.0,0.9300753474235535
1737,373.68366162623266,83917.0,0.0,0.0,0.9301937222480774
1738,347.19843323503153,72159.265625,0.0,0.0,0.93028324842453
1739,400.8414771849736,89730.46875,0.0,0.0,0.9302887916564941
1740,421.333948578985,103628.484375,0.0,0.0,0.9303314089775085
1741,405.41951577355456,95605.2734375,0.0,0.0,0.9304012656211853
1742,349.3377780975524,72654.8828125,0.0,0.0,0.9304835796356201
1743,350.2572291365976,75762.609375,0.0,0.0,0.9305562973022461
1744,380.7580973002497,83553.8984375,0.0,0.0,0.9305852055549622
1745,377.4694651725816,82403.25,0.0,0.0,0.930568277835846
1746,309.54808163460604,59272.1015625,0.0,0.0,0.9305517077445984
1747,406.1032015462398,94350.328125,0.0,0.0,0.9305608868598938
1748,399.17699505144293,86804.859375,0.0,0.0,0.9305233359336853
1749,398.139917971563,86986.765625,0.0,0.0,0.930432140827179
1750,378.7699804236535,80258.9375,0.0,0.0,0.9303248524665833
1751,323.25182212457554,63727.12890625,0.0,0.0,0.9302430152893066
1752,293.91956008865435,53302.859375,0.0,0.0,0.9301818013191223
1753,372.36320079758826,83245.8671875,0.0,0.0,0.9301347136497498
1754,341.6577250892068,69778.5625,0.0,0.0,0.9300684332847595
1755,285.1967619857927,50443.77734375,0.0,0.0,0.9300227761268616
1756,326.3681520362624,63333.34765625,0.0,0.0,0.9299471974372864
1757,375.25477522291436,81488.390625,0.0,0.0,0.9298758506774902
1758,298.91679725797144,56863.1953125,0.0,0.0,0.9298364520072937
1759,293.77280749473243,54495.390625,0.0,0.0,0.9297892451286316
1760,344.7021094499323,71667.578125,0.0,0.0,0.9297193884849548
1761,367.44200324396223,78938.2890625,0.0,0.0,0.9296278953552246
1762,338.4327865589935,69098.9765625,0.0,0.0,0.9295803904533386
1763,271.2132086689271,43451.37109375,0.0,0.0,0.929526150226593
1764,339.65958307065534,69664.46875,0.0,0.0,0.9294791221618652
1765,280.81047652114574,50709.34765625,0.0,0.0,0.929470956325531
1766,330.55226193445856,64918.203125,0.0,0.0,0.929448127746582
1767,301.7722287983646,58837.08984375,0.0,0.0,0.9294208884239197
1768,292.79539694102715,51776.6171875,0.0,0.0,0.9293726086616516
1769,293.78288366764224,53855.625,0.0,0.0,0.9293199181556702
1770,274.3224201732285,45938.5078125,0.0,0.0,0.9292495250701904
1771,282.95416835323795,51456.96484375,0.0,0.0,0.9292156100273132
1772,298.4180620957654,54038.171875,0.0,0.0,0.9291730523109436
1773,329.8258793547318,66857.3203125,0.0,0.0,0.9291350245475769
1774,273.8538994124238,45096.21484375,0.0,0.0,0.9291084408760071
1775,295.4499887123356,52655.87109375,0.0,0.0,0.9290478229522705
1776,297.96963844997737,56490.04296875,0.0,0.0,0.9290047287940979
1777,274.4546236347275,44953.96875,0.0,0.0,0.9289262294769287
1778,272.92452859005317,47195.7578125,0.0,0.0,0.9288551211357117
1779,293.91870799841905,53791.671875,0.0,0.0,0.9287652969360352
1780,290.34372509391505,52091.59765625,0.0,0.0,0.9286713600158691
1781,242.39249142891634,35980.0625,0.0,0.0,0.9286019802093506
1782,293.68081760313885,50882.35546875,0.0,0.0,0.92852383852005
1783,293.3081337200996,54366.56640625,0.0,0.0,0.92849200963974
1784,267.89664696365367,43589.77734375,0.0,0.0,0.9284610748291016
1785,258.055436302096,40853.0,0.0,0.0,0.9284141063690186
1786,276.8432768486671,50146.125,0.0,0.0,0.9284243583679199
1787,249.71931377653044,36475.5546875,0.0,0.0,0.9283958077430725
1788,272.4773259312887,45930.84765625,0.0,0.0,0.9283890128135681
1789,259.46851425580235,39743.87109375,0.0,0.0,0.9283536076545715
1790,285.4697386778006,49160.703125,0.0,0.0,0.9283360838890076
1791,263.5346805281764,41534.04296875,0.0,0.0,0.9282758831977844
1792,267.07704721660986,44020.5390625,0.0,0.0,0.9282364845275879
1793,280.5392428258759,49505.12109375,0.0,0.0,0.9282376170158386
1794,298.983213300777,55152.10546875,0.0,0.0,0.9282605648040771
1795,239.10100930890457,35017.140625,0.0,0.0,0.9282963871955872
1796,257.1304797679429,40178.9765625,0.0,0.0,0.9283260703086853
1797,273.55918367637446,47193.85546875,0.0,0.0,0.9283720850944519
1798,237.04372820953594,35070.0859375,0.0,0.0,0.928443431854248
1799,312.6689436983996,60514.6953125,0.0,0.0,0.9285392761230469
1800,289.5210807608176,53067.37109375,0.0,0.0,0.9286041855812073
1801,244.79380680440295,35772.7421875,0.0,0.0,0.9286548495292664
1802,267.1354917832484,43864.16796875,0.0,0.0,0.9287049174308777
1803,261.8489851285949,41241.1953125,0.0,0.0,0.9287118315696716
1804,245.49852331271228,39713.81640625,0.0,0.0,0.9287301898002625
1805,257.3612677385078,40150.36328125,0.0,0.0,0.9287116527557373
1806,260.1688482573112,40768.26171875,0.0,0.0,0.9286653995513916
1807,272.15504041196726,43781.67578125,0.0,0.0,0.9285703301429749
1808,255.8878270462004,41088.53515625,0.0,0.0,0.9284920692443848
1809,308.9563101790838,58863.4921875,0.0,0.0,0.9284254908561707
1810,255.13718830792928,40027.3828125,0.0,0.0,0.9283440113067627
1811,277.16379983869945,49533.07421875,0.0,0.0,0.928306519985199
1812,251.2443217863838,38854.3671875,0.0,0.0,0.9282932281494141
1813,272.1017268219154,44451.578125,0.0,0.0,0.9282810091972351
1814,240.72369673381033,34899.3125,0.0,0.0,0.9282670021057129
1815,264.1341659715644,43431.48828125,0.0,0.0,0.9282336831092834
1816,242.51033248119302,33985.6953125,0.0,0.0,0.9281599521636963
1817,294.50444913814994,52534.2734375,0.0,0.0,0.9280710220336914
1818,269.6021844772348,44154.68359375,0.0,0.0,0.9279630780220032
1819,272.7109429992599,44528.6796875,0.0,0.0,0.9278575778007507
1820,301.4665978154335,57541.6953125,0.0,0.0,0.9277768135070801
1821,280.7795450677814,47929.8125,0.0,0.0,0.9276537895202637
1822,318.31711772026887,61579.46484375,0.0,0.0,0.9275464415550232
1823,232.3695336247347,33593.87890625,0.0,0.0,0.9274566173553467
1824,257.1584510131612,38623.3125,0.0,0.0,0.9273263812065125
1825,258.54694024610035,43481.61328125,0.0,0.0,0.9272624850273132
1826,286.17358497490653,49183.83203125,0.0,0.0,0.9272002577781677
1827,266.243050475836,44922.546875,0.0,0.0,0.927183210849762
1828,280.7853609627631,47338.3203125,0.0,0.0,0.927148163318634
1829,296.36197651387255,54892.48828125,0.0,0.0,0.9271443486213684
1830,278.77987081927955,46482.24609375,0.0,0.0,0.9271343350410461
1831,267.7158916530863,44104.5390625,0.0,0.0,0.927097737789154
1832,294.6226688434127,51304.6328125,0.0,0.0,0.9270066618919373
1833,286.203346628937,51702.94921875,0.0,0.0,0.9269330501556396
1834,266.52327099972956,43714.05078125,0.0,0.0,0.9268717169761658
1835,324.2674358308205,60848.05859375,0.0,0.0,0.9268102645874023
1836,277.75961031578686,47693.578125,0.0,0.0,0.9267603754997253
1837,249.34996430251113,38592.62890625,0.0,0.0,0.926716148853302
1838,293.11535473973134,51718.4609375,0.0,0.0,0.9266719818115234
1839,320.05176090667146,64318.0390625,0.0,0.0,0.9266696572303772
1840,284.56222014731,49942.9375,0.0,0.0,0.9266776442527771
1841,276.0774715203552,46889.43359375,0.0,0.0,0.9266980290412903
1842,241.24290587484353,34866.328125,0.0,0.0,0.9267138838768005
1843,295.7474286691294,53880.6328125,0.0,0.0,0.926734447479248
1844,347.9835950200351,70065.109375,0.0,0.0,0.9267477989196777
1845,415.4196281078306,94274.6875,0.0,0.0,0.9267238974571228
1846,314.4061318673318,60538.859375,0.0,0.0,0.9267168045043945
1847,318.4918988296342,62731.03125,0.0,0.0,0.9267405867576599
1848,327.7691060672273,65296.01171875,0.0,0.0,0.9267809987068176
1849,252.0921611448686,40360.21875,0.0,0.0,0.926877498626709
1850,300.1717110483931,55338.84375,0.0,0.0,0.9269468188285828
1851,318.7269369119061,61130.7734375,0.0,0.0,0.9270162582397461
1852,316.4420441997687,60955.16796875,0.0,0.0,0.9270574450492859
1853,312.63491244305226,57305.046875,0.0,0.0,0.9270615577697754
1854,291.5374564247229,54583.7265625,0.0,0.0,0.9271063208580017
1855,331.2097764645431,63685.0,0.0,0.0,0.9270830750465393
1856,304.14360165680995,56021.3671875,0.0,0.0,0.9270774722099304
1857,314.04632775494616,59276.609375,0.0,0.0,0.9270642399787903
1858,335.9940746558924,68516.59375,0.0,0.0,0.9270668625831604
1859,349.69590934269195,70311.53125,0.0,0.0,0.9270520210266113
1860,296.60384678936833,50545.390625,0.0,0.0,0.92698073387146
1861,324.06996244332674,59791.078125,0.0,0.0,0.9268701672554016
1862,322.31116967405876,62879.41015625,0.0,0.0,0.9267427325248718
1863,305.6107545285292,56348.140625,0.0,0.0,0.9266502261161804
1864,311.005141467172,57766.3359375,0.0,0.0,0.9265010952949524
1865,325.67692318997956,60456.49609375,0.0,0.0,0.9262974858283997
1866,313.6589131168367,57920.28125,0.0,0.0,0.9260883927345276
1867,298.01037040619855,50744.0390625,0.0,0.0,0.9258286356925964
1868,324.73522652679804,61556.1953125,0.0,0.0,0.9255776405334473
1869,320.81747309793485,59509.828125,0.0,0.0,0.9252500534057617
1870,264.3907444651209,42289.3984375,0.0,0.0,0.9249417781829834
1871,263.9212134267542,41786.078125,0.0,0.0,0.9246673583984375
1872,272.984919981914,46418.71875,0.0,0.0,0.9244382381439209
1873,270.2857045917493,45512.453125,0.0,0.0,0.9242336750030518
1874,294.6729644659481,56634.87890625,0.0,0.0,0.9241334795951843
1875,313.67453052409843,58899.828125,0.0,0.0,0.9240443110466003
1876,285.17965522949163,49644.93359375,0.0,0.0,0.9239563941955566
1877,296.82725078556,54732.296875,0.0,0.0,0.9238696098327637
1878,354.9350390057577,73748.6484375,0.0,0.0,0.9237964749336243
1879,284.1318933477609,48800.23828125,0.0,0.0,0.9236333966255188
1880,295.9011686235152,53527.19140625,0.0,0.0,0.9234915375709534
1881,276.92291752369493,47015.11328125,0.0,0.0,0.9233756065368652
1882,305.81333563959726,54500.38671875,0.0,0.0,0.9232645034790039
1883,256.51574208162873,39837.828125,0.0,0.0,0.9231529235839844
1884,320.39746760654333,61691.9609375,0.0,0.0,0.9230303764343262
1885,312.49024787172795,59637.18359375,0.0,0.0,0.9229224324226379
1886,278.1091292816496,47250.34375,0.0,0.0,0.9228102564811707
1887,269.19828236685566,43118.765625,0.0,0.0,0.9227058291435242
1888,287.0917052216724,50846.0390625,0.0,0.0,0.9226105213165283
1889,265.7717849695655,42443.01953125,0.0,0.0,0.922539234161377
1890,258.17761399351093,40444.6484375,0.0,0.0,0.9224920868873596
1891,276.91766507049766,46900.20703125,0.0,0.0,0.9224372506141663
1892,348.61241773670855,73621.6015625,0.0,0.0,0.92240971326828
1893,305.07520419302085,57235.46484375,0.0,0.0,0.9223794341087341
1894,297.6025613827263,58695.1015625,0.0,0.0,0.9224092960357666
1895,315.2529842913128,61390.30078125,0.0,0.0,0.922447919845581
1896,268.32587623882415,44495.49609375,0.0,0.0,0.9225008487701416
1897,311.97662051000896,59014.875,0.0,0.0,0.9225456118583679
1898,274.0360058180673,45519.71484375,0.0,0.0,0.9226036071777344
1899,266.22883373494955,44684.34765625,0.0,0.0,0.9226986765861511
1900,304.71056968405054,58025.08984375,0.0,0.0,0.9228113293647766
1901,293.6534908975406,52355.46484375,0.0,0.0,0.9229143261909485
1902,292.1125724213414,50997.8515625,0.0,0.0,0.9229909777641296
1903,288.20677144907455,50984.16015625,0.0,0.0,0.9230215549468994
1904,300.4718745872269,55770.75390625,0.0,0.0,0.9230419993400574
1905,287.45163862611946,50206.47265625,0.0,0.0,0.9230473041534424
1906,290.6139078197965,50209.51953125,0.0,0.0,0.9229310154914856
1907,261.71813028539236,41859.8203125,0.0,0.0,0.9228096604347229
1908,306.2487826030669,56844.7734375,0.0,0.0,0.9226935505867004
1909,288.3667304863573,51599.1796875,0.0,0.0,0.9226284027099609
1910,280.07439469227126,46743.9375,0.0,0.0,0.9225547909736633
1911,277.24754283428365,47692.40625,0.0,0.0,0.9225007891654968
1912,291.291799708264,50643.2578125,0.0,0.0,0.9223816990852356
1913,261.342521486726,41808.44921875,0.0,0.0,0.9222676157951355
1914,319.70314329322565,62155.37109375,0.0,0.0,0.9221753478050232
1915,285.633727746199,48968.0859375,0.0,0.0,0.9221062064170837
1916,302.96222641631994,54753.2890625,0.0,0.0,0.922038733959198
1917,353.023958170331,74414.234375,0.0,0.0,0.9219865798950195
1918,255.3664399899514,41100.82421875,0.0,0.0,0.9219682216644287
1919,256.61842873652057,37816.68359375,0.0,0.0,0.9218965172767639
1920,262.0257132792144,41457.53515625,0.0,0.0,0.921832263469696
1921,272.1473711286027,44395.47265625,0.0,0.0,0.9217594265937805
1922,256.47233908746705,37721.84375,0.0,0.0,0.9216249585151672
1923,266.14735566202944,43158.125,0.0,0.0,0.9214889407157898
1924,275.56622290589144,45094.1171875,0.0,0.0,0.9213557839393616
1925,272.2499994144473,44987.20703125,0.0,0.0,0.9212515354156494
1926,250.8108498995577,39326.6171875,0.0,0.0,0.9211926460266113
1927,251.77000125896015,36190.65625,0.0,0.0,0.9210734367370605
1928,273.2561502323671,45881.8359375,0.0,0.0,0.9209747910499573
1929,285.66912589005113,50410.26953125,0.0,0.0,0.9208922982215881
1930,251.4721796084439,40224.3359375,0.0,0.0,0.9208641052246094
1931,258.96694724949214,41238.34765625,0.0,0.0,0.9208275675773621
1932,249.20471319230955,35960.7890625,0.0,0.0,0.9207643866539001
1933,246.9716359229011,35673.49609375,0.0,0.0,0.9206930994987488
1934,319.97392846744793,63765.17578125,0.0,0.0,0.9206442832946777
1935,259.0339948329173,39669.3515625,0.0,0.0,0.9205350279808044
1936,263.91346876864077,41770.8046875,0.0,0.0,0.9204568862915039
1937,274.4237626263011,45636.80859375,0.0,0.0,0.9203767776489258
1938,283.829144830374,48489.734375,0.0,0.0,0.9202974438667297
1939,293.62599056796535,50638.0,0.0,0.0,0.9201765060424805
1940,268.5744251051283,40834.64453125,0.0,0.0,0.9200049042701721
1941,269.0793397143922,42714.1171875,0.0,0.0,0.919832170009613
1942,258.7884802724802,38038.015625,0.0,0.0,0.9196405410766602
1943,251.12115521441626,36191.0625,0.0,0.0,0.9194366335868835
1944,308.8200086553859,57610.328125,0.0,0.0,0.9192495346069336
1945,254.75548640991101,39910.734375,0.0,0.0,0.9191123843193054
1946,299.294393933258,55615.9921875,0.0,0.0,0.9190055727958679
1947,302.82694279930485,56548.6796875,0.0,0.0,0.918925940990448
1948,297.857974070977,54266.2265625,0.0,0.0,0.9188830256462097
1949,285.85457374461237,48786.8359375,0.0,0.0,0.9188326001167297
1950,284.17270811757174,49693.6875,0.0,0.0,0.9188027381896973
1951,261.7412602987337,40798.96875,0.0,0.0,0.9187738299369812
1952,272.0315693492695,45086.671875,0.0,0.0,0.918754518032074
1953,298.1733095316032,55133.89453125,0.0,0.0,0.9187760353088379
1954,308.514129593906,58460.43359375,0.0,0.0,0.9188389778137207
1955,307.43325559481116,57176.86328125,0.0,0.0,0.9189086556434631
1956,308.12929346822375,57067.12109375,0.0,0.0,0.9189737439155579
1957,293.29850060403663,52188.0703125,0.0,0.0,0.9190418124198914
1958,309.6450443655024,55338.48046875,0.0,0.0,0.9190688729286194
1959,288.79039872469497,48030.8359375,0.0,0.0,0.9190719723701477
1960,315.3911711894328,55381.16796875,0.0,0.0,0.9190173745155334
1961,276.03927273180403,45132.02734375,0.0,0.0,0.9189584851264954
1962,296.7719139350905,53111.7421875,0.0,0.0,0.9188448786735535
1963,272.29141408810324,44918.11328125,0.0,0.0,0.9187703132629395
1964,299.6084414910641,54940.37109375,0.0,0.0,0.9187124371528625
1965,291.5869348309088,53337.31640625,0.0,0.0,0.9186986088752747
1966,297.7184146231083,51247.6015625,0.0,0.0,0.9186603426933289
1967,291.8347316776163,50910.42578125,0.0,0.0,0.9185859560966492
1968,297.3270965515602,55285.7421875,0.0,0.0,0.9185345768928528
1969,336.482472753049,62206.75,0.0,0.0,0.9184298515319824
1970,318.62326398588306,56552.73046875,0.0,0.0,0.9182154536247253
1971,324.8711328217614,62046.27734375,0.0,0.0,0.9180191159248352
1972,307.0473411586769,58426.44140625,0.0,0.0,0.9178797602653503
1973,281.52459626604525,48144.60546875,0.0,0.0,0.9177586436271667
1974,305.7567681286155,56346.1796875,0.0,0.0,0.9176481366157532
1975,305.21829664104644,54315.5390625,0.0,0.0,0.9174739718437195
1976,323.1986306152689,62282.8046875,0.0,0.0,0.9173378348350525
1977,297.2629020841219,53389.64453125,0.0,0.0,0.9172273278236389
1978,308.48601181986055,56835.30078125,0.0,0.0,0.9170901775360107
1979,299.61074595479505,53639.234375,0.0,0.0,0.9169579148292542
1980,294.21846252528445,52923.0859375,0.0,0.0,0.9168863296508789
1981,359.0632370638981,75958.7265625,0.0,0.0,0.9168322682380676
1982,317.2498729859158,58507.12890625,0.0,0.0,0.9167668223381042
1983,306.3635000506572,58414.0859375,0.0,0.0,0.9167170524597168
1984,314.0809658720332,58578.05859375,0.0,0.0,0.9166701436042786
1985,353.8846496597525,76535.3359375,0.0,0.0,0.9166662693023682
1986,329.48559021085174,64588.19140625,0.0,0.0,0.9166581034660339
1987,333.94746852539527,62144.84765625,0.0,0.0,0.9166138768196106
1988,361.11075845852554,74178.953125,0.0,0.0,0.9165679812431335
1989,287.48978142487675,49124.890625,0.0,0.0,0.916545569896698
1990,377.3187459082211,81318.5,0.0,0.0,0.9165225028991699
1991,314.0811981101572,64642.13671875,0.0,0.0,0.9165546298027039
1992,325.3637976423786,63445.98046875,0.0,0.0,0.9166035652160645
1993,342.89091557649164,69865.9609375,0.0,0.0,0.9166350364685059
1994,322.51815141033336,61256.0,0.0,0.0,0.916671097278595
1995,344.7032020350892,65526.65625,0.0,0.0,0.9166213870048523
1996,345.1933182670918,67972.546875,0.0,0.0,0.9165299534797668
1997,345.96447090583604,67526.09375,0.0,0.0,0.9164107441902161
1998,353.1617303182741,72357.71875,0.0,0.0,0.91628098487854
1999,328.03026471780197,62598.83203125,0.0,0.0,0.9161468148231506
2000,314.62462061894394,59045.66796875,0.0,0.0,0.9160144329071045
2001,333.32899493966437,67061.9609375,0.0,0.0,0.9159716963768005
2002,379.29247089887883,81459.6796875,0.0,0.0,0.9159277081489563
2003,332.72466125090267,66068.1484375,0.0,0.0,0.9159099459648132
2004,320.09426947073985,62113.9296875,0.0,0.0,0.9159398078918457
2005,391.6117553440083,86190.3984375,0.0,0.0,0.9159725308418274
2006,364.65747882086737,72522.2578125,0.0,0.0,0.9159820675849915
2007,325.54013192961514,61911.90234375,0.0,0.0,0.9159502387046814
2008,340.1486546260908,69342.046875,0.0,0.0,0.9159846305847168
2009,304.05975571165914,55937.484375,0.0,0.0,0.9160013198852539
2010,402.11280780750656,91026.0,0.0,0.0,0.9160445332527161
2011,358.64323202696113,74806.5,0.0,0.0,0.9160477519035339
2012,361.8048858614494,75621.25,0.0,0.0,0.9160364270210266
2013,380.6030250266259,80710.359375,0.0,0.0,0.9160499572753906
2014,330.3862645262519,62515.1484375,0.0,0.0,0.9160482287406921
2015,296.2852035787776,54979.98046875,0.0,0.0,0.9160507321357727
2016,383.7082407871068,83010.7421875,0.0,0.0,0.9160513877868652
2017,342.689240987044,65199.96484375,0.0,0.0,0.9160274863243103
2018,347.25542732480824,67915.109375,0.0,0.0,0.9159807562828064
2019,397.69502713581545,84634.4921875,0.0,0.0,0.9158852696418762
2020,384.57754435910687,82939.453125,0.0,0.0,0.9157817959785461
2021,335.44072604264693,67015.40625,0.0,0.0,0.9157155156135559
2022,391.50438283752374,87930.359375,0.0,0.0,0.9156825542449951
2023,346.4277346337717,69410.734375,0.0,0.0,0.9156525135040283
2024,394.49699417233205,88381.8046875,0.0,0.0,0.9156758189201355
2025,388.91059178726323,85675.9765625,0.0,0.0,0.9157162308692932
2026,347.41978030965976,70836.609375,0.0,0.0,0.9157721996307373
2027,382.52143752343284,86302.6484375,0.0,0.0,0.9158568382263184
2028,355.70589590876494,75763.328125,0.0,0.0,0.9160159230232239
2029,424.37715859330626,100711.0703125,0.0,0.0,0.9161881804466248
2030,334.1116156048799,64625.68359375,0.0,0.0,0.9163630604743958
2031,369.82920251973115,77513.7734375,0.0,0.0,0.9165293574333191
2032,326.8175656265198,61139.5390625,0.0,0.0,0.9166682362556458
2033,383.87725870154344,83700.53125,0.0,0.0,0.9167887568473816
2034,439.6289400077394,96847.625,0.0,0.0,0.916839063167572
2035,353.28446958488007,70699.8203125,0.0,0.0,0.9168413281440735
2036,414.54771080030906,91321.7421875,0.0,0.0,0.916811466217041
2037,346.62095231576694,70096.921875,0.0,0.0,0.9167863726615906
2038,350.4123674027382,71552.078125,0.0,0.0,0.9168055653572083
2039,350.600608459677,73782.5546875,0.0,0.0,0.9168794751167297
2040,414.88505182430606,93323.15625,0.0,0.0,0.916955292224884
2041,418.8463558046447,91578.9921875,0.0,0.0,0.9169824123382568
2042,357.4983236910625,74794.5859375,0.0,0.0,0.9170076847076416
2043,350.0657452837569,72829.6484375,0.0,0.0,0.9170462489128113
2044,344.09611511351227,73172.640625,0.0,0.0,0.9171347618103027
2045,363.2524469274562,77431.25,0.0,0.0,0.9172329902648926
2046,327.70600842180386,61975.93359375,0.0,0.0,0.9173023104667664
2047,371.88630398596797,77747.046875,0.0,0.0,0.9173744320869446
2048,354.8467588729332,74929.8359375,0.0,0.0,0.9174672961235046
2049,356.02118190650947,74283.5078125,0.0,0.0,0.9175683856010437
2050,344.8433624090648,67523.0625,0.0,0.0,0.9176221489906311
2051,356.5175022102254,75883.4140625,0.0,0.0,0.917685329914093
2052,340.7889456125001,64603.0625,0.0,0.0,0.917705237865448
2053,309.3234856736209,61153.6171875,0.0,0.0,0.9177939295768738
2054,335.52092024279034,62814.3359375,0.0,0.0,0.9178135991096497
2055,346.0090326564639,69354.84375,0.0,0.0,0.9178432822227478
2056,339.12712005419957,69679.9296875,0.0,0.0,0.9179025292396545
2057,337.7866868150589,65853.96875,0.0,0.0,0.9179404377937317
2058,345.75688311743113,69447.90625,0.0,0.0,0.9179698824882507
2059,353.458536257237,71589.6640625,0.0,0.0,0.918001115322113
2060,373.20144464494774,76898.765625,0.0,0.0,0.9179882407188416
2061,360.11606628493666,74814.296875,0.0,0.0,0.9179840087890625
2062,311.9486608176846,58151.71484375,0.0,0.0,0.9179826378822327
2063,335.5834255237437,68963.15625,0.0,0.0,0.9180157780647278
2064,379.183633479225,79669.1171875,0.0,0.0,0.918030321598053
2065,346.2106854530899,67812.1328125,0.0,0.0,0.9179738163948059
2066,317.47739890745015,61330.109375,0.0,0.0,0.9179369807243347
2067,308.8052227890659,59321.3203125,0.0,0.0,0.917934000492096
2068,362.6427446822459,77278.6171875,0.0,0.0,0.9179728031158447
2069,300.8976617011526,51696.921875,0.0,0.0,0.9179496765136719
2070,347.9094313132374,69385.578125,0.0,0.0,0.917927086353302
2071,330.53667969399766,62069.0078125,0.0,0.0,0.9178608059883118
2072,314.37895569598044,60048.62890625,0.0,0.0,0.9178469181060791
2073,304.87231243320855,54669.7890625,0.0,0.0,0.917853057384491
2074,324.6264110404579,59891.3828125,0.0,0.0,0.917809009552002
2075,372.3532774244047,78193.3359375,0.0,0.0,0.9177582859992981
2076,320.01870417999703,59906.56640625,0.0,0.0,0.9176952838897705
2077,330.44320035844845,63690.90625,0.0,0.0,0.9176083207130432
2078,303.7204981557743,55396.52734375,0.0,0.0,0.9175325036048889
2079,325.1069957191455,62026.609375,0.0,0.0,0.9174435138702393
2080,330.0065177527181,65495.94921875,0.0,0.0,0.9173781871795654
2081,313.32717627269227,61132.08203125,0.0,0.0,0.9173510074615479
2082,307.0050336620489,56408.06640625,0.0,0.0,0.9173285365104675
2083,338.94925523998216,67594.1484375,0.0,0.0,0.9173069000244141
2084,342.473863937525,67379.1328125,0.0,0.0,0.9172829985618591
2085,309.52162051454474,55472.8828125,0.0,0.0,0.9172401428222656
2086,284.3238104888173,47073.3828125,0.0,0.0,0.9171848297119141
2087,355.6230240601981,70285.96875,0.0,0.0,0.9171146750450134
2088,321.31552150684365,61297.59765625,0.0,0.0,0.9170639514923096
2089,269.16820680635436,44275.484375,0.0,0.0,0.9170367121696472
2090,320.35397716255267,61303.1171875,0.0,0.0,0.9170191287994385
2091,347.953001111907,68077.9375,0.0,0.0,0.9169893264770508
2092,313.0522129822425,53631.46875,0.0,0.0,0.9168604016304016
2093,313.9687212946885,61193.7578125,0.0,0.0,0.9167882800102234
2094,353.3212205344571,73094.9140625,0.0,0.0,0.9167395234107971
2095,306.59416842753933,54532.3046875,0.0,0.0,0.9166901707649231
2096,327.53751641823135,65551.8984375,0.0,0.0,0.9166588187217712
2097,303.5885250256229,54219.7734375,0.0,0.0,0.9166200160980225
2098,299.4554017850332,55061.65625,0.0,0.0,0.9166455268859863
2099,331.962259443905,63526.25,0.0,0.0,0.9166333079338074
2100,353.5020254002112,72582.671875,0.0,0.0,0.9166343808174133
2101,324.25800688730766,60421.5390625,0.0,0.0,0.9165964126586914
2102,303.20947511235823,56233.0703125,0.0,0.0,0.9165847897529602
2103,297.04408556781596,49601.62109375,0.0,0.0,0.9165347218513489
2104,311.7208658506646,59509.3203125,0.0,0.0,0.916531503200531
2105,297.3592795681916,51899.9375,0.0,0.0,0.9165152907371521
2106,315.5144497737683,58160.609375,0.0,0.0,0.9164562225341797
2107,297.31224790672275,54489.96484375,0.0,0.0,0.9164440035820007
2108,339.06996194345686,68295.78125,0.0,0.0,0.9164668917655945
2109,296.33864823068427,51187.44140625,0.0,0.0,0.9164782166481018
2110,314.6899749852539,57247.078125,0.0,0.0,0.9164690375328064
2111,326.66323715879724,60871.51953125,0.0,0.0,0.9164392352104187
2112,321.3262328144993,60525.75,0.0,0.0,0.9164164662361145
2113,331.41327666612136,65399.625,0.0,0.0,0.9164220690727234
2114,323.4891787855186,63403.015625,0.0,0.0,0.9164378643035889
2115,301.79154607081813,53967.07421875,0.0,0.0,0.9164270758628845
2116,318.9546718434601,60874.66796875,0.0,0.0,0.9164342284202576
2117,340.49908132009665,68531.3828125,0.0,0.0,0.9164366722106934
2118,325.757178303486,62596.140625,0.0,0.0,0.9164514541625977
2119,297.2038093514926,54319.89453125,0.0,0.0,0.916486918926239
2120,299.0498353843466,52787.28125,0.0,0.0,0.9164863228797913
2121,291.92588669422406,49410.72265625,0.0,0.0,0.9164543151855469
2122,320.5900354343031,60543.40234375,0.0,0.0,0.9164323806762695
2123,320.16913261386395,58808.8828125,0.0,0.0,0.9163572192192078
2124,318.1154202350929,61406.1484375,0.0,0.0,0.9163183569908142
2125,286.8551372724618,49735.76171875,0.0,0.0,0.916308581829071
2126,305.9474747706655,56978.16015625,0.0,0.0,0.916308581829071
2127,292.833142588628,50474.8203125,0.0,0.0,0.9162786602973938
2128,259.4065869792765,43318.078125,0.0,0.0,0.9163232445716858
2129,300.8996874400369,54969.30078125,0.0,0.0,0.916377604007721
2130,337.96723457389436,64802.99609375,0.0,0.0,0.9163632988929749
2131,261.1975249504014,41405.3984375,0.0,0.0,0.916346549987793
2132,305.58323294882376,55863.296875,0.0,0.0,0.9163292050361633
2133,315.97589904263316,58836.93359375,0.0,0.0,0.9163403511047363
2134,318.17324193534256,58879.08203125,0.0,0.0,0.9163228869438171
2135,295.1924711594562,52012.97265625,0.0,0.0,0.9163303375244141
2136,302.24461892694325,55719.1640625,0.0,0.0,0.9163656830787659
2137,285.2397270211027,50343.6328125,0.0,0.0,0.9164168834686279
2138,270.77563430295646,46500.375,0.0,0.0,0.9165231585502625
2139,302.8709060212525,54473.125,0.0,0.0,0.9166072010993958
2140,269.72013949237737,45341.1640625,0.0,0.0,0.9167150855064392
2141,315.3453712517668,59282.3671875,0.0,0.0,0.9168136119842529
2142,295.49910347551355,48618.7421875,0.0,0.0,0.9168091416358948
2143,331.005541993596,64032.37890625,0.0,0.0,0.9167876243591309
2144,286.8871853927331,50687.68359375,0.0,0.0,0.9167945981025696
2145,285.6346538074035,48455.72265625,0.0,0.0,0.9167981147766113
2146,269.14007659564834,43079.62109375,0.0,0.0,0.9167969226837158
2147,280.6197395365561,49610.390625,0.0,0.0,0.9168134331703186
2148,288.46223567847096,50654.171875,0.0,0.0,0.9168219566345215
2149,329.99581924042377,62725.12890625,0.0,0.0,0.9167956709861755
2150,302.84926530010904,53165.38671875,0.0,0.0,0.9167513847351074
2151,190.41470091284634,25259.18359375,0.0,0.0,0.9167032241821289
2152,320.2754287303058,61071.5,0.0,0.0,0.9166695475578308
2153,284.07836526934824,47733.8203125,0.0,0.0,0.9166166186332703
2154,255.2432820831806,38609.671875,0.0,0.0,0.9165478348731995
2155,294.6176799408528,52434.96875,0.0,0.0,0.9164690971374512
2156,279.8356509694779,49143.40234375,0.0,0.0,0.9164575934410095
2157,284.7095874244091,50756.0546875,0.0,0.0,0.9164867401123047
2158,319.4517136175493,62811.8046875,0.0,0.0,0.9165420532226562
2159,261.3842589791615,38555.8203125,0.0,0.0,0.9165582060813904
2160,294.06732058617126,50594.5703125,0.0,0.0,0.9165424704551697
2161,315.79737077512067,59574.4921875,0.0,0.0,0.9165266156196594
2162,290.56913306009096,51717.6484375,0.0,0.0,0.9165325164794922
2163,290.4996395708726,50155.828125,0.0,0.0,0.9165322184562683
2164,281.0103422330559,49165.65625,0.0,0.0,0.916541337966919
2165,290.81946645997783,50902.2578125,0.0,0.0,0.9165446758270264
2166,325.4761512291252,59873.88671875,0.0,0.0,0.9164474010467529
2167,307.2515364995694,55963.7421875,0.0,0.0,0.9163438677787781
2168,311.2820070935301,61333.71875,0.0,0.0,0.9163373112678528
2169,288.6366751503889,52027.921875,0.0,0.0,0.9163691997528076
2170,321.5478048825643,64316.78515625,0.0,0.0,0.9164491295814514
2171,329.46140462172826,65458.05078125,0.0,0.0,0.9165647625923157
2172,310.66924923704244,57881.60546875,0.0,0.0,0.9166626930236816
2173,306.3671780126209,56336.1640625,0.0,0.0,0.9167181849479675
2174,298.8255364320492,51672.7890625,0.0,0.0,0.916717529296875
2175,289.09069191378137,51590.3046875,0.0,0.0,0.9167392253875732
2176,334.5622031259943,66934.046875,0.0,0.0,0.91676926612854
2177,285.6648430358994,45797.828125,0.0,0.0,0.9167172312736511
2178,305.1522767765795,57368.05859375,0.0,0.0,0.9166916012763977
2179,283.0475410460684,48373.0234375,0.0,0.0,0.9166751503944397
2180,286.05487203018095,48404.88671875,0.0,0.0,0.9166291356086731
2181,355.37631680302826,72253.3203125,0.0,0.0,0.9165842533111572
2182,302.4544892713011,53158.265625,0.0,0.0,0.9165312647819519
2183,278.50634174441194,47666.84375,0.0,0.0,0.9164645075798035
2184,284.23709196585713,50196.390625,0.0,0.0,0.9163749814033508
2185,343.4618434115485,68863.6875,0.0,0.0,0.9162872433662415
2186,285.0885564923559,48520.28515625,0.0,0.0,0.9161758422851562
2187,278.0695362284227,47205.37109375,0.0,0.0,0.9160745143890381
2188,258.2867952021362,40049.19921875,0.0,0.0,0.9159746766090393
2189,262.1496750870784,40965.24609375,0.0,0.0,0.9158878326416016
2190,269.5270053162228,41705.72265625,0.0,0.0,0.9157752394676208
2191,297.6206923484783,51242.5625,0.0,0.0,0.9156460762023926
2192,305.22843048928485,55174.765625,0.0,0.0,0.9155082702636719
2193,306.2440024542734,59584.2265625,0.0,0.0,0.9154108166694641
2194,295.39565633417067,53062.76953125,0.0,0.0,0.9153361320495605
2195,295.51880692878683,50093.234375,0.0,0.0,0.9152279496192932
2196,266.6293887130399,43811.59765625,0.0,0.0,0.9151726365089417
2197,299.9011529774427,53088.65234375,0.0,0.0,0.9151053428649902
2198,299.3109573205306,51434.16796875,0.0,0.0,0.9149746894836426
2199,266.72348915161416,41685.87890625,0.0,0.0,0.9148508906364441
2200,276.6407014674264,46461.6171875,0.0,0.0,0.9147419333457947
2201,304.4833015509704,55616.55859375,0.0,0.0,0.914668083190918
2202,309.0302330531851,56365.265625,0.0,0.0,0.9145826697349548
2203,297.11833950797535,51161.6875,0.0,0.0,0.9144344329833984
2204,296.0672900180401,52158.15625,0.0,0.0,0.9143118858337402
2205,308.59290528885356,55736.7109375,0.0,0.0,0.9141820073127747
2206,259.50684657812724,40624.25390625,0.0,0.0,0.9140716195106506
2207,304.76159034793534,56036.234375,0.0,0.0,0.9139752388000488
2208,286.0299519032492,47250.10546875,0.0,0.0,0.913822591304779
2209,306.53504748511676,56281.203125,0.0,0.0,0.9136903285980225
2210,276.93640508573765,44655.0546875,0.0,0.0,0.9135494232177734
2211,258.94835340219987,39697.32421875,0.0,0.0,0.9134238362312317
2212,301.3683714561742,56355.83984375,0.0,0.0,0.91335129737854
2213,281.5110032574347,50240.07421875,0.0,0.0,0.9133114218711853
2214,271.08204297678276,46455.09765625,0.0,0.0,0.9133211970329285
2215,265.86584150939666,43880.74609375,0.0,0.0,0.9133491516113281
2216,316.53849405020514,61948.62890625,0.0,0.0,0.913447916507721
2217,291.48690885410855,52680.1171875,0.0,0.0,0.9135579466819763
2218,290.6144583242919,51098.99609375,0.0,0.0,0.9136767387390137
2219,293.7731762565831,52469.29296875,0.0,0.0,0.9137938022613525
2220,288.9248112744046,49489.03125,0.0,0.0,0.9138932228088379
2221,271.7762550704704,45430.94140625,0.0,0.0,0.9139930605888367
2222,269.497911648469,40485.640625,0.0,0.0,0.9140172004699707
2223,308.8392212663902,57210.97265625,0.0,0.0,0.9140293002128601
2224,318.0279006747509,59264.46484375,0.0,0.0,0.9140185713768005
2225,260.83308529334397,42736.5390625,0.0,0.0,0.9140233993530273
2226,268.1282032602616,41904.55859375,0.0,0.0,0.9140129089355469
2227,290.9177150036554,53408.11328125,0.0,0.0,0.9140362739562988
2228,276.1525677053636,45681.8359375,0.0,0.0,0.914044201374054
2229,256.7000652831528,39152.23046875,0.0,0.0,0.9140515327453613
2230,287.05794707317,49740.28125,0.0,0.0,0.9140214920043945
2231,287.20374504572146,49171.05859375,0.0,0.0,0.9139466285705566
2232,306.1430884884989,54843.23828125,0.0,0.0,0.9138555526733398
2233,278.2225677574689,48134.6953125,0.0,0.0,0.9137895703315735
2234,290.9878606538211,52285.0390625,0.0,0.0,0.9137369990348816
2235,290.33570851839613,53549.21875,0.0,0.0,0.9137666821479797
2236,284.9266020965687,49935.6796875,0.0,0.0,0.9138242602348328
2237,284.9312712139068,48665.2734375,0.0,0.0,0.9138532280921936
2238,297.6757157363108,51305.4609375,0.0,0.0,0.9138723015785217
2239,298.46220651922454,54618.3046875,0.0,0.0,0.9139089584350586
2240,289.80287519637875,51408.4609375,0.0,0.0,0.9139203429222107
2241,259.3380880837173,41232.75,0.0,0.0,0.9139728546142578
2242,262.68199205676984,42675.0390625,0.0,0.0,0.9140381813049316
2243,309.78024208053336,54410.9609375,0.0,0.0,0.9140332341194153
2244,272.0413271528919,46242.3515625,0.0,0.0,0.9140329360961914
2245,267.83194349269337,43782.921875,0.0,0.0,0.914036750793457
2246,280.32360172063284,48978.12109375,0.0,0.0,0.914046585559845
2247,282.0251769998386,47143.5546875,0.0,0.0,0.9140315651893616
2248,272.7552096048308,45937.23046875,0.0,0.0,0.9140801429748535
2249,280.9062477832686,47324.73828125,0.0,0.0,0.914149284362793
2250,269.55823105834486,46521.95703125,0.0,0.0,0.914280891418457
2251,324.076029771405,63574.58984375,0.0,0.0,0.9144195914268494
2252,296.07087347895504,49918.953125,0.0,0.0,0.9144313931465149
2253,279.60353374271716,50705.06640625,0.0,0.0,0.9144904017448425
2254,297.71702416763645,54358.48828125,0.0,0.0,0.9145328998565674
2255,289.4895872234538,50170.66796875,0.0,0.0,0.9145526885986328
2256,279.10322574207675,45471.9140625,0.0,0.0,0.9145414233207703
2257,262.44151906030737,41689.8984375,0.0,0.0,0.9145202040672302
2258,275.157043613891,46042.46875,0.0,0.0,0.9144928455352783
2259,285.89865200142225,49396.16015625,0.0,0.0,0.9144946932792664
2260,260.65033402873075,41102.41015625,0.0,0.0,0.9145142436027527
2261,273.16044278781686,47981.25,0.0,0.0,0.9145605564117432
2262,267.984711120673,44419.76953125,0.0,0.0,0.914601743221283
2263,272.0883941593408,44197.2265625,0.0,0.0,0.9146404266357422
2264,270.28292503624516,46295.6640625,0.0,0.0,0.9147255420684814
2265,324.7833076009426,62760.19140625,0.0,0.0,0.9147626757621765
2266,318.3890917133865,60663.81640625,0.0,0.0,0.9148313403129578
2267,310.16484007331263,57311.17578125,0.0,0.0,0.9148791432380676
2268,275.21405819862974,47153.28125,0.0,0.0,0.9149187207221985
2269,293.98829237031396,53387.1484375,0.0,0.0,0.9149918556213379
2270,295.99957286101187,55834.02734375,0.0,0.0,0.9151144623756409
2271,314.4348053668294,58106.91796875,0.0,0.0,0.9152095913887024
2272,302.288616134024,57763.7890625,0.0,0.0,0.9153029322624207
2273,296.17035483125187,53815.03515625,0.0,0.0,0.9153523445129395
2274,350.1482052842027,72058.984375,0.0,0.0,0.9154165387153625
2275,274.2814220229316,44768.6484375,0.0,0.0,0.9154543876647949
2276,318.05259942805725,57835.71875,0.0,0.0,0.9154669642448425
2277,276.717255631444,47509.625,0.0,0.0,0.9155070185661316
2278,277.9390689922483,46645.58203125,0.0,0.0,0.915468156337738
2279,314.17403892086315,61024.40625,0.0,0.0,0.9154655933380127
2280,291.05912987498573,47351.67578125,0.0,0.0,0.915414035320282
2281,282.53323964799426,47509.0859375,0.0,0.0,0.9153680801391602
2282,277.89803574715535,49726.390625,0.0,0.0,0.9153470993041992
2283,293.3990065493262,54854.78125,0.0,0.0,0.9153688549995422
2284,302.4614403925428,57225.45703125,0.0,0.0,0.9154210090637207
2285,287.47590480746146,50246.64453125,0.0,0.0,0.9154619574546814
2286,308.42502170258507,56239.79296875,0.0,0.0,0.9154918789863586
2287,311.3283054851495,55222.5546875,0.0,0.0,0.9154472947120667
2288,281.0904879094027,51087.62109375,0.0,0.0,0.9154333472251892
2289,297.6195266492282,52446.46875,0.0,0.0,0.9154141545295715
2290,280.72496379556037,48037.70703125,0.0,0.0,0.9153800010681152
2291,298.15081348990543,50645.36328125,0.0,0.0,0.9152998328208923
2292,304.29141076072244,53475.765625,0.0,0.0,0.9151504039764404
2293,323.29188891055514,64414.5390625,0.0,0.0,0.915052592754364
2294,313.40285826526355,60239.5703125,0.0,0.0,0.9149648547172546
2295,294.7608821309731,50951.82421875,0.0,0.0,0.914794921875
2296,292.5188770067809,56131.8515625,0.0,0.0,0.9147111773490906
2297,280.3425749555231,50368.7578125,0.0,0.0,0.9146895408630371
2298,347.6633509250924,68549.9296875,0.0,0.0,0.9146223068237305
2299,289.69110332188416,50178.77734375,0.0,0.0,0.9145649075508118
2300,313.2571492231089,61802.71875,0.0,0.0,0.9145297408103943
2301,300.931027262505,55837.2578125,0.0,0.0,0.9145128130912781
2302,301.3251158717801,56106.46875,0.0,0.0,0.9145151972770691
2303,313.4374054211843,62732.54296875,0.0,0.0,0.9145554900169373
2304,257.91655522937873,39280.09375,0.0,0.0,0.9145841598510742
2305,293.69176313609336,56269.421875,0.0,0.0,0.9146628379821777
2306,274.272754250381,43604.1953125,0.0,0.0,0.914703905582428
2307,300.5849544682103,51823.60546875,0.0,0.0,0.9147093892097473
2308,337.6341302552781,68961.0078125,0.0,0.0,0.9147684574127197
2309,177.6681161944905,20870.048828125,0.0,0.0,0.9147716164588928
2310,311.9311973693713,60297.71484375,0.0,0.0,0.9147784113883972
2311,338.69995381808104,69636.3984375,0.0,0.0,0.9147891998291016
2312,307.8238540020801,58041.16796875,0.0,0.0,0.9148008823394775
2313,336.30330450092504,63477.0,0.0,0.0,0.9147403836250305
2314,354.95442132428735,70896.1640625,0.0,0.0,0.9146909117698669
2315,333.20666574480776,67986.2265625,0.0,0.0,0.9146658778190613
2316,363.2752479255248,73864.984375,0.0,0.0,0.91463303565979
2317,328.77226836521663,63233.94140625,0.0,0.0,0.9145505428314209
2318,292.616146888806,52828.66015625,0.0,0.0,0.9144856929779053
2319,87.56814817802031,5103.88818359375,0.0,0.0,0.914435088634491
2320,390.35998161861966,86577.7109375,0.0,0.0,0.9143803119659424
2321,333.6089614011034,64968.734375,0.0,0.0,0.914293110370636
2322,98.14922805469594,6534.607421875,0.0,0.0,0.9142534732818604
2323,369.11558387806485,79242.7109375,0.0,0.0,0.9142131805419922
2324,337.9007374754918,66839.5078125,0.0,0.0,0.9141619205474854
2325,185.41202026991724,24244.935546875,0.0,0.0,0.9141201972961426
2326,71.41957191525375,3652.30224609375,0.0,0.0,0.9140793681144714
2327,230.08643122450215,36601.625,0.0,0.0,0.9140546917915344
2328,172.12447799708852,19338.455078125,0.0,0.0,0.9139890670776367
2329,189.4232050603206,26062.599609375,0.0,0.0,0.913950502872467
2330,68.47425224840447,1701.1856689453125,0.0,0.0,0.9138591885566711
2331,380.80884329652525,84435.21875,0.0,0.0,0.9137889742851257
2332,171.27483665257012,20624.2109375,0.0,0.0,0.9136802554130554
2333,156.57664220688096,17441.236328125,0.0,0.0,0.9135910868644714
2334,393.58974302176455,88758.734375,0.0,0.0,0.9135096669197083
2335,133.80771705403959,13085.4189453125,0.0,0.0,0.9134075045585632
2336,251.44750804857745,41023.34765625,0.0,0.0,0.9133012294769287
2337,252.25748889194654,40633.34765625,0.0,0.0,0.9131677150726318
2338,180.9777435074458,25054.091796875,0.0,0.0,0.9130682945251465
2339,348.20237286609563,73002.296875,0.0,0.0,0.913011372089386
2340,240.56812549366126,37809.34765625,0.0,0.0,0.9129467606544495
2341,378.61559753391094,80306.734375,0.0,0.0,0.9128538966178894
2342,189.71473421280865,27432.38671875,0.0,0.0,0.9128692746162415
2343,167.10782233302132,21355.583984375,0.0,0.0,0.9129016399383545
2344,205.0128835391002,29798.79296875,0.0,0.0,0.912945568561554
2345,107.10875740654494,7305.111328125,0.0,0.0,0.91293865442276
2346,109.31128816414508,9040.3662109375,0.0,0.0,0.912968099117279
2347,384.18923942489954,84004.953125,0.0,0.0,0.9130120873451233
2348,358.488582954086,76734.0,0.0,0.0,0.9130622744560242
2349,410.96179730441594,94444.296875,0.0,0.0,0.9131484031677246
2350,339.61269011513855,67305.6953125,0.0,0.0,0.9132065773010254
2351,413.35195407894906,96052.2265625,0.0,0.0,0.9132799506187439
2352,358.60086709952515,76546.03125,0.0,0.0,0.9133701324462891
2353,169.9607871736034,21278.732421875,0.0,0.0,0.9134541153907776
2354,369.6728424067162,81533.890625,0.0,0.0,0.9135749340057373
2355,362.8682489592243,75490.1953125,0.0,0.0,0.9136845469474792
2356,353.2552064024887,74821.640625,0.0,0.0,0.9137983322143555
2357,205.7657980009121,31004.216796875,0.0,0.0,0.9139116406440735
2358,181.9734940783281,25270.4453125,0.0,0.0,0.9140955805778503
2359,239.61736557182488,39016.1015625,0.0,0.0,0.9142050743103027
2360,450.13142318670367,99299.4609375,0.0,0.0,0.9142270684242249
2361,172.27733517703243,22018.328125,0.0,0.0,0.9142622351646423
2362,399.00562707227175,87155.2265625,0.0,0.0,0.9142530560493469
2363,393.45442917739814,86203.03125,0.0,0.0,0.9142513871192932
2364,377.41856534465535,86082.21875,0.0,0.0,0.9142783284187317
2365,366.7601689431819,78615.2578125,0.0,0.0,0.9142788052558899
2366,379.9850016927638,84810.328125,0.0,0.0,0.9143053889274597
2367,398.2033081973669,91917.0390625,0.0,0.0,0.9143673777580261
2368,415.78108392905614,97124.359375,0.0,0.0,0.9144492149353027
2369,407.04384060535915,90619.0546875,0.0,0.0,0.9144834876060486
2370,397.8203497957773,93765.7578125,0.0,0.0,0.9146025776863098
2371,156.95200262110404,18811.109375,0.0,0.0,0.914725124835968
2372,378.9139487653724,82683.375,0.0,0.0,0.9148148894309998
2373,387.9329218643242,86365.4765625,0.0,0.0,0.9149022698402405
2374,377.33495218886543,81731.96875,0.0,0.0,0.9149847626686096
2375,213.45355620254685,32211.935546875,0.0,0.0,0.9150568842887878
2376,409.4370685032132,92540.3984375,0.0,0.0,0.9151260256767273
2377,380.0005405524169,84360.0390625,0.0,0.0,0.915233850479126
2378,388.4792044564515,92323.5,0.0,0.0,0.9153763651847839
2379,371.9654480951383,76897.03125,0.0,0.0,0.9154649376869202
2380,147.02955314741942,15621.8876953125,0.0,0.0,0.9155194163322449
2381,154.49894237250328,17814.826171875,0.0,0.0,0.9155686497688293
2382,187.36102287561107,24008.435546875,0.0,0.0,0.9155702590942383
2383,366.4876049600718,78615.9453125,0.0,0.0,0.9155741333961487
2384,340.5698645331777,69708.046875,0.0,0.0,0.9155566096305847
2385,364.1571662747822,76044.953125,0.0,0.0,0.915497362613678
2386,385.7728047832077,82942.203125,0.0,0.0,0.9154103398323059
2387,130.5665052962609,12192.115234375,0.0,0.0,0.9152982234954834
2388,387.69217170062734,83919.6328125,0.0,0.0,0.9151437282562256
2389,91.98447886098636,6298.7314453125,0.0,0.0,0.9150490760803223
2390,344.32477373234497,71356.46875,0.0,0.0,0.9149805903434753
2391,189.45859973330133,26952.232421875,0.0,0.0,0.9149487018585205
2392,314.3377429164455,59233.6484375,0.0,0.0,0.9148579239845276
2393,377.69678904258666,78529.96875,0.0,0.0,0.9147054553031921
2394,347.56454049991663,67935.9296875,0.0,0.0,0.9145340323448181
2395,344.39952641829,68799.640625,0.0,0.0,0.9143454432487488
2396,355.94724586195264,75243.0859375,0.0,0.0,0.9142060279846191
2397,364.4624890101775,79775.71875,0.0,0.0,0.9141247868537903
2398,340.63078193807655,68422.796875,0.0,0.0,0.914065420627594
2399,350.9510958224718,72797.734375,0.0,0.0,0.9140007495880127
2400,144.67381403805274,15161.1728515625,0.0,0.0,0.9139593243598938
2401,160.10005042508513,17383.24609375,0.0,0.0,0.9138607978820801
2402,340.39215122118884,70595.0,0.0,0.0,0.9138032793998718
2403,322.093278431019,63117.328125,0.0,0.0,0.91375732421875
2404,321.82386445399135,61543.7578125,0.0,0.0,0.9137133955955505
2405,323.04557105290155,60141.421875,0.0,0.0,0.9135951995849609
2406,312.3507623540155,57101.55859375,0.0,0.0,0.9134780764579773
2407,340.4895553386373,65728.3828125,0.0,0.0,0.9133341908454895
2408,322.6965491442145,62437.796875,0.0,0.0,0.9131990075111389
2409,342.5586790769679,68707.0703125,0.0,0.0,0.9130632281303406
2410,184.72642030079362,23756.423828125,0.0,0.0,0.9129109978675842
2411,359.6576791979502,74262.5234375,0.0,0.0,0.9127499461174011
2412,360.8942857357464,76945.8359375,0.0,0.0,0.9126338958740234
2413,335.98377219542533,65346.81640625,0.0,0.0,0.9125046730041504
2414,100.70455484163321,6155.81005859375,0.0,0.0,0.912363588809967
2415,139.18478189578892,13927.458984375,0.0,0.0,0.9122427105903625
2416,98.93505522584879,6224.64697265625,0.0,0.0,0.9121242165565491
2417,350.1745133033407,69718.625,0.0,0.0,0.911976158618927
2418,344.4513744685532,70441.625,0.0,0.0,0.9118485450744629
2419,303.7227342872521,55637.3046875,0.0,0.0,0.9117315411567688
2420,344.7816416679402,71600.5625,0.0,0.0,0.9116446375846863
2421,136.03409823642954,13106.685546875,0.0,0.0,0.9115703701972961
2422,330.18378220157365,64565.3515625,0.0,0.0,0.9114775657653809
2423,358.786286968371,74437.0625,0.0,0.0,0.9114004969596863
2424,360.50981569265014,74716.34375,0.0,0.0,0.9113265872001648
2425,334.51423515458015,66125.71875,0.0,0.0,0.9112324714660645
2426,317.26917061751567,58524.2265625,0.0,0.0,0.9111263751983643
2427,335.86459619488625,70150.6328125,0.0,0.0,0.9110867381095886
2428,348.6537939293764,75480.9453125,0.0,0.0,0.9111073017120361
2429,319.2101951381662,58998.35546875,0.0,0.0,0.9110634326934814
2430,335.02075720495577,67515.8828125,0.0,0.0,0.9110463261604309
2431,351.35107088782473,72172.65625,0.0,0.0,0.9110410213470459
2432,329.55370063320834,65058.47265625,0.0,0.0,0.9110428690910339
2433,323.0056223415125,59554.5703125,0.0,0.0,0.9109750390052795
2434,352.4109483953313,69415.5,0.0,0.0,0.9108472466468811
2435,344.2842112618106,66219.0625,0.0,0.0,0.9107058644294739
2436,332.15372754963374,67027.5859375,0.0,0.0,0.910637378692627
2437,342.25088887401876,69394.5546875,0.0,0.0,0.9106099009513855
2438,315.8422383976599,60967.078125,0.0,0.0,0.9105956554412842
2439,290.04661756135374,51941.28515625,0.0,0.0,0.9105809330940247
2440,310.79538529387895,57842.77734375,0.0,0.0,0.9105842709541321
2441,243.6055300999354,36101.6328125,0.0,0.0,0.9106042385101318
2442,324.64950590419744,65284.15234375,0.0,0.0,0.9106550812721252
2443,284.45976252156805,50345.5234375,0.0,0.0,0.9107230305671692
2444,275.9747016066185,46488.28125,0.0,0.0,0.9107940793037415
2445,272.8951209897779,43381.94140625,0.0,0.0,0.9108278751373291
2446,317.4915148082517,60356.953125,0.0,0.0,0.9108726382255554
2447,322.9011597699468,61628.1328125,0.0,0.0,0.91090327501297
2448,321.3446600986352,62994.69921875,0.0,0.0,0.9109624028205872
2449,116.31383945556614,9674.2451171875,0.0,0.0,0.9110217094421387
2450,310.4595062609136,58931.14453125,0.0,0.0,0.911094605922699
2451,314.50201387312876,59600.5078125,0.0,0.0,0.9111658930778503
2452,301.9418250854802,53549.19921875,0.0,0.0,0.9112241864204407
2453,304.74119303786364,55309.375,0.0,0.0,0.9112775921821594
2454,103.66154335776415,7172.1396484375,0.0,0.0,0.9113301634788513
2455,321.91468046615944,59960.40625,0.0,0.0,0.9113602042198181
2456,310.0089892365456,57558.4140625,0.0,0.0,0.9113995432853699
2457,324.4229189020245,65198.125,0.0,0.0,0.9114642143249512
2458,116.79153407376012,9306.8876953125,0.0,0.0,0.9115099906921387
2459,306.12721122244113,57300.0234375,0.0,0.0,0.911570131778717
2460,312.4627921147732,57680.32421875,0.0,0.0,0.9116179943084717
2461,317.9755106621592,63230.4921875,0.0,0.0,0.9117147922515869
2462,307.48781354606416,57145.5390625,0.0,0.0,0.9117984771728516
2463,276.99583284366287,50654.7109375,0.0,0.0,0.9119401574134827
2464,289.21561166316974,52242.171875,0.0,0.0,0.9121096134185791
2465,298.12866231973567,50407.91015625,0.0,0.0,0.9121995568275452
2466,313.9726535364209,59285.7265625,0.0,0.0,0.9122829437255859
2467,292.07879530763046,52787.5546875,0.0,0.0,0.9123747944831848
2468,301.8636652231996,53399.51171875,0.0,0.0,0.9124478697776794
2469,335.72588816984563,69887.4921875,0.0,0.0,0.9125736355781555
2470,291.74061288611784,52765.03125,0.0,0.0,0.9127056002616882
2471,304.048336638726,57671.06640625,0.0,0.0,0.9128500819206238
2472,315.46951035029684,58136.9375,0.0,0.0,0.9129767417907715
2473,301.3252900348024,54706.7265625,0.0,0.0,0.9131038188934326
2474,301.6318215744907,57615.6796875,0.0,0.0,0.913257360458374
2475,304.617751779102,54223.25,0.0,0.0,0.9133561253547668
2476,275.87479391006025,44898.30859375,0.0,0.0,0.9134266972541809
2477,288.3172529192786,49090.25390625,0.0,0.0,0.9134483337402344
2478,286.49790973604513,48302.375,0.0,0.0,0.9134573936462402
2479,244.99337164212113,35757.7578125,0.0,0.0,0.9134519696235657
2480,272.6708160516188,46424.85546875,0.0,0.0,0.9134676456451416
2481,272.7758866581104,46544.17578125,0.0,0.0,0.9135096669197083
2482,279.94352354440946,46581.28125,0.0,0.0,0.9135274291038513
2483,279.10256266626055,46160.17578125,0.0,0.0,0.9135324358940125
2484,270.52200745747683,46538.6015625,0.0,0.0,0.9135727882385254
2485,271.8601743899287,43533.14453125,0.0,0.0,0.9135798811912537
2486,259.97983347050075,41601.10546875,0.0,0.0,0.9135933518409729
2487,262.02942441765214,42380.21875,0.0,0.0,0.9136188626289368
2488,96.27694632677043,5807.51123046875,0.0,0.0,0.9136316180229187
2489,254.34046478826295,39139.7890625,0.0,0.0,0.9136412739753723
2490,269.48433560236913,45512.8828125,0.0,0.0,0.9136834144592285
2491,257.4636886417086,42170.6796875,0.0,0.0,0.9137504696846008
2492,247.20354279268457,37005.32421875,0.0,0.0,0.913809597492218
2493,154.3260411756358,15832.0234375,0.0,0.0,0.9138431549072266
2494,256.5055547869926,42089.66015625,0.0,0.0,0.9138944745063782
2495,110.64495515730401,8359.158203125,0.0,0.0,0.9139435291290283
2496,154.4591949805857,16588.6171875,0.0,0.0,0.9139904975891113
2497,238.42188659431483,34432.5078125,0.0,0.0,0.9140241742134094
2498,263.8573469846489,45464.04296875,0.0,0.0,0.9141254425048828
2499,259.52850130198465,40631.265625,0.0,0.0,0.9142053127288818
2500,282.0960518797615,47479.0703125,0.0,0.0,0.9142540097236633
2501,77.65754398868553,3306.775390625,0.0,0.0,0.914262592792511
2502,272.1682069883845,46079.89453125,0.0,0.0,0.914286196231842
2503,263.77485219581837,40588.31640625,0.0,0.0,0.9142503142356873
2504,254.51782755968935,39279.23046875,0.0,0.0,0.9141861796379089
2505,243.64679643367927,35407.1796875,0.0,0.0,0.9141061902046204
2506,287.6201370810125,49378.5703125,0.0,0.0,0.9140055179595947
2507,277.6480894795988,45729.44921875,0.0,0.0,0.9139025211334229
2508,116.56852624346588,8511.4853515625,0.0,0.0,0.9137768745422363
2509,257.0856756012278,41283.05078125,0.0,0.0,0.9136693477630615
2510,254.62004078222571,38750.0546875,0.0,0.0,0.9135522842407227
2511,258.22243718237223,40003.62890625,0.0,0.0,0.9134261012077332
2512,112.68234654211862,8658.1826171875,0.0,0.0,0.9133103489875793
2513,268.3974319307251,43749.05078125,0.0,0.0,0.9131880402565002
2514,247.60562095183212,36580.84375,0.0,0.0,0.9130575656890869
2515,133.5067656157655,12468.208984375,0.0,0.0,0.9129727482795715
2516,252.4772214069996,42283.0859375,0.0,0.0,0.9129367470741272
2517,230.02805430702637,32252.9140625,0.0,0.0,0.9129053950309753
2518,116.47761695742125,9612.298828125,0.0,0.0,0.9128974080085754
2519,243.9351920958708,36140.08984375,0.0,0.0,0.9128873944282532
2520,100.46621479277879,6807.5791015625,0.0,0.0,0.9128832817077637
2521,255.50833500548143,41445.91015625,0.0,0.0,0.9129049181938171
2522,242.41598510585297,36949.4140625,0.0,0.0,0.9129554629325867
2523,88.04093558815993,5101.1484375,0.0,0.0,0.9130091071128845
2524,99.51848135269485,7131.85693359375,0.0,0.0,0.9130972027778625
2525,68.45981881044906,2527.628173828125,0.0,0.0,0.913158118724823
2526,263.11067276649857,42986.4375,0.0,0.0,0.9132282137870789
2527,269.5571295382475,43459.42578125,0.0,0.0,0.9132687449455261
2528,272.4513535334648,47823.90234375,0.0,0.0,0.9133415222167969
2529,247.26862701272782,37330.625,0.0,0.0,0.9133968353271484
2530,85.0273003014543,4684.6064453125,0.0,0.0,0.913441002368927
2531,93.45510826864843,5605.98486328125,0.0,0.0,0.9134747982025146
2532,101.73068711374361,6765.380859375,0.0,0.0,0.9134897589683533
2533,263.26979781804545,42431.78125,0.0,0.0,0.9134990572929382
2534,110.15389309485013,8498.462890625,0.0,0.0,0.9135150909423828
2535,101.0394176023738,6395.80810546875,0.0,0.0,0.9134920239448547
2536,91.03193633118545,5476.88916015625,0.0,0.0,0.9134843945503235
2537,95.09879029766032,6045.8896484375,0.0,0.0,0.9134891629219055
2538,88.41361564539534,4819.951171875,0.0,0.0,0.9134817123413086
2539,252.58725571756275,39339.01953125,0.0,0.0,0.9134690165519714
2540,72.54987830435081,2833.42822265625,0.0,0.0,0.9134261012077332
2541,67.19723949400301,2597.2509765625,0.0,0.0,0.9134140610694885
2542,88.88324669816785,5257.18408203125,0.0,0.0,0.9134368896484375
2543,85.28477134580243,4404.88916015625,0.0,0.0,0.9134417176246643
2544,106.91444576659023,8554.36328125,0.0,0.0,0.9135125279426575
2545,82.71594045523666,3876.509033203125,0.0,0.0,0.9135392308235168
2546,40.55960546132629,61.19452667236328,0.0,0.0,0.913581371307373
2547,86.34011035761621,5243.2197265625,0.0,0.0,0.9136645793914795
2548,44.62263244286006,406.6832275390625,0.0,0.0,0.9137296676635742
2549,100.92633857816821,7031.3798828125,0.0,0.0,0.91380375623703
2550,60.970845211896616,1557.291748046875,0.0,0.0,0.9138848781585693
2551,73.39917773909711,2823.47119140625,0.0,0.0,0.9139147400856018
2552,103.43247644124804,7154.39599609375,0.0,0.0,0.9139034748077393
2553,66.88553171235164,2471.730224609375,0.0,0.0,0.913898229598999
2554,57.51964920933511,1574.0787353515625,0.0,0.0,0.9139220118522644
2555,267.2606418012512,44242.8359375,0.0,0.0,0.9139477610588074
2556,99.83352924956135,6486.57275390625,0.0,0.0,0.913972795009613
2557,62.586661820388265,2272.3759765625,0.0,0.0,0.9140186905860901
2558,51.90200166022561,757.802490234375,0.0,0.0,0.9140371680259705
2559,84.381331128135,4303.5849609375,0.0,0.0,0.9140163064002991
2560,72.50804783360095,2776.35107421875,0.0,0.0,0.9139804840087891
2561,60.8801264770213,1787.2998046875,0.0,0.0,0.9139190316200256
2562,67.17105260921723,2599.83984375,0.0,0.0,0.9139062762260437
2563,74.93364013161208,3308.357421875,0.0,0.0,0.9138889908790588
2564,90.39902871300336,5285.740234375,0.0,0.0,0.9138559699058533
2565,87.15255223888015,4723.1142578125,0.0,0.0,0.9138219356536865
2566,75.08879270273754,3412.498779296875,0.0,0.0,0.9137910008430481
2567,117.44112869570057,8907.4375,0.0,0.0,0.913746178150177
2568,93.21058020744964,5599.72705078125,0.0,0.0,0.9137195944786072
2569,38.14363277641984,-57.050350189208984,0.0,0.0,0.9137200713157654
2570,74.078393999103,3872.61962890625,0.0,0.0,0.9137360453605652
2571,106.90576401306672,8152.4443359375,0.0,0.0,0.913750171661377
2572,245.87483828324508,38968.125,0.0,0.0,0.913804292678833
2573,75.46034905485058,3341.646728515625,0.0,0.0,0.9138226509094238
2574,82.88593032148053,3875.6787109375,0.0,0.0,0.9138169288635254
2575,265.78974661694366,45409.1484375,0.0,0.0,0.9138323664665222
2576,242.17145712815267,34942.421875,0.0,0.0,0.9138351082801819
2577,276.6355293690287,48539.01171875,0.0,0.0,0.9138601422309875
2578,253.192011891222,39693.86328125,0.0,0.0,0.9139019846916199
2579,251.37186155450928,40545.921875,0.0,0.0,0.9139490723609924
2580,285.3397811155442,45958.15625,0.0,0.0,0.9139223098754883
2581,266.55896571135645,43805.859375,0.0,0.0,0.9138882160186768
2582,258.1007866497223,40141.18359375,0.0,0.0,0.913853645324707
2583,273.7773869609277,45151.8984375,0.0,0.0,0.913788378238678
2584,263.70847591651324,43447.80078125,0.0,0.0,0.91374272108078
2585,291.74204528018606,49868.6796875,0.0,0.0,0.9136319160461426
2586,278.81163197864635,45312.890625,0.0,0.0,0.9134817719459534
2587,243.4387141161059,35684.0234375,0.0,0.0,0.9133217930793762
2588,281.85501640198316,47056.5234375,0.0,0.0,0.9131617546081543
2589,283.6776091375692,51436.00390625,0.0,0.0,0.913054883480072
2590,266.4102062637552,41478.7109375,0.0,0.0,0.9129226803779602
2591,281.68130215480807,48996.5546875,0.0,0.0,0.9128081202507019
2592,292.405700200221,52648.2265625,0.0,0.0,0.9127139449119568
2593,253.93866252040425,39719.80078125,0.0,0.0,0.9126381278038025
2594,266.3698533213224,42700.81640625,0.0,0.0,0.9125489592552185
2595,259.6466161676476,45259.8984375,0.0,0.0,0.9125292897224426
2596,300.21876014660324,54637.18359375,0.0,0.0,0.9125155806541443
2597,278.14925940986296,46386.9375,0.0,0.0,0.9125000834465027
2598,246.31730064678578,36232.09765625,0.0,0.0,0.9124687314033508
2599,263.64083880260273,41303.2421875,0.0,0.0,0.9124190807342529
2600,258.8398465785942,39004.11328125,0.0,0.0,0.9123461842536926
2601,282.8751264688161,46838.3046875,0.0,0.0,0.9122526049613953
2602,264.5258667869793,43734.89453125,0.0,0.0,0.9121761322021484
2603,294.0997916676824,51481.8671875,0.0,0.0,0.9120915532112122
2604,291.5534297748049,51121.78125,0.0,0.0,0.9119990468025208
2605,260.6718264498034,42228.5078125,0.0,0.0,0.9119343757629395
2606,276.8934478930828,44590.8359375,0.0,0.0,0.911858856678009
2607,281.5633491777259,46018.9921875,0.0,0.0,0.9117388129234314
2608,266.40204246687455,43370.15234375,0.0,0.0,0.911633312702179
2609,246.6661532695584,37966.046875,0.0,0.0,0.9115690588951111
2610,277.30387323226597,46639.24609375,0.0,0.0,0.9115166664123535
2611,278.67608424657016,46427.91796875,0.0,0.0,0.9114653468132019
2612,236.494187966188,31734.330078125,0.0,0.0,0.9113726615905762
2613,243.37609342678033,36724.94140625,0.0,0.0,0.9113146662712097
2614,235.52298721975384,34998.1640625,0.0,0.0,0.9113243222236633
2615,273.5988779549172,46761.96484375,0.0,0.0,0.9113432765007019
2616,265.3011312001871,43751.3828125,0.0,0.0,0.9113511443138123
2617,234.02510663633944,32617.23046875,0.0,0.0,0.9113588333129883
2618,269.88396029111783,43818.08984375,0.0,0.0,0.9113467335700989
2619,270.8840556395353,42192.875,0.0,0.0,0.9112798571586609
2620,280.59864908927466,48638.87890625,0.0,0.0,0.9112333655357361
2621,254.9420109564171,36770.0703125,0.0,0.0,0.9111295342445374
2622,246.4105939049164,36760.3359375,0.0,0.0,0.9110379219055176
2623,261.9228395342247,43017.51953125,0.0,0.0,0.9109894633293152
2624,261.9154737654469,41126.046875,0.0,0.0,0.9109452366828918
2625,292.4290721406763,50059.7734375,0.0,0.0,0.9108863472938538
2626,259.9503656812998,42941.8203125,0.0,0.0,0.9108340740203857
2627,244.06310754965386,37636.86328125,0.0,0.0,0.910830557346344
2628,260.79104179250874,41974.671875,0.0,0.0,0.9108472466468811
2629,271.7345742478273,41851.44921875,0.0,0.0,0.9108055233955383
2630,273.49775460767415,45180.37890625,0.0,0.0,0.910772979259491
2631,240.94105799541,36188.0390625,0.0,0.0,0.9107677340507507
2632,271.2833792320152,44536.0625,0.0,0.0,0.9107730388641357
2633,262.48228965831936,40902.921875,0.0,0.0,0.910775363445282
2634,259.6226636463004,39244.54296875,0.0,0.0,0.9107509255409241
2635,243.68632384750003,36621.328125,0.0,0.0,0.9107607007026672
2636,259.13150479295354,42361.10546875,0.0,0.0,0.910808265209198
2637,262.5676927393989,41723.03125,0.0,0.0,0.9108572006225586
2638,232.22827478038326,30275.470703125,0.0,0.0,0.9108372330665588
2639,241.23921255592387,34845.328125,0.0,0.0,0.9107956886291504
2640,249.96695161748568,38629.828125,0.0,0.0,0.9107678532600403
2641,238.36678993648144,34366.77734375,0.0,0.0,0.910755455493927
2642,262.15286672191905,41517.984375,0.0,0.0,0.9107449054718018
2643,254.3464048111454,37790.80859375,0.0,0.0,0.9107108116149902
2644,243.8534616169747,34335.0078125,0.0,0.0,0.9106550812721252
2645,243.78504564793937,35216.296875,0.0,0.0,0.910599946975708
2646,244.15179777767912,35205.81640625,0.0,0.0,0.9105121493339539
2647,237.2871600591673,34150.01171875,0.0,0.0,0.9104468822479248
2648,245.4387385251566,36643.65234375,0.0,0.0,0.9103987216949463
2649,254.69219270427632,39822.5078125,0.0,0.0,0.9103755950927734
2650,226.06967742377537,30367.5859375,0.0,0.0,0.9103502631187439
2651,241.4280824523503,33759.59375,0.0,0.0,0.9102837443351746
2652,257.4840144679287,41055.53125,0.0,0.0,0.9102578163146973
2653,279.6955622341753,46982.44921875,0.0,0.0,0.910230815410614
2654,245.5385659735754,35444.81640625,0.0,0.0,0.9101902842521667
2655,233.80185401920008,30571.314453125,0.0,0.0,0.9100993275642395
2656,252.15036775895,35131.79296875,0.0,0.0,0.9099331498146057
2657,227.02632837297008,29206.984375,0.0,0.0,0.909733235836029
2658,259.13101416389367,43760.78125,0.0,0.0,0.9096313118934631
2659,289.64400738003224,50591.85546875,0.0,0.0,0.9095527529716492
2660,233.4060067574521,31226.71875,0.0,0.0,0.9094371795654297
2661,262.03809844750486,43871.7890625,0.0,0.0,0.9093673825263977
2662,261.4272345537513,41103.6484375,0.0,0.0,0.9092817306518555
2663,229.65650783135874,32371.078125,0.0,0.0,0.9092144966125488
2664,236.60809388340152,33576.7734375,0.0,0.0,0.9091532230377197
2665,141.82270637096605,14406.5498046875,0.0,0.0,0.9091434478759766
2666,236.2097848195405,32857.0625,0.0,0.0,0.9091012477874756
2667,243.524757204366,35706.58203125,0.0,0.0,0.9090613722801208
2668,249.49885072003428,36919.0859375,0.0,0.0,0.9089743494987488
2669,241.89843314457335,36820.5859375,0.0,0.0,0.9089521765708923
2670,231.31388631851098,30866.392578125,0.0,0.0,0.9088962078094482
2671,244.89644344260256,35347.3203125,0.0,0.0,0.9088295102119446
2672,243.40425049577723,36258.44921875,0.0,0.0,0.9087813496589661
2673,248.127409943479,35346.36328125,0.0,0.0,0.9086835384368896
2674,247.15621471556915,35745.125,0.0,0.0,0.9085777401924133
2675,252.12237786322146,41914.18359375,0.0,0.0,0.9085204005241394
2676,236.85987936716054,31912.62890625,0.0,0.0,0.9084293246269226
2677,256.10110743961144,38278.15234375,0.0,0.0,0.9083108305931091
2678,246.3480729668962,35766.91796875,0.0,0.0,0.9081767201423645
2679,259.8174942346578,42183.32421875,0.0,0.0,0.9080939292907715
2680,237.68255906467502,32322.9375,0.0,0.0,0.9079787135124207
2681,257.9305792207925,39714.0625,0.0,0.0,0.907876193523407
2682,258.27552175045474,41806.765625,0.0,0.0,0.907811164855957
2683,242.8669191662718,36612.0078125,0.0,0.0,0.9077715873718262
2684,228.4867110497677,31010.15234375,0.0,0.0,0.9077304005622864
2685,225.5929802521729,30338.8671875,0.0,0.0,0.907686173915863
2686,259.55922644802024,38558.4296875,0.0,0.0,0.907588541507721
2687,252.80176623624425,36446.125,0.0,0.0,0.9074697494506836
2688,279.38375805106597,49533.4140625,0.0,0.0,0.907404363155365
2689,255.71276050685827,39694.53125,0.0,0.0,0.9073318839073181
2690,284.2139333699791,47790.859375,0.0,0.0,0.9072628617286682
2691,237.21094378307885,33825.140625,0.0,0.0,0.9072036147117615
2692,227.57570015938737,33560.46875,0.0,0.0,0.9072144627571106
2693,242.042291153768,34334.35546875,0.0,0.0,0.907202959060669
2694,248.029938826763,36646.609375,0.0,0.0,0.907160758972168
2695,246.42246958686582,35597.56640625,0.0,0.0,0.9071076512336731
2696,229.72762757197992,31597.90234375,0.0,0.0,0.9070665240287781
2697,288.7219383133406,51203.93359375,0.0,0.0,0.907066822052002
2698,258.3508425720281,40909.71484375,0.0,0.0,0.9070615172386169
2699,224.39247016272088,30524.513671875,0.0,0.0,0.9070760607719421
2700,255.16140773387775,38455.76171875,0.0,0.0,0.9070838093757629
2701,235.0242761572168,33703.83203125,0.0,0.0,0.907109260559082
2702,256.0732281108933,41781.6171875,0.0,0.0,0.907193124294281
2703,230.4680160691351,31543.45703125,0.0,0.0,0.9072702527046204
2704,234.08189616993664,33022.265625,0.0,0.0,0.9073464274406433
2705,232.5752783241975,33524.1171875,0.0,0.0,0.9074388146400452
2706,248.79275769672122,36192.10546875,0.0,0.0,0.9075124859809875
2707,251.08719733866337,37527.6171875,0.0,0.0,0.9075872302055359
2708,231.8823211119745,31602.591796875,0.0,0.0,0.9076554179191589
2709,242.70251066250728,34721.5390625,0.0,0.0,0.9077064394950867
2710,253.27523245988465,38230.91796875,0.0,0.0,0.9077589511871338
2711,234.65390821528544,33139.76171875,0.0,0.0,0.9078152179718018
2712,266.1885326339423,41375.76953125,0.0,0.0,0.907818615436554
2713,225.7379054400145,30657.15625,0.0,0.0,0.9078282713890076
2714,237.02596024614675,33241.59375,0.0,0.0,0.9078409671783447
2715,231.00502443009907,31266.498046875,0.0,0.0,0.9078384041786194
2716,253.63060577303253,36531.60546875,0.0,0.0,0.9077902436256409
2717,244.96855180351653,37502.94921875,0.0,0.0,0.9077622890472412
2718,248.20972932578823,38278.171875,0.0,0.0,0.9077785015106201
2719,235.95702623898674,32929.6796875,0.0,0.0,0.9077057838439941
2720,268.75254071591706,43382.74609375,0.0,0.0,0.9076413512229919
2721,236.15483877400965,31301.79296875,0.0,0.0,0.907538890838623
2722,269.57721904017905,43123.33984375,0.0,0.0,0.9074285626411438
2723,239.86012297823876,35749.83203125,0.0,0.0,0.9073490500450134
2724,145.69666341922374,12982.1357421875,0.0,0.0,0.9072229862213135
2725,135.79980751771572,11692.0234375,0.0,0.0,0.9070701003074646
2726,152.06987673968612,14986.1826171875,0.0,0.0,0.9068693518638611
2727,268.9961743418919,41248.69140625,0.0,0.0,0.9066567420959473
2728,248.8126278434904,35732.44140625,0.0,0.0,0.9064456820487976
2729,248.23172555306323,37001.390625,0.0,0.0,0.9062539935112
2730,263.23286096603323,41884.10546875,0.0,0.0,0.9060884118080139
2731,247.00139066253848,34859.20703125,0.0,0.0,0.9058970808982849
2732,149.7111153931935,15286.21875,0.0,0.0,0.9057682156562805
2733,165.43798646676782,18207.841796875,0.0,0.0,0.9056353569030762
2734,261.4113124456608,40357.52734375,0.0,0.0,0.9054866433143616
2735,149.40422399996277,15742.2578125,0.0,0.0,0.9053769707679749
2736,83.85022290115762,4916.318359375,0.0,0.0,0.9052846431732178
2737,248.26829827076216,35124.6875,0.0,0.0,0.9051547646522522
2738,124.38465620808778,10722.193359375,0.0,0.0,0.9050695300102234
2739,105.09773449725013,8151.65771484375,0.0,0.0,0.9050300717353821
2740,105.96744953721903,7762.16015625,0.0,0.0,0.9050207138061523
2741,116.20396638851739,9248.3232421875,0.0,0.0,0.9050180315971375
2742,113.11627619257904,8288.9775390625,0.0,0.0,0.9049971103668213
2743,283.6465022632091,48940.3359375,0.0,0.0,0.9049749970436096
2744,115.05800356734949,9025.11328125,0.0,0.0,0.904986560344696
2745,137.0993525056732,12262.7255859375,0.0,0.0,0.9049814343452454
2746,153.91431431785549,16798.970703125,0.0,0.0,0.9049954414367676
2747,79.71389086789607,4029.79345703125,0.0,0.0,0.9050140380859375
2748,100.15534754755274,7325.1943359375,0.0,0.0,0.9050829410552979
2749,276.78659449065213,46497.94140625,0.0,0.0,0.9051373600959778
2750,119.59181371739119,9611.353515625,0.0,0.0,0.9051927924156189
2751,108.88331487849428,6952.5888671875,0.0,0.0,0.9051722884178162
2752,99.76143920896152,6240.47265625,0.0,0.0,0.9051051735877991
2753,92.08571605404916,5151.03466796875,0.0,0.0,0.9050208926200867
2754,88.18939454190323,5240.3447265625,0.0,0.0,0.9049579501152039
2755,92.68037211803527,5622.15283203125,0.0,0.0,0.9049002528190613
2756,64.51722660635129,2515.462158203125,0.0,0.0,0.904899537563324
2757,133.2718132542027,12405.7890625,0.0,0.0,0.9049368500709534
2758,122.6907956349528,10128.57421875,0.0,0.0,0.9049713015556335
2759,151.81251743475053,15402.6748046875,0.0,0.0,0.904987633228302
2760,79.68363485210894,3861.597900390625,0.0,0.0,0.9050013422966003
2761,129.59934148204337,11126.0849609375,0.0,0.0,0.9049692749977112
2762,104.52360548191754,7471.00732421875,0.0,0.0,0.9049718379974365
2763,122.92280935477903,11483.3369140625,0.0,0.0,0.9049952626228333
2764,119.33395948677655,10671.74609375,0.0,0.0,0.9051136374473572
2765,246.5396405334759,35241.20703125,0.0,0.0,0.9051709175109863
2766,117.11386238454718,9552.37890625,0.0,0.0,0.9052150845527649
2767,255.27696994187832,42597.8203125,0.0,0.0,0.905287504196167
2768,117.8072485671575,8648.833984375,0.0,0.0,0.9053215980529785
2769,88.86154675420813,5121.67431640625,0.0,0.0,0.9053470492362976
2770,131.47994859739248,11616.6689453125,0.0,0.0,0.9053835868835449
2771,286.35510872238194,47783.28515625,0.0,0.0,0.9053576588630676
2772,288.9854104224203,49576.39453125,0.0,0.0,0.9053359031677246
2773,126.33613940832392,10994.955078125,0.0,0.0,0.9053276181221008
2774,98.92769954440246,7355.2392578125,0.0,0.0,0.905353307723999
2775,102.01884812186495,7362.64404296875,0.0,0.0,0.9054169654846191
2776,140.84112651805174,14107.396484375,0.0,0.0,0.9054892659187317
2777,297.42152314748165,53984.17578125,0.0,0.0,0.9055494666099548
2778,245.6356203335631,36774.2890625,0.0,0.0,0.9056383967399597
2779,165.67967020936564,17021.021484375,0.0,0.0,0.9056795239448547
2780,284.43139820129886,50520.2421875,0.0,0.0,0.9057390093803406
2781,136.5431913596947,12492.4970703125,0.0,0.0,0.9057884812355042
2782,280.7542389246709,48097.125,0.0,0.0,0.9058238863945007
2783,149.46417195329582,15457.6982421875,0.0,0.0,0.9058651924133301
2784,80.05788736870086,3634.73486328125,0.0,0.0,0.905810534954071
2785,131.88801043765724,11257.919921875,0.0,0.0,0.9056959748268127
2786,297.91053465188514,54700.375,0.0,0.0,0.9056035876274109
2787,270.6354795003203,44991.6953125,0.0,0.0,0.9055149555206299
2788,124.22472575587813,10564.568359375,0.0,0.0,0.9054124355316162
2789,105.92406095032928,7482.41015625,0.0,0.0,0.905326783657074
2790,99.50747256727597,7259.859375,0.0,0.0,0.9052937030792236
2791,79.50067961448711,3997.682861328125,0.0,0.0,0.905268132686615
2792,260.54384501115834,42087.359375,0.0,0.0,0.9052518010139465
2793,136.5712442992278,12517.212890625,0.0,0.0,0.9052463173866272
2794,143.08985566466131,13492.5361328125,0.0,0.0,0.9052373766899109
2795,123.58318429701045,9943.7451171875,0.0,0.0,0.9052099585533142
2796,120.78930738137802,9303.9609375,0.0,0.0,0.9051642417907715
2797,116.15926130747272,9790.7861328125,0.0,0.0,0.9051468968391418
2798,88.90406870742795,5883.50244140625,0.0,0.0,0.9052112102508545
2799,105.31465153919997,7148.5458984375,0.0,0.0,0.9052570462226868
2800,73.44098204556394,2724.8857421875,0.0,0.0,0.9052342772483826
2801,82.90009629981725,3985.5908203125,0.0,0.0,0.9051364064216614
2802,66.43054003292835,2569.89453125,0.0,0.0,0.9050798416137695
2803,257.27226618852495,40970.7421875,0.0,0.0,0.9050366282463074
2804,74.22240207730925,3241.061279296875,0.0,0.0,0.905007541179657
2805,73.66398136999884,2908.5634765625,0.0,0.0,0.9049644470214844
2806,135.43069994603255,12759.947265625,0.0,0.0,0.9049282670021057
2807,272.72476419150814,44692.671875,0.0,0.0,0.9048526287078857
2808,269.6350404226123,44033.04296875,0.0,0.0,0.9047444462776184
2809,285.1715462188851,49276.42578125,0.0,0.0,0.9046503901481628
2810,110.07444192132093,8693.57421875,0.0,0.0,0.9045965075492859
2811,150.36290901012023,15138.3486328125,0.0,0.0,0.9045401215553284
2812,141.88991196975746,14165.7060546875,0.0,0.0,0.9045021533966064
2813,104.36002329297557,7051.96630859375,0.0,0.0,0.9044491648674011
2814,130.2788626983127,11065.5166015625,0.0,0.0,0.9043715596199036
2815,91.57135423100358,5890.2998046875,0.0,0.0,0.9043269753456116
2816,94.1575890308086,6019.50146484375,0.0,0.0,0.9042959809303284
2817,112.10129829294473,8887.8544921875,0.0,0.0,0.9043183922767639
2818,279.7596382497173,48221.3515625,0.0,0.0,0.9043503403663635
2819,101.66083489829501,6573.28173828125,0.0,0.0,0.9043614864349365
2820,284.04555605545397,48473.4921875,0.0,0.0,0.904356062412262
2821,110.22224137701737,7927.68798828125,0.0,0.0,0.9043498635292053
2822,274.353547732623,42888.765625,0.0,0.0,0.9043123126029968
2823,277.4262659249021,46741.3046875,0.0,0.0,0.9042959809303284
2824,253.7181625316271,37003.140625,0.0,0.0,0.9042305946350098
2825,253.33579143778348,37030.84765625,0.0,0.0,0.9041399955749512
2826,286.51199816060335,47961.25390625,0.0,0.0,0.9040166735649109
2827,296.13875573217473,53110.1015625,0.0,0.0,0.9039247035980225
2828,284.66104393421233,47855.890625,0.0,0.0,0.9038088917732239
2829,282.84794355616197,47331.62890625,0.0,0.0,0.9036726355552673
2830,276.467626750072,45152.2734375,0.0,0.0,0.9035256505012512
2831,262.8566302709579,40173.15625,0.0,0.0,0.9033563137054443
2832,277.7399193443959,47223.0078125,0.0,0.0,0.903205394744873
2833,269.24680772034844,45601.6015625,0.0,0.0,0.9030898213386536
2834,256.9672420318461,39950.8125,0.0,0.0,0.9029822945594788
2835,270.1175057671338,45174.296875,0.0,0.0,0.9029255509376526
2836,267.97521638811656,46973.72265625,0.0,0.0,0.902944028377533
2837,284.7019217452432,50677.1640625,0.0,0.0,0.9030179381370544
2838,52.993645391346426,1342.955078125,0.0,0.0,0.90313720703125
2839,266.7079770489737,42392.5390625,0.0,0.0,0.9032416343688965
2840,264.1841138719232,42896.8125,0.0,0.0,0.9033449292182922
2841,269.06805782068636,45455.86328125,0.0,0.0,0.9034482836723328
2842,267.4623941434472,43791.51953125,0.0,0.0,0.9035707116127014
2843,262.5774708089483,41638.1953125,0.0,0.0,0.9036991596221924
2844,260.44643339508036,40328.41015625,0.0,0.0,0.9038063883781433
2845,258.84128313872617,39387.94140625,0.0,0.0,0.9038958549499512
2846,242.19260701072056,34580.6015625,0.0,0.0,0.9039776921272278
2847,243.2111117196025,34640.0625,0.0,0.0,0.9040458798408508
2848,258.7339517554594,40081.421875,0.0,0.0,0.9041019082069397
2849,266.9604189188547,41849.7109375,0.0,0.0,0.9041373133659363
2850,257.1372767426784,39977.04296875,0.0,0.0,0.9041756987571716
2851,241.92992779588408,35819.44140625,0.0,0.0,0.9042248129844666
2852,240.92322612003835,35862.7578125,0.0,0.0,0.9043011665344238
2853,242.6845212232328,34045.83203125,0.0,0.0,0.904346764087677
2854,245.41382926727812,36453.48046875,0.0,0.0,0.9044021964073181
2855,250.66273728110335,38377.8515625,0.0,0.0,0.9044645428657532
2856,244.99243574361208,36296.625,0.0,0.0,0.9045327305793762
2857,248.41305680107303,37267.8828125,0.0,0.0,0.9046050906181335
2858,245.53357427861943,37230.71875,0.0,0.0,0.9046993255615234
2859,247.70979661616929,39409.4296875,0.0,0.0,0.9048399925231934
2860,244.2410096872021,36466.07421875,0.0,0.0,0.9049844741821289
2861,231.32985008476527,30829.130859375,0.0,0.0,0.9050686359405518
2862,244.37445252201636,36157.6484375,0.0,0.0,0.9051535129547119
2863,227.7609702112161,31176.49609375,0.0,0.0,0.9052391648292542
2864,235.80216632123003,34735.94140625,0.0,0.0,0.9053449630737305
2865,233.54300097084936,33126.11328125,0.0,0.0,0.9054536819458008
2866,245.13059124122847,35580.79296875,0.0,0.0,0.9055430889129639
2867,235.11192193447863,32658.54296875,0.0,0.0,0.9056161046028137
2868,231.58446899754264,31775.515625,0.0,0.0,0.9056697487831116
2869,217.1451860653188,30559.041015625,0.0,0.0,0.9057657122612
2870,231.23583881895328,29675.787109375,0.0,0.0,0.9058132171630859
2871,244.21397659691112,35491.8515625,0.0,0.0,0.9058544039726257
2872,233.58371834445038,33338.63671875,0.0,0.0,0.9059066772460938
2873,231.06018411249138,34126.07421875,0.0,0.0,0.9059877395629883
2874,225.7024990360569,29993.55859375,0.0,0.0,0.9060564041137695
2875,235.82965515266903,31712.109375,0.0,0.0,0.9060754776000977
2876,238.36550510907662,34489.2109375,0.0,0.0,0.9061000943183899
2877,230.02810784733117,31341.962890625,0.0,0.0,0.906123697757721
2878,230.05565706336387,32127.435546875,0.0,0.0,0.9061611294746399
2879,237.73930572644244,34981.1171875,0.0,0.0,0.9062223434448242
2880,252.93744053306173,39589.23828125,0.0,0.0,0.9062994122505188
2881,231.7813129281906,30695.337890625,0.0,0.0,0.9063388705253601
2882,231.0397091601915,29580.328125,0.0,0.0,0.9063047766685486
2883,225.17690437518937,30730.400390625,0.0,0.0,0.9062831997871399
2884,230.28737425167748,31140.609375,0.0,0.0,0.9062557220458984
2885,222.51543479262105,31231.720703125,0.0,0.0,0.9062933921813965
2886,231.78189128756432,31402.78515625,0.0,0.0,0.9063175320625305
2887,235.83116616418172,32713.5390625,0.0,0.0,0.9063353538513184
2888,234.41466481479333,31302.86328125,0.0,0.0,0.9063230156898499
2889,233.38429900660813,32960.21875,0.0,0.0,0.9063336253166199
2890,238.3194677216822,34066.171875,0.0,0.0,0.9063510894775391
2891,234.60468070625006,33122.71484375,0.0,0.0,0.9063780307769775
2892,231.98616288712623,32174.984375,0.0,0.0,0.9064076542854309
2893,233.60785209958547,31758.50390625,0.0,0.0,0.9064295887947083
2894,242.47773471472954,34836.625,0.0,0.0,0.9064475893974304
2895,233.95693969734424,32331.341796875,0.0,0.0,0.9064661860466003
2896,223.39644330249408,30062.7890625,0.0,0.0,0.9064991474151611
2897,229.43431682609216,32528.47265625,0.0,0.0,0.9065587520599365
2898,246.064883557056,36010.421875,0.0,0.0,0.9066223502159119
2899,234.2156435707228,32370.833984375,0.0,0.0,0.9066803455352783
2900,232.28718392214122,32299.98828125,0.0,0.0,0.9067406058311462
2901,229.53297298223742,33268.328125,0.0,0.0,0.9068437218666077
2902,239.50832744815781,32334.884765625,0.0,0.0,0.9068713188171387
2903,233.72627886881796,31660.14453125,0.0,0.0,0.906883955001831
2904,241.29615519481317,35501.0859375,0.0,0.0,0.9069132208824158
2905,232.71936860200975,32986.91796875,0.0,0.0,0.9069693684577942
2906,227.78290882160528,30916.83984375,0.0,0.0,0.9070215821266174
2907,236.43846396272616,33409.546875,0.0,0.0,0.9070692658424377
2908,242.79489441766717,34000.171875,0.0,0.0,0.9070804715156555
2909,225.37375255400525,28693.6171875,0.0,0.0,0.9070518612861633
2910,239.52524334881645,34085.33984375,0.0,0.0,0.9070239067077637
2911,238.708099901752,33251.296875,0.0,0.0,0.9069841504096985
2912,239.04934467276297,32879.94921875,0.0,0.0,0.9068968892097473
2913,240.78246349417864,33470.94921875,0.0,0.0,0.9067911505699158
2914,244.45266014703904,32852.6484375,0.0,0.0,0.9066047668457031
2915,259.029088408144,41060.29296875,0.0,0.0,0.9064695239067078
2916,231.35523880280718,31671.98046875,0.0,0.0,0.906344473361969
2917,244.37179415462126,35067.2421875,0.0,0.0,0.9062150120735168
2918,259.4264695587058,41045.69140625,0.0,0.0,0.9061131477355957
2919,237.8011680520436,33982.1953125,0.0,0.0,0.906025230884552
2920,244.16241964978713,33965.0078125,0.0,0.0,0.9059155583381653
2921,242.3926812634256,33858.640625,0.0,0.0,0.9057926535606384
2922,248.22976731273275,36821.75390625,0.0,0.0,0.9056875109672546
2923,247.13887538022917,38362.578125,0.0,0.0,0.9056422710418701
2924,250.33961484844562,35681.30078125,0.0,0.0,0.9055677056312561
2925,241.0440583065403,33885.203125,0.0,0.0,0.9054662585258484
2926,233.37695640540215,31151.8515625,0.0,0.0,0.9053469300270081
2927,253.01168639482506,35272.2421875,0.0,0.0,0.9051908850669861
2928,261.49513711902716,42767.359375,0.0,0.0,0.9050905704498291
2929,237.4785170735939,34536.73046875,0.0,0.0,0.9050107002258301
2930,251.11562010370528,37337.30078125,0.0,0.0,0.9049291610717773
2931,236.22611747876323,34134.69140625,0.0,0.0,0.9048829674720764
2932,237.15612264487447,35257.88671875,0.0,0.0,0.9048891663551331
2933,245.81110810698524,36979.86328125,0.0,0.0,0.9049460291862488
2934,246.1197408113121,36111.26171875,0.0,0.0,0.9049995541572571
2935,237.76535133343188,33462.02734375,0.0,0.0,0.9050517082214355
2936,265.4231910484821,43194.796875,0.0,0.0,0.9051108360290527
2937,255.8312348179162,38075.34375,0.0,0.0,0.9051423072814941
2938,238.27259287050092,33536.89453125,0.0,0.0,0.9051620364189148
2939,232.37390221469911,32101.931640625,0.0,0.0,0.9051802158355713
2940,243.21342922899115,34334.96875,0.0,0.0,0.9051769375801086
2941,250.36630247299533,37687.3828125,0.0,0.0,0.9051739573478699
2942,260.56608997143485,42946.3203125,0.0,0.0,0.90519118309021
2943,233.1092441032838,31828.916015625,0.0,0.0,0.905195951461792
2944,253.3173520937549,39314.171875,0.0,0.0,0.9052249789237976
2945,247.41070550582876,38211.79296875,0.0,0.0,0.905279815196991
2946,243.31364179404957,34456.12109375,0.0,0.0,0.9053210616111755
2947,257.8207317430661,38958.0859375,0.0,0.0,0.9053296446800232
2948,264.2276033248826,43085.98046875,0.0,0.0,0.9053497314453125
2949,271.39619021603977,45875.26953125,0.0,0.0,0.9054189324378967
2950,272.30434523633636,46888.0625,0.0,0.0,0.9055382609367371
2951,236.89619102836227,35429.875,0.0,0.0,0.9056355953216553
2952,238.5998077998885,36207.6484375,0.0,0.0,0.9057866930961609
2953,287.79665538743467,49448.45703125,0.0,0.0,0.9059171676635742
2954,255.92003401841467,40837.421875,0.0,0.0,0.9060530066490173
2955,259.7920226772879,40365.75390625,0.0,0.0,0.9061824679374695
2956,265.37268400245546,44030.40234375,0.0,0.0,0.9063307642936707
2957,267.2121150414014,43262.32421875,0.0,0.0,0.9064684510231018
2958,253.53848192953117,39582.43359375,0.0,0.0,0.9065945148468018
2959,267.904844016359,41418.78515625,0.0,0.0,0.9066324234008789
2960,261.5943484323406,41972.9765625,0.0,0.0,0.9066801071166992
2961,267.3183322635705,44931.54296875,0.0,0.0,0.9067308306694031
2962,271.89834387551775,46105.109375,0.0,0.0,0.9067881107330322
2963,282.2207653047741,48368.5625,0.0,0.0,0.9068537354469299
2964,265.247300455959,40661.53515625,0.0,0.0,0.9068776965141296
2965,275.67606060006864,44794.33984375,0.0,0.0,0.9068787097930908
2966,275.5291141659501,48000.1171875,0.0,0.0,0.9069092869758606
2967,280.202942744902,47383.90234375,0.0,0.0,0.9069522023200989
2968,252.8886050559547,38316.89453125,0.0,0.0,0.9069876074790955
2969,279.2545545105109,45944.50390625,0.0,0.0,0.906999409198761
2970,256.2254231336644,39271.14453125,0.0,0.0,0.9070021510124207
2971,281.8367115739256,46602.16015625,0.0,0.0,0.906976044178009
2972,293.9166237835553,51809.3671875,0.0,0.0,0.9069555401802063
2973,291.8074211984572,50325.23046875,0.0,0.0,0.9069128036499023
2974,270.7925584693457,48092.46875,0.0,0.0,0.9069468379020691
2975,272.7854355593791,46258.8828125,0.0,0.0,0.90699702501297
2976,104.895435041144,7450.6279296875,0.0,0.0,0.906958818435669
2977,299.6281325641623,56814.33203125,0.0,0.0,0.9069746136665344
2978,281.20321920155465,47736.9140625,0.0,0.0,0.9069743156433105
2979,295.751373900848,51237.06640625,0.0,0.0,0.9069107174873352
2980,290.0694942639118,49787.76171875,0.0,0.0,0.9068560600280762
2981,303.24418249038087,55156.265625,0.0,0.0,0.9068097472190857
2982,132.9400618229661,11897.3359375,0.0,0.0,0.9067502021789551
2983,313.69321464640245,55495.4609375,0.0,0.0,0.9066449999809265
2984,309.09341303531045,57945.05078125,0.0,0.0,0.9065473079681396
2985,145.13193078553388,14177.5400390625,0.0,0.0,0.9064431190490723
2986,33.22279689813886,-504.7330322265625,0.0,0.0,0.9063277840614319
2987,334.8074507734142,62002.82421875,0.0,0.0,0.9061746597290039
2988,272.3175742544045,43796.8203125,0.0,0.0,0.9060052037239075
2989,318.22444113121287,59446.6640625,0.0,0.0,0.9058550000190735
2990,292.74303682737525,52179.0390625,0.0,0.0,0.9057219624519348
2991,101.73342366563426,6464.83740234375,0.0,0.0,0.9055827260017395
2992,289.2350413954991,51945.30859375,0.0,0.0,0.9054544568061829
2993,283.95348533693044,49242.578125,0.0,0.0,0.9053414463996887
2994,129.7352401016862,12307.5361328125,0.0,0.0,0.9052643179893494
2995,290.7691238730704,49360.23828125,0.0,0.0,0.9051504731178284
2996,153.01098360271652,17522.986328125,0.0,0.0,0.9051260948181152
2997,287.95012930641866,49897.6796875,0.0,0.0,0.9050833582878113
2998,271.397480585217,46808.3203125,0.0,0.0,0.9050424695014954
2999,280.5659141609184,46509.734375,0.0,0.0,0.9049906134605408
3000,292.5343633527493,50231.0234375,0.0,0.0,0.9049122929573059
3001,80.45923474285922,3331.25634765625,0.0,0.0,0.9047883152961731
3002,355.4805763361767,74057.1640625,0.0,0.0,0.9046981930732727
3003,281.3152219050814,48185.5234375,0.0,0.0,0.9046064019203186
3004,291.5698294745567,50416.1953125,0.0,0.0,0.9045012593269348
3005,284.82250933628603,52060.42578125,0.0,0.0,0.9044546484947205
3006,108.83650221831458,9728.1083984375,0.0,0.0,0.9044721126556396
3007,284.0173801349625,51270.484375,0.0,0.0,0.9045221209526062
3008,296.38961926266865,52151.75,0.0,0.0,0.9045327305793762
3009,117.03094996522597,9468.4599609375,0.0,0.0,0.9045435786247253
3010,313.9358328322372,58845.74609375,0.0,0.0,0.9045602679252625
3011,324.2548158549362,62677.703125,0.0,0.0,0.9045746922492981
3012,278.78589923088185,47370.0390625,0.0,0.0,0.9045738577842712
3013,312.54269803759615,57068.4296875,0.0,0.0,0.904532253742218
3014,279.8071009360821,46459.5,0.0,0.0,0.9044707417488098
3015,283.0326563237354,51528.6640625,0.0,0.0,0.9044625163078308
3016,172.2375631079704,19950.267578125,0.0,0.0,0.9044413566589355
3017,288.6312738684456,49985.83984375,0.0,0.0,0.9044273495674133
3018,300.92489264794455,52518.36328125,0.0,0.0,0.9043847918510437
3019,303.49064893638325,56406.99609375,0.0,0.0,0.9043566584587097
3020,335.19029929345913,66106.75,0.0,0.0,0.9043565392494202
3021,295.02800707885615,51927.66015625,0.0,0.0,0.9043580889701843
3022,271.5647030968522,42756.41015625,0.0,0.0,0.9043369293212891
3023,320.61802471935545,59098.1015625,0.0,0.0,0.9043159484863281
3024,295.139804244614,50934.421875,0.0,0.0,0.904278576374054
3025,271.3085365427592,45783.4609375,0.0,0.0,0.9042618870735168
3026,291.5408184216375,52083.75,0.0,0.0,0.9042900204658508
3027,262.47768886105825,38668.6484375,0.0,0.0,0.904258668422699
3028,261.13595443377625,40287.7109375,0.0,0.0,0.9042012095451355
3029,271.13060709885593,43873.9375,0.0,0.0,0.904151439666748
3030,269.16027982091805,43351.0,0.0,0.0,0.904116153717041
3031,267.1164950129273,43352.4140625,0.0,0.0,0.9041121006011963
3032,259.24634091037564,42515.25,0.0,0.0,0.9041596055030823
3033,284.83994873600903,43479.46875,0.0,0.0,0.904050350189209
3034,280.6979238380957,47138.5234375,0.0,0.0,0.90394526720047
3035,249.8981671522707,36204.3046875,0.0,0.0,0.9038315415382385
3036,290.46666092440034,46801.4375,0.0,0.0,0.9036456942558289
3037,261.31568940630643,40194.8515625,0.0,0.0,0.9034563899040222
3038,291.16137999598936,52715.4375,0.0,0.0,0.9033272862434387
3039,260.6190283585017,40579.23828125,0.0,0.0,0.9032201766967773
3040,261.6721099713826,41479.6171875,0.0,0.0,0.9031319618225098
3041,254.33053507730386,40320.1875,0.0,0.0,0.9030799865722656
3042,303.1840344702068,54388.51171875,0.0,0.0,0.9030277132987976
3043,265.11177494120534,43796.33984375,0.0,0.0,0.9030156135559082
3044,254.1619497420635,36870.57421875,0.0,0.0,0.9029700756072998
3045,289.9624221480105,51258.8203125,0.0,0.0,0.9029636383056641
3046,268.77200637586674,43688.50390625,0.0,0.0,0.9029736518859863
3047,256.06097791645095,40840.1015625,0.0,0.0,0.9029844403266907
3048,272.0632529065008,45651.4296875,0.0,0.0,0.9030271172523499
3049,254.40976485319055,36910.53515625,0.0,0.0,0.9030349850654602
3050,265.6710335719395,43097.03125,0.0,0.0,0.9030213952064514
3051,256.7839767043005,42248.7265625,0.0,0.0,0.903046190738678
3052,269.2626728729383,43782.26171875,0.0,0.0,0.9030835032463074
3053,282.4070177857846,48369.24609375,0.0,0.0,0.9031208157539368
3054,252.92272524176062,37583.34765625,0.0,0.0,0.9031454920768738
3055,258.24896978072314,37602.796875,0.0,0.0,0.9031054377555847
3056,283.768267860077,49240.953125,0.0,0.0,0.9030907154083252
3057,259.2533377790682,41839.7421875,0.0,0.0,0.903111457824707
3058,268.3238039130136,45308.99609375,0.0,0.0,0.9031688570976257
3059,283.17559461372264,47253.4453125,0.0,0.0,0.9032177925109863
3060,265.316103064203,41764.28515625,0.0,0.0,0.9032627940177917
3061,314.05504988742643,56460.296875,0.0,0.0,0.9032862186431885
3062,261.58604092856666,38858.765625,0.0,0.0,0.9032551646232605
3063,290.37604862735344,50759.83984375,0.0,0.0,0.9032363295555115
3064,245.41146201646902,35524.3515625,0.0,0.0,0.9031885266304016
3065,263.668987947247,43005.15625,0.0,0.0,0.9031850695610046
3066,291.7422811511507,54937.09765625,0.0,0.0,0.9032542705535889
3067,272.6329976224282,46644.046875,0.0,0.0,0.9033376574516296
3068,244.82025340970864,36955.4921875,0.0,0.0,0.9034331440925598
3069,298.6177709809335,53370.20703125,0.0,0.0,0.9035291075706482
3070,240.50181110249966,34301.8203125,0.0,0.0,0.9036111831665039
3071,269.85251670289904,41682.109375,0.0,0.0,0.9036498665809631
3072,56.13534354992154,1315.2728271484375,0.0,0.0,0.9036832451820374
3073,264.24318280752124,41825.6796875,0.0,0.0,0.9037184715270996
3074,240.0956344808941,37367.1484375,0.0,0.0,0.9037625193595886
3075,252.75772570576453,43044.06640625,0.0,0.0,0.903872013092041
3076,263.2187979527475,42294.18359375,0.0,0.0,0.9039931297302246
3077,296.46871017428845,50675.71875,0.0,0.0,0.9040800929069519
3078,247.96691706942516,35837.2734375,0.0,0.0,0.9041399359703064
3079,281.33650282957274,46492.27734375,0.0,0.0,0.9041666984558105
3080,236.76639189636276,33523.43359375,0.0,0.0,0.9041938781738281
3081,270.1993958333983,43758.7265625,0.0,0.0,0.90422123670578
3082,270.78507404467325,43720.734375,0.0,0.0,0.9042366147041321
3083,249.7236657791989,37229.6328125,0.0,0.0,0.9042510986328125
3084,251.62741644466905,39321.5390625,0.0,0.0,0.9042614102363586
3085,263.074080594612,42821.40625,0.0,0.0,0.9042930603027344
3086,254.36674531274622,39230.58984375,0.0,0.0,0.9043285250663757
3087,283.2299073948616,47351.55859375,0.0,0.0,0.9043352603912354
3088,22.968851709896075,-930.761962890625,0.0,0.0,0.9043474197387695
3089,261.6541312171805,41383.953125,0.0,0.0,0.9043640494346619
3090,232.71949915701475,31627.498046875,0.0,0.0,0.904354989528656
3091,263.55771234566566,43684.42578125,0.0,0.0,0.9043785929679871
3092,230.89792659216803,32424.279296875,0.0,0.0,0.904407799243927
3093,263.8293360938077,40036.3203125,0.0,0.0,0.904369592666626
3094,271.39264434513666,42166.765625,0.0,0.0,0.9042932987213135
3095,234.11910004336013,32891.09375,0.0,0.0,0.904210090637207
3096,256.9988581687117,40445.77734375,0.0,0.0,0.9041409492492676
3097,253.03229380999338,38999.06640625,0.0,0.0,0.9040873646736145
3098,274.07900320576294,44579.76171875,0.0,0.0,0.9040076732635498
3099,230.83812030225184,32163.318359375,0.0,0.0,0.9039314389228821
3100,270.4750845405784,43445.0,0.0,0.0,0.9038512110710144
3101,260.2521155613279,41091.78515625,0.0,0.0,0.903778076171875
3102,227.5792382644493,31711.037109375,0.0,0.0,0.9037168025970459
3103,246.1437021165867,37571.6796875,0.0,0.0,0.9036803245544434
3104,231.7010191648113,32320.01953125,0.0,0.0,0.9035983085632324
3105,225.0472517760576,29542.693359375,0.0,0.0,0.9035036563873291
3106,262.7437287907798,40833.4765625,0.0,0.0,0.9033991694450378
3107,251.4252631946486,40527.6015625,0.0,0.0,0.9033578038215637
3108,29.570891549873647,-413.37188720703125,0.0,0.0,0.9033710360527039
3109,232.31779815329205,35663.58984375,0.0,0.0,0.9034239649772644
3110,250.2071373851789,37726.29296875,0.0,0.0,0.9034631848335266
3111,243.47679749635304,36700.1875,0.0,0.0,0.9035230278968811
3112,233.7198749277539,32781.921875,0.0,0.0,0.9035706520080566
3113,239.90246189497992,34917.1328125,0.0,0.0,0.903620183467865
3114,261.90433528215635,43255.828125,0.0,0.0,0.9036954045295715
3115,232.142346047974,32445.447265625,0.0,0.0,0.9037378430366516
3116,272.73486481216923,42994.23046875,0.0,0.0,0.9037510752677917
3117,12.679069937861938,-976.6928100585938,0.0,0.0,0.9037726521492004
3118,248.5390584566368,38660.05078125,0.0,0.0,0.9038334488868713
3119,224.82553075884957,30189.978515625,0.0,0.0,0.9038709998130798
3120,261.7130498778201,40181.765625,0.0,0.0,0.9038817286491394
3121,17.38916564362421,-1061.5147705078125,0.0,0.0,0.9038803577423096
3122,258.8261616225459,39537.53125,0.0,0.0,0.9038544297218323
3123,237.58844574669993,32416.0546875,0.0,0.0,0.9037971496582031
3124,251.34632033513606,35878.75,0.0,0.0,0.9036693572998047
3125,285.8601245353522,49735.12109375,0.0,0.0,0.9035776257514954
3126,243.73585910578396,33099.34375,0.0,0.0,0.9034266471862793
3127,238.88880322417313,33509.84375,0.0,0.0,0.9032824635505676
3128,227.83721324913205,30502.611328125,0.0,0.0,0.9031293988227844
3129,54.11919043028071,1165.09765625,0.0,0.0,0.9029843807220459
3130,235.64275496200796,32508.376953125,0.0,0.0,0.9028265476226807
3131,242.9350341933428,33148.046875,0.0,0.0,0.9026492238044739
3132,243.03482902033858,33906.12109375,0.0,0.0,0.9024417996406555
3133,259.4470398479096,39876.6796875,0.0,0.0,0.9022447466850281
3134,18.900767728014294,-1072.7698974609375,0.0,0.0,0.9020469784736633
3135,254.24635366424107,38199.3359375,0.0,0.0,0.901853084564209
3136,235.06294619470097,33210.40625,0.0,0.0,0.9016783833503723
3137,268.86551327842704,45872.2890625,0.0,0.0,0.9015698432922363
3138,245.68097861368338,37270.42578125,0.0,0.0,0.9014886021614075
3139,221.22021062697797,31161.70703125,0.0,0.0,0.9014514088630676
3140,235.40799336239039,30867.046875,0.0,0.0,0.9013826847076416
3141,251.77137927040374,36090.8046875,0.0,0.0,0.9012766480445862
3142,259.38008516524246,42144.85546875,0.0,0.0,0.9012206196784973
3143,249.24164731248675,35575.35546875,0.0,0.0,0.9011327624320984
3144,233.01070069473175,30518.689453125,0.0,0.0,0.9009965062141418
3145,243.52323196345492,34884.41796875,0.0,0.0,0.9008546471595764
3146,246.17136101249002,35511.8515625,0.0,0.0,0.9007188677787781
3147,243.71032752850013,37583.9140625,0.0,0.0,0.9006444811820984
3148,240.8785089590037,34359.359375,0.0,0.0,0.9005722999572754
3149,238.97152360692812,33668.953125,0.0,0.0,0.9004892706871033
3150,226.24557452201228,30099.11328125,0.0,0.0,0.9004089832305908
3151,241.58329494022004,32924.06640625,0.0,0.0,0.900305986404419
3152,240.14054512452947,34922.42578125,0.0,0.0,0.9002146124839783
3153,241.2852895768932,34117.24609375,0.0,0.0,0.9001173377037048
3154,242.68097161809987,34476.22265625,0.0,0.0,0.9000065922737122
3155,236.58986109465744,35176.015625,0.0,0.0,0.8999347686767578
3156,233.2396204548182,32913.8828125,0.0,0.0,0.8998822569847107
3157,230.67221661062314,32307.59765625,0.0,0.0,0.89984130859375
3158,67.07897567067575,2482.668701171875,0.0,0.0,0.8997737765312195
3159,255.1995565331237,35929.1484375,0.0,0.0,0.8996286988258362
3160,236.67998883219536,33741.9453125,0.0,0.0,0.8994993567466736
3161,232.13968818166012,31941.37109375,0.0,0.0,0.8993776440620422
3162,227.83830702475424,31498.845703125,0.0,0.0,0.8992792963981628
3163,242.07692771952662,34681.0546875,0.0,0.0,0.8991827964782715
3164,236.38705606034966,33200.015625,0.0,0.0,0.8990893363952637
3165,255.98551381835168,41972.125,0.0,0.0,0.8990632891654968
3166,229.85607226619007,32715.265625,0.0,0.0,0.8990620970726013
3167,241.15431823866078,33858.26171875,0.0,0.0,0.8990491032600403
3168,246.92452145073628,35523.6796875,0.0,0.0,0.8990171551704407
3169,242.24179750083525,35174.5546875,0.0,0.0,0.8989903330802917
3170,239.00594100241162,34787.64453125,0.0,0.0,0.8989844918251038
3171,243.04096756434072,33742.8125,0.0,0.0,0.8989470601081848
3172,228.11820072298792,32577.275390625,0.0,0.0,0.8989324569702148
3173,233.95610929271234,32330.759765625,0.0,0.0,0.8989071846008301
3174,241.77897097581047,35114.8125,0.0,0.0,0.8988738656044006
3175,242.33147843999342,35595.3203125,0.0,0.0,0.898857057094574
3176,243.13330882110543,38999.97265625,0.0,0.0,0.8988887667655945
3177,236.03401470885194,33549.4453125,0.0,0.0,0.8989296555519104
3178,236.234877988016,32395.744140625,0.0,0.0,0.8989465832710266
3179,231.28169025366293,30837.529296875,0.0,0.0,0.8989360928535461
3180,248.03720401551715,38552.30859375,0.0,0.0,0.8989686369895935
3181,233.37649937507078,32621.740234375,0.0,0.0,0.8989961743354797
3182,235.9124922330055,33305.9453125,0.0,0.0,0.8990244269371033
3183,229.5755994782431,31363.63671875,0.0,0.0,0.8990481495857239
3184,248.72267085457918,37394.12109375,0.0,0.0,0.8990820050239563
3185,237.92151300665287,35071.421875,0.0,0.0,0.8991442322731018
3186,230.49348804688347,30668.294921875,0.0,0.0,0.8991795182228088
3187,238.98579186945665,34870.328125,0.0,0.0,0.8992231488227844
3188,246.95886367274971,37912.5390625,0.0,0.0,0.8992974758148193
3189,230.82060413532747,31544.876953125,0.0,0.0,0.8993635773658752
3190,245.07889664706667,36740.734375,0.0,0.0,0.8994498252868652
3191,227.08011728294457,29872.083984375,0.0,0.0,0.8995177149772644
3192,253.06139800876494,38458.7109375,0.0,0.0,0.8995893597602844
3193,230.3344378354831,32610.306640625,0.0,0.0,0.8996784090995789
3194,240.5652428818998,34283.390625,0.0,0.0,0.8997568488121033
3195,256.85932934066756,41477.42578125,0.0,0.0,0.8998706936836243
3196,250.18654209475235,38397.15625,0.0,0.0,0.8999941349029541
3197,228.1547363966301,29500.828125,0.0,0.0,0.9000774025917053
3198,243.3073198105176,34637.78125,0.0,0.0,0.9001417756080627
3199,247.3264464251681,35692.17578125,0.0,0.0,0.9001877307891846
3200,231.5953472702836,31450.251953125,0.0,0.0,0.9002042412757874
3201,235.15551357339135,33614.16796875,0.0,0.0,0.9002358317375183
3202,240.80137214629733,36379.19140625,0.0,0.0,0.9003065228462219
3203,237.97822247659252,32790.296875,0.0,0.0,0.9003471732139587
3204,250.39043403725728,38157.37109375,0.0,0.0,0.9003967642784119
3205,226.28898689714927,31729.58203125,0.0,0.0,0.90045565366745
3206,238.00738465926455,33678.53515625,0.0,0.0,0.900501549243927
3207,248.8338623852892,36344.546875,0.0,0.0,0.9005367755889893
3208,244.4808801714597,35576.96484375,0.0,0.0,0.9005694389343262
3209,244.40058015365878,35827.4296875,0.0,0.0,0.9006085991859436
3210,237.8982993821965,34591.45703125,0.0,0.0,0.9006638526916504
3211,262.6690182898655,41655.04296875,0.0,0.0,0.900726318359375
3212,258.402524993897,40487.92578125,0.0,0.0,0.9007868766784668
3213,249.4752857265435,37646.17578125,0.0,0.0,0.9008491039276123
3214,244.54674445341644,34712.03125,0.0,0.0,0.90089350938797
3215,258.20776391026203,39112.71875,0.0,0.0,0.900915801525116
3216,237.54588700833304,35481.90625,0.0,0.0,0.9009642601013184
3217,13.630967333816841,-963.4628295898438,0.0,0.0,0.9010280966758728
3218,224.53008414217214,30273.615234375,0.0,0.0,0.9010784029960632
3219,244.1664270402073,34358.4609375,0.0,0.0,0.9010933041572571
3220,223.50349751340755,31221.765625,0.0,0.0,0.9011223316192627
3221,239.75553344455784,33706.14453125,0.0,0.0,0.9011343121528625
3222,233.61363816570108,33189.2578125,0.0,0.0,0.9011406302452087
3223,209.04286378057648,27879.236328125,0.0,0.0,0.9011635184288025
3224,233.77549694733497,32791.10546875,0.0,0.0,0.9011859893798828
3225,233.07365850472652,33088.75390625,0.0,0.0,0.9012166857719421
3226,245.71334036579907,37078.67578125,0.0,0.0,0.9012618064880371
3227,224.3863543607694,29732.103515625,0.0,0.0,0.9012826085090637
3228,235.2359986933364,33440.57421875,0.0,0.0,0.9012977480888367
3229,229.12420740656822,32044.609375,0.0,0.0,0.9013257622718811
3230,219.67639194581798,30041.736328125,0.0,0.0,0.9013622403144836
3231,209.62731601866125,28603.5,0.0,0.0,0.9014448523521423
3232,244.41111845312582,33920.6640625,0.0,0.0,0.9014808535575867
3233,233.73393413870295,31655.62890625,0.0,0.0,0.9014940857887268
3234,218.10696508278215,29078.580078125,0.0,0.0,0.9015122056007385
3235,211.36883089664843,25635.052734375,0.0,0.0,0.9014747142791748
3236,216.16107654877806,28984.626953125,0.0,0.0,0.9014577865600586
3237,220.2114244172744,32075.83203125,0.0,0.0,0.9014826416969299
3238,206.39105498049364,26197.9453125,0.0,0.0,0.90151447057724
3239,225.69120727839956,29047.33203125,0.0,0.0,0.9014995694160461
3240,223.57029588109978,32016.53515625,0.0,0.0,0.9015342593193054
3241,225.75288184454033,32255.08203125,0.0,0.0,0.9016084671020508
3242,240.87846914261667,35403.98046875,0.0,0.0,0.9016930460929871
3243,222.69179115181362,28995.626953125,0.0,0.0,0.9017465710639954
3244,232.5372248769351,31678.736328125,0.0,0.0,0.9017855525016785
3245,234.46171156440883,30714.142578125,0.0,0.0,0.9017707705497742
3246,209.9214021425057,26530.4375,0.0,0.0,0.9017490744590759
3247,229.5504522987338,31608.671875,0.0,0.0,0.9017198085784912
3248,238.86105455357315,33167.20703125,0.0,0.0,0.9016817212104797
3249,229.50480120793037,31207.875,0.0,0.0,0.9016445279121399
3250,244.61438765510002,34580.390625,0.0,0.0,0.9015775322914124
3251,223.8548782444225,31403.5625,0.0,0.0,0.9015375971794128
3252,229.62352790591828,32278.791015625,0.0,0.0,0.9015149474143982
3253,210.33131841643873,26457.10546875,0.0,0.0,0.9014749526977539
3254,227.7311784646335,30466.36328125,0.0,0.0,0.9014124274253845
3255,229.59236313548476,31710.0625,0.0,0.0,0.9013577103614807
3256,223.93217308872977,32009.091796875,0.0,0.0,0.9013388752937317
3257,214.03839189840198,28073.916015625,0.0,0.0,0.9013338088989258
3258,228.94505461558995,30825.677734375,0.0,0.0,0.9013167023658752
3259,209.2884558613529,28803.515625,0.0,0.0,0.9013370871543884
3260,224.2151584923769,29683.9296875,0.0,0.0,0.9013276100158691
3261,208.09105996886362,26720.736328125,0.0,0.0,0.9013192057609558
3262,196.25882807845036,24143.025390625,0.0,0.0,0.901315450668335
3263,216.16867499428156,29161.87109375,0.0,0.0,0.9013333320617676
3264,254.69724892741175,39132.43359375,0.0,0.0,0.9013621211051941
3265,229.0371881448305,31490.66015625,0.0,0.0,0.901385486125946
3266,223.39647939295665,31760.86328125,0.0,0.0,0.9014344215393066
3267,212.62362325524998,29139.4140625,0.0,0.0,0.9015427231788635
3268,230.67473119574728,33299.359375,0.0,0.0,0.9016680717468262
3269,244.0615279598537,33541.23046875,0.0,0.0,0.9017438292503357
3270,227.91055503945336,31455.62109375,0.0,0.0,0.9018070697784424
3271,250.06650797031796,39321.796875,0.0,0.0,0.9019272327423096
3272,214.87999349794413,29997.28125,0.0,0.0,0.9020693898200989
3273,230.03419146160306,30999.359375,0.0,0.0,0.9021751284599304
3274,246.06933629711583,38550.75,0.0,0.0,0.9022984504699707
3275,233.93205665230101,33319.25,0.0,0.0,0.9024147987365723
3276,228.99041278491646,33536.453125,0.0,0.0,0.9025692939758301
3277,222.69463696231816,28360.97265625,0.0,0.0,0.9026613235473633
3278,248.28083387962843,36327.93359375,0.0,0.0,0.9027530550956726
3279,236.17827141533485,34388.14453125,0.0,0.0,0.902851402759552
3280,260.92790253823443,43040.77734375,0.0,0.0,0.9029849171638489
3281,234.84230079344277,33395.24609375,0.0,0.0,0.9030935168266296
3282,251.0374470684499,38931.0546875,0.0,0.0,0.9032045006752014
3283,233.48353302559218,35047.39453125,0.0,0.0,0.9033440947532654
3284,239.0099402778486,34876.02734375,0.0,0.0,0.9034538269042969
3285,238.3336272289025,34017.8203125,0.0,0.0,0.903540313243866
3286,221.36097870623988,30493.216796875,0.0,0.0,0.9036099314689636
3287,221.35228670834712,30238.94921875,0.0,0.0,0.9036672115325928
3288,257.43998178991797,38783.8046875,0.0,0.0,0.9037131667137146
3289,243.0043611315784,35601.625,0.0,0.0,0.9037548899650574
3290,229.130142760771,30790.849609375,0.0,0.0,0.9037569165229797
3291,243.77115353922608,36569.4609375,0.0,0.0,0.9037516117095947
3292,218.83436992948592,28693.521484375,0.0,0.0,0.903725802898407
3293,224.94036863328157,33051.46875,0.0,0.0,0.9037471413612366
3294,224.20450237931934,30407.12109375,0.0,0.0,0.9037518501281738
3295,246.18371142986837,39046.85546875,0.0,0.0,0.9037797451019287
3296,214.3069930060086,28068.228515625,0.0,0.0,0.9037910103797913
3297,248.83337953439627,38389.8203125,0.0,0.0,0.9037757515907288
3298,213.7185107839519,28782.712890625,0.0,0.0,0.9037523865699768
3299,253.51510459148074,38868.42578125,0.0,0.0,0.9037178158760071
3300,239.69661224997967,35015.609375,0.0,0.0,0.9036710262298584
3301,245.03690440436566,36580.203125,0.0,0.0,0.9036094546318054
3302,219.87036952088687,30965.1796875,0.0,0.0,0.9035775065422058
3303,237.70895832264722,36299.3984375,0.0,0.0,0.9035714268684387
3304,209.4854749759749,26006.1796875,0.0,0.0,0.9035264849662781
3305,250.46202973629497,38131.21875,0.0,0.0,0.9034738540649414
3306,263.5944203452473,42795.4921875,0.0,0.0,0.9034321308135986
3307,252.54623078631997,36641.66015625,0.0,0.0,0.9033361077308655
3308,200.301638114753,25409.83203125,0.0,0.0,0.9032298922538757
3309,227.85541323394216,34061.7734375,0.0,0.0,0.9031581878662109
3310,211.45809705534776,28480.26953125,0.0,0.0,0.9030939936637878
3311,221.1145977171346,32352.49609375,0.0,0.0,0.9030595421791077
3312,201.94334969637686,24282.5390625,0.0,0.0,0.9029855132102966
3313,212.3301585810088,29270.03515625,0.0,0.0,0.9029395580291748
3314,215.56475480225316,28064.76171875,0.0,0.0,0.9028725028038025
3315,234.06601578174883,35940.125,0.0,0.0,0.902847945690155
3316,197.05858384996813,26019.046875,0.0,0.0,0.9028556942939758
3317,200.72998408965208,25616.5390625,0.0,0.0,0.9028801321983337
3318,218.12084878074117,30307.708984375,0.0,0.0,0.9029106497764587
3319,228.34643893244527,31899.18359375,0.0,0.0,0.90292888879776
3320,216.98762543773236,28995.564453125,0.0,0.0,0.9028968811035156
3321,211.3876132333312,28686.02734375,0.0,0.0,0.9028615951538086
3322,197.29975585791468,26962.607421875,0.0,0.0,0.9028666615486145
3323,205.23946829052107,26301.5390625,0.0,0.0,0.9028461575508118
3324,207.46967648971966,29104.1015625,0.0,0.0,0.9028627276420593
3325,233.81529595434057,34782.5078125,0.0,0.0,0.9028965830802917
3326,224.63004450085964,32844.90625,0.0,0.0,0.9029297232627869
3327,243.05163909524876,36806.515625,0.0,0.0,0.9029724597930908
3328,220.1543685726918,30352.91015625,0.0,0.0,0.90300053358078
3329,203.14186271100087,24838.99609375,0.0,0.0,0.9029777646064758
3330,225.65672787070469,31071.712890625,0.0,0.0,0.9029207825660706
3331,192.49657218731934,24637.73046875,0.0,0.0,0.9028961062431335
3332,188.99420126449394,24271.439453125,0.0,0.0,0.9028286933898926
3333,240.91303428156164,36075.60546875,0.0,0.0,0.9027740359306335
3334,211.35141605912816,29335.25390625,0.0,0.0,0.9027040600776672
3335,207.25448321503887,28076.052734375,0.0,0.0,0.9026497006416321
3336,212.59251646912136,29198.6953125,0.0,0.0,0.9025754928588867
3337,197.2960034853202,25764.3203125,0.0,0.0,0.902496874332428
3338,253.54952708812837,38087.14453125,0.0,0.0,0.9023609757423401
3339,195.12926075924557,25850.326171875,0.0,0.0,0.9022526741027832
3340,222.0346437035899,35256.453125,0.0,0.0,0.9021921753883362
3341,35.448043654402596,-272.2248229980469,0.0,0.0,0.9021515250205994
3342,20.914461143153122,-1021.4944458007812,0.0,0.0,0.9021368026733398
3343,282.34162966139405,49432.51171875,0.0,0.0,0.9021285176277161
3344,210.70461911942334,29464.80859375,0.0,0.0,0.902134358882904
3345,189.607531972357,23126.0703125,0.0,0.0,0.9021340012550354
3346,229.68597535382037,33602.65625,0.0,0.0,0.9021461606025696
3347,217.4932831131369,30958.1796875,0.0,0.0,0.9021762013435364
3348,218.58156169388428,33846.5546875,0.0,0.0,0.9022479057312012
3349,210.3481300671576,29460.060546875,0.0,0.0,0.9023000597953796
3350,48.525728121705264,573.607666015625,0.0,0.0,0.9023002982139587
3351,222.0923367820708,31409.572265625,0.0,0.0,0.9022870063781738
3352,210.2371043076953,28300.462890625,0.0,0.0,0.9022665619850159
3353,174.3700254381365,19720.55078125,0.0,0.0,0.9022126197814941
3354,196.93443925017982,25940.9375,0.0,0.0,0.90216463804245
3355,199.9501109866737,26585.3125,0.0,0.0,0.9020965695381165
3356,200.29962469565655,25811.26953125,0.0,0.0,0.9020039439201355
3357,17.58533629339263,-1037.612548828125,0.0,0.0,0.901927649974823
3358,175.5745952517334,19105.80078125,0.0,0.0,0.9017996788024902
3359,174.03290469208915,17537.515625,0.0,0.0,0.9016256332397461
3360,231.15508145627626,33169.4296875,0.0,0.0,0.9014666676521301
3361,182.06553599040333,23109.234375,0.0,0.0,0.9013257026672363
3362,158.78351276266,16150.9921875,0.0,0.0,0.9011848568916321
3363,167.78599485024952,16983.92578125,0.0,0.0,0.9010324478149414
3364,202.75655339012198,27666.02734375,0.0,0.0,0.9009304046630859
3365,168.50142695408545,17887.453125,0.0,0.0,0.9008204340934753
3366,169.70648419803743,18280.4765625,0.0,0.0,0.9007063508033752
3367,187.81454175598088,23373.333984375,0.0,0.0,0.9006280303001404
3368,169.18746903114734,17909.123046875,0.0,0.0,0.9005372524261475
3369,185.07554878873444,20481.611328125,0.0,0.0,0.9003958702087402
3370,160.5288390976596,16408.52734375,0.0,0.0,0.9002520442008972
3371,155.6500320397959,16569.48828125,0.0,0.0,0.9001424312591553
3372,179.26092414496188,21108.154296875,0.0,0.0,0.9000632166862488
3373,202.66124193814096,26567.353515625,0.0,0.0,0.9000043869018555
3374,144.52830270469886,13878.310546875,0.0,0.0,0.8999578952789307
3375,168.255147988623,19244.484375,0.0,0.0,0.89993816614151
3376,170.17862955262908,19085.408203125,0.0,0.0,0.8999214172363281
3377,145.71137668894022,14104.2685546875,0.0,0.0,0.8999215960502625
3378,165.8755416922033,17664.76953125,0.0,0.0,0.8999181389808655
3379,201.47332145696367,27455.0234375,0.0,0.0,0.8999480605125427
3380,160.48474437146726,16162.0078125,0.0,0.0,0.8999597430229187
3381,160.1569153287201,17198.201171875,0.0,0.0,0.8999836444854736
3382,136.52613832028737,12943.0576171875,0.0,0.0,0.9000244140625
3383,188.37799596866745,22254.658203125,0.0,0.0,0.9000661969184875
3384,170.02268114489976,19561.6328125,0.0,0.0,0.9001327157020569
3385,142.09039858821723,14287.9189453125,0.0,0.0,0.9002230763435364
3386,158.07262913280627,16365.234375,0.0,0.0,0.9003137946128845
3387,163.6418694626502,17711.708984375,0.0,0.0,0.9004058241844177
3388,145.35694511363846,13186.119140625,0.0,0.0,0.9004583358764648
3389,158.3003151757017,16780.232421875,0.0,0.0,0.9005270004272461
3390,150.36800895635653,14264.6376953125,0.0,0.0,0.9005670547485352
3391,176.5283042378232,20604.822265625,0.0,0.0,0.9006195068359375
3392,182.11713872597605,22495.234375,0.0,0.0,0.9006993174552917
3393,176.95813089860337,20221.810546875,0.0,0.0,0.9007808566093445
3394,151.32996745897844,14977.88671875,0.0,0.0,0.9008500576019287
3395,152.47498872516817,14913.2373046875,0.0,0.0,0.9009053707122803
3396,161.1802608547968,16672.21875,0.0,0.0,0.9009575843811035
3397,145.09988944450643,15330.7470703125,0.0,0.0,0.9010603427886963
3398,158.35754639135408,15955.3203125,0.0,0.0,0.9011440873146057
3399,162.28760330459338,17169.80078125,0.0,0.0,0.9012243151664734
3400,166.81199335523556,18291.234375,0.0,0.0,0.9013059139251709
3401,167.20649250627045,17543.341796875,0.0,0.0,0.9013552665710449
3402,159.39089737856196,16524.94921875,0.0,0.0,0.901404619216919
3403,174.48408474647584,20050.359375,0.0,0.0,0.9014531970024109
3404,153.60653813389774,15200.134765625,0.0,0.0,0.9014888405799866
3405,189.315836473884,22711.59375,0.0,0.0,0.901521623134613
3406,158.7223652807612,16108.169921875,0.0,0.0,0.9015404582023621
3407,171.02472893872869,19045.189453125,0.0,0.0,0.9015824198722839
3408,146.60216122950843,13711.501953125,0.0,0.0,0.9016143679618835
3409,147.00139944362382,14005.2099609375,0.0,0.0,0.9016442894935608
3410,154.64995574197906,15726.220703125,0.0,0.0,0.9016805291175842
3411,144.58405243401046,12796.5908203125,0.0,0.0,0.9016706943511963
3412,149.80041876630116,14558.8701171875,0.0,0.0,0.9016587138175964
3413,158.71125692053894,16093.0654296875,0.0,0.0,0.9016360640525818
3414,171.85970971172497,18657.623046875,0.0,0.0,0.9016122221946716
3415,148.41475715758082,14687.0419921875,0.0,0.0,0.9016057848930359
3416,135.53974309879453,11350.26171875,0.0,0.0,0.9015585780143738
3417,163.21283326180657,17536.81640625,0.0,0.0,0.9015305042266846
3418,135.16439050041916,12915.298828125,0.0,0.0,0.901540219783783
3419,153.5106102486813,14327.498046875,0.0,0.0,0.9015145897865295
3420,167.05336476349672,17155.23828125,0.0,0.0,0.9014520645141602
3421,166.91720197249276,18409.638671875,0.0,0.0,0.9014132022857666
3422,148.4334574038591,13290.6376953125,0.0,0.0,0.9013375639915466
3423,177.31764455030628,19960.998046875,0.0,0.0,0.9012720584869385
3424,133.2583398567039,12377.94140625,0.0,0.0,0.9012587666511536
3425,161.71483134060435,16038.9794921875,0.0,0.0,0.9012207984924316
3426,156.85564089735797,15869.1728515625,0.0,0.0,0.9011812210083008
3427,134.70225980396935,12258.90625,0.0,0.0,0.9011715054512024
3428,154.9183996158689,15971.1669921875,0.0,0.0,0.9011721611022949
3429,164.068291679126,17519.228515625,0.0,0.0,0.9011805653572083
3430,163.85468961321996,17242.41796875,0.0,0.0,0.9011978507041931
3431,168.73504216744047,17890.087890625,0.0,0.0,0.90119868516922
3432,146.01066618303975,12790.22265625,0.0,0.0,0.9011568427085876
3433,172.51877066372805,19554.794921875,0.0,0.0,0.9011403918266296
3434,168.43774018480389,18118.984375,0.0,0.0,0.9011265635490417
3435,140.43731505452683,11594.6474609375,0.0,0.0,0.901049792766571
3436,152.21158088122453,14684.2685546875,0.0,0.0,0.9009721279144287
3437,187.4480209813889,22262.56640625,0.0,0.0,0.9009122848510742
3438,190.3180236614568,22508.4765625,0.0,0.0,0.9008473753929138
3439,161.09328167030833,16914.56640625,0.0,0.0,0.9007909297943115
3440,164.22017548562525,16631.162109375,0.0,0.0,0.9007144570350647
3441,176.43946391860328,21298.619140625,0.0,0.0,0.9006802439689636
3442,136.48347912832546,11460.564453125,0.0,0.0,0.9006171226501465
3443,149.054394150176,14168.9931640625,0.0,0.0,0.9005492329597473
3444,162.86312711880242,16973.1484375,0.0,0.0,0.900490939617157
3445,177.58982573508,20150.265625,0.0,0.0,0.9004502892494202
3446,136.29430095839132,11754.025390625,0.0,0.0,0.9004043936729431
3447,135.27177877476734,11846.9609375,0.0,0.0,0.9003697037696838
3448,129.49548514161208,11630.755859375,0.0,0.0,0.9003767967224121
3449,170.84486831330935,16819.439453125,0.0,0.0,0.9003117084503174
3450,168.39232881591852,17449.744140625,0.0,0.0,0.9002344608306885
3451,149.6884521577534,13124.9794921875,0.0,0.0,0.9000771641731262
3452,184.44015980632753,20594.693359375,0.0,0.0,0.8999233841896057
3453,158.78537476956996,16848.95703125,0.0,0.0,0.8998069763183594
3454,145.56045691498207,14146.7490234375,0.0,0.0,0.8997227549552917
3455,157.29757041969862,15875.685546875,0.0,0.0,0.8996461033821106
3456,148.04519410556915,15194.2353515625,0.0,0.0,0.8996255993843079
3457,148.3834354350036,14152.5302734375,0.0,0.0,0.8996061682701111
3458,158.2942362083376,15862.193359375,0.0,0.0,0.8995859026908875
3459,170.6975041737216,19076.90234375,0.0,0.0,0.8995906710624695
3460,138.19707352593508,11820.6162109375,0.0,0.0,0.8995733261108398
3461,147.79594907448384,15284.845703125,0.0,0.0,0.8995935320854187
3462,144.8786901129853,13526.3046875,0.0,0.0,0.8996147513389587
3463,198.86724207438346,24886.5390625,0.0,0.0,0.8996469974517822
3464,172.65107977862675,19653.5546875,0.0,0.0,0.8996980786323547
3465,165.09231703117968,17399.505859375,0.0,0.0,0.8997476696968079
3466,183.3429167216199,22396.880859375,0.0,0.0,0.8998364806175232
3467,150.3471494883238,15584.958984375,0.0,0.0,0.8999562859535217
3468,188.8084310685766,21059.361328125,0.0,0.0,0.9000399708747864
3469,142.7544726662834,12179.6171875,0.0,0.0,0.9000787734985352
3470,136.04189293329742,10699.2998046875,0.0,0.0,0.9000765681266785
3471,152.77157891969634,15161.7490234375,0.0,0.0,0.9000824093818665
3472,153.24878001715592,14339.5166015625,0.0,0.0,0.9000762104988098
3473,164.5196009829916,17473.91015625,0.0,0.0,0.9000852704048157
3474,179.8696824998125,18991.78515625,0.0,0.0,0.900052011013031
3475,134.1384747940001,11498.6005859375,0.0,0.0,0.9000213742256165
3476,137.71760779198297,12212.96484375,0.0,0.0,0.899990975856781
3477,166.02128523279342,19104.234375,0.0,0.0,0.9000277519226074
3478,163.73721839599543,16393.451171875,0.0,0.0,0.9000310897827148
3479,164.0743331045232,17824.45703125,0.0,0.0,0.9000458121299744
3480,144.2956604933099,14033.5791015625,0.0,0.0,0.9000890851020813
3481,139.17706332904675,13044.236328125,0.0,0.0,0.9001803994178772
3482,193.47883444113467,23620.7890625,0.0,0.0,0.9002791047096252
3483,134.45962757981513,11184.77734375,0.0,0.0,0.9003543853759766
3484,147.3589645742064,14600.943359375,0.0,0.0,0.9004476070404053
3485,146.78418908288987,13959.6279296875,0.0,0.0,0.9005360007286072
3486,142.4862893342932,13355.712890625,0.0,0.0,0.9006357192993164
3487,152.24377344933504,15079.1240234375,0.0,0.0,0.90074223279953
3488,142.20504622266432,14236.625,0.0,0.0,0.9008679389953613
3489,129.9953803780914,10566.40625,0.0,0.0,0.9009736180305481
3490,138.1348660252451,12685.0947265625,0.0,0.0,0.9010866284370422
3491,161.04342770429537,16178.8466796875,0.0,0.0,0.9011788964271545
3492,134.50157070105072,11626.9345703125,0.0,0.0,0.9012638926506042
3493,163.44372245882465,16461.427734375,0.0,0.0,0.9013146758079529
3494,180.68149128664294,21536.37109375,0.0,0.0,0.9013999104499817
3495,133.94548014856787,12332.111328125,0.0,0.0,0.9014990925788879
3496,135.61683674799812,11627.0693359375,0.0,0.0,0.9015792012214661
3497,153.68300881366903,14392.8818359375,0.0,0.0,0.901639461517334
3498,129.97398071363557,10196.13671875,0.0,0.0,0.9016695022583008
3499,133.8109786988222,11667.642578125,0.0,0.0,0.901698887348175
3500,127.28405969282429,10418.30078125,0.0,0.0,0.9017269015312195
3501,140.4494298105533,12868.251953125,0.0,0.0,0.9017555117607117
3502,150.7304917712282,14754.1435546875,0.0,0.0,0.9017873406410217
3503,137.22287068773272,12616.4296875,0.0,0.0,0.9018294215202332
3504,137.8200411117538,12385.01171875,0.0,0.0,0.9018716216087341
3505,151.34885364558818,14151.123046875,0.0,0.0,0.9018940329551697
3506,141.83488906268119,12902.787109375,0.0,0.0,0.9019119143486023
3507,126.89524943150181,10040.88671875,0.0,0.0,0.9019141793251038
3508,141.8159452031012,14265.97265625,0.0,0.0,0.9019748568534851
3509,124.40692056559668,9859.408203125,0.0,0.0,0.9020187854766846
3510,144.6957262697967,13875.3701171875,0.0,0.0,0.9020752906799316
3511,143.30493345228655,13550.46484375,0.0,0.0,0.9021335244178772
3512,134.1418209020449,11313.8662109375,0.0,0.0,0.9021763801574707
3513,133.37462118415326,10696.017578125,0.0,0.0,0.9021579623222351
3514,138.37073512185646,13009.4521484375,0.0,0.0,0.9021711349487305
3515,131.3076378881955,11305.8974609375,0.0,0.0,0.9021897912025452
3516,138.72795317190736,12344.2744140625,0.0,0.0,0.9022018909454346
3517,147.74951630685865,15648.123046875,0.0,0.0,0.9022531509399414
3518,132.47998605118806,10583.271484375,0.0,0.0,0.9022253155708313
3519,143.32569819026506,13743.576171875,0.0,0.0,0.9022166728973389
3520,160.18553827067143,15355.521484375,0.0,0.0,0.9021536707878113
3521,132.11485303603993,11568.6845703125,0.0,0.0,0.9021026492118835
3522,132.12857366437342,10639.5888671875,0.0,0.0,0.9020230770111084
3523,126.35312577043332,10359.619140625,0.0,0.0,0.9019476771354675
3524,140.76861889028058,11845.0732421875,0.0,0.0,0.9018111228942871
3525,148.40072553072542,13991.701171875,0.0,0.0,0.9016860127449036
3526,167.39634971905548,18494.16796875,0.0,0.0,0.9016013741493225
3527,137.1170706945104,12127.7421875,0.0,0.0,0.9015190005302429
3528,171.73665106746998,19550.25390625,0.0,0.0,0.9014673233032227
3529,165.50027412324053,18177.763671875,0.0,0.0,0.901436984539032
3530,169.46320598923083,19111.484375,0.0,0.0,0.9014680981636047
3531,158.86247834693145,16159.705078125,0.0,0.0,0.9015017151832581
3532,145.03356319712304,12449.931640625,0.0,0.0,0.9014744758605957
3533,146.36108857343868,13607.083984375,0.0,0.0,0.9014384150505066
3534,144.33857096937305,13728.7548828125,0.0,0.0,0.9014163017272949
3535,153.2279699948487,15319.890625,0.0,0.0,0.9014059901237488
3536,153.33197351727392,14787.72265625,0.0,0.0,0.90139240026474
3537,157.19704080854018,17050.53515625,0.0,0.0,0.9014191627502441
3538,176.65458273341233,19112.73046875,0.0,0.0,0.9014080166816711
3539,171.69386902682146,18012.85546875,0.0,0.0,0.9013486504554749
3540,182.62727617276067,20070.19921875,0.0,0.0,0.9012656211853027
3541,181.18738798942994,20594.853515625,0.0,0.0,0.9011879563331604
3542,186.8152288164889,21571.09765625,0.0,0.0,0.9011150002479553
3543,181.67278108304842,19378.943359375,0.0,0.0,0.9009861946105957
3544,179.12574248341295,20430.787109375,0.0,0.0,0.900880753993988
3545,206.06770657373983,27822.62890625,0.0,0.0,0.9008209705352783
3546,178.95675768256572,19108.44140625,0.0,0.0,0.9007255434989929
3547,155.655799707922,16152.7958984375,0.0,0.0,0.9006590843200684
3548,155.0837689377916,15545.8974609375,0.0,0.0,0.900601863861084
3549,181.5153613621879,21236.630859375,0.0,0.0,0.9005591869354248
3550,167.95197207007095,17653.3359375,0.0,0.0,0.9005150198936462
3551,202.79333173064995,25980.12109375,0.0,0.0,0.9004901051521301
3552,192.6313755566195,23183.298828125,0.0,0.0,0.9004682898521423
3553,177.3102159907127,20449.12890625,0.0,0.0,0.9004704356193542
3554,164.38535836461054,16779.640625,0.0,0.0,0.900445282459259
3555,214.7222436090355,29567.8828125,0.0,0.0,0.9004616141319275
3556,195.9800976450587,25773.380859375,0.0,0.0,0.9005088806152344
3557,193.64546043694196,23558.0625,0.0,0.0,0.9005580544471741
3558,169.0578231035628,18335.951171875,0.0,0.0,0.9005975723266602
3559,175.96586425663875,19806.96484375,0.0,0.0,0.9006350636482239
3560,190.19769355320906,21479.88671875,0.0,0.0,0.9006407856941223
3561,190.09887809842678,21025.830078125,0.0,0.0,0.900593101978302
3562,173.0710917055243,18979.892578125,0.0,0.0,0.9005493521690369
3563,205.98539035536123,26633.744140625,0.0,0.0,0.9005188941955566
3564,207.89968343484492,27256.86328125,0.0,0.0,0.9005005955696106
3565,211.0571202242143,26174.56640625,0.0,0.0,0.9004589915275574
3566,167.0117226435279,17940.59765625,0.0,0.0,0.9004263281822205
3567,195.55484374997738,22845.88671875,0.0,0.0,0.9003569483757019
3568,253.82898163664825,37418.4296875,0.0,0.0,0.900299072265625
3569,151.75365092849884,15209.71484375,0.0,0.0,0.9002602696418762
3570,217.73564126206432,28747.50390625,0.0,0.0,0.9002248644828796
3571,240.51406362011602,34440.86328125,0.0,0.0,0.9002041816711426
3572,224.94972902708037,32777.98046875,0.0,0.0,0.9002094268798828
3573,181.90098204625772,20952.48046875,0.0,0.0,0.9002143740653992
3574,220.15451328823897,30401.41015625,0.0,0.0,0.9002490639686584
3575,190.3587796890845,23226.98828125,0.0,0.0,0.9002857208251953
3576,219.58005144925076,28488.50390625,0.0,0.0,0.9003048539161682
3577,191.24792048076577,22630.583984375,0.0,0.0,0.9003028869628906
3578,196.1003622848408,23533.8984375,0.0,0.0,0.9002940654754639
3579,200.38493755260518,25035.197265625,0.0,0.0,0.9002699255943298
3580,202.98507366435558,26189.322265625,0.0,0.0,0.9002769589424133
3581,202.3443795687022,24244.048828125,0.0,0.0,0.9002650380134583
3582,201.42277853054634,25087.85546875,0.0,0.0,0.9002535939216614
3583,210.40485854130375,28187.69921875,0.0,0.0,0.9002723097801208
3584,202.13909138784655,25500.623046875,0.0,0.0,0.9002888202667236
3585,192.7559623517086,23514.873046875,0.0,0.0,0.900306224822998
3586,204.7937367349451,25697.25390625,0.0,0.0,0.900317370891571
3587,207.14054334571586,27079.99609375,0.0,0.0,0.9003434181213379
3588,191.45760836193404,22170.2265625,0.0,0.0,0.9003382325172424
3589,249.8987520740791,35990.40625,0.0,0.0,0.9003371596336365
3590,227.3059060290783,30195.171875,0.0,0.0,0.9003246426582336
3591,191.7940822816038,23639.05078125,0.0,0.0,0.9003342986106873
3592,162.48114065762775,17509.712890625,0.0,0.0,0.9003683924674988
3593,162.99576889406958,17601.94140625,0.0,0.0,0.9004176259040833
3594,207.6699739858136,26032.744140625,0.0,0.0,0.9004564881324768
3595,162.2540589217108,17377.2109375,0.0,0.0,0.9005045890808105
3596,202.9783414201549,25798.552734375,0.0,0.0,0.900550365447998
3597,184.3349084066861,21289.369140625,0.0,0.0,0.9005884528160095
3598,190.99845394706864,24737.44140625,0.0,0.0,0.9006813168525696
3599,206.3867561186535,25754.3046875,0.0,0.0,0.9007635712623596
3600,189.70252746668632,21819.705078125,0.0,0.0,0.9008087515830994
3601,175.39838115422523,19254.68359375,0.0,0.0,0.9008439183235168
3602,182.34273237511255,21738.48828125,0.0,0.0,0.9008984565734863
3603,193.5288699329764,22543.1875,0.0,0.0,0.9009316563606262
3604,173.75841042961656,18517.51953125,0.0,0.0,0.9009377956390381
3605,172.88765124978596,19327.765625,0.0,0.0,0.9009518623352051
3606,225.32733399471647,31095.193359375,0.0,0.0,0.9009904861450195
3607,183.44284617785175,21893.580078125,0.0,0.0,0.9010456204414368
3608,229.15292597855782,31507.31640625,0.0,0.0,0.9011059403419495
3609,166.911270263292,17242.2890625,0.0,0.0,0.9011462330818176
3610,189.56177553779153,21891.265625,0.0,0.0,0.9011653065681458
3611,149.44058196127537,15412.7587890625,0.0,0.0,0.9012289047241211
3612,211.4358725221464,28462.724609375,0.0,0.0,0.9013280868530273
3613,234.82774738938141,32004.044921875,0.0,0.0,0.9014028906822205
3614,229.7762471399966,30161.427734375,0.0,0.0,0.9014485478401184
3615,207.69971976418122,27942.408203125,0.0,0.0,0.901515007019043
3616,191.79420940866635,22107.857421875,0.0,0.0,0.9015412926673889
3617,230.19598581363263,32069.2421875,0.0,0.0,0.9015643000602722
3618,212.26581037890787,26616.978515625,0.0,0.0,0.9015657305717468
3619,168.7921395676646,17575.50390625,0.0,0.0,0.9015454649925232
3620,179.01558663529823,20628.953125,0.0,0.0,0.9015337824821472
3621,192.5594209498269,23016.27734375,0.0,0.0,0.9015211462974548
3622,176.72304650530015,18517.369140625,0.0,0.0,0.9014657139778137
3623,178.13653687094754,19826.193359375,0.0,0.0,0.9014037251472473
3624,166.76635054831058,17566.65625,0.0,0.0,0.9013440012931824
3625,173.3400241140837,18942.076171875,0.0,0.0,0.9012853503227234
3626,172.9500475696174,17894.017578125,0.0,0.0,0.9011583924293518
3627,182.60561540040334,20592.10546875,0.0,0.0,0.9010317921638489
3628,221.58505179331684,30875.96875,0.0,0.0,0.9009472727775574
3629,199.80961477648916,24066.4921875,0.0,0.0,0.9008417129516602
3630,173.14925989499207,19210.19921875,0.0,0.0,0.9007537961006165
3631,227.29195693614037,31066.52734375,0.0,0.0,0.9006631970405579
3632,187.0221272646027,20197.75,0.0,0.0,0.9005225300788879
3633,188.12754682048322,21948.08203125,0.0,0.0,0.9003923535346985
3634,180.73166759331562,19567.033203125,0.0,0.0,0.9002286791801453
3635,228.29028767224372,29469.505859375,0.0,0.0,0.9000043869018555
3636,219.41294911654333,30689.21875,0.0,0.0,0.8998268246650696
3637,190.32594708594226,23137.77734375,0.0,0.0,0.8996778130531311
3638,187.57194431855746,23523.962890625,0.0,0.0,0.8995905518531799
3639,193.267475342719,23475.177734375,0.0,0.0,0.8995345234870911
3640,185.22473076719504,20647.890625,0.0,0.0,0.8994477391242981
3641,208.67124353430512,27169.8984375,0.0,0.0,0.8993909358978271
3642,180.03680647809045,20896.73828125,0.0,0.0,0.8993591666221619
3643,198.42694660058763,23902.83203125,0.0,0.0,0.8993189930915833
3644,207.28149526443545,25921.298828125,0.0,0.0,0.8992779850959778
3645,209.5534589491476,27501.677734375,0.0,0.0,0.8992552757263184
3646,175.6405457748127,19507.78125,0.0,0.0,0.8992354273796082
3647,151.33182721384912,14422.7255859375,0.0,0.0,0.8992087244987488
3648,193.95491090846653,24048.251953125,0.0,0.0,0.899214506149292
3649,156.5544193646143,15549.1103515625,0.0,0.0,0.8992096781730652
3650,176.7346312498009,20678.80078125,0.0,0.0,0.8992273807525635
3651,144.88864536828171,13836.6748046875,0.0,0.0,0.8992517590522766
3652,145.87590758756292,13648.3154296875,0.0,0.0,0.8992756009101868
3653,153.6575250504663,14680.7861328125,0.0,0.0,0.899281919002533
3654,169.37331279113445,16779.861328125,0.0,0.0,0.8992342948913574
3655,157.1697024635194,16848.048828125,0.0,0.0,0.8992207646369934
3656,182.28965367786174,20213.990234375,0.0,0.0,0.8991712927818298
3657,182.7666848897138,21806.73046875,0.0,0.0,0.899153470993042
3658,199.50045353913757,23177.603515625,0.0,0.0,0.8990983366966248
3659,163.32807683652183,18274.876953125,0.0,0.0,0.8990821242332458
3660,202.46659191099994,24909.603515625,0.0,0.0,0.8990735411643982
3661,182.38305267667525,20606.1953125,0.0,0.0,0.8990402221679688
3662,184.45039665087066,20795.412109375,0.0,0.0,0.8989922404289246
3663,169.09505155663547,18040.78125,0.0,0.0,0.898947536945343
3664,142.79487188876175,12254.365234375,0.0,0.0,0.8988646864891052
3665,199.26638173486728,23463.26953125,0.0,0.0,0.8987631797790527
3666,222.5771282162365,29266.583984375,0.0,0.0,0.8986700177192688
3667,175.3574013773198,19299.9453125,0.0,0.0,0.8985832333564758
3668,196.30543720461472,24537.556640625,0.0,0.0,0.8985216021537781
3669,190.87232159088444,20913.5390625,0.0,0.0,0.8984243273735046
3670,193.41141600124786,23592.501953125,0.0,0.0,0.8983412384986877
3671,205.59136497387192,26024.1484375,0.0,0.0,0.8982611298561096
3672,206.26618868836934,26804.77734375,0.0,0.0,0.8982025980949402
3673,138.67518415540985,12307.134765625,0.0,0.0,0.8981442451477051
3674,213.23927312596157,26816.955078125,0.0,0.0,0.8980662226676941
3675,191.15804115521175,23388.435546875,0.0,0.0,0.8980321288108826
3676,177.95892696470492,20514.83984375,0.0,0.0,0.8980235457420349
3677,185.15882438369334,20394.41015625,0.0,0.0,0.8979902267456055
3678,142.14901481123925,12669.9775390625,0.0,0.0,0.8979489207267761
3679,183.360939851408,21868.279296875,0.0,0.0,0.8979352116584778
3680,193.51070691421904,23919.220703125,0.0,0.0,0.897940456867218
3681,147.98798871692287,13509.61328125,0.0,0.0,0.8979153633117676
3682,153.6191702493716,15967.158203125,0.0,0.0,0.8979520797729492
3683,203.66050592490424,23799.40625,0.0,0.0,0.897939145565033
3684,218.96053657622312,29264.693359375,0.0,0.0,0.8979269862174988
3685,184.53716759681618,20909.54296875,0.0,0.0,0.8979024887084961
3686,161.56751778341206,16715.263671875,0.0,0.0,0.8978819251060486
3687,152.05094443728214,14276.9267578125,0.0,0.0,0.8978317379951477
3688,182.63062612313468,20066.82421875,0.0,0.0,0.8977702260017395
3689,148.37692498640033,13840.728515625,0.0,0.0,0.8977007865905762
3690,165.6243956196276,16363.8212890625,0.0,0.0,0.8975847363471985
3691,177.01647742130473,18987.021484375,0.0,0.0,0.8974512219429016
3692,137.29857025577687,12708.6640625,0.0,0.0,0.8973634839057922
3693,169.73370069536506,18519.935546875,0.0,0.0,0.8972970843315125
3694,188.6150156701925,22005.6875,0.0,0.0,0.8972412943840027
3695,141.24043265953733,13819.005859375,0.0,0.0,0.8972161412239075
3696,178.1720119911855,19953.1171875,0.0,0.0,0.8971988558769226
3697,151.77380077375813,14899.5556640625,0.0,0.0,0.8971888422966003
3698,167.41218660229242,18058.423828125,0.0,0.0,0.8971943259239197
3699,191.14417665796424,22580.052734375,0.0,0.0,0.8972032070159912
3700,163.55405608949923,17174.09375,0.0,0.0,0.8972181677818298
3701,146.54702317457577,15140.37890625,0.0,0.0,0.8972959518432617
3702,190.52603377304436,22761.658203125,0.0,0.0,0.8973795771598816
3703,190.63750684394319,21831.466796875,0.0,0.0,0.8974275588989258
3704,170.21514018326752,20407.203125,0.0,0.0,0.8975257873535156
3705,149.28797942896125,13025.4375,0.0,0.0,0.8975136876106262
3706,197.4098796832438,24066.28515625,0.0,0.0,0.8975198864936829
3707,169.9284065114989,17333.84765625,0.0,0.0,0.8974846005439758
3708,169.3273399397601,18192.744140625,0.0,0.0,0.897454023361206
3709,175.74942005821606,19726.6640625,0.0,0.0,0.8974334597587585
3710,170.0546887879515,18717.5703125,0.0,0.0,0.8974356651306152
3711,157.61078738109705,15230.38671875,0.0,0.0,0.8974090218544006
3712,181.16360596815306,20167.6171875,0.0,0.0,0.8973734378814697
3713,148.83956771826024,13419.033203125,0.0,0.0,0.8972935676574707
3714,178.10399188404904,19927.62109375,0.0,0.0,0.8972265124320984
3715,151.02960323147786,14261.1875,0.0,0.0,0.8971554636955261
3716,168.61770664445655,18012.78515625,0.0,0.0,0.8971037864685059
3717,192.89184868915387,24009.990234375,0.0,0.0,0.8971013426780701
3718,197.1274583010247,22614.609375,0.0,0.0,0.8970566391944885
3719,173.83803787680034,18157.11328125,0.0,0.0,0.8969879746437073
3720,176.97650490775018,20764.66796875,0.0,0.0,0.8969554901123047
3721,162.9683931807952,15749.4033203125,0.0,0.0,0.8968778252601624
3722,207.62389718148123,25207.421875,0.0,0.0,0.896783173084259
3723,163.99760404380126,18220.087890625,0.0,0.0,0.8967269062995911
3724,167.99571481377004,17938.3671875,0.0,0.0,0.896677553653717
3725,170.370336924625,19416.13671875,0.0,0.0,0.8966834545135498
3726,206.9396834671503,26865.619140625,0.0,0.0,0.8967165946960449
3727,168.86851733413687,17435.32421875,0.0,0.0,0.8967233300209045
3728,248.41592811448277,34455.11328125,0.0,0.0,0.8967158198356628
3729,166.74279933761724,17532.43359375,0.0,0.0,0.8967087268829346
3730,200.3330221927681,25399.078125,0.0,0.0,0.896726131439209
3731,218.3374045452673,28891.65625,0.0,0.0,0.8967488408088684
3732,226.07186811551335,30183.673828125,0.0,0.0,0.8967719078063965
3733,173.41359970556934,18465.16796875,0.0,0.0,0.896773636341095
3734,150.9165543287376,14507.1142578125,0.0,0.0,0.8967732787132263
3735,217.2663102202395,30247.361328125,0.0,0.0,0.8968098759651184
3736,199.84621492207572,25511.05078125,0.0,0.0,0.8968684077262878
3737,179.21180180188964,20303.93359375,0.0,0.0,0.8969312310218811
3738,200.90929900354342,24723.5390625,0.0,0.0,0.8969851136207581
3739,188.42467599475228,22266.68359375,0.0,0.0,0.8970442414283752
3740,180.10143196652479,19848.42578125,0.0,0.0,0.8970844149589539
3741,168.06944875230596,18447.640625,0.0,0.0,0.8971559405326843
3742,191.56446148480887,21734.265625,0.0,0.0,0.8971940875053406
3743,170.13294506398123,16231.8837890625,0.0,0.0,0.897120475769043
3744,191.24789565633475,21625.4921875,0.0,0.0,0.8970171809196472
3745,192.0536228135454,23719.970703125,0.0,0.0,0.8969417214393616
3746,148.41820397593034,14243.302734375,0.0,0.0,0.8968804478645325
3747,165.82053804567514,17964.951171875,0.0,0.0,0.8968505263328552
3748,175.3202982401396,18558.33203125,0.0,0.0,0.896794319152832
3749,138.3195385627233,12768.83984375,0.0,0.0,0.8967636227607727
3750,172.442614787125,17930.203125,0.0,0.0,0.8967079520225525
3751,217.05032048650145,27755.322265625,0.0,0.0,0.8966481685638428
3752,209.68615892655373,24187.86328125,0.0,0.0,0.8965278267860413
3753,186.35462899330128,22022.16015625,0.0,0.0,0.896429717540741
3754,174.07737942851443,19150.4765625,0.0,0.0,0.8963450789451599
3755,168.76036475206516,18323.3984375,0.0,0.0,0.8962790369987488
3756,213.77084365810688,26448.958984375,0.0,0.0,0.8961913585662842
3757,226.04436942848483,32154.890625,0.0,0.0,0.8961420059204102
3758,192.15209498313837,22342.72265625,0.0,0.0,0.8960942625999451
3759,188.00798542699766,20577.58203125,0.0,0.0,0.8960052132606506
3760,144.54157965025288,14262.2978515625,0.0,0.0,0.8959817886352539
3761,242.3244611492295,32979.4140625,0.0,0.0,0.8959342837333679
3762,195.1544063641502,23091.0859375,0.0,0.0,0.8958842158317566
3763,206.72439305902049,26837.1171875,0.0,0.0,0.895855188369751
3764,175.37647933910478,20054.900390625,0.0,0.0,0.8958533406257629
3765,187.21387819555002,21574.392578125,0.0,0.0,0.8958473801612854
3766,172.52111697340254,17190.6328125,0.0,0.0,0.8957717418670654
3767,177.1847084766506,20543.291015625,0.0,0.0,0.8957332968711853
3768,194.14818216843042,21417.06640625,0.0,0.0,0.8956444263458252
3769,173.49553352124994,18980.66796875,0.0,0.0,0.8955681324005127
3770,253.31818896784625,36272.4609375,0.0,0.0,0.8954896926879883
3771,243.56933027957848,34329.9296875,0.0,0.0,0.8954227566719055
3772,204.37964716151927,26182.078125,0.0,0.0,0.895369827747345
3773,223.31344457907895,29361.986328125,0.0,0.0,0.8953144550323486
3774,204.45812455426025,24507.13671875,0.0,0.0,0.8952378630638123
3775,246.89595627442753,34320.30078125,0.0,0.0,0.8951148986816406
3776,201.63823463278743,25681.740234375,0.0,0.0,0.8950350880622864
3777,210.08258433171582,28123.888671875,0.0,0.0,0.8949893116950989
3778,181.527483064745,21222.92578125,0.0,0.0,0.8949597477912903
3779,168.72350295347388,17433.48046875,0.0,0.0,0.8949112296104431
3780,167.5772799685803,17803.59765625,0.0,0.0,0.8948705792427063
3781,215.01117341082622,28503.595703125,0.0,0.0,0.8948470950126648
3782,193.9510126779463,22768.361328125,0.0,0.0,0.8948132991790771
3783,160.6963809409547,15290.2099609375,0.0,0.0,0.8947226405143738
3784,252.53931106321284,37789.4140625,0.0,0.0,0.8946745991706848
3785,174.39734440627117,19539.23046875,0.0,0.0,0.8946437239646912
3786,181.05710767943413,19682.931640625,0.0,0.0,0.8945890069007874
3787,229.79809888439055,31586.2890625,0.0,0.0,0.8945501446723938
3788,213.2780019481985,28921.634765625,0.0,0.0,0.8945663571357727
3789,216.10430172244946,27902.27734375,0.0,0.0,0.8945732712745667
3790,214.7855606652434,28438.029296875,0.0,0.0,0.894595205783844
3791,174.76925229827452,19375.50390625,0.0,0.0,0.8946276307106018
3792,202.44441756301728,23413.390625,0.0,0.0,0.8946094512939453
3793,248.76368597189523,36792.16796875,0.0,0.0,0.8946258425712585
3794,203.3506825414837,25959.40625,0.0,0.0,0.8946464657783508
3795,259.42915933702983,35498.32421875,0.0,0.0,0.8946151733398438
3796,251.42101563141057,36377.1328125,0.0,0.0,0.8945773243904114
3797,251.60976709441593,35663.3125,0.0,0.0,0.8945286273956299
3798,216.35886582469215,27849.255859375,0.0,0.0,0.8944751620292664
3799,185.344847664864,21297.96484375,0.0,0.0,0.8944236636161804
3800,187.3635698489215,21900.783203125,0.0,0.0,0.8943836092948914
3801,189.07672163860022,22968.9453125,0.0,0.0,0.8943672776222229
3802,255.38674830456847,37035.953125,0.0,0.0,0.8943433165550232
3803,203.19493702840572,27212.791015625,0.0,0.0,0.8943778872489929
3804,234.96796182224506,33352.1796875,0.0,0.0,0.8944216370582581
3805,225.5215588060444,29245.69921875,0.0,0.0,0.8944439888000488
3806,196.42173148159065,24720.501953125,0.0,0.0,0.8944959044456482
3807,208.0131318413445,26003.001953125,0.0,0.0,0.8945426940917969
3808,185.19709436662777,22042.25,0.0,0.0,0.8946248888969421
3809,246.17481393632136,36731.453125,0.0,0.0,0.8947398066520691
3810,203.17033859577217,24345.6171875,0.0,0.0,0.8948171138763428
3811,208.56313300560745,27263.728515625,0.0,0.0,0.8949058055877686
3812,215.58383386776828,28336.75390625,0.0,0.0,0.8949981331825256
3813,207.85295294371656,25883.396484375,0.0,0.0,0.8950558304786682
3814,258.07667070886805,36988.71875,0.0,0.0,0.8950912952423096
3815,198.90082780072404,23487.423828125,0.0,0.0,0.895098865032196
3816,212.02646452278458,27396.150390625,0.0,0.0,0.8951119780540466
3817,229.22925149346347,32190.04296875,0.0,0.0,0.8951295018196106
3818,236.3524339803486,35444.19140625,0.0,0.0,0.8951950669288635
3819,213.50404941758404,27852.125,0.0,0.0,0.8952605128288269
3820,206.97823312544085,25446.71875,0.0,0.0,0.8953033089637756
3821,195.20953509652867,23380.51171875,0.0,0.0,0.8953418731689453
3822,149.9073713247761,14373.1923828125,0.0,0.0,0.8953730463981628
3823,170.16474626163193,18142.89453125,0.0,0.0,0.8953933715820312
3824,223.78832552365182,28667.169921875,0.0,0.0,0.8953812122344971
3825,157.82899661389007,16277.56640625,0.0,0.0,0.8953900337219238
3826,224.42996177584288,29779.47265625,0.0,0.0,0.8953904509544373
3827,259.8488658758651,35077.80859375,0.0,0.0,0.8952946662902832
3828,170.1526734704041,18324.015625,0.0,0.0,0.8952116966247559
3829,164.7387860382707,17290.015625,0.0,0.0,0.8951430320739746
3830,205.40644167315668,25500.46484375,0.0,0.0,0.8950676918029785
3831,248.62227894282512,36901.6875,0.0,0.0,0.895025908946991
3832,163.75996906749154,17924.9609375,0.0,0.0,0.8950092196464539
3833,260.64659498139616,38976.4609375,0.0,0.0,0.8950027823448181
3834,149.1571381474468,13679.544921875,0.0,0.0,0.8949764370918274
3835,188.33953556692782,21731.37890625,0.0,0.0,0.8949385285377502
3836,179.67610518246184,20080.884765625,0.0,0.0,0.894902229309082
3837,193.62862652857825,22035.474609375,0.0,0.0,0.8948178291320801
3838,162.6975670944012,16512.205078125,0.0,0.0,0.894719660282135
3839,179.37156425957508,20767.94921875,0.0,0.0,0.8946530222892761
3840,214.00086525111922,27910.6484375,0.0,0.0,0.8946042656898499
3841,158.12175176229334,15517.5234375,0.0,0.0,0.8945488333702087
3842,162.01557562365275,17764.0625,0.0,0.0,0.8945369720458984
3843,161.14959399681655,16666.21875,0.0,0.0,0.8945309519767761
3844,164.8740595171343,17437.22265625,0.0,0.0,0.8945317268371582
3845,168.43529152760024,18500.810546875,0.0,0.0,0.894550621509552
3846,200.0911083361649,24638.80078125,0.0,0.0,0.8945714831352234
3847,141.73587815736317,12474.8193359375,0.0,0.0,0.8945721983909607
3848,179.3234513033841,19908.861328125,0.0,0.0,0.8945663571357727
3849,166.29115174801643,17671.396484375,0.0,0.0,0.8945720791816711
3850,201.48658166789662,24873.03515625,0.0,0.0,0.8945848941802979
3851,165.52761425674626,16593.1328125,0.0,0.0,0.8945757746696472
3852,140.19225350564594,13481.4013671875,0.0,0.0,0.8946170806884766
3853,166.51365448311174,18278.7890625,0.0,0.0,0.8946772217750549
3854,189.7558873248371,23464.8671875,0.0,0.0,0.8947882056236267
3855,211.85784088362695,27879.591796875,0.0,0.0,0.8949110507965088
3856,236.3491840622482,33506.2109375,0.0,0.0,0.895047664642334
3857,150.21153598934245,14389.62890625,0.0,0.0,0.8951668739318848
3858,140.2559090831484,12561.125,0.0,0.0,0.8952725529670715
3859,161.18820842675592,16154.30078125,0.0,0.0,0.895359992980957
3860,170.38922809057308,18412.80859375,0.0,0.0,0.8954446911811829
3861,184.59082524373946,22346.404296875,0.0,0.0,0.8955478668212891
3862,181.17369595775466,20434.2578125,0.0,0.0,0.8956387042999268
3863,188.1525441567062,22104.857421875,0.0,0.0,0.8957319259643555
3864,165.85568126922587,17074.537109375,0.0,0.0,0.8958019614219666
3865,177.80992708114854,20507.125,0.0,0.0,0.8958942294120789
3866,175.41174210596554,20311.255859375,0.0,0.0,0.8960099220275879
3867,167.90679307846796,17171.3828125,0.0,0.0,0.8961001038551331
3868,183.7064295744092,21074.9140625,0.0,0.0,0.8961825966835022
3869,174.22155024267457,18596.96484375,0.0,0.0,0.8962407112121582
3870,154.19407140088077,14442.349609375,0.0,0.0,0.8962485790252686
3871,159.43186493145515,14700.0546875,0.0,0.0,0.8961589932441711
3872,182.0025384326933,20370.208984375,0.0,0.0,0.8960602879524231
3873,178.88158384708777,19418.68359375,0.0,0.0,0.8959473967552185
3874,140.06174717524732,12649.5234375,0.0,0.0,0.8958446979522705
3875,197.35348592813412,25133.123046875,0.0,0.0,0.8957857489585876
3876,130.94195893427127,11026.3876953125,0.0,0.0,0.8957298398017883
3877,158.59415978572466,16647.01953125,0.0,0.0,0.8956940770149231
3878,186.34776491420396,21239.65625,0.0,0.0,0.8956512808799744
3879,162.87272240406196,16343.236328125,0.0,0.0,0.8955848217010498
3880,192.64504034614407,23477.173828125,0.0,0.0,0.8955456614494324
3881,171.6799470400698,20480.951171875,0.0,0.0,0.8955993056297302
3882,160.78194973682645,16342.8515625,0.0,0.0,0.8956415057182312
3883,179.3682597190575,22004.66796875,0.0,0.0,0.8957329392433167
3884,178.75627956182933,20803.01171875,0.0,0.0,0.8958404064178467
3885,172.02316949658467,18699.794921875,0.0,0.0,0.8959264755249023
3886,191.14454268010178,24840.5234375,0.0,0.0,0.896090567111969
3887,176.757465078636,19009.513671875,0.0,0.0,0.8962159156799316
3888,169.81805015075767,18842.169921875,0.0,0.0,0.8963615298271179
3889,167.96732985963715,16470.513671875,0.0,0.0,0.8964260220527649
3890,200.81783168576018,24949.7578125,0.0,0.0,0.8964953422546387
3891,186.00792684196938,24173.357421875,0.0,0.0,0.8965991139411926
3892,155.31975761657063,15489.337890625,0.0,0.0,0.8966927528381348
3893,185.56629385276267,21800.099609375,0.0,0.0,0.8967899680137634
3894,220.61289680678473,30563.646484375,0.0,0.0,0.8969147205352783
3895,167.1277845195257,17451.736328125,0.0,0.0,0.8970176577568054
3896,192.1326522061009,22652.890625,0.0,0.0,0.8971055150032043
3897,219.3502514928301,28330.94140625,0.0,0.0,0.897164523601532
3898,169.47459364672196,20186.046875,0.0,0.0,0.897265613079071
3899,196.2640379723034,22456.724609375,0.0,0.0,0.8973062634468079
3900,211.47822118134687,27271.25390625,0.0,0.0,0.8973385691642761
3901,185.63757284604472,20798.802734375,0.0,0.0,0.8973445296287537
3902,221.4728580713296,28470.65625,0.0,0.0,0.8973113894462585
3903,180.95407678321848,21771.212890625,0.0,0.0,0.8973142504692078
3904,180.0386158569214,21442.08203125,0.0,0.0,0.8973670601844788
3905,208.25808929082567,28113.3046875,0.0,0.0,0.8974513411521912
3906,179.5686412997413,19623.6015625,0.0,0.0,0.8975008130073547
3907,211.71456152834557,27368.314453125,0.0,0.0,0.8975513577461243
3908,200.8256605136039,25415.310546875,0.0,0.0,0.8976040482521057
3909,200.65020078447412,24758.08984375,0.0,0.0,0.8976433277130127
3910,197.41424014691515,24867.603515625,0.0,0.0,0.8977031707763672
3911,225.37833407446465,31251.423828125,0.0,0.0,0.8977664113044739
3912,193.4637025454295,22506.453125,0.0,0.0,0.8977775573730469
3913,164.95688109509487,18376.716796875,0.0,0.0,0.8978383541107178
3914,190.31560302833904,22464.4140625,0.0,0.0,0.8978860378265381
3915,203.97044666626522,24741.375,0.0,0.0,0.8979113698005676
3916,220.02753878676407,29488.328125,0.0,0.0,0.8979198336601257
3917,200.79695458907895,25040.619140625,0.0,0.0,0.8979304432868958
3918,202.47191000039862,26784.01953125,0.0,0.0,0.8979646563529968
3919,199.63791393515152,24776.03125,0.0,0.0,0.8979871273040771
3920,250.43119087403028,36579.6953125,0.0,0.0,0.8979688286781311
3921,214.46812018460037,27903.7734375,0.0,0.0,0.897949755191803
3922,198.5753133074226,22773.3125,0.0,0.0,0.8978643417358398
3923,182.20140040907287,20874.625,0.0,0.0,0.89778071641922
3924,177.36375974668607,19103.27734375,0.0,0.0,0.8976721167564392
3925,170.43474636022535,17806.205078125,0.0,0.0,0.8975615501403809
3926,215.64673593193925,28763.49609375,0.0,0.0,0.8974631428718567
3927,173.87536086949834,18701.60546875,0.0,0.0,0.8973647952079773
3928,175.50140638314627,19543.896484375,0.0,0.0,0.897275447845459
3929,199.92474152222877,25022.0078125,0.0,0.0,0.8972043395042419
3930,226.30216422043085,29539.0703125,0.0,0.0,0.8971002101898193
3931,210.3188507946977,27621.498046875,0.0,0.0,0.897017776966095
3932,178.83746423463748,21393.798828125,0.0,0.0,0.8969671726226807
3933,189.2527574280024,22454.046875,0.0,0.0,0.8969184756278992
3934,239.50649657553743,33568.47265625,0.0,0.0,0.8968704342842102
3935,177.58680363026357,19896.6015625,0.0,0.0,0.8968302607536316
3936,192.9238631017816,24147.36328125,0.0,0.0,0.8968234062194824
3937,206.61208256039146,26567.275390625,0.0,0.0,0.8968305587768555
3938,208.70194696551664,25178.79296875,0.0,0.0,0.8967592120170593
3939,199.78519306352422,24458.60546875,0.0,0.0,0.8966820240020752
3940,193.762310430578,25594.48046875,0.0,0.0,0.8966526985168457
3941,220.00290751721474,28841.908203125,0.0,0.0,0.8966196179389954
3942,204.03815167388714,25266.669921875,0.0,0.0,0.8965845108032227
3943,195.9867717451054,24384.123046875,0.0,0.0,0.896568775177002
3944,237.4742038659673,32468.30859375,0.0,0.0,0.8965308666229248
3945,195.59779494636615,24489.51171875,0.0,0.0,0.896521806716919
3946,190.43952749805982,22311.310546875,0.0,0.0,0.896507978439331
3947,211.0666652121758,26881.279296875,0.0,0.0,0.896488606929779
3948,194.53136080915334,22755.515625,0.0,0.0,0.8964503407478333
3949,218.9470642483186,28668.2578125,0.0,0.0,0.8964076638221741
3950,217.35802910420708,28700.68359375,0.0,0.0,0.8963705897331238
3951,207.34937902375214,27484.46875,0.0,0.0,0.8963575959205627
3952,175.20185420879403,20067.951171875,0.0,0.0,0.8963825106620789
3953,189.81282361995233,23014.40625,0.0,0.0,0.8964168429374695
3954,209.2346556893063,28484.666015625,0.0,0.0,0.8964834809303284
3955,209.55543159424928,27103.09765625,0.0,0.0,0.8965516686439514
3956,199.65572411007065,24557.14453125,0.0,0.0,0.8966104984283447
3957,167.5780180020308,17684.341796875,0.0,0.0,0.8966636061668396
3958,186.35886691893253,21447.123046875,0.0,0.0,0.8967078328132629
3959,183.31806960710998,20018.341796875,0.0,0.0,0.8967268466949463
3960,212.96834335074772,26460.82421875,0.0,0.0,0.8967223167419434
3961,198.892136342002,24747.115234375,0.0,0.0,0.8967353701591492
3962,207.52137419289625,27472.802734375,0.0,0.0,0.8967797756195068
3963,207.72812422220477,27556.578125,0.0,0.0,0.8968393206596375
3964,195.98687010978412,23364.142578125,0.0,0.0,0.896883487701416
3965,233.3161660696108,33145.890625,0.0,0.0,0.8969410061836243
3966,184.2891670506915,21312.31640625,0.0,0.0,0.896996259689331
3967,208.61124556055537,26007.720703125,0.0,0.0,0.8970347046852112
3968,205.2271974365553,25676.796875,0.0,0.0,0.8970701098442078
3969,229.25979792281842,30623.845703125,0.0,0.0,0.8970823884010315
3970,224.93550040252492,31625.505859375,0.0,0.0,0.8971202373504639
3971,178.04131833481608,20541.083984375,0.0,0.0,0.8971810936927795
3972,209.0119697812854,24790.076171875,0.0,0.0,0.8972005248069763
3973,190.60778467948248,23559.248046875,0.0,0.0,0.8972367644309998
3974,196.86036431486104,24036.1640625,0.0,0.0,0.8972702026367188
3975,208.7948685903449,26501.080078125,0.0,0.0,0.8973051905632019
3976,219.90697274118594,28836.4609375,0.0,0.0,0.8973307013511658
3977,179.36506906741192,20304.8828125,0.0,0.0,0.8973566889762878
3978,173.32205347781948,19569.505859375,0.0,0.0,0.8973955512046814
3979,206.31751161240666,26413.88671875,0.0,0.0,0.8974409699440002
3980,185.56343585584557,21237.626953125,0.0,0.0,0.8974668383598328
3981,195.99988387475065,24628.2734375,0.0,0.0,0.8975070118904114
3982,209.52637675001472,27067.58203125,0.0,0.0,0.8975537419319153
3983,210.0135823642983,24654.240234375,0.0,0.0,0.8975027203559875
3984,176.08256809812386,21230.5390625,0.0,0.0,0.8975222110748291
3985,202.03328422236183,24789.5546875,0.0,0.0,0.8975154757499695
3986,233.8020784563204,32264.75390625,0.0,0.0,0.8974789977073669
3987,206.29992981720955,24691.064453125,0.0,0.0,0.897407591342926
3988,195.22025408688143,24063.9609375,0.0,0.0,0.8973563313484192
3989,220.7846201607666,30699.927734375,0.0,0.0,0.8973274827003479
3990,214.189142669261,29785.828125,0.0,0.0,0.8973352909088135
3991,232.48983763156156,32527.30078125,0.0,0.0,0.897338330745697
3992,233.36771516199758,33295.26171875,0.0,0.0,0.8973315358161926
3993,186.433524487614,21718.185546875,0.0,0.0,0.8973130583763123
3994,231.7650907066989,32560.66015625,0.0,0.0,0.8973026871681213
3995,240.24382933987005,35746.31640625,0.0,0.0,0.8973036408424377
3996,64.67714175790547,2089.65185546875,0.0,0.0,0.8972765803337097
3997,230.65738827252665,30995.986328125,0.0,0.0,0.897230327129364
3998,233.0145491137817,32844.36328125,0.0,0.0,0.8971682190895081
3999,202.79845246327537,25480.92578125,0.0,0.0,0.8970972895622253
4000,242.05790711492605,35641.078125,0.0,0.0,0.8970198631286621
4001,231.00343963157187,31414.298828125,0.0,0.0,0.8969330191612244
4002,241.89728555145174,34416.515625,0.0,0.0,0.8968234062194824
4003,254.10438135841846,39426.7109375,0.0,0.0,0.8967263698577881
4004,227.1420424414559,31278.5390625,0.0,0.0,0.8966323733329773
4005,238.1549255051945,32548.626953125,0.0,0.0,0.8965163230895996
4006,223.2631359880709,31974.259765625,0.0,0.0,0.8964250683784485
4007,266.44950164595457,42144.4765625,0.0,0.0,0.8963179588317871
4008,15.97779439849886,-816.0038452148438,0.0,0.0,0.8962523937225342
4009,36.97087673232108,-65.93028259277344,0.0,0.0,0.8962383270263672
4010,256.28985740072983,41250.60546875,0.0,0.0,0.8962381482124329
4011,273.75484896401036,44298.578125,0.0,0.0,0.8962271213531494
4012,64.2397335731316,1907.013916015625,0.0,0.0,0.8962118029594421
4013,74.55405658671347,3373.344970703125,0.0,0.0,0.8962176442146301
4014,207.06411999430966,26034.7578125,0.0,0.0,0.896183967590332
4015,87.72131584230215,4441.16162109375,0.0,0.0,0.8961122632026672
4016,224.22832117971524,29846.333984375,0.0,0.0,0.8960121273994446
4017,247.28803816640627,35591.328125,0.0,0.0,0.8958745002746582
4018,203.02165686183082,27641.376953125,0.0,0.0,0.8958132266998291
4019,235.53845299984923,33935.1328125,0.0,0.0,0.8957750201225281
4020,248.39899449188113,38296.40234375,0.0,0.0,0.8957553505897522
4021,242.70465097402393,34466.1875,0.0,0.0,0.8957046866416931
4022,232.28323382799078,32660.44140625,0.0,0.0,0.8956566452980042
4023,256.0538422052646,39533.6640625,0.0,0.0,0.8956148028373718
4024,241.62685084342883,35101.2578125,0.0,0.0,0.8955839276313782
4025,257.043386955566,40818.6875,0.0,0.0,0.8955926299095154
4026,243.3150662062423,36617.53515625,0.0,0.0,0.8956292271614075
4027,265.34764649708137,41172.828125,0.0,0.0,0.8956595063209534
4028,246.96927592473915,37338.76953125,0.0,0.0,0.8957095742225647
4029,222.40054032755765,31910.998046875,0.0,0.0,0.8957858085632324
4030,244.08669979426557,35309.8359375,0.0,0.0,0.8958525061607361
4031,230.25596291427192,31164.1015625,0.0,0.0,0.8958888053894043
4032,258.50136438928865,41126.46875,0.0,0.0,0.8959537148475647
4033,250.16845040025055,38750.69140625,0.0,0.0,0.8960370421409607
4034,267.20796673745855,45115.94921875,0.0,0.0,0.8961682319641113
4035,265.81265378936297,41376.91796875,0.0,0.0,0.8962967991828918
4036,258.0598257566712,40063.18359375,0.0,0.0,0.8964270949363708
4037,247.36988769794516,35777.09765625,0.0,0.0,0.8965375423431396
4038,253.30143021347746,37992.42578125,0.0,0.0,0.8966472744941711
4039,202.65101149988016,25378.79296875,0.0,0.0,0.8967452049255371
4040,259.60673312008316,38557.8046875,0.0,0.0,0.896815836429596
4041,264.67660592875876,41674.62890625,0.0,0.0,0.8969061374664307
4042,248.89095823791143,36568.21875,0.0,0.0,0.8969862461090088
4043,258.116942893472,40863.2421875,0.0,0.0,0.897105872631073
4044,258.6022419890287,38906.91796875,0.0,0.0,0.8972105383872986
4045,240.7362806031818,33907.921875,0.0,0.0,0.8972952365875244
4046,245.64760171071353,35982.984375,0.0,0.0,0.8973758220672607
4047,236.98784034324316,35013.4921875,0.0,0.0,0.8974931836128235
4048,231.81778018967796,31671.96484375,0.0,0.0,0.8975858688354492
4049,252.06186447758967,38850.234375,0.0,0.0,0.8976974487304688
4050,245.85002748420146,33852.47265625,0.0,0.0,0.8977627158164978
4051,185.6842859785724,21380.8515625,0.0,0.0,0.8978152275085449
4052,233.74690133600637,33634.54296875,0.0,0.0,0.8978795409202576
4053,207.63877196660235,27170.49609375,0.0,0.0,0.897960364818573
4054,242.4818459219862,32786.22265625,0.0,0.0,0.8979936242103577
4055,223.53371898394715,30823.48046875,0.0,0.0,0.8980293869972229
4056,239.66268636339797,33029.421875,0.0,0.0,0.8980304598808289
4057,238.9609400174192,32701.83203125,0.0,0.0,0.8980157375335693
4058,239.40288938894403,34561.1015625,0.0,0.0,0.8980162143707275
4059,242.82005276523503,34181.73828125,0.0,0.0,0.8980090022087097
4060,242.75526766867387,35458.0,0.0,0.0,0.89801424741745
4061,214.60269250555507,29119.140625,0.0,0.0,0.8980441689491272
4062,224.88832762076413,31080.828125,0.0,0.0,0.8980879783630371
4063,216.13431550479714,27620.59765625,0.0,0.0,0.8981125950813293
4064,232.68350962092947,33012.2421875,0.0,0.0,0.8981477618217468
4065,223.67304245894158,30797.662109375,0.0,0.0,0.8981907963752747
4066,254.94388936236624,37429.203125,0.0,0.0,0.8982160687446594
4067,245.73438978339846,36655.41015625,0.0,0.0,0.8982799053192139
4068,196.93461030495612,23672.798828125,0.0,0.0,0.8983254432678223
4069,239.66085134958968,33863.125,0.0,0.0,0.8983538150787354
4070,236.48248970705794,32523.96484375,0.0,0.0,0.8983556628227234
4071,230.11603204474326,30807.810546875,0.0,0.0,0.898334264755249
4072,238.56329885801236,34565.3203125,0.0,0.0,0.8983356952667236
4073,247.9272566097493,37424.42578125,0.0,0.0,0.8983554244041443
4074,255.63488604149904,39912.4140625,0.0,0.0,0.8984198570251465
4075,254.26246142528709,38913.0859375,0.0,0.0,0.8984919190406799
4076,246.22838453909415,36508.49609375,0.0,0.0,0.8985714912414551
4077,252.33449559331606,38077.11328125,0.0,0.0,0.8986474871635437
4078,251.21338995182083,35799.01953125,0.0,0.0,0.8986526131629944
4079,254.45963914269393,37743.3984375,0.0,0.0,0.8986530303955078
4080,235.00902101019813,31686.8359375,0.0,0.0,0.8986239433288574
4081,252.3020552261602,37695.5546875,0.0,0.0,0.8985975384712219
4082,237.94697275899162,34006.0703125,0.0,0.0,0.8985862135887146
4083,234.9837954112649,33345.83203125,0.0,0.0,0.8985832333564758
4084,246.333252413568,35541.625,0.0,0.0,0.8985717296600342
4085,256.9111485150373,39714.17578125,0.0,0.0,0.8985626697540283
4086,238.41705694730464,33422.33203125,0.0,0.0,0.898535430431366
4087,236.18833105921726,32851.9140625,0.0,0.0,0.898488461971283
4088,250.38010558256764,39043.9375,0.0,0.0,0.8984806537628174
4089,253.2358256367771,37540.9375,0.0,0.0,0.8984804153442383
4090,240.19624334157626,35648.90234375,0.0,0.0,0.8985002040863037
4091,253.72252221314494,38942.703125,0.0,0.0,0.8985438346862793
4092,214.7389453708627,26576.94921875,0.0,0.0,0.8985264897346497
4093,278.54774168109157,46774.9609375,0.0,0.0,0.8985344767570496
4094,250.61924963970293,37029.77734375,0.0,0.0,0.8985231518745422
4095,226.1670749676479,31162.2109375,0.0,0.0,0.8984934687614441
4096,255.65879375827157,37717.3828125,0.0,0.0,0.8984244465827942
4097,207.5379194901825,26061.11328125,0.0,0.0,0.8983511328697205
4098,245.10692847552124,36312.90625,0.0,0.0,0.8982992768287659
4099,249.78924063103761,36830.0078125,0.0,0.0,0.8982276320457458
4100,194.4912281318106,22651.69921875,0.0,0.0,0.8981261849403381
4101,258.9405634932601,40626.8984375,0.0,0.0,0.8980532288551331
4102,249.75974593717174,36882.02734375,0.0,0.0,0.8979852199554443
4103,215.84196474845427,28851.6171875,0.0,0.0,0.8979134559631348
4104,224.10187731138836,29596.8828125,0.0,0.0,0.897813081741333
4105,224.59665152748425,29427.451171875,0.0,0.0,0.8976602554321289
4106,214.2073996386468,28140.16796875,0.0,0.0,0.8975071907043457
4107,267.1630552241618,42059.4609375,0.0,0.0,0.897358238697052
4108,217.5362011082597,29920.1796875,0.0,0.0,0.8972277045249939
4109,232.38685151654298,31462.298828125,0.0,0.0,0.8970645070075989
4110,240.19898960566536,37356.4140625,0.0,0.0,0.8969795107841492
4111,201.8121389653496,27975.4140625,0.0,0.0,0.8969634175300598
4112,236.04653977663165,34341.2578125,0.0,0.0,0.8969388008117676
4113,260.4860189486571,42729.9296875,0.0,0.0,0.8969507217407227
4114,216.0670081055223,29723.55078125,0.0,0.0,0.8969785571098328
4115,223.60397139573018,29913.00390625,0.0,0.0,0.8969640731811523
4116,272.36516334827246,46718.28515625,0.0,0.0,0.8969739079475403
4117,265.8785604219059,43947.640625,0.0,0.0,0.8970596790313721
4118,269.09370476749694,44899.65234375,0.0,0.0,0.897175133228302
4119,306.88890469731587,52787.8203125,0.0,0.0,0.8972539901733398
4120,286.2394800865037,47721.34765625,0.0,0.0,0.8973052501678467
4121,285.5031156995832,49811.3984375,0.0,0.0,0.8973780274391174
4122,299.1045280418812,50499.08984375,0.0,0.0,0.8973879814147949
4123,253.72687283364897,39088.7109375,0.0,0.0,0.8973963856697083
4124,315.63939304208645,56869.0390625,0.0,0.0,0.89738529920578
4125,311.5295682027427,56854.56640625,0.0,0.0,0.8973853588104248
4126,291.0168181001724,52306.5703125,0.0,0.0,0.8974124789237976
4127,257.15208856564647,40143.4296875,0.0,0.0,0.8974184393882751
4128,296.0967618661329,51912.5859375,0.0,0.0,0.8974202275276184
4129,318.11487358058633,56597.9453125,0.0,0.0,0.897375762462616
4130,272.43872512402686,43624.109375,0.0,0.0,0.8973074555397034
4131,249.29954887857755,40302.265625,0.0,0.0,0.8972764611244202
4132,317.0930294209969,61365.0546875,0.0,0.0,0.8973385691642761
4133,280.5336305204286,47081.2890625,0.0,0.0,0.8973946571350098
4134,280.21175508853696,48198.55859375,0.0,0.0,0.8974596858024597
4135,299.2558697722494,53109.4453125,0.0,0.0,0.8975117802619934
4136,304.6638633803821,56718.1875,0.0,0.0,0.8975855708122253
4137,276.64954159116405,47850.24609375,0.0,0.0,0.897674560546875
4138,322.3219875868112,59715.890625,0.0,0.0,0.8977558612823486
4139,333.24026356265153,65638.328125,0.0,0.0,0.8978525996208191
4140,344.7714468982552,69560.625,0.0,0.0,0.8979684710502625
4141,295.4031182253412,51335.24609375,0.0,0.0,0.8980606198310852
4142,267.929175979573,44025.609375,0.0,0.0,0.8981437683105469
4143,324.79970936947274,63910.46875,0.0,0.0,0.8982425332069397
4144,279.3101285363165,46838.9140625,0.0,0.0,0.8983271718025208
4145,283.15379733249205,47056.6796875,0.0,0.0,0.8984015583992004
4146,254.48294691257945,40291.6484375,0.0,0.0,0.8984622359275818
4147,302.7357520527165,56536.23828125,0.0,0.0,0.8985273241996765
4148,322.9233814408139,57844.140625,0.0,0.0,0.8985304832458496
4149,285.53419146921823,49984.50390625,0.0,0.0,0.8985293507575989
4150,331.15770856958846,64306.828125,0.0,0.0,0.8985230326652527
4151,320.05067863568485,59987.27734375,0.0,0.0,0.8984990119934082
4152,311.69066789381094,58797.9375,0.0,0.0,0.8984923958778381
4153,304.3591076974238,57432.8359375,0.0,0.0,0.8985394835472107
4154,280.6502476500944,47446.49609375,0.0,0.0,0.8985507488250732
4155,336.84379504338585,69372.5234375,0.0,0.0,0.8986629843711853
4156,318.70698056587275,58687.5625,0.0,0.0,0.8987128138542175
4157,310.15738169395377,58056.37890625,0.0,0.0,0.8987600803375244
4158,65.28587668604811,2450.32861328125,0.0,0.0,0.8987957835197449
4159,255.5265388197159,42383.90625,0.0,0.0,0.8988210558891296
4160,18.17320584564324,-1201.776123046875,0.0,0.0,0.8988430500030518
4161,338.557587144086,71833.2109375,0.0,0.0,0.8989015221595764
4162,14.821302880643698,-1042.320068359375,0.0,0.0,0.8989758491516113
4163,342.1290293113912,67316.640625,0.0,0.0,0.8990203738212585
4164,282.33934792995717,50918.21484375,0.0,0.0,0.8990604877471924
4165,276.9227512305121,50108.4609375,0.0,0.0,0.8991186022758484
4166,364.05210821427943,77188.7109375,0.0,0.0,0.8991587162017822
4167,418.98798087505827,89221.9453125,0.0,0.0,0.8991692066192627
4168,342.8381332075205,68804.390625,0.0,0.0,0.8991909027099609
4169,340.29903210696546,64167.37890625,0.0,0.0,0.8991513848304749
4170,368.2112140628588,74737.421875,0.0,0.0,0.8990922570228577
4171,265.7391485783406,46978.0703125,0.0,0.0,0.8990821838378906
4172,345.4125319548616,67785.9609375,0.0,0.0,0.8990461230278015
4173,367.63391164093986,75881.75,0.0,0.0,0.8989755511283875
4174,337.43662833988503,66128.9375,0.0,0.0,0.8989130854606628
4175,323.70462930010325,63019.94921875,0.0,0.0,0.8988344073295593
4176,339.64481752515,69191.28125,0.0,0.0,0.8987744450569153
4177,375.01697948068244,78128.4140625,0.0,0.0,0.8987075686454773
4178,356.6601597422711,77171.21875,0.0,0.0,0.8987399935722351
4179,334.7093855763735,63740.421875,0.0,0.0,0.8987300992012024
4180,387.5746913923495,81429.15625,0.0,0.0,0.8986857533454895
4181,343.5791316702758,68964.625,0.0,0.0,0.8986508846282959
4182,362.13497462677043,74397.0859375,0.0,0.0,0.8986025452613831
4183,363.3963001270365,73989.6640625,0.0,0.0,0.8985302448272705
4184,359.04891260212895,74411.515625,0.0,0.0,0.8984687924385071
4185,347.6455064501291,71604.015625,0.0,0.0,0.8984205722808838
4186,390.99506811779264,81644.890625,0.0,0.0,0.8983322978019714
4187,306.94788035683456,55226.71875,0.0,0.0,0.8982264399528503
4188,369.2357584990875,76911.0546875,0.0,0.0,0.8981302380561829
4189,365.82436026455935,73254.9140625,0.0,0.0,0.8980192542076111
4190,340.28126414843695,66349.984375,0.0,0.0,0.8978769779205322
4191,357.0678247124616,75973.796875,0.0,0.0,0.8977842926979065
4192,342.6775862333982,68732.125,0.0,0.0,0.8977168202400208
4193,273.4819624913709,44520.921875,0.0,0.0,0.8976045250892639
4194,270.9458178785116,47830.234375,0.0,0.0,0.8975789546966553
4195,345.99657492158616,67224.8828125,0.0,0.0,0.8975362777709961
4196,340.5172244962708,66683.2421875,0.0,0.0,0.8975046277046204
4197,347.09086459742514,69957.96875,0.0,0.0,0.8974609971046448
4198,339.00054269689264,66194.859375,0.0,0.0,0.8974127769470215
4199,353.03156683624155,72394.9140625,0.0,0.0,0.8973960280418396
4200,285.93480887660775,46556.984375,0.0,0.0,0.8973380923271179
4201,296.59290909331463,53453.48046875,0.0,0.0,0.8972697257995605
4202,324.4498878395867,63812.41015625,0.0,0.0,0.8972275853157043
4203,338.53582977874396,63404.5703125,0.0,0.0,0.8971595764160156
4204,384.9250397251603,79906.4453125,0.0,0.0,0.8970635533332825
4205,313.5651583253408,59879.2578125,0.0,0.0,0.8969886898994446
4206,299.4273588555713,53748.8828125,0.0,0.0,0.8969261646270752
4207,329.9105049605008,61308.4921875,0.0,0.0,0.8968567252159119
4208,356.8988805953117,71617.484375,0.0,0.0,0.8968016505241394
4209,285.6683939767839,51286.53515625,0.0,0.0,0.8967835307121277
4210,334.39799623058656,63461.6484375,0.0,0.0,0.8967652320861816
4211,345.7237320751407,68564.109375,0.0,0.0,0.8967496752738953
4212,313.5440959844265,56290.6015625,0.0,0.0,0.8967183232307434
4213,244.35151335020848,39508.875,0.0,0.0,0.8967256546020508
4214,337.21849254417344,61994.8046875,0.0,0.0,0.8966701626777649
4215,316.16097077722975,62178.30078125,0.0,0.0,0.8966765403747559
4216,309.4955836834693,57537.0703125,0.0,0.0,0.896711528301239
4217,346.6854899924077,68742.8359375,0.0,0.0,0.8967564105987549
4218,335.0598165973645,66529.4453125,0.0,0.0,0.8968562483787537
4219,346.1551278967543,68466.9921875,0.0,0.0,0.8969458937644958
4220,335.5100825723264,66622.765625,0.0,0.0,0.8970429301261902
4221,318.83354432245926,60579.8203125,0.0,0.0,0.8971640467643738
4222,333.15730812847573,64938.05078125,0.0,0.0,0.8972815871238708
4223,321.6734847205391,63187.2265625,0.0,0.0,0.8974167704582214
4224,332.32830510844735,63557.62890625,0.0,0.0,0.8975143432617188
4225,351.31542788463946,70389.21875,0.0,0.0,0.8976083397865295
4226,346.16466697282846,66672.875,0.0,0.0,0.8976660370826721
4227,323.37665141240655,58157.38671875,0.0,0.0,0.8976685404777527
4228,318.9981127372174,59184.046875,0.0,0.0,0.8976512551307678
4229,339.5502579538529,64284.9140625,0.0,0.0,0.8975676894187927
4230,319.1582146266626,56764.4453125,0.0,0.0,0.8974782824516296
4231,336.39294633196573,65881.234375,0.0,0.0,0.8974125385284424
4232,327.94744133207274,62710.421875,0.0,0.0,0.8973756432533264
4233,340.27547339239624,65977.28125,0.0,0.0,0.8973233103752136
4234,304.21322153222997,56877.34765625,0.0,0.0,0.8972594738006592
4235,347.4040098436718,68115.6796875,0.0,0.0,0.8971695899963379
4236,327.1268832796815,66655.7734375,0.0,0.0,0.897158145904541
4237,348.7805159515534,73926.1875,0.0,0.0,0.8971638679504395
4238,315.86664076884,64906.78515625,0.0,0.0,0.8972418904304504
4239,355.7707268609789,71207.9609375,0.0,0.0,0.8973148465156555
4240,359.0583465281275,72821.640625,0.0,0.0,0.8973803520202637
4241,359.1073458860406,73575.71875,0.0,0.0,0.8974599838256836
4242,359.10740343891575,70492.5234375,0.0,0.0,0.8974372744560242
4243,344.5474588374258,67166.859375,0.0,0.0,0.8973997235298157
4244,353.1603534930837,72323.421875,0.0,0.0,0.8973738551139832
4245,335.03535380165397,65391.3359375,0.0,0.0,0.8973453640937805
4246,352.6019292201694,68955.8984375,0.0,0.0,0.8972565531730652
4247,332.5303356539951,63710.67578125,0.0,0.0,0.8971722722053528
4248,341.6890555246833,66849.4375,0.0,0.0,0.8971077799797058
4249,13.021068080174224,-1393.8328857421875,0.0,0.0,0.8970382809638977
4250,350.8801017262854,71887.859375,0.0,0.0,0.8970010280609131
4251,351.4156862195083,72175.6171875,0.0,0.0,0.8969736099243164
4252,315.5604187866812,57636.0859375,0.0,0.0,0.8968806862831116
4253,333.91894845524433,62825.94921875,0.0,0.0,0.8967879414558411
4254,361.34147233942946,73777.984375,0.0,0.0,0.8966601490974426
4255,347.0895097744898,70720.7578125,0.0,0.0,0.8965575098991394
4256,348.9401632922436,71465.7109375,0.0,0.0,0.8964669108390808
4257,322.3108054652831,63308.640625,0.0,0.0,0.896379292011261
4258,342.5437936868924,70248.875,0.0,0.0,0.8962967991828918
4259,363.0373642709832,76479.484375,0.0,0.0,0.8962264657020569
4260,335.5199963189532,66445.375,0.0,0.0,0.8962143063545227
4261,348.5614947265776,70456.2578125,0.0,0.0,0.8962075114250183
4262,355.52962153867287,71082.5,0.0,0.0,0.8961769938468933
4263,322.4851729007314,61376.15234375,0.0,0.0,0.896155834197998
4264,323.5254620931515,62415.91796875,0.0,0.0,0.896123468875885
4265,346.0877953773939,68322.8984375,0.0,0.0,0.8960940837860107
4266,356.83678111483624,70408.5703125,0.0,0.0,0.8960364460945129
4267,294.5164673733058,53589.8125,0.0,0.0,0.8959460854530334
4268,336.992437614844,64665.2578125,0.0,0.0,0.8958558440208435
4269,350.7804354533747,73706.828125,0.0,0.0,0.8958050608634949
4270,316.37686835218784,59310.55859375,0.0,0.0,0.8957371711730957
4271,348.2805377537116,74935.9609375,0.0,0.0,0.8957268595695496
4272,352.0126463273922,70926.3125,0.0,0.0,0.8957059979438782
4273,336.00923939294415,65389.7421875,0.0,0.0,0.895697295665741
4274,345.8055292596875,70891.375,0.0,0.0,0.8956997394561768
4275,348.21968014920265,72483.5234375,0.0,0.0,0.8957263827323914
4276,331.05148413374167,64105.80078125,0.0,0.0,0.8957530856132507
4277,369.05836630067455,73396.453125,0.0,0.0,0.8957419991493225
4278,108.4156421108681,10346.240234375,0.0,0.0,0.8957611918449402
4279,326.43112910909684,61556.1796875,0.0,0.0,0.8957855105400085
4280,320.9226063736356,62844.4921875,0.0,0.0,0.8958247303962708
4281,319.4500035099769,64148.6875,0.0,0.0,0.8958452343940735
4282,336.98373608005085,67942.453125,0.0,0.0,0.8958916068077087
4283,369.7860156867439,80492.2578125,0.0,0.0,0.8959584832191467
4284,10.294640675116408,-1348.747314453125,0.0,0.0,0.8960263133049011
4285,293.9616208532676,55517.30078125,0.0,0.0,0.8961100578308105
4286,332.61309011457286,66347.8125,0.0,0.0,0.8961723446846008
4287,319.65621542821833,60332.7421875,0.0,0.0,0.8962230682373047
4288,349.72832899695413,70917.8984375,0.0,0.0,0.8962600827217102
4289,324.39075433705335,62335.30078125,0.0,0.0,0.8962993621826172
4290,344.16663122000205,72695.4453125,0.0,0.0,0.8963951468467712
4291,307.1451114464466,58342.3359375,0.0,0.0,0.8964785933494568
4292,337.516405215536,67852.03125,0.0,0.0,0.8965802192687988
4293,343.23827512903574,66941.609375,0.0,0.0,0.8966622352600098
4294,307.0436407465935,55994.4609375,0.0,0.0,0.8967189192771912
4295,298.8836150929209,55536.26171875,0.0,0.0,0.8968043327331543
4296,312.6956816565537,59766.11328125,0.0,0.0,0.8969150185585022
4297,316.49745715890424,60329.37890625,0.0,0.0,0.8970646262168884
4298,301.20432425687653,51538.08203125,0.0,0.0,0.8971630930900574
4299,310.14206936568695,57289.4453125,0.0,0.0,0.8972571492195129
4300,310.46398086536277,54512.1953125,0.0,0.0,0.8973040580749512
4301,310.71990559095246,55156.671875,0.0,0.0,0.8973121047019958
4302,310.8441503509391,57335.35546875,0.0,0.0,0.8973036408424377
4303,306.05241363367264,54341.796875,0.0,0.0,0.8972808718681335
4304,288.2995715066395,49783.8828125,0.0,0.0,0.8972713351249695
4305,307.36209346264263,54928.5703125,0.0,0.0,0.8972628116607666
4306,298.68943946893944,55109.828125,0.0,0.0,0.897274911403656
4307,308.56491430509396,56327.49609375,0.0,0.0,0.8972660899162292
4308,304.75701273798717,53648.8359375,0.0,0.0,0.8972417712211609
4309,291.35759789646437,50291.76953125,0.0,0.0,0.8972325921058655
4310,306.0839665740443,52993.046875,0.0,0.0,0.8972079157829285
4311,303.7565008045424,54985.11328125,0.0,0.0,0.8971927165985107
4312,297.57147174345357,51303.0234375,0.0,0.0,0.8971709609031677
4313,301.16201026428496,52511.03125,0.0,0.0,0.8971366882324219
4314,305.02285819900015,52808.59765625,0.0,0.0,0.8970836997032166
4315,292.0236000307127,49944.8046875,0.0,0.0,0.897002637386322
4316,294.0449773269228,49426.8515625,0.0,0.0,0.8968663215637207
4317,309.28975190537244,53244.90234375,0.0,0.0,0.8966760039329529
4318,277.83334431808726,46939.359375,0.0,0.0,0.8965134620666504
4319,295.55504498220444,53585.51953125,0.0,0.0,0.8964059352874756
4320,287.79145998684265,50074.85546875,0.0,0.0,0.8963291049003601
4321,309.4945032673377,57740.76171875,0.0,0.0,0.8963145613670349
4322,299.48025591754623,51919.96484375,0.0,0.0,0.8962993621826172
4323,308.6793796323435,53462.98828125,0.0,0.0,0.8962119221687317
4324,276.0750718077279,45805.078125,0.0,0.0,0.8961897492408752
4325,308.1462881367058,56769.01171875,0.0,0.0,0.8961766362190247
4326,300.62050629507104,53051.0078125,0.0,0.0,0.8961551785469055
4327,301.6897592832988,50552.18359375,0.0,0.0,0.8960807919502258
4328,284.1931651512519,46089.44921875,0.0,0.0,0.895994246006012
4329,292.91075173224925,48369.265625,0.0,0.0,0.8958713412284851
4330,301.38623062307323,53929.8125,0.0,0.0,0.8957520127296448
4331,298.2434707546908,53644.515625,0.0,0.0,0.8956769108772278
4332,258.2297925241831,38941.37890625,0.0,0.0,0.895599365234375
4333,312.86354717638716,59250.25390625,0.0,0.0,0.8955731391906738
4334,257.5762283369939,39620.61328125,0.0,0.0,0.8955360054969788
4335,306.87670528064,54672.2890625,0.0,0.0,0.8955019116401672
4336,288.9334873893957,48676.5859375,0.0,0.0,0.8954601287841797
4337,297.22032982337015,50490.578125,0.0,0.0,0.8954127430915833
4338,276.0550143659306,44832.61328125,0.0,0.0,0.8953775763511658
4339,258.05096654642307,41849.1171875,0.0,0.0,0.895345151424408
4340,297.6516558730526,53259.1640625,0.0,0.0,0.8953348994255066
4341,298.6168315005258,53378.2109375,0.0,0.0,0.8953550457954407
4342,315.7153416649177,58035.3203125,0.0,0.0,0.8953699469566345
4343,290.7289784007685,50293.625,0.0,0.0,0.8953775763511658
4344,250.5627143402112,38811.234375,0.0,0.0,0.895401656627655
4345,278.2805347735012,45085.62109375,0.0,0.0,0.8954064249992371
4346,298.1960775683698,52834.90625,0.0,0.0,0.8954110741615295
4347,245.24695568884016,35457.0703125,0.0,0.0,0.895389974117279
4348,270.42633829668705,42279.15625,0.0,0.0,0.89532470703125
4349,239.01234534911111,35609.015625,0.0,0.0,0.8952553868293762
4350,228.72269007343482,34020.28515625,0.0,0.0,0.8952336311340332
4351,220.97512245536373,30758.9765625,0.0,0.0,0.8952353596687317
4352,268.2329942300534,45207.14453125,0.0,0.0,0.8952770233154297
4353,260.4763217322496,43702.1875,0.0,0.0,0.8953810334205627
4354,268.1136108787596,42674.96484375,0.0,0.0,0.895457923412323
4355,290.9413497275337,51384.390625,0.0,0.0,0.8955451846122742
4356,213.0055522158609,28722.798828125,0.0,0.0,0.8956318497657776
4357,279.84558440258024,47115.5234375,0.0,0.0,0.89571213722229
4358,248.22133390122005,35612.765625,0.0,0.0,0.895763099193573
4359,287.30850362169446,50285.0546875,0.0,0.0,0.8958210945129395
4360,244.10937314630345,39966.63671875,0.0,0.0,0.895905077457428
4361,252.56917104434936,37231.9296875,0.0,0.0,0.8959474563598633
4362,305.54070462712906,52976.81640625,0.0,0.0,0.8959577679634094
4363,269.5170912468183,46714.03515625,0.0,0.0,0.8960596919059753
4364,239.8348913538326,37099.375,0.0,0.0,0.8961860537528992
4365,253.27257938128207,37317.35546875,0.0,0.0,0.8962681889533997
4366,271.56382820055643,44035.640625,0.0,0.0,0.8963191509246826
4367,310.66812149198864,58712.7421875,0.0,0.0,0.8963989615440369
4368,235.13810834484318,35210.0,0.0,0.0,0.8964892029762268
4369,191.62135712967714,24640.255859375,0.0,0.0,0.8966050744056702
4370,260.95625018783795,42079.21875,0.0,0.0,0.8967377543449402
4371,241.40798976270275,35417.68359375,0.0,0.0,0.8968531489372253
4372,312.20291162156093,56078.00390625,0.0,0.0,0.8969297409057617
4373,213.86223093628053,30251.216796875,0.0,0.0,0.897036612033844
4374,181.43758742538463,20789.720703125,0.0,0.0,0.8971218466758728
4375,241.46122366509852,37687.29296875,0.0,0.0,0.8972426056861877
4376,299.6209604472429,53486.5703125,0.0,0.0,0.8973428606987
4377,309.3078148987325,55063.38671875,0.0,0.0,0.8974186778068542
4378,264.4172154959883,42240.09375,0.0,0.0,0.8974614143371582
4379,280.35443924338927,47245.9921875,0.0,0.0,0.8974993228912354
4380,273.8853113819285,48260.97265625,0.0,0.0,0.8975675106048584
4381,290.1447660823284,47287.73046875,0.0,0.0,0.8975767493247986
4382,273.85474824590113,43319.296875,0.0,0.0,0.8975634574890137
4383,275.880693933357,45427.47265625,0.0,0.0,0.8975549340248108
4384,289.08112944295266,50986.1640625,0.0,0.0,0.897547721862793
4385,277.084970102549,45510.3203125,0.0,0.0,0.8975346088409424
4386,273.58457894312124,45430.0078125,0.0,0.0,0.8975358605384827
4387,282.6235677791111,47457.8125,0.0,0.0,0.8975315690040588
4388,247.65622376780374,37906.58203125,0.0,0.0,0.8975489139556885
4389,257.76290829222035,41598.1953125,0.0,0.0,0.8975839614868164
4390,270.9362240674099,42275.94140625,0.0,0.0,0.897601306438446
4391,296.0142994654564,51073.26171875,0.0,0.0,0.8975966572761536
4392,299.1334728721924,51815.26953125,0.0,0.0,0.8975637555122375
4393,253.5052401750433,37894.02734375,0.0,0.0,0.8975107073783875
4394,291.54881140740497,50431.65234375,0.0,0.0,0.8974569439888
4395,257.0481153892947,37817.8046875,0.0,0.0,0.8973846435546875
4396,234.7945803518245,35201.0859375,0.0,0.0,0.8973405957221985
4397,294.9550602417126,51849.734375,0.0,0.0,0.897312343120575
4398,196.9761253348301,24488.439453125,0.0,0.0,0.8972936272621155
4399,284.83435269439104,47219.55078125,0.0,0.0,0.8972800374031067
4400,246.6642114966562,37090.27734375,0.0,0.0,0.8972522616386414
4401,256.37833662008944,38968.0234375,0.0,0.0,0.8972108960151672
4402,252.37155169477697,38156.2109375,0.0,0.0,0.8971779346466064
4403,225.15258845687094,31041.56640625,0.0,0.0,0.8971426486968994
4404,275.4715534640104,46142.03125,0.0,0.0,0.8971245884895325
4405,285.71272683162846,47905.4140625,0.0,0.0,0.8971164226531982
4406,284.68944173100556,46850.87109375,0.0,0.0,0.897105872631073
4407,280.5970784474346,46610.4140625,0.0,0.0,0.8970649838447571
4408,230.2050458615894,32111.21484375,0.0,0.0,0.8970111012458801
4409,251.24969841910556,37456.52734375,0.0,0.0,0.8969521522521973
4410,272.05558480969603,43088.0390625,0.0,0.0,0.8968830704689026
4411,176.94475592187422,21940.029296875,0.0,0.0,0.8968803882598877
4412,262.8692233251628,43764.6953125,0.0,0.0,0.8969315886497498
4413,245.97567242858102,39003.58203125,0.0,0.0,0.897036612033844
4414,264.16021631215546,43449.94140625,0.0,0.0,0.8971630930900574
4415,256.67709924915124,41069.6875,0.0,0.0,0.8973141312599182
4416,281.26236232763455,44504.578125,0.0,0.0,0.8974232077598572
4417,190.1610008906927,22368.29296875,0.0,0.0,0.8975045084953308
4418,279.15546596857604,45908.3984375,0.0,0.0,0.8975731730461121
4419,247.40202142817347,35682.953125,0.0,0.0,0.897621214389801
4420,276.80927403672797,46545.2265625,0.0,0.0,0.8976778984069824
4421,225.31803878066196,30614.033203125,0.0,0.0,0.8977227807044983
4422,280.9427670287633,46136.6953125,0.0,0.0,0.897766649723053
4423,234.28897383069042,35407.69921875,0.0,0.0,0.8978533148765564
4424,266.2144052608843,44865.83984375,0.0,0.0,0.8979665637016296
4425,183.89729586831623,21653.82421875,0.0,0.0,0.8980774879455566
4426,236.94137492733117,32636.88671875,0.0,0.0,0.8981496691703796
4427,242.18648564997187,35947.80078125,0.0,0.0,0.8982338905334473
4428,236.06008974462867,33865.56640625,0.0,0.0,0.8983075618743896
4429,239.15145441525073,33617.015625,0.0,0.0,0.8983244299888611
4430,227.5658163922959,32622.095703125,0.0,0.0,0.8983664512634277
4431,216.12092148494878,27860.28515625,0.0,0.0,0.8983802795410156
4432,252.6857174188745,37111.5390625,0.0,0.0,0.8983609080314636
4433,243.80292192553637,35415.2578125,0.0,0.0,0.8983440399169922
4434,233.68009771820007,33244.71484375,0.0,0.0,0.8983379006385803
4435,234.92043346224983,33757.94921875,0.0,0.0,0.898334264755249
4436,252.15663409781638,37141.86328125,0.0,0.0,0.8983097672462463
4437,223.21334002525947,31264.00390625,0.0,0.0,0.8982979655265808
4438,258.5363363291424,40895.81640625,0.0,0.0,0.8983352780342102
4439,248.04307829767683,35666.71484375,0.0,0.0,0.8983549475669861
4440,222.42982147052842,28748.0625,0.0,0.0,0.8983495235443115
4441,250.4855256393945,37987.21484375,0.0,0.0,0.8983799815177917
4442,253.96165717221785,37757.27734375,0.0,0.0,0.8983543515205383
4443,255.34525110933873,37391.7265625,0.0,0.0,0.8983120918273926
4444,226.67148956961105,30428.884765625,0.0,0.0,0.8982467651367188
4445,272.8587100717843,42580.01953125,0.0,0.0,0.8981578946113586
4446,244.9034036599404,36883.53125,0.0,0.0,0.8980912566184998
4447,197.40047793545463,24073.373046875,0.0,0.0,0.8980264663696289
4448,241.78451219018572,36525.203125,0.0,0.0,0.8979868292808533
4449,269.4740423541483,40428.78125,0.0,0.0,0.8979039788246155
4450,262.30087819599686,42633.9140625,0.0,0.0,0.8979043364524841
4451,268.78435193027417,44084.875,0.0,0.0,0.897930383682251
4452,261.8768850261047,40938.8515625,0.0,0.0,0.8979807496070862
4453,276.88228119792603,44864.49609375,0.0,0.0,0.8980150818824768
4454,251.71360601937704,39026.98046875,0.0,0.0,0.8980825543403625
4455,262.70776775562473,39375.24609375,0.0,0.0,0.898125410079956
4456,208.16887289327786,27711.53125,0.0,0.0,0.898166835308075
4457,282.9362674558172,44860.17578125,0.0,0.0,0.898145854473114
4458,291.2111091569147,49667.0859375,0.0,0.0,0.8981289863586426
4459,286.62143309481087,49349.7421875,0.0,0.0,0.898148238658905
4460,269.66488328600815,44103.078125,0.0,0.0,0.8981496691703796
4461,257.9619525562329,39437.26953125,0.0,0.0,0.898158073425293
4462,282.60281017570077,44540.01953125,0.0,0.0,0.8981156349182129
4463,286.14244946046364,49102.30859375,0.0,0.0,0.8981010317802429
4464,276.1146882380431,44880.296875,0.0,0.0,0.8980931639671326
4465,253.05046372191336,37792.3359375,0.0,0.0,0.8980913758277893
4466,288.95327599030776,48032.3203125,0.0,0.0,0.8980758190155029
4467,287.66777955704464,49986.5234375,0.0,0.0,0.8980767130851746
4468,274.9970380235165,46272.8671875,0.0,0.0,0.8981049656867981
4469,263.32696849198413,43311.96484375,0.0,0.0,0.8981303572654724
4470,277.51363448615103,45668.0546875,0.0,0.0,0.8981665968894958
4471,263.7613486069427,38900.4921875,0.0,0.0,0.8981738686561584
4472,286.33136693569907,49068.28125,0.0,0.0,0.898190438747406
4473,271.62528087688094,45592.76171875,0.0,0.0,0.8982422351837158
4474,288.3028962735036,52904.875,0.0,0.0,0.8983129858970642
4475,272.2423102546954,42875.546875,0.0,0.0,0.8983564376831055
4476,277.2938623484459,46136.5703125,0.0,0.0,0.8983932137489319
4477,292.11132288694273,50630.1875,0.0,0.0,0.8984350562095642
4478,286.9201981527415,48520.15234375,0.0,0.0,0.898482620716095
4479,264.13891790239126,42832.98046875,0.0,0.0,0.8985351920127869
4480,252.37049900654216,37882.37890625,0.0,0.0,0.8985916972160339
4481,277.8630961158324,45628.890625,0.0,0.0,0.8986401557922363
4482,268.8466225210093,45654.875,0.0,0.0,0.8987274765968323
4483,265.7984858321898,39175.359375,0.0,0.0,0.8987383246421814
4484,265.3566981313448,43352.90625,0.0,0.0,0.8987569808959961
4485,284.0935308242981,45534.38671875,0.0,0.0,0.8987442851066589
4486,259.4352692650934,42421.70703125,0.0,0.0,0.8987810611724854
4487,265.18089440226953,46070.625,0.0,0.0,0.8988676071166992
4488,263.9761817786328,42313.5859375,0.0,0.0,0.8989402651786804
4489,283.31709305716754,47141.6875,0.0,0.0,0.8990009427070618
4490,276.0886199943338,47017.328125,0.0,0.0,0.8990690112113953
4491,274.4414768905948,46269.8984375,0.0,0.0,0.8991449475288391
4492,262.04760045612,42936.5703125,0.0,0.0,0.8992307782173157
4493,286.3807467146523,47835.03515625,0.0,0.0,0.8992877006530762
4494,279.6594712696346,45779.22265625,0.0,0.0,0.8992950320243835
4495,268.89189737938756,44283.86328125,0.0,0.0,0.8993375897407532
4496,269.6545033112904,45247.38671875,0.0,0.0,0.8993814587593079
4497,288.5645268830413,49867.265625,0.0,0.0,0.8994397521018982
4498,266.6589504328391,42800.50390625,0.0,0.0,0.8994946479797363
4499,278.0841443753907,47226.3828125,0.0,0.0,0.8995614647865295
4500,280.1618862949352,47816.54296875,0.0,0.0,0.899634838104248
4501,280.6636079040476,46005.359375,0.0,0.0,0.8996913433074951
4502,287.10955750077824,48081.3125,0.0,0.0,0.8997349739074707
4503,292.26344322042894,53065.66796875,0.0,0.0,0.8997950553894043
4504,259.83077028659824,41090.07421875,0.0,0.0,0.8998634219169617
4505,271.46458829033725,41400.5546875,0.0,0.0,0.8998894691467285
4506,293.96735521285933,52043.5625,0.0,0.0,0.8999053835868835
4507,272.3971006713924,43941.53515625,0.0,0.0,0.8999058604240417
4508,258.5923771144879,40107.3515625,0.0,0.0,0.8999266624450684
4509,277.71433299457016,44175.3125,0.0,0.0,0.8998996615409851
4510,280.91407963592656,50914.91796875,0.0,0.0,0.8999418616294861
4511,260.12477101045516,44658.84765625,0.0,0.0,0.899992048740387
4512,273.6329498031479,46088.5703125,0.0,0.0,0.9000449180603027
4513,260.49524033948103,39168.12109375,0.0,0.0,0.9000774025917053
4514,281.9493924903219,45083.63671875,0.0,0.0,0.9000635743141174
4515,279.60232004698065,47692.4140625,0.0,0.0,0.9000768661499023
4516,262.6277104658065,44845.10546875,0.0,0.0,0.9001315236091614
4517,268.80797040690504,43127.71484375,0.0,0.0,0.9001938700675964
4518,265.57783649888165,41105.12109375,0.0,0.0,0.9002372622489929
4519,285.2093776903592,49263.51171875,0.0,0.0,0.9002795815467834
4520,270.74894473069736,43516.8515625,0.0,0.0,0.9003041386604309
4521,274.30912055669734,43438.21875,0.0,0.0,0.9003029465675354
4522,271.5554950755021,42997.98828125,0.0,0.0,0.9002833962440491
4523,276.6353358541937,46882.96875,0.0,0.0,0.9002910256385803
4524,278.5582246492545,44750.15625,0.0,0.0,0.9002628326416016
4525,284.7813148196827,48040.56640625,0.0,0.0,0.9002488255500793
4526,267.9641501026915,43950.4296875,0.0,0.0,0.9002688527107239
4527,277.87163473630284,47206.7265625,0.0,0.0,0.9002859592437744
4528,291.4080251617822,51364.4296875,0.0,0.0,0.9003311991691589
4529,287.02998258947446,47997.98046875,0.0,0.0,0.9003622531890869
4530,295.0488127413184,51011.90625,0.0,0.0,0.9003903865814209
4531,287.8919735756089,47885.62890625,0.0,0.0,0.9003949761390686
4532,303.02135360796944,56661.56640625,0.0,0.0,0.9004526138305664
4533,298.4296165469821,53449.26171875,0.0,0.0,0.9005123972892761
4534,289.5425829884331,50736.97265625,0.0,0.0,0.900580883026123
4535,279.5221071287384,49078.15625,0.0,0.0,0.900669515132904
4536,303.81478698190637,53461.54296875,0.0,0.0,0.9007423520088196
4537,295.10408189956235,50153.2265625,0.0,0.0,0.9007717967033386
4538,295.81084704847325,51816.4765625,0.0,0.0,0.90082186460495
4539,268.0153958248926,43108.015625,0.0,0.0,0.9008802771568298
4540,272.2229946704126,45102.703125,0.0,0.0,0.9009378552436829
4541,285.54461677909177,51811.4765625,0.0,0.0,0.9009914994239807
4542,282.77785599229367,46681.6484375,0.0,0.0,0.901026725769043
4543,276.1921512043187,47114.08203125,0.0,0.0,0.9010805487632751
4544,277.81543028589573,46043.7109375,0.0,0.0,0.9011340141296387
4545,285.99019793611217,50870.484375,0.0,0.0,0.9012367129325867
4546,283.4547552041856,47125.62890625,0.0,0.0,0.9013161659240723
4547,262.7664749361067,40531.16796875,0.0,0.0,0.9013686180114746
4548,293.44128701524636,49490.0390625,0.0,0.0,0.9013840556144714
4549,284.9135979205921,48906.83984375,0.0,0.0,0.9014086127281189
4550,277.3169702878247,48308.48046875,0.0,0.0,0.9014868140220642
4551,274.13083019050606,42947.02734375,0.0,0.0,0.9015248417854309
4552,263.31313333107386,38669.29296875,0.0,0.0,0.9015329480171204
4553,279.325855394956,45408.09375,0.0,0.0,0.9015281796455383
4554,278.18563000646975,44776.4140625,0.0,0.0,0.9014937877655029
4555,257.01867119516413,40438.81640625,0.0,0.0,0.9014565348625183
4556,210.5247214497259,27243.5,0.0,0.0,0.9013890624046326
4557,285.72529689828264,48681.99609375,0.0,0.0,0.9013311862945557
4558,288.0565375504364,52090.12109375,0.0,0.0,0.9013168811798096
4559,271.9185780807007,43914.421875,0.0,0.0,0.9013010859489441
4560,289.3312756313597,49747.34375,0.0,0.0,0.9013059139251709
4561,273.9627246426724,44045.43359375,0.0,0.0,0.9013214707374573
4562,292.4199599220372,51342.99609375,0.0,0.0,0.9013476967811584
4563,274.75215245059377,44210.74609375,0.0,0.0,0.9013743996620178
4564,264.6023913134807,40187.2734375,0.0,0.0,0.9013848304748535
4565,272.04830819706046,42786.4140625,0.0,0.0,0.9013569951057434
4566,289.51882248812564,49875.72265625,0.0,0.0,0.9013498425483704
4567,265.5663638474051,41913.9296875,0.0,0.0,0.9013502597808838
4568,271.8057119593458,45207.7578125,0.0,0.0,0.9013989567756653
4569,263.314313227352,39766.04296875,0.0,0.0,0.901425302028656
4570,279.08757657674965,46287.56640625,0.0,0.0,0.9014608263969421
4571,270.880756281924,40709.18359375,0.0,0.0,0.9014440178871155
4572,260.360128777846,40371.8515625,0.0,0.0,0.9014596343040466
4573,269.32905908063145,41122.84375,0.0,0.0,0.9014514088630676
4574,275.14277462783923,46133.1640625,0.0,0.0,0.9014739990234375
4575,285.86204826606763,47881.953125,0.0,0.0,0.9014891982078552
4576,273.4791715827481,46267.33203125,0.0,0.0,0.9015669226646423
4577,284.39934137256245,46692.0234375,0.0,0.0,0.9016075730323792
4578,274.32517476843924,45617.18359375,0.0,0.0,0.901672899723053
4579,278.1011631603488,45834.09375,0.0,0.0,0.9017426371574402
4580,271.1968488265665,41628.421875,0.0,0.0,0.9017689824104309
4581,259.078340825206,39933.05859375,0.0,0.0,0.9018042683601379
4582,261.10024341129053,41155.44140625,0.0,0.0,0.9018652439117432
4583,268.7471437398371,43851.82421875,0.0,0.0,0.9019625782966614
4584,271.1274824760221,43501.00390625,0.0,0.0,0.9020476341247559
4585,267.8297309792176,39832.4375,0.0,0.0,0.9020769596099854
4586,289.95772099487385,48669.0625,0.0,0.0,0.9020810127258301
4587,278.23857210372796,45576.4453125,0.0,0.0,0.9020733833312988
4588,272.66847845159515,42836.06640625,0.0,0.0,0.9020581245422363
4589,291.4212316708628,51418.1484375,0.0,0.0,0.9020607471466064
4590,280.0712254152868,45242.34375,0.0,0.0,0.9020290970802307
4591,272.05222733699316,43159.65234375,0.0,0.0,0.9019982814788818
4592,297.84492840195753,53308.78125,0.0,0.0,0.9019802212715149
4593,265.62810010244027,40440.46484375,0.0,0.0,0.9019503593444824
4594,267.819290782989,42678.53125,0.0,0.0,0.9019445776939392
4595,275.0100168898207,43394.49609375,0.0,0.0,0.9018978476524353
4596,287.853216716602,48623.4375,0.0,0.0,0.901867687702179
4597,280.78775920879815,46506.265625,0.0,0.0,0.901838481426239
4598,301.78845865759814,55221.8515625,0.0,0.0,0.9018612504005432
4599,282.50212149048957,49631.2890625,0.0,0.0,0.9019439220428467
4600,288.08555744566945,48998.1328125,0.0,0.0,0.9020261764526367
4601,278.2782811557812,44736.37890625,0.0,0.0,0.9020923972129822
4602,280.83530550928884,46517.01171875,0.0,0.0,0.9021623134613037
4603,293.25230569776585,50362.34765625,0.0,0.0,0.9022282958030701
4604,297.7620460582847,52142.671875,0.0,0.0,0.90227872133255
4605,292.1757039808654,47076.4140625,0.0,0.0,0.9022574424743652
4606,259.52041263357137,40026.70703125,0.0,0.0,0.9022421836853027
4607,278.33232992514775,46887.53125,0.0,0.0,0.9022595286369324
4608,273.39799949480124,45162.07421875,0.0,0.0,0.9023013710975647
4609,275.37792700576574,45291.1328125,0.0,0.0,0.9023454785346985
4610,281.6418255036655,47461.77734375,0.0,0.0,0.9024098515510559
4611,269.5283928270378,42523.74609375,0.0,0.0,0.9024665951728821
4612,269.7442042650892,44020.734375,0.0,0.0,0.9025217890739441
4613,270.78763319452156,42771.41015625,0.0,0.0,0.9025620818138123
4614,274.4941737317192,44842.51171875,0.0,0.0,0.902614176273346
4615,270.3972358141349,41555.7265625,0.0,0.0,0.9026243090629578
4616,286.9558296519355,49012.125,0.0,0.0,0.9026485085487366
4617,251.53964275389407,37346.6875,0.0,0.0,0.9026641845703125
4618,278.72952036649167,46598.0859375,0.0,0.0,0.9027041792869568
4619,274.4336540404143,44141.0390625,0.0,0.0,0.9027411341667175
4620,291.7009643760193,50539.1796875,0.0,0.0,0.9027969837188721
4621,265.4568887163449,40903.03125,0.0,0.0,0.9028432965278625
4622,266.42294665805554,39802.34375,0.0,0.0,0.9028475880622864
4623,266.05835117594313,43100.71484375,0.0,0.0,0.9028733372688293
4624,270.60203981219763,43980.51171875,0.0,0.0,0.9028894305229187
4625,276.84563801940453,44073.8359375,0.0,0.0,0.9028800129890442
4626,276.7453603801865,46339.4375,0.0,0.0,0.9028847813606262
4627,303.6627327981337,54150.31640625,0.0,0.0,0.9029030799865723
4628,285.034833484961,49140.66796875,0.0,0.0,0.9029312133789062
4629,287.87329536139976,47753.80859375,0.0,0.0,0.9029388427734375
4630,279.6435598007928,44467.65625,0.0,0.0,0.9029288291931152
4631,263.7443811550142,39756.046875,0.0,0.0,0.902904748916626
4632,308.7967121937251,56618.92578125,0.0,0.0,0.9029059410095215
4633,283.3666812984579,47945.9453125,0.0,0.0,0.9029229283332825
4634,279.1604393886697,44293.78515625,0.0,0.0,0.9028916358947754
4635,294.7854798041131,52906.734375,0.0,0.0,0.9028692245483398
4636,268.7247742347979,44531.58203125,0.0,0.0,0.902906596660614
4637,289.16971303781037,49333.0,0.0,0.0,0.9029542803764343
4638,279.17325276748363,47214.171875,0.0,0.0,0.9030218124389648
4639,275.32727878003067,46618.12890625,0.0,0.0,0.903109073638916
4640,290.23157369522926,49723.1796875,0.0,0.0,0.903191328048706
4641,283.61998332312976,45378.73046875,0.0,0.0,0.9032091498374939
4642,285.8860189533536,44757.05859375,0.0,0.0,0.9031643271446228
4643,280.39750166766134,45639.7578125,0.0,0.0,0.9031219482421875
4644,283.8652839271468,47366.78125,0.0,0.0,0.9030869603157043
4645,277.0332082338366,46000.078125,0.0,0.0,0.9030677676200867
4646,286.40529467739924,46507.9765625,0.0,0.0,0.9030293822288513
4647,216.46262221486992,29684.892578125,0.0,0.0,0.9030261039733887
4648,256.32559648725623,42226.01953125,0.0,0.0,0.9030630588531494
4649,291.7647887306254,51677.4296875,0.0,0.0,0.9031291007995605
4650,299.1921543149216,51394.0,0.0,0.0,0.9031683802604675
4651,239.0341998398875,33999.92578125,0.0,0.0,0.9031765460968018
4652,278.6575966123439,44420.10546875,0.0,0.0,0.9031842350959778
4653,258.67689447270527,39306.79296875,0.0,0.0,0.9031822681427002
4654,243.33659190572192,38282.76171875,0.0,0.0,0.9032278060913086
4655,315.4649602713562,56308.26171875,0.0,0.0,0.9032503962516785
4656,288.65491769403894,48757.90625,0.0,0.0,0.9032805562019348
4657,297.3782628837703,50571.984375,0.0,0.0,0.9032936692237854
4658,280.25775172560697,44417.4453125,0.0,0.0,0.9032880663871765
4659,210.90934869854055,26446.625,0.0,0.0,0.9032495021820068
4660,298.98056278901475,52191.4296875,0.0,0.0,0.9032018780708313
4661,329.5578606510889,61013.2421875,0.0,0.0,0.9031503796577454
4662,300.86737460402946,49922.79296875,0.0,0.0,0.9030351638793945
4663,289.8969743806195,49452.8359375,0.0,0.0,0.9029447436332703
4664,297.1913925590322,52422.484375,0.0,0.0,0.9028797149658203
4665,170.03434005473454,18828.57421875,0.0,0.0,0.9028334617614746
4666,288.52743726936575,47379.640625,0.0,0.0,0.9027820229530334
4667,301.68613738839286,52762.9765625,0.0,0.0,0.9027239680290222
4668,293.7477176246354,51092.734375,0.0,0.0,0.9026811718940735
4669,315.83213805862545,58524.30859375,0.0,0.0,0.9026317596435547
4670,283.2250694040991,45788.30078125,0.0,0.0,0.9025712013244629
4671,273.8274229837217,42326.37109375,0.0,0.0,0.9024889469146729
4672,292.6054268250179,49676.79296875,0.0,0.0,0.90240079164505
4673,251.3633106006382,39891.55078125,0.0,0.0,0.9023491740226746
4674,288.40765759884675,51215.79296875,0.0,0.0,0.9023488163948059
4675,280.22753463662326,46931.7421875,0.0,0.0,0.9023777842521667
4676,263.2626555809893,41178.9296875,0.0,0.0,0.9023831486701965
4677,299.8917772379927,51840.5078125,0.0,0.0,0.9023855328559875
4678,302.672489160791,51853.08203125,0.0,0.0,0.902370035648346
4679,291.71185306458386,51691.84765625,0.0,0.0,0.9023858904838562
4680,300.64153012975885,54659.953125,0.0,0.0,0.9024073481559753
4681,289.2726720083025,48004.71875,0.0,0.0,0.9023947715759277
4682,301.3793544634094,52501.58984375,0.0,0.0,0.9023957848548889
4683,256.73236717240405,39667.109375,0.0,0.0,0.9023445248603821
4684,312.1240027844446,56260.36328125,0.0,0.0,0.9022989273071289
4685,300.0812625716488,55470.23046875,0.0,0.0,0.9022884368896484
4686,292.9173583540915,51746.34765625,0.0,0.0,0.9022648930549622
4687,236.5081697428608,34301.03515625,0.0,0.0,0.9022336602210999
4688,271.7812150587969,44341.6875,0.0,0.0,0.9022101759910583
4689,262.16306554572094,40868.65625,0.0,0.0,0.9021656513214111
4690,307.7410073507692,53088.421875,0.0,0.0,0.9021109938621521
4691,278.043276194662,47462.1328125,0.0,0.0,0.9020954966545105
4692,193.6132479001071,23057.228515625,0.0,0.0,0.9020655155181885
4693,311.9440290616043,55886.3046875,0.0,0.0,0.9020063877105713
4694,231.10926076566182,31991.15234375,0.0,0.0,0.9019308090209961
4695,272.27320210000994,45749.5,0.0,0.0,0.9019248485565186
4696,317.9728750068166,59362.64453125,0.0,0.0,0.9019452929496765
4697,224.14374370072923,32619.4765625,0.0,0.0,0.9020020365715027
4698,289.98493062511477,48473.9921875,0.0,0.0,0.9020224213600159
4699,320.792136250695,57480.8671875,0.0,0.0,0.9020267128944397
4700,302.1691990632138,51242.4296875,0.0,0.0,0.9020115733146667
4701,305.6741705865449,55308.796875,0.0,0.0,0.9020068049430847
4702,283.42831744393266,44475.0859375,0.0,0.0,0.9019191265106201
4703,305.0947886730113,54042.453125,0.0,0.0,0.9018343091011047
4704,326.7239145897101,61828.98046875,0.0,0.0,0.9017515778541565
4705,311.20401516606375,56175.94921875,0.0,0.0,0.9016634821891785
4706,232.36024976431437,33078.99609375,0.0,0.0,0.9015818238258362
4707,320.78986578202694,58976.14453125,0.0,0.0,0.9015035629272461
4708,322.3093158225969,58740.6953125,0.0,0.0,0.9014091491699219
4709,276.06720809485466,42896.1953125,0.0,0.0,0.9012892842292786
4710,299.85019428294817,53432.1484375,0.0,0.0,0.9011973738670349
4711,291.73880443379204,48514.68359375,0.0,0.0,0.9010944962501526
4712,292.324352592253,50244.46875,0.0,0.0,0.9010060429573059
4713,287.5318975665985,48155.34375,0.0,0.0,0.9009043574333191
4714,299.5342394243515,52658.953125,0.0,0.0,0.9008272290229797
4715,257.1487512562201,40298.171875,0.0,0.0,0.9007742404937744
4716,316.6152306307449,57501.3046875,0.0,0.0,0.9007226824760437
4717,301.84665372101426,49535.7578125,0.0,0.0,0.9006232619285583
4718,295.3671361088216,48270.5625,0.0,0.0,0.9005053043365479
4719,290.6742800087929,47666.53515625,0.0,0.0,0.9003868699073792
4720,311.73577197065293,56839.46875,0.0,0.0,0.9002626538276672
4721,298.04354718753143,50961.51171875,0.0,0.0,0.9001339077949524
4722,287.71250976229396,50331.796875,0.0,0.0,0.9000510573387146
4723,308.4220007946227,56002.19140625,0.0,0.0,0.9000104069709778
4724,296.33888271790215,50722.6796875,0.0,0.0,0.8999659419059753
4725,302.8128090046831,52344.59765625,0.0,0.0,0.8999125361442566
4726,301.601045221279,53504.3359375,0.0,0.0,0.8998839855194092
4727,318.12236783753843,58562.12890625,0.0,0.0,0.8998680114746094
4728,302.6074449598175,52584.10546875,0.0,0.0,0.8998520374298096
4729,300.1196853586686,51828.609375,0.0,0.0,0.8998247981071472
4730,284.82829659306594,47646.609375,0.0,0.0,0.8997759222984314
4731,297.32559690782864,52346.1484375,0.0,0.0,0.8997704982757568
4732,297.30691734514807,52749.984375,0.0,0.0,0.8997921943664551
4733,282.6038142862564,43605.48046875,0.0,0.0,0.8997718691825867
4734,296.3518801599439,51982.97265625,0.0,0.0,0.8997644782066345
4735,284.25061121043603,47737.6640625,0.0,0.0,0.8997666835784912
4736,308.75693106050113,53756.05859375,0.0,0.0,0.8997095227241516
4737,241.59352225704964,37118.26171875,0.0,0.0,0.899675190448761
4738,299.6705065403475,52547.62890625,0.0,0.0,0.8996538519859314
4739,284.9357225292414,48217.7578125,0.0,0.0,0.8996434807777405
4740,313.46820823596903,58881.3203125,0.0,0.0,0.8996624946594238
4741,298.47236226332603,51904.68359375,0.0,0.0,0.8996806740760803
4742,286.48791135558264,48554.23046875,0.0,0.0,0.8997180461883545
4743,287.1904360562633,46515.59765625,0.0,0.0,0.8997408747673035
4744,307.16772531687946,54588.0390625,0.0,0.0,0.8997681140899658
4745,265.21048457041263,42674.0625,0.0,0.0,0.8997981548309326
4746,297.88045520802433,48741.390625,0.0,0.0,0.8997662663459778
4747,295.9973111706066,51448.93359375,0.0,0.0,0.8997432589530945
4748,277.20627886328793,44332.375,0.0,0.0,0.8996945023536682
4749,304.8460451585031,54042.1640625,0.0,0.0,0.8996613025665283
4750,289.33938777537577,52115.74609375,0.0,0.0,0.899666965007782
4751,280.6368700820917,46766.046875,0.0,0.0,0.899641752243042
4752,293.8938788648541,49168.89453125,0.0,0.0,0.8995941281318665
4753,313.3064480233337,60507.8359375,0.0,0.0,0.8996033668518066
4754,263.50257656014855,39753.4296875,0.0,0.0,0.8995518684387207
4755,290.34064124997604,50596.87890625,0.0,0.0,0.8995159268379211
4756,288.84915437881943,48259.4609375,0.0,0.0,0.8994752764701843
4757,307.7001521233376,54401.2109375,0.0,0.0,0.8994218707084656
4758,295.86780051581223,51798.1484375,0.0,0.0,0.8994038105010986
4759,296.5323313162305,53076.6171875,0.0,0.0,0.8994632363319397
4760,302.4523366017968,53722.63671875,0.0,0.0,0.8995038866996765
4761,303.90877494569014,51192.91796875,0.0,0.0,0.8995170593261719
4762,299.0877104177609,50880.25,0.0,0.0,0.8995091319084167
4763,281.05786499268436,44250.2734375,0.0,0.0,0.8994815945625305
4764,291.7732367111389,50516.31640625,0.0,0.0,0.8994919657707214
4765,299.9638820065473,50187.7265625,0.0,0.0,0.8994746208190918
4766,301.15229608429394,53472.234375,0.0,0.0,0.8994621634483337
4767,297.0312364863719,49557.03125,0.0,0.0,0.8994180560112
4768,293.40340577586653,53192.00390625,0.0,0.0,0.8994042277336121
4769,306.0400819897984,52601.9296875,0.0,0.0,0.8993542790412903
4770,300.2368899992949,53168.16015625,0.0,0.0,0.8993075489997864
4771,287.9477834434098,49277.03125,0.0,0.0,0.8993162512779236
4772,293.51566188169807,50871.44140625,0.0,0.0,0.8993322253227234
4773,294.08581745383697,49849.34765625,0.0,0.0,0.8993237018585205
4774,179.89988789287986,20618.310546875,0.0,0.0,0.8993089199066162
4775,306.2148512549025,55278.22265625,0.0,0.0,0.899310290813446
4776,303.9702155078997,56609.84375,0.0,0.0,0.8993565440177917
4777,306.26575522633084,54642.640625,0.0,0.0,0.8993849754333496
4778,283.43707732356984,46575.83203125,0.0,0.0,0.8994254469871521
4779,302.9823050109592,55560.25390625,0.0,0.0,0.8994994163513184
4780,292.2992934866554,48376.6015625,0.0,0.0,0.8995586037635803
4781,283.37519618455406,49466.51171875,0.0,0.0,0.8996472358703613
4782,268.041915730841,41851.078125,0.0,0.0,0.8997252583503723
4783,302.92623704800394,53422.2109375,0.0,0.0,0.8997883796691895
4784,279.25504948288165,45823.8984375,0.0,0.0,0.8998289108276367
4785,227.45462604387927,31643.806640625,0.0,0.0,0.8998734354972839
4786,269.6830293332687,43701.84375,0.0,0.0,0.8998878002166748
4787,310.1483613296105,57466.69140625,0.0,0.0,0.8999460339546204
4788,206.83382219266866,25537.716796875,0.0,0.0,0.8999730944633484
4789,297.27596931358966,47798.03125,0.0,0.0,0.8999366760253906
4790,257.50468606356895,39511.5234375,0.0,0.0,0.8999117016792297
4791,209.96037451297616,30099.375,0.0,0.0,0.8999214172363281
4792,298.3621889259393,52233.1953125,0.0,0.0,0.8999360203742981
4793,256.866978514052,38624.8203125,0.0,0.0,0.8999120593070984
4794,279.7931569345046,46672.69921875,0.0,0.0,0.8998879790306091
4795,239.37853842691874,32286.52734375,0.0,0.0,0.8998124599456787
4796,228.48585647798268,33410.08984375,0.0,0.0,0.899780809879303
4797,259.7653961697622,44478.5625,0.0,0.0,0.899821937084198
4798,255.9987792602564,37471.015625,0.0,0.0,0.8998045325279236
4799,228.4497623807583,32630.203125,0.0,0.0,0.8997957706451416
4800,274.8387972164759,43306.03125,0.0,0.0,0.8997685313224792
4801,294.19092705314193,52367.78125,0.0,0.0,0.8997736573219299
4802,268.0272487989482,45481.9296875,0.0,0.0,0.8998220562934875
4803,295.61030133334674,52545.78515625,0.0,0.0,0.899897575378418
4804,259.5808959895901,41850.1875,0.0,0.0,0.8999671339988708
4805,282.37841441197367,45928.2890625,0.0,0.0,0.9000330567359924
4806,312.2863610478408,58692.4921875,0.0,0.0,0.90012127161026
4807,287.50121113875286,47033.47265625,0.0,0.0,0.900184690952301
4808,266.97061531536514,40523.58984375,0.0,0.0,0.9002242684364319
4809,241.01718652040552,36631.94140625,0.0,0.0,0.9002725481987
4810,281.42507548957076,48373.40625,0.0,0.0,0.9003129601478577
4811,294.4732664581611,48271.5390625,0.0,0.0,0.9003110527992249
4812,311.56674261559215,57350.6328125,0.0,0.0,0.900335967540741
4813,296.5882990413892,52177.55859375,0.0,0.0,0.9003738760948181
4814,166.73082437941207,18570.037109375,0.0,0.0,0.9004121422767639
4815,305.68258802742304,53036.49609375,0.0,0.0,0.9004222750663757
4816,295.71814125675445,51795.4765625,0.0,0.0,0.9004411101341248
4817,256.9164262364427,40200.47265625,0.0,0.0,0.9004876017570496
4818,294.13566692773855,51943.32421875,0.0,0.0,0.9005206227302551
4819,300.88284380835694,52228.984375,0.0,0.0,0.9005439281463623
4820,239.80067626707034,36340.203125,0.0,0.0,0.9005894660949707
4821,300.0404949053632,51025.2890625,0.0,0.0,0.9006052613258362
4822,275.145135899108,47682.58203125,0.0,0.0,0.9006643295288086
4823,243.00085384108039,36613.265625,0.0,0.0,0.9007242321968079
4824,270.441643342533,43065.546875,0.0,0.0,0.9007695317268372
4825,242.2677199344275,34187.6640625,0.0,0.0,0.9007682800292969
4826,271.9694998966678,43102.08984375,0.0,0.0,0.900737464427948
4827,291.21992411136637,50572.72265625,0.0,0.0,0.9007100462913513
4828,262.579533781665,43678.8671875,0.0,0.0,0.9007099270820618
4829,306.2925823901315,56046.68359375,0.0,0.0,0.9007062911987305
4830,303.0751631965962,52305.9609375,0.0,0.0,0.9006763100624084
4831,314.5424612197507,58777.34765625,0.0,0.0,0.900667130947113
4832,282.59303816099134,48470.34765625,0.0,0.0,0.9006715416908264
4833,284.55467966743424,45054.4140625,0.0,0.0,0.9006340503692627
4834,290.631178430481,51492.7109375,0.0,0.0,0.9006307721138
4835,276.44341952703064,46466.2734375,0.0,0.0,0.9006468653678894
4836,230.84758730897133,31963.923828125,0.0,0.0,0.9006404876708984
4837,294.9426551592757,48574.4453125,0.0,0.0,0.900608479976654
4838,256.48839455658367,39919.484375,0.0,0.0,0.900587797164917
4839,267.27533393228714,45354.96484375,0.0,0.0,0.9005827307701111
4840,236.7568014671547,35649.34375,0.0,0.0,0.9005897045135498
4841,283.1888620089162,46276.0625,0.0,0.0,0.9005678296089172
4842,305.75163001752196,54410.453125,0.0,0.0,0.9005362391471863
4843,266.2527599818061,41510.59375,0.0,0.0,0.9004836082458496
4844,302.4648206067619,50149.1328125,0.0,0.0,0.9003320336341858
4845,269.97396138931623,43006.81640625,0.0,0.0,0.9001767039299011
4846,299.44233639532916,54450.3203125,0.0,0.0,0.9000266194343567
4847,285.41375930028033,48000.90625,0.0,0.0,0.8998956084251404
4848,287.655415996497,48569.81640625,0.0,0.0,0.8997897505760193
4849,286.7317811514187,46689.84375,0.0,0.0,0.8996700644493103
4850,292.3561299755536,49132.70703125,0.0,0.0,0.8995487093925476
4851,296.84958055727213,56767.08203125,0.0,0.0,0.8995187282562256
4852,284.4612754601237,50739.6328125,0.0,0.0,0.8995287418365479
4853,309.9985352479669,55310.203125,0.0,0.0,0.899538516998291
4854,282.1782165486795,48894.359375,0.0,0.0,0.8995537757873535
4855,245.2155961867135,37129.66015625,0.0,0.0,0.8995885848999023
4856,299.6526345339908,54771.73046875,0.0,0.0,0.8996475338935852
4857,276.3930969408185,43079.69921875,0.0,0.0,0.8996946215629578
4858,280.09671736870007,48322.26171875,0.0,0.0,0.899754524230957
4859,284.58901293143964,52556.5078125,0.0,0.0,0.8998637199401855
4860,247.4115637314923,37713.85546875,0.0,0.0,0.8999555110931396
4861,255.7064748827715,38950.9140625,0.0,0.0,0.9000398516654968
4862,284.2445441625978,47900.359375,0.0,0.0,0.900122344493866
4863,257.8831759311298,41444.48828125,0.0,0.0,0.9002215266227722
4864,278.8406613359815,44379.60546875,0.0,0.0,0.9002811312675476
4865,275.35686763398843,46437.87890625,0.0,0.0,0.9003509879112244
4866,322.05207035482437,58321.17578125,0.0,0.0,0.900374710559845
4867,304.73350527952033,52867.1875,0.0,0.0,0.9003629684448242
4868,282.64815203758826,48134.73828125,0.0,0.0,0.9003596901893616
4869,207.7680934858005,27362.61328125,0.0,0.0,0.9003761410713196
4870,281.9359018352575,46725.4609375,0.0,0.0,0.900367796421051
4871,312.70400739125387,55857.203125,0.0,0.0,0.9003477692604065
4872,298.25039488771495,56688.0703125,0.0,0.0,0.9003700613975525
4873,321.62929947700684,62891.8515625,0.0,0.0,0.9004144668579102
4874,267.01686170379685,41250.20703125,0.0,0.0,0.9004250168800354
4875,249.30605218475003,37772.421875,0.0,0.0,0.9004507660865784
4876,283.5310255416869,49010.47265625,0.0,0.0,0.9004680514335632
4877,290.8739751639155,48062.5703125,0.0,0.0,0.900463879108429
4878,273.6171220440328,44301.53515625,0.0,0.0,0.9004668593406677
4879,256.95140624001556,40139.00390625,0.0,0.0,0.9004769325256348
4880,288.9676525395112,53820.25,0.0,0.0,0.9005318284034729
4881,284.4151323362373,47561.3203125,0.0,0.0,0.9005889296531677
4882,264.33117032528537,46308.81640625,0.0,0.0,0.9006690979003906
4883,280.8943330001447,50859.921875,0.0,0.0,0.9008140563964844
4884,344.53569041834413,68103.8984375,0.0,0.0,0.9009291529655457
4885,275.0013893498003,48406.65625,0.0,0.0,0.9010336399078369
4886,271.84750123086735,42766.47265625,0.0,0.0,0.9011068344116211
4887,261.3471963436694,39875.48828125,0.0,0.0,0.9011351466178894
4888,323.6505164804848,59786.86328125,0.0,0.0,0.9011518955230713
4889,316.96972683512126,61578.39453125,0.0,0.0,0.9012051224708557
4890,282.0455299664669,46056.3359375,0.0,0.0,0.9012452960014343
4891,322.1106259149265,57396.4765625,0.0,0.0,0.9012529850006104
4892,289.43711122019596,49174.87890625,0.0,0.0,0.901268482208252
4893,283.80320184380685,47800.4140625,0.0,0.0,0.9013084769248962
4894,309.57292935620785,55849.8828125,0.0,0.0,0.9013527035713196
4895,281.98244835599655,50292.90625,0.0,0.0,0.9014299511909485
4896,290.0386071106154,49716.578125,0.0,0.0,0.901473343372345
4897,311.8692628735498,57367.61328125,0.0,0.0,0.901515781879425
4898,309.31267103072116,55799.953125,0.0,0.0,0.9015265107154846
4899,284.6574228089845,48675.5859375,0.0,0.0,0.9015507698059082
4900,290.95988050531133,52120.78125,0.0,0.0,0.9015948176383972
4901,315.7457288758657,56947.109375,0.0,0.0,0.9016265869140625
4902,279.4589197443752,46133.29296875,0.0,0.0,0.9016552567481995
4903,319.5929608017354,58865.375,0.0,0.0,0.9016318321228027
4904,294.77028421613363,50895.09765625,0.0,0.0,0.9016229510307312
4905,270.81166239654,42723.296875,0.0,0.0,0.9015926718711853
4906,309.0871407419102,55798.4453125,0.0,0.0,0.9015626907348633
4907,310.1262425038581,58002.15625,0.0,0.0,0.9015687108039856
4908,314.6324325181592,57038.33984375,0.0,0.0,0.9015644192695618
4909,301.140999875393,54525.60546875,0.0,0.0,0.9015645980834961
4910,300.65288300901994,54140.421875,0.0,0.0,0.9015848636627197
4911,319.41887219527354,56252.24609375,0.0,0.0,0.90152508020401
4912,297.65590200221595,58535.81640625,0.0,0.0,0.9014673233032227
4913,288.11990397093695,48465.1015625,0.0,0.0,0.901386559009552
4914,321.6314600340005,60560.15234375,0.0,0.0,0.9013011455535889
4915,345.6048991621733,69076.5625,0.0,0.0,0.9012576937675476
4916,297.6217867526398,51759.34765625,0.0,0.0,0.901228666305542
4917,317.7201141968246,56319.21875,0.0,0.0,0.9011734127998352
4918,306.48326212093315,56515.64453125,0.0,0.0,0.9011273980140686
4919,332.03815282856164,64550.0234375,0.0,0.0,0.9010917544364929
4920,332.0684434395378,62722.15625,0.0,0.0,0.9010631442070007
4921,343.5984616679125,72123.6171875,0.0,0.0,0.9010937213897705
4922,316.01283035381846,57340.02734375,0.0,0.0,0.9010931849479675
4923,327.34969868273896,60616.015625,0.0,0.0,0.9010624289512634
4924,309.6590465551284,58064.85546875,0.0,0.0,0.9010764956474304
4925,267.5670216563011,45287.06640625,0.0,0.0,0.9010836482048035
4926,324.8836813886775,61875.2109375,0.0,0.0,0.9010944962501526
4927,292.0126313524343,54843.66796875,0.0,0.0,0.9012225270271301
4928,313.22231244527603,59189.66015625,0.0,0.0,0.9013261795043945
4929,295.44440244493484,55516.171875,0.0,0.0,0.9014647603034973
4930,306.81193047201083,56150.2265625,0.0,0.0,0.9016196727752686
4931,317.3959622734758,57263.55859375,0.0,0.0,0.9017431735992432
4932,305.68753096148043,58654.0,0.0,0.0,0.9018933176994324
4933,293.1939543762287,54485.5625,0.0,0.0,0.9020374417304993
4934,20.418747896060122,-1540.7940673828125,0.0,0.0,0.9021661877632141
4935,303.7589255752479,56520.66015625,0.0,0.0,0.9022965431213379
4936,299.47394749288907,54164.3046875,0.0,0.0,0.9023957252502441
4937,275.7545788868732,47415.59765625,0.0,0.0,0.9025004506111145
4938,303.18282578616964,61478.96484375,0.0,0.0,0.9025132060050964
4939,284.64046743983414,54893.28125,0.0,0.0,0.9025608897209167
4940,344.5672158338327,68059.21875,0.0,0.0,0.9026146531105042
4941,311.11050151517105,59779.87109375,0.0,0.0,0.9026708006858826
4942,265.15278213195904,43089.8515625,0.0,0.0,0.9027161598205566
4943,287.9357483250012,51539.9765625,0.0,0.0,0.9027934670448303
4944,319.04426457653204,62045.24609375,0.0,0.0,0.9029056429862976
4945,10.741034660436714,-1652.274169921875,0.0,0.0,0.9029989242553711
4946,282.62649515388654,51083.0859375,0.0,0.0,0.9030974507331848
4947,8.435636865797692,-1478.01708984375,0.0,0.0,0.903175413608551
4948,332.0991167744183,63826.046875,0.0,0.0,0.9032339453697205
4949,335.5357781304265,62868.2421875,0.0,0.0,0.90325927734375
4950,329.86487635776547,64086.22265625,0.0,0.0,0.9032549262046814
4951,304.2836967308057,58980.078125,0.0,0.0,0.9032691121101379
4952,308.5724217049987,56270.6796875,0.0,0.0,0.9032626152038574
4953,321.73601796575645,59290.359375,0.0,0.0,0.9032296538352966
4954,283.6892998279387,48483.05078125,0.0,0.0,0.9031825065612793
4955,343.91953548246624,69211.3671875,0.0,0.0,0.9031567573547363
4956,354.4039959666359,74865.53125,0.0,0.0,0.9031391143798828
4957,11.131529804184567,-1323.0736083984375,0.0,0.0,0.9031874537467957
4958,343.4795086154043,67412.09375,0.0,0.0,0.9032459259033203
4959,326.1781898078642,60011.27734375,0.0,0.0,0.9032468795776367
4960,282.1191328416073,54414.2109375,0.0,0.0,0.9033181667327881
4961,284.50649774589306,48228.375,0.0,0.0,0.9033190608024597
4962,320.5836326836437,59663.08203125,0.0,0.0,0.9033049941062927
4963,334.60602080472665,68715.5,0.0,0.0,0.9032674431800842
4964,268.9370524835846,46121.54296875,0.0,0.0,0.903256893157959
4965,273.97606249176357,48445.6953125,0.0,0.0,0.9032578468322754
4966,271.8185982800266,45272.91796875,0.0,0.0,0.9032170176506042
4967,253.39826634277227,40391.3671875,0.0,0.0,0.9032037854194641
4968,260.5944118898179,43846.33984375,0.0,0.0,0.9032246470451355
4969,236.51445061531385,36115.04296875,0.0,0.0,0.9032549858093262
4970,318.68195318731705,60392.6796875,0.0,0.0,0.9032371640205383
4971,369.15085609687117,87248.8828125,0.0,0.0,0.9032685160636902
4972,324.53991261339235,61485.9453125,0.0,0.0,0.9032793045043945
4973,255.11732448368258,40105.59375,0.0,0.0,0.9032616019248962
4974,277.51178781689975,46912.41796875,0.0,0.0,0.9032238125801086
4975,321.98325557343543,63445.671875,0.0,0.0,0.9032065868377686
4976,301.14860300602805,57928.59375,0.0,0.0,0.9031965136528015
4977,303.58008199298416,57634.828125,0.0,0.0,0.9032133221626282
4978,271.02678960033774,46563.94921875,0.0,0.0,0.9032507538795471
4979,294.3745097357749,52796.3828125,0.0,0.0,0.9032866358757019
4980,300.66126048667735,58528.23828125,0.0,0.0,0.9033112525939941
4981,291.62210818135003,49320.7890625,0.0,0.0,0.9032880663871765
4982,332.94028232239395,63561.4296875,0.0,0.0,0.903222382068634
4983,279.89756385223114,48816.27734375,0.0,0.0,0.9031643867492676
4984,322.65329531214456,59693.7890625,0.0,0.0,0.9030905365943909
4985,307.74063630099306,54631.57421875,0.0,0.0,0.9029958844184875
4986,338.9996786700101,65480.18359375,0.0,0.0,0.9028996825218201
4987,275.8295024180588,47209.7109375,0.0,0.0,0.9027782082557678
4988,307.3880709524295,57442.05859375,0.0,0.0,0.902677059173584
4989,320.9622748525223,63443.734375,0.0,0.0,0.9026309847831726
4990,346.98346880439215,69785.9375,0.0,0.0,0.9025799632072449
4991,293.28159236278054,54564.1328125,0.0,0.0,0.9025037884712219
4992,257.37789870146264,40768.11328125,0.0,0.0,0.902430534362793
4993,348.06946945397294,71854.5234375,0.0,0.0,0.9023706316947937
4994,313.90452853716806,57695.73828125,0.0,0.0,0.9022980332374573
4995,322.16652122321756,58618.01953125,0.0,0.0,0.9021718502044678
4996,333.41143242516017,64431.421875,0.0,0.0,0.902034342288971
4997,325.41611689819143,62276.828125,0.0,0.0,0.9018968939781189
4998,349.56962754535425,67776.484375,0.0,0.0,0.901739776134491
4999,319.0181720072577,60559.44921875,0.0,0.0,0.9015807509422302
5000,278.9534491097676,45818.44921875,0.0,0.0,0.901393473148346
