episode,reward,actor_loss,critic_loss,mean_value,mean_sigma
1,10.146967892505636,0.19986653327941895,0.0,0.0,0.9738696217536926
2,16.891565350206708,9.14728832244873,0.0,0.0,0.9741823077201843
3,56.241214578658756,8.629014015197754,0.0,0.0,0.9745574593544006
4,20.071906327449966,-5.731506824493408,0.0,0.0,0.9747026562690735
5,29.418777202290293,2.363534927368164,0.0,0.0,0.9748591780662537
6,67.69713078483787,1.7574069499969482,0.0,0.0,0.974980354309082
7,6.129546183540752,-2.0676846504211426,0.0,0.0,0.9750058054924011
8,17.37615334191249,0.4706878662109375,0.0,0.0,0.975018322467804
9,23.135489461237245,-3.4626150131225586,0.0,0.0,0.9749805331230164
10,13.118162714333534,-6.999558925628662,0.0,0.0,0.9748947024345398
11,81.63777403741754,-3.034980535507202,0.0,0.0,0.9747917056083679
12,11.223964184338172,-4.06544828414917,0.0,0.0,0.9746538996696472
13,16.064106035588924,-1.4476099014282227,0.0,0.0,0.974520742893219
14,75.18952848199207,-4.678954124450684,0.0,0.0,0.9743757843971252
15,26.788363623036556,-1.1390430927276611,0.0,0.0,0.974240243434906
16,7.674572320313018,6.359457492828369,0.0,0.0,0.9741855263710022
17,43.65996013290235,-14.968341827392578,0.0,0.0,0.9740943312644958
18,32.2501412292946,10.123672485351562,0.0,0.0,0.9740718007087708
19,31.29116571221741,-7.766474723815918,0.0,0.0,0.9740177989006042
20,77.94626945338587,4.0147552490234375,0.0,0.0,0.9739872813224792
21,12.292056306945176,4.090890884399414,0.0,0.0,0.9739997982978821
22,7.106685927423936,7.891424655914307,0.0,0.0,0.974072277545929
23,13.036837583969604,-6.998422622680664,0.0,0.0,0.9740800857543945
24,90.81082112565142,-7.257302761077881,0.0,0.0,0.9740568995475769
25,85.72041700204214,-5.546241283416748,0.0,0.0,0.9740173816680908
26,188.09363846566782,7.901256561279297,0.0,0.0,0.9740118384361267
27,165.21000314076298,-9.35908317565918,0.0,0.0,0.9739816188812256
28,70.31723280533276,-9.349979400634766,0.0,0.0,0.9739190936088562
29,33.068690531080115,-11.615177154541016,0.0,0.0,0.9738025069236755
30,6.091776545628059,-3.1959753036499023,0.0,0.0,0.9736719727516174
31,130.6408328519348,-4.764492511749268,0.0,0.0,0.9735497832298279
32,98.01177700792907,-17.298192977905273,0.0,0.0,0.9733636379241943
33,92.29349876501398,-2.861469268798828,0.0,0.0,0.9731881618499756
34,16.442863231746397,-10.323928833007812,0.0,0.0,0.9729816317558289
35,21.373374763115045,-6.052318572998047,0.0,0.0,0.97275710105896
36,66.81589384102203,2.120133876800537,0.0,0.0,0.9725636839866638
37,66.25431158926837,-0.6718485355377197,0.0,0.0,0.9723963737487793
38,84.87988048780117,5.062172889709473,0.0,0.0,0.9722608923912048
39,98.89448128047282,5.011157035827637,0.0,0.0,0.9721555709838867
40,58.518297552768914,-3.0168402194976807,0.0,0.0,0.9720425605773926
41,88.433562943322,-8.651572227478027,0.0,0.0,0.9719080328941345
42,147.971719084879,8.805641174316406,0.0,0.0,0.9718124270439148
43,16.38628824740586,2.037491798400879,0.0,0.0,0.9717410206794739
44,54.77458276311836,-23.001949310302734,0.0,0.0,0.9716129302978516
45,134.25371148662205,36.395538330078125,0.0,0.0,0.9715886116027832
46,89.94402256237291,-7.119427680969238,0.0,0.0,0.9715368151664734
47,68.01144372736388,-8.879611015319824,0.0,0.0,0.9714255928993225
48,121.4721181809041,0.5785093307495117,0.0,0.0,0.9713322520256042
49,76.76657209286395,-1.2524588108062744,0.0,0.0,0.9712439179420471
50,88.41705003609889,-1.482994556427002,0.0,0.0,0.9711578488349915
51,78.19317537966143,3.9591267108917236,0.0,0.0,0.9710939526557922
52,81.59927610174779,-14.744991302490234,0.0,0.0,0.9709672331809998
53,72.48340597284937,-9.495515823364258,0.0,0.0,0.9708113670349121
54,124.73546531802256,-0.886134147644043,0.0,0.0,0.970667839050293
55,25.97922223696892,-9.447542190551758,0.0,0.0,0.9704944491386414
56,92.51634171935713,-0.8538751602172852,0.0,0.0,0.9703354239463806
57,152.65358121885546,13.341879844665527,0.0,0.0,0.9702353477478027
58,88.09249103771054,10.43615436553955,0.0,0.0,0.9701884388923645
59,61.644872116019926,-5.707125186920166,0.0,0.0,0.9701125025749207
60,67.39836939386977,2.8236083984375,0.0,0.0,0.9700498580932617
61,106.71041578714319,8.453624725341797,0.0,0.0,0.9700345993041992
62,88.0435149708534,0.23800182342529297,0.0,0.0,0.9700217247009277
63,88.5494166134898,-11.080361366271973,0.0,0.0,0.9699828028678894
64,211.59929839120733,-1.9836444854736328,0.0,0.0,0.9699433445930481
65,129.56449253589102,-1.467888593673706,0.0,0.0,0.9699010848999023
66,129.68390196377356,-46.318824768066406,0.0,0.0,0.9697777628898621
67,71.38069309578452,-3.3947157859802246,0.0,0.0,0.9696438908576965
68,127.9554465766782,-2.371973991394043,0.0,0.0,0.9695174694061279
69,62.74873269856228,10.80508804321289,0.0,0.0,0.9694411158561707
70,103.65923244521557,10.548015594482422,0.0,0.0,0.96941739320755
71,73.42987603730452,-4.57586145401001,0.0,0.0,0.9693740010261536
72,117.58997892370097,-13.795955657958984,0.0,0.0,0.9693090319633484
73,82.28234117263045,-4.058730125427246,0.0,0.0,0.969240665435791
74,194.86904394301442,-6.324130535125732,0.0,0.0,0.9691596627235413
75,61.75448069651762,-4.187783241271973,0.0,0.0,0.9690725207328796
76,199.91279091885022,4.4514875411987305,0.0,0.0,0.969002902507782
77,127.56702698232009,9.626490592956543,0.0,0.0,0.968958854675293
78,114.35946509709412,-5.9785051345825195,0.0,0.0,0.9688973426818848
79,147.46970782455344,-2.2666549682617188,0.0,0.0,0.9688358306884766
80,85.84860099436065,6.120847225189209,0.0,0.0,0.968825101852417
81,223.81554408032264,17.871496200561523,0.0,0.0,0.9688484072685242
82,37.07111512107317,-16.765457153320312,0.0,0.0,0.9688026309013367
83,31.511382621160084,15.25890064239502,0.0,0.0,0.9688354134559631
84,48.11432998765595,0.3064873218536377,0.0,0.0,0.9688652157783508
85,44.64122993905472,-9.144180297851562,0.0,0.0,0.9688575863838196
86,63.25679772313148,7.415661334991455,0.0,0.0,0.9688640236854553
87,66.54827307398205,0.7553853988647461,0.0,0.0,0.9688715934753418
88,70.84526003883548,12.675992012023926,0.0,0.0,0.9689255356788635
89,203.62931833507199,3.175546407699585,0.0,0.0,0.9689834713935852
90,63.21912121086752,16.356842041015625,0.0,0.0,0.9690868258476257
91,253.1212682838336,-12.77065658569336,0.0,0.0,0.969147264957428
92,98.12151852109304,2.585482358932495,0.0,0.0,0.96921306848526
93,203.86769347178696,-0.5082776546478271,0.0,0.0,0.969271719455719
94,202.15570010395834,8.336325645446777,0.0,0.0,0.969353199005127
95,208.82231084202206,5.084775924682617,0.0,0.0,0.9694388508796692
96,190.1688878807328,-7.468800067901611,0.0,0.0,0.9695035815238953
97,102.0639068805468,13.684954643249512,0.0,0.0,0.9696068167686462
98,114.55115204045731,-3.3439297676086426,0.0,0.0,0.969688355922699
99,40.79890938747694,-1.7721657752990723,0.0,0.0,0.9697553515434265
100,200.03709799922328,-11.820584297180176,0.0,0.0,0.9697949290275574
101,165.37012659798194,24.042001724243164,0.0,0.0,0.9698854088783264
102,65.7460104023054,-4.6801605224609375,0.0,0.0,0.9699508547782898
103,61.700615302173865,10.46334171295166,0.0,0.0,0.9700338244438171
104,145.23813343815456,5.766727447509766,0.0,0.0,0.9701273441314697
105,175.51616300919568,-1.0739099979400635,0.0,0.0,0.9702112078666687
106,219.8087637492777,1.9700946807861328,0.0,0.0,0.970289945602417
107,84.73369979103563,0.751739501953125,0.0,0.0,0.9703623652458191
108,110.59123000286112,-5.077170372009277,0.0,0.0,0.9704079031944275
109,133.32606702940927,-3.676546812057495,0.0,0.0,0.9704381823539734
110,127.50225894825671,-2.094034194946289,0.0,0.0,0.9704594016075134
111,96.40117342892901,-7.485682010650635,0.0,0.0,0.9704527258872986
112,63.86200272383144,-12.601031303405762,0.0,0.0,0.9704005122184753
113,66.2464235343111,-9.848601341247559,0.0,0.0,0.9703183174133301
114,181.1062465851558,11.364346504211426,0.0,0.0,0.970280647277832
115,173.11458955572607,0.012827873229980469,0.0,0.0,0.9702474474906921
116,130.135439072292,-5.395010948181152,0.0,0.0,0.9702093601226807
117,192.8608535173425,-9.471728324890137,0.0,0.0,0.9701511859893799
118,106.53471535098798,-19.127511978149414,0.0,0.0,0.9700523018836975
119,197.6715031865089,4.71888542175293,0.0,0.0,0.9699748158454895
120,222.0404633922712,3.1907949447631836,0.0,0.0,0.9699122905731201
121,92.4072292011069,-1.5141026973724365,0.0,0.0,0.9698522090911865
122,95.12988951594308,-6.050293922424316,0.0,0.0,0.9697831273078918
123,196.19153670099377,8.70184326171875,0.0,0.0,0.9697450995445251
124,215.05996464529804,19.733379364013672,0.0,0.0,0.9697980880737305
125,81.73208361880792,5.891256809234619,0.0,0.0,0.9698691368103027
126,131.632435732571,2.0267696380615234,0.0,0.0,0.9699450135231018
127,162.88611500160087,5.579113483428955,0.0,0.0,0.9700276851654053
128,202.46185012337958,15.768176078796387,0.0,0.0,0.9701464772224426
129,215.51555782083977,-13.523405075073242,0.0,0.0,0.970212996006012
130,194.19840529165432,-6.837145805358887,0.0,0.0,0.9702558517456055
131,188.82279101577456,5.018716812133789,0.0,0.0,0.9703062176704407
132,211.77642244069636,-20.087739944458008,0.0,0.0,0.9703224301338196
133,204.30258963779661,19.735504150390625,0.0,0.0,0.9703896641731262
134,196.30808203772355,17.398460388183594,0.0,0.0,0.9705307483673096
135,163.9503637507765,14.295613288879395,0.0,0.0,0.9706899523735046
136,87.87741095107903,5.876676559448242,0.0,0.0,0.9708495736122131
137,102.31955026856552,-21.52964973449707,0.0,0.0,0.9709329605102539
138,223.4303357693861,5.6654558181762695,0.0,0.0,0.9710178971290588
139,190.50282914428763,-11.825050354003906,0.0,0.0,0.9710739254951477
140,212.5338729165958,-17.24170684814453,0.0,0.0,0.9710755348205566
141,229.73004554555212,2.8557214736938477,0.0,0.0,0.9710832238197327
142,209.37144001742925,-28.948209762573242,0.0,0.0,0.9710202217102051
143,148.24914553715686,-3.3555381298065186,0.0,0.0,0.9709523320198059
144,100.39125969152965,-4.637006759643555,0.0,0.0,0.9708694815635681
145,195.87475271446675,15.388789176940918,0.0,0.0,0.9708256721496582
146,203.7885641150001,3.7505035400390625,0.0,0.0,0.9707929491996765
147,202.60298540093385,5.442296981811523,0.0,0.0,0.9707849621772766
148,150.36125188812588,16.21309471130371,0.0,0.0,0.9708320498466492
149,171.03901414724405,-2.266584873199463,0.0,0.0,0.9708685278892517
150,203.96138115537738,-25.59265899658203,0.0,0.0,0.9708638191223145
151,112.4022086445595,-9.762256622314453,0.0,0.0,0.9708431363105774
152,82.84092672068799,-3.600515842437744,0.0,0.0,0.9708138108253479
153,188.48381515009098,-31.502866744995117,0.0,0.0,0.9707143902778625
154,260.54901221958164,-21.873546600341797,0.0,0.0,0.9705867171287537
155,232.90885129463723,19.39388656616211,0.0,0.0,0.9705228805541992
156,190.0653217341677,-3.0784850120544434,0.0,0.0,0.9704559445381165
157,184.40253806853204,-4.609806537628174,0.0,0.0,0.9703819155693054
158,198.19519751986164,-17.453882217407227,0.0,0.0,0.9702680110931396
159,68.37957196800514,-18.528430938720703,0.0,0.0,0.9701130986213684
160,216.1755090486077,4.046219825744629,0.0,0.0,0.9699878692626953
161,204.78701382515212,15.765230178833008,0.0,0.0,0.9699385166168213
162,226.7340104464032,14.438695907592773,0.0,0.0,0.9699299931526184
163,208.81677840569782,7.084621429443359,0.0,0.0,0.969942033290863
164,188.58135161697442,-2.0873970985412598,0.0,0.0,0.9699494242668152
165,218.4497132583771,-5.729907989501953,0.0,0.0,0.969940185546875
166,192.64321078220397,-8.213678359985352,0.0,0.0,0.969914436340332
167,234.32760365356418,8.07467269897461,0.0,0.0,0.9699101448059082
168,216.13202513194622,6.3170061111450195,0.0,0.0,0.9699161052703857
169,197.3619531744222,-9.12785530090332,0.0,0.0,0.9698958992958069
170,202.4993474112015,-6.755177974700928,0.0,0.0,0.9698576927185059
171,78.78103080049434,5.252153396606445,0.0,0.0,0.9698446393013
172,204.89099559815276,-10.829353332519531,0.0,0.0,0.9698094725608826
173,219.01638199065846,-20.437747955322266,0.0,0.0,0.9697044491767883
174,257.6820086367095,12.731287002563477,0.0,0.0,0.969642162322998
175,196.78906516369034,-7.699736595153809,0.0,0.0,0.9695720672607422
176,215.98123872732722,24.420082092285156,0.0,0.0,0.9696100354194641
177,222.67145727826025,-49.01861572265625,0.0,0.0,0.969536304473877
178,267.6973528174361,-12.448469161987305,0.0,0.0,0.9694468379020691
179,199.5307314612472,4.662693500518799,0.0,0.0,0.9693816304206848
180,218.17820181376348,4.063803195953369,0.0,0.0,0.9693372249603271
181,225.65191915515015,-9.597244262695312,0.0,0.0,0.969282329082489
182,224.58072784386775,-20.635635375976562,0.0,0.0,0.9691739678382874
183,194.4094961053626,21.298160552978516,0.0,0.0,0.9691218733787537
184,220.81681470239715,1.6078100204467773,0.0,0.0,0.9690783619880676
185,175.1059249802174,14.325056076049805,0.0,0.0,0.9690666198730469
186,137.63540180774476,-7.6123456954956055,0.0,0.0,0.969031810760498
187,200.66846951920564,-15.668293952941895,0.0,0.0,0.9689553380012512
188,190.92387479460737,19.559356689453125,0.0,0.0,0.9689621925354004
189,194.54621073254,1.9006710052490234,0.0,0.0,0.9689755439758301
190,233.51487250421889,-23.448129653930664,0.0,0.0,0.96892911195755
191,214.71893237058921,7.4137725830078125,0.0,0.0,0.968907356262207
192,237.87828683338273,-16.09821319580078,0.0,0.0,0.9688567519187927
193,203.00196178716035,19.627941131591797,0.0,0.0,0.9688665270805359
194,228.4349582673471,10.883659362792969,0.0,0.0,0.9689006209373474
195,174.82053138245445,-5.655428886413574,0.0,0.0,0.9689128398895264
196,220.42262948712565,6.150518894195557,0.0,0.0,0.9689417481422424
197,201.36764967305868,17.884521484375,0.0,0.0,0.969017744064331
198,212.6612757478274,-17.29026222229004,0.0,0.0,0.9690484404563904
199,227.12613928374327,-31.76521873474121,0.0,0.0,0.9690064787864685
200,250.84423533269322,2.749105453491211,0.0,0.0,0.9689741730690002
201,224.18067961512463,5.5927581787109375,0.0,0.0,0.9689602851867676
202,222.96177018680893,-12.473058700561523,0.0,0.0,0.9689157605171204
203,207.8161678379281,-6.586967945098877,0.0,0.0,0.968853235244751
204,218.5743082837333,-18.979198455810547,0.0,0.0,0.9687321186065674
205,222.27978909062458,14.370257377624512,0.0,0.0,0.9686552882194519
206,101.0244593279254,-16.828022003173828,0.0,0.0,0.9685308933258057
207,163.78225427371228,15.991657257080078,0.0,0.0,0.968472957611084
208,234.5513392769959,-0.6020488739013672,0.0,0.0,0.9684255123138428
209,215.61618125512473,2.992528200149536,0.0,0.0,0.9683894515037537
210,213.4629249032511,-20.015676498413086,0.0,0.0,0.968303382396698
211,97.95366118096113,-10.50166130065918,0.0,0.0,0.9681927561759949
212,87.28945603722804,-10.53349494934082,0.0,0.0,0.9680354595184326
213,76.26299544561961,19.384700775146484,0.0,0.0,0.9679490923881531
214,118.82186709625975,13.57908821105957,0.0,0.0,0.9679180979728699
215,235.26060708516582,-22.117877960205078,0.0,0.0,0.9678294658660889
216,225.42485950924262,-7.707911491394043,0.0,0.0,0.9677290320396423
217,88.06466215424936,-27.775928497314453,0.0,0.0,0.9675553441047668
218,85.55560000270114,-1.5374667644500732,0.0,0.0,0.967393159866333
219,10.24012871720847,-3.1542582511901855,0.0,0.0,0.9672338366508484
220,216.54661808138198,-20.97591781616211,0.0,0.0,0.9670512676239014
221,233.36565565189719,-2.2247095108032227,0.0,0.0,0.9668846130371094
222,208.39876477755053,11.258562088012695,0.0,0.0,0.9667611122131348
223,202.16012362152344,11.055248260498047,0.0,0.0,0.9666807055473328
224,187.5028058546739,4.987961769104004,0.0,0.0,0.9666191935539246
225,104.48516513070476,-3.4964418411254883,0.0,0.0,0.9665539860725403
226,191.46373877550153,-10.60158634185791,0.0,0.0,0.9664771556854248
227,180.11290565725147,10.810380935668945,0.0,0.0,0.9664390683174133
228,269.1695081462374,7.579161167144775,0.0,0.0,0.9664196372032166
229,220.90624762219167,-6.0020952224731445,0.0,0.0,0.9663837552070618
230,220.9315038248724,10.575904846191406,0.0,0.0,0.9663699269294739
231,114.95693046381864,-3.3131866455078125,0.0,0.0,0.9663431644439697
232,186.2536573788567,5.7081499099731445,0.0,0.0,0.9663340449333191
233,87.73551904585666,-7.436131477355957,0.0,0.0,0.9662960171699524
234,201.32198310066772,-10.41305923461914,0.0,0.0,0.9662396311759949
235,195.08951049222415,3.915435791015625,0.0,0.0,0.9661974906921387
236,196.1878802215506,-1.3505983352661133,0.0,0.0,0.9661580920219421
237,167.97294256423297,4.436788558959961,0.0,0.0,0.9661418795585632
238,205.03677316742719,16.877365112304688,0.0,0.0,0.966176450252533
239,229.68941696360494,4.765178680419922,0.0,0.0,0.9662135243415833
240,202.31037961376003,-4.320405006408691,0.0,0.0,0.9662420153617859
241,179.2880481708463,-7.28485107421875,0.0,0.0,0.9662477374076843
242,150.46202858017375,-4.796181678771973,0.0,0.0,0.9662456512451172
243,158.560491451545,3.420719623565674,0.0,0.0,0.9662520289421082
244,266.6345208224948,-1.8812999725341797,0.0,0.0,0.9662506580352783
245,74.89760851001378,1.6714935302734375,0.0,0.0,0.9662510752677917
246,204.73884634473697,-2.8575680255889893,0.0,0.0,0.9662409424781799
247,187.76881286750537,-6.662728309631348,0.0,0.0,0.9662156701087952
248,297.3891464889834,6.35509729385376,0.0,0.0,0.9662026762962341
249,182.3633233251335,-6.917525291442871,0.0,0.0,0.9661725163459778
250,102.00055003418976,9.588433265686035,0.0,0.0,0.9661778807640076
251,159.02176895788065,0.4943673610687256,0.0,0.0,0.966183602809906
252,97.832537699357,-8.661514282226562,0.0,0.0,0.9661679863929749
253,237.72668404489232,-30.318979263305664,0.0,0.0,0.966087818145752
254,197.01951820299666,-6.321969985961914,0.0,0.0,0.9659993648529053
255,208.3957302551906,-6.270757675170898,0.0,0.0,0.9659116864204407
256,209.57490173776637,-2.9897403717041016,0.0,0.0,0.9658279418945312
257,145.63332929188925,-5.630108833312988,0.0,0.0,0.9657413363456726
258,213.3589507311379,16.01358985900879,0.0,0.0,0.9656946063041687
259,231.1625922760523,15.366233825683594,0.0,0.0,0.9656960368156433
260,206.67895802643278,-28.387928009033203,0.0,0.0,0.9656057357788086
261,220.44563007691923,11.008445739746094,0.0,0.0,0.9655495285987854
262,212.36751840629,9.395660400390625,0.0,0.0,0.9655318856239319
263,196.9641662246633,-0.593998908996582,0.0,0.0,0.9655153155326843
264,134.54785104220983,-1.9515790939331055,0.0,0.0,0.965495765209198
265,144.89227634576218,7.417492866516113,0.0,0.0,0.965496301651001
266,164.97600414992067,6.730958938598633,0.0,0.0,0.9655190110206604
267,279.8174132557073,-6.128983497619629,0.0,0.0,0.9655256271362305
268,157.83908650705908,-1.5261456966400146,0.0,0.0,0.9655296802520752
269,237.43884435057154,-1.1128449440002441,0.0,0.0,0.9655301570892334
270,133.12801372777255,-5.618834972381592,0.0,0.0,0.9655192494392395
271,97.72794917057614,8.448941230773926,0.0,0.0,0.9655447602272034
272,140.21205013815066,-10.039608001708984,0.0,0.0,0.9655359387397766
273,87.99853495202335,-1.0226956605911255,0.0,0.0,0.9655224680900574
274,77.02302858492027,-2.251027822494507,0.0,0.0,0.9655025601387024
275,111.89801335169464,3.3169937133789062,0.0,0.0,0.9655022621154785
276,154.83302155130588,13.762099266052246,0.0,0.0,0.9655396938323975
277,105.02947499846245,-2.620314121246338,0.0,0.0,0.965566873550415
278,95.05245589939129,14.219074249267578,0.0,0.0,0.9656360745429993
279,123.97071608499564,12.88067626953125,0.0,0.0,0.9657325744628906
280,74.93124408057031,-4.6290602684021,0.0,0.0,0.9658007025718689
281,179.46318861741707,-6.414839744567871,0.0,0.0,0.9658455848693848
282,98.65598232446732,-4.186142444610596,0.0,0.0,0.9658684134483337
283,116.48704222000623,4.2578325271606445,0.0,0.0,0.9659011960029602
284,80.28806162254439,1.2300066947937012,0.0,0.0,0.9659375548362732
285,322.00092901249224,-1.731459140777588,0.0,0.0,0.9659683108329773
286,127.20184669829173,10.476926803588867,0.0,0.0,0.9660329222679138
287,111.66558096987988,-8.322422981262207,0.0,0.0,0.9660491943359375
288,86.97439316891145,0.5740478038787842,0.0,0.0,0.966066300868988
289,100.75575390152336,-2.9319682121276855,0.0,0.0,0.9660701155662537
290,98.41035646892078,8.446207046508789,0.0,0.0,0.9660941958427429
291,85.26732076795477,10.130780220031738,0.0,0.0,0.9661364555358887
292,153.11141467730207,24.295568466186523,0.0,0.0,0.9662618637084961
293,167.09030279404345,4.543288707733154,0.0,0.0,0.966387927532196
294,265.4042835674458,10.166755676269531,0.0,0.0,0.9665231108665466
295,155.5832108202822,4.473977565765381,0.0,0.0,0.9666563868522644
296,114.3270180698288,-25.225360870361328,0.0,0.0,0.9667337536811829
297,145.6445512733901,-10.693255424499512,0.0,0.0,0.9667809009552002
298,193.09870856181638,6.341386318206787,0.0,0.0,0.9668392539024353
299,118.53358040385999,-5.978937149047852,0.0,0.0,0.9668751358985901
300,291.38646870457694,-3.503197193145752,0.0,0.0,0.9668996334075928
301,183.34798633382732,25.118877410888672,0.0,0.0,0.9669806361198425
302,109.40646836387647,-0.15308260917663574,0.0,0.0,0.9670525193214417
303,123.69184595596028,-14.464458465576172,0.0,0.0,0.9670866131782532
304,150.7837065104675,2.0230023860931396,0.0,0.0,0.967125415802002
305,110.13945789538771,15.596697807312012,0.0,0.0,0.967191219329834
306,178.52348885591593,8.677590370178223,0.0,0.0,0.9672707915306091
307,164.79746650341707,-12.3420991897583,0.0,0.0,0.9673135280609131
308,116.02304963204666,-11.739448547363281,0.0,0.0,0.9673247337341309
309,162.61373368901621,7.301633834838867,0.0,0.0,0.9673520922660828
310,111.74962909076352,21.269554138183594,0.0,0.0,0.9674332737922668
311,151.61227901042824,-0.8532695770263672,0.0,0.0,0.96750408411026
312,173.1193850471308,-3.3601250648498535,0.0,0.0,0.9675623774528503
313,117.36455854661571,18.130340576171875,0.0,0.0,0.967653751373291
314,238.55982097875366,-9.417457580566406,0.0,0.0,0.967706024646759
315,165.32993970686258,-7.939799785614014,0.0,0.0,0.9677265286445618
316,202.09370032540104,-16.95029640197754,0.0,0.0,0.9677205085754395
317,178.91654833408165,10.416913032531738,0.0,0.0,0.9677410125732422
318,178.47683009463336,-2.975210666656494,0.0,0.0,0.9677438735961914
319,66.88150326109852,-0.6195254325866699,0.0,0.0,0.9677440524101257
320,159.03024025716928,7.442337989807129,0.0,0.0,0.967761218547821
321,132.55525663637167,-9.8749418258667,0.0,0.0,0.9677581787109375
322,89.73065317983061,1.2185301780700684,0.0,0.0,0.9677583575248718
323,188.70735869346507,12.15780258178711,0.0,0.0,0.9677864909172058
324,182.85405361325627,17.190433502197266,0.0,0.0,0.9678435325622559
325,165.5553783818653,5.7083210945129395,0.0,0.0,0.967909574508667
326,153.93403717468794,3.8401987552642822,0.0,0.0,0.967978298664093
327,176.8491546478391,-0.45968174934387207,0.0,0.0,0.96803879737854
328,176.63729794598473,-14.689456939697266,0.0,0.0,0.968061625957489
329,96.20666465256616,13.171628952026367,0.0,0.0,0.9681228995323181
330,157.96880950294553,5.057377815246582,0.0,0.0,0.9681954979896545
331,157.32690309972406,8.19528865814209,0.0,0.0,0.9682884216308594
332,146.7455242850464,-0.24618053436279297,0.0,0.0,0.9683718085289001
333,178.783651039977,-5.258662700653076,0.0,0.0,0.9684317708015442
334,113.37873268585564,-11.441904067993164,0.0,0.0,0.9684578776359558
335,109.21054664794285,-11.534433364868164,0.0,0.0,0.9684417247772217
336,65.08924169314862,-4.46220588684082,0.0,0.0,0.9684180617332458
337,150.53824217057578,-10.052043914794922,0.0,0.0,0.9683849811553955
338,105.83070290382013,7.39859676361084,0.0,0.0,0.9683931469917297
339,102.4845032276499,-10.907676696777344,0.0,0.0,0.9683623909950256
340,142.59016329553467,-3.5583090782165527,0.0,0.0,0.9683260917663574
341,94.16488431646269,-3.344818115234375,0.0,0.0,0.9682865142822266
342,132.17205452202123,2.9519662857055664,0.0,0.0,0.9682597517967224
343,114.49771911628306,-1.5507450103759766,0.0,0.0,0.9682311415672302
344,89.60093108671391,-4.2430830001831055,0.0,0.0,0.9681935906410217
345,130.0872816348453,12.392552375793457,0.0,0.0,0.9681903719902039
346,109.9662340594926,-15.185295104980469,0.0,0.0,0.9681608080863953
347,106.56070370449669,7.204732894897461,0.0,0.0,0.968162477016449
348,121.81897726506273,-2.680227756500244,0.0,0.0,0.9681577086448669
349,129.7556151473591,3.6243176460266113,0.0,0.0,0.9681599140167236
350,82.68415799775836,-0.47291600704193115,0.0,0.0,0.9681606292724609
351,148.46777271139746,-8.16177749633789,0.0,0.0,0.9681360125541687
352,104.4455949844458,-10.956570625305176,0.0,0.0,0.9680886268615723
353,151.57060665016985,-6.4368133544921875,0.0,0.0,0.968036949634552
354,172.60266510528442,3.899008274078369,0.0,0.0,0.9680004119873047
355,135.5345711251731,-4.249273300170898,0.0,0.0,0.967956006526947
356,123.94393471891462,-12.292296409606934,0.0,0.0,0.9678993225097656
357,160.25960494910728,-0.3985753059387207,0.0,0.0,0.9678475856781006
358,127.56393690181244,4.578022480010986,0.0,0.0,0.9678083062171936
359,170.78982777479192,-5.661819934844971,0.0,0.0,0.967761218547821
360,134.7450101930209,12.887727737426758,0.0,0.0,0.9677523970603943
361,138.90404929988102,4.318116664886475,0.0,0.0,0.9677529335021973
362,101.30909092984803,-4.596540451049805,0.0,0.0,0.967738151550293
363,146.82340755402123,3.2080516815185547,0.0,0.0,0.9677351117134094
364,176.7122156867824,-8.513195991516113,0.0,0.0,0.9677130579948425
365,118.39703914480377,1.2290287017822266,0.0,0.0,0.9676954746246338
366,175.64197826772607,7.9980149269104,0.0,0.0,0.9676957130432129
367,120.09542456948964,-2.4410977363586426,0.0,0.0,0.9676896929740906
368,57.54217893245595,1.3835678100585938,0.0,0.0,0.9676905274391174
369,163.41667650084855,-26.389217376708984,0.0,0.0,0.9675984382629395
370,181.39508097277064,-33.7509880065918,0.0,0.0,0.9674163460731506
371,129.843461920033,-3.79298734664917,0.0,0.0,0.9672397971153259
372,130.05143751600704,0.7738895416259766,0.0,0.0,0.9670820236206055
373,150.91765104254947,-5.740219593048096,0.0,0.0,0.9669289588928223
374,185.59775008540268,3.9640111923217773,0.0,0.0,0.9667997360229492
375,146.79919853655528,2.20120906829834,0.0,0.0,0.9666877388954163
376,187.38952440245313,11.539718627929688,0.0,0.0,0.966609537601471
377,148.75624102377174,-11.069645881652832,0.0,0.0,0.9665287137031555
378,163.89916386096058,-15.838994979858398,0.0,0.0,0.9664289355278015
379,184.75631854806755,15.615827560424805,0.0,0.0,0.9663737416267395
380,126.8954649707145,5.5053300857543945,0.0,0.0,0.9663357734680176
381,182.9137613611131,-3.1185708045959473,0.0,0.0,0.9662935137748718
382,168.7326479466915,-17.006967544555664,0.0,0.0,0.9662301540374756
383,154.59356292942982,-2.5200257301330566,0.0,0.0,0.9661687016487122
384,66.30656884986813,12.19325065612793,0.0,0.0,0.9661569595336914
385,180.95223496122787,6.425141334533691,0.0,0.0,0.966158926486969
386,179.543732844898,1.3141050338745117,0.0,0.0,0.9661633372306824
387,135.66561351884394,12.86861515045166,0.0,0.0,0.9661890864372253
388,185.3867278985548,10.086381912231445,0.0,0.0,0.9662384390830994
389,149.89311712335666,8.355876922607422,0.0,0.0,0.9663102626800537
390,212.60832319002398,-4.639829635620117,0.0,0.0,0.9663627743721008
391,131.53468693332417,-5.125021934509277,0.0,0.0,0.9663930535316467
392,194.45311565819532,23.068042755126953,0.0,0.0,0.9664826393127441
393,134.98664357300436,13.268847465515137,0.0,0.0,0.9665951728820801
394,158.93074365874477,-2.2812957763671875,0.0,0.0,0.9666923880577087
395,170.25827473696737,-12.636920928955078,0.0,0.0,0.9667553901672363
396,172.42586363364478,-25.324037551879883,0.0,0.0,0.9667789340019226
397,187.9675745904149,-12.55853271484375,0.0,0.0,0.9667370319366455
398,154.38894381654714,10.422224998474121,0.0,0.0,0.966725766658783
399,150.5683521533577,29.525644302368164,0.0,0.0,0.9667630195617676
400,161.6431716252473,12.998693466186523,0.0,0.0,0.9668452143669128
401,91.28604996456326,-7.268446445465088,0.0,0.0,0.9668968319892883
402,194.98123161308644,9.843490600585938,0.0,0.0,0.9669668078422546
403,192.00883760565014,11.027364730834961,0.0,0.0,0.9670566916465759
404,170.6434125413397,6.780447006225586,0.0,0.0,0.9671511650085449
405,185.91701145274894,-0.8717865943908691,0.0,0.0,0.9672348499298096
406,200.41403975486625,11.166685104370117,0.0,0.0,0.9673318862915039
407,167.08045575981822,27.48152732849121,0.0,0.0,0.9674935340881348
408,207.51711084595578,17.925752639770508,0.0,0.0,0.9676797986030579
409,166.04536187330436,-9.501103401184082,0.0,0.0,0.9678031802177429
410,193.4278446645493,18.630828857421875,0.0,0.0,0.9679731726646423
411,168.92661783573175,3.6706671714782715,0.0,0.0,0.9681342244148254
412,152.55043000866112,2.671062469482422,0.0,0.0,0.9682843089103699
413,147.03039434423468,-15.378801345825195,0.0,0.0,0.9683403968811035
414,152.8865761669761,8.198715209960938,0.0,0.0,0.9684026837348938
415,192.76686680966648,0.5232911109924316,0.0,0.0,0.9684605002403259
416,124.22576571195623,6.971651077270508,0.0,0.0,0.968531608581543
417,116.87157426774937,-0.6253701448440552,0.0,0.0,0.9685937762260437
418,40.212464874376856,4.034588813781738,0.0,0.0,0.9686627984046936
419,97.27146478638169,10.573914527893066,0.0,0.0,0.9687508940696716
420,95.50371235977816,-6.938808441162109,0.0,0.0,0.9688155055046082
421,102.49059884750527,14.362972259521484,0.0,0.0,0.9689533114433289
422,86.18249853725162,-3.203280448913574,0.0,0.0,0.9690685272216797
423,66.72786135539674,-7.180871963500977,0.0,0.0,0.9691527485847473
424,43.37869497341179,2.4457945823669434,0.0,0.0,0.9692394137382507
425,139.90267028051468,10.486922264099121,0.0,0.0,0.9693414568901062
426,92.81736604041703,-1.4235570430755615,0.0,0.0,0.9694302678108215
427,141.66647053210392,-0.8748109340667725,0.0,0.0,0.9695093035697937
428,139.7533473882922,0.9340033531188965,0.0,0.0,0.9695825576782227
429,25.36925711646877,4.160633087158203,0.0,0.0,0.9696643948554993
430,95.46670020635527,-0.4583404064178467,0.0,0.0,0.9697365164756775
431,99.44953278553007,-9.980436325073242,0.0,0.0,0.9697880744934082
432,146.1385612897792,14.595627784729004,0.0,0.0,0.9698607325553894
433,96.50959840577586,0.9492979049682617,0.0,0.0,0.9699260592460632
434,75.93984443553849,-1.3891620635986328,0.0,0.0,0.9699824452400208
435,172.4636369695578,-0.37654876708984375,0.0,0.0,0.9700325131416321
436,145.89910435928246,0.21238279342651367,0.0,0.0,0.9700779318809509
437,169.74672270665414,-11.642932891845703,0.0,0.0,0.9700925946235657
438,157.17963387566823,17.629974365234375,0.0,0.0,0.9701650738716125
439,179.7182670193031,16.9923095703125,0.0,0.0,0.9702641367912292
440,159.28169763602162,16.268665313720703,0.0,0.0,0.9704008102416992
441,152.5538309024642,8.309341430664062,0.0,0.0,0.9705403447151184
442,148.6400254300351,4.067680358886719,0.0,0.0,0.9706739783287048
443,151.4628976058633,6.741588592529297,0.0,0.0,0.9708113074302673
444,79.32336889398192,-11.635519027709961,0.0,0.0,0.970903217792511
445,138.4484957816895,11.925018310546875,0.0,0.0,0.9710204005241394
446,170.63106070192035,5.769071102142334,0.0,0.0,0.9711380004882812
447,54.51907608038898,9.674413681030273,0.0,0.0,0.9713010787963867
448,51.6627844812515,5.326598167419434,0.0,0.0,0.9714778065681458
449,87.19574815880317,12.177003860473633,0.0,0.0,0.9716704487800598
450,192.31306710636852,20.785423278808594,0.0,0.0,0.9719252586364746
451,45.91975945469003,5.5134501457214355,0.0,0.0,0.9721793532371521
452,192.94549288106066,17.067832946777344,0.0,0.0,0.9724628329277039
453,24.278532048993952,-1.1280746459960938,0.0,0.0,0.9727112650871277
454,44.3583759034951,5.53171443939209,0.0,0.0,0.9729567170143127
455,165.5765584067902,10.392794609069824,0.0,0.0,0.9731976389884949
456,194.4549798337266,15.211770057678223,0.0,0.0,0.9734414219856262
457,188.50131865211245,12.15836238861084,0.0,0.0,0.9736843109130859
458,235.3935971305041,-6.208312511444092,0.0,0.0,0.9738771915435791
459,201.4054871516568,10.99515151977539,0.0,0.0,0.9740708470344543
460,209.00789828585616,13.731173515319824,0.0,0.0,0.9742851257324219
461,205.82780317426392,18.627613067626953,0.0,0.0,0.9745314717292786
462,219.41974906974437,-11.104409217834473,0.0,0.0,0.9747333526611328
463,206.76153968784448,7.487739562988281,0.0,0.0,0.9749305844306946
464,213.82214967720276,15.178834915161133,0.0,0.0,0.9751494526863098
465,190.67578263208108,-9.378106117248535,0.0,0.0,0.9753339886665344
466,227.43658881769113,9.363859176635742,0.0,0.0,0.9755144119262695
467,222.83363112493288,9.228620529174805,0.0,0.0,0.9756892323493958
468,189.22309784044992,-3.133603096008301,0.0,0.0,0.9758357405662537
469,202.92353145029242,-14.680747985839844,0.0,0.0,0.9759421944618225
470,256.7579900532312,-7.145960807800293,0.0,0.0,0.976026713848114
471,204.58734909409318,1.0110931396484375,0.0,0.0,0.976105272769928
472,218.48699257139052,22.30545997619629,0.0,0.0,0.9762352108955383
473,216.0856145593032,6.836177825927734,0.0,0.0,0.9763669371604919
474,213.73828729128584,-23.383426666259766,0.0,0.0,0.9764406085014343
475,210.63283372020825,-6.155035018920898,0.0,0.0,0.9764912724494934
476,198.4446857964458,19.103214263916016,0.0,0.0,0.9765754342079163
477,191.430473189462,9.957061767578125,0.0,0.0,0.9766659736633301
478,195.79173198843654,-18.527000427246094,0.0,0.0,0.9766963124275208
479,220.15613583338143,-12.505091667175293,0.0,0.0,0.9767068028450012
480,197.03713410056363,-1.379664421081543,0.0,0.0,0.9767130017280579
481,208.1005238445502,-6.131580352783203,0.0,0.0,0.9767069816589355
482,210.73088744347982,-21.820499420166016,0.0,0.0,0.9766454696655273
483,96.84509626938456,8.082513809204102,0.0,0.0,0.9766092896461487
484,201.90383440952948,6.912265300750732,0.0,0.0,0.9766009449958801
485,217.40036026857967,5.063961505889893,0.0,0.0,0.976604163646698
486,25.88094179168344,-3.311375617980957,0.0,0.0,0.9765855669975281
487,200.1961158224809,2.0523202419281006,0.0,0.0,0.9765758514404297
488,243.50309335968694,6.962374210357666,0.0,0.0,0.9765849709510803
489,175.7340573839309,5.800507545471191,0.0,0.0,0.976603090763092
490,217.60543899985015,2.915187358856201,0.0,0.0,0.9766289591789246
491,210.52782773036748,3.7226743698120117,0.0,0.0,0.9766616821289062
492,218.38968543046633,9.079936981201172,0.0,0.0,0.9767206311225891
493,212.07700467272448,-8.266024589538574,0.0,0.0,0.9767492413520813
494,251.41152452937024,11.480253219604492,0.0,0.0,0.9768069386482239
495,226.50231553491832,-10.96776294708252,0.0,0.0,0.9768447875976562
496,215.5554694802321,5.45769739151001,0.0,0.0,0.9768962860107422
497,207.43934931215225,-13.589937210083008,0.0,0.0,0.9769248962402344
498,214.58856020116352,-20.077259063720703,0.0,0.0,0.9768932461738586
499,257.9189487697683,-9.01146125793457,0.0,0.0,0.9768538475036621
500,234.36367912487583,0.7536439895629883,0.0,0.0,0.9768199920654297
501,20.753284423004747,2.725334644317627,0.0,0.0,0.9768078923225403
502,17.962242993600007,-3.0897207260131836,0.0,0.0,0.976768434047699
503,18.76834720994405,1.291008472442627,0.0,0.0,0.9767379760742188
504,104.61916601221517,13.344202041625977,0.0,0.0,0.976734459400177
505,14.303680945533737,1.4105623960494995,0.0,0.0,0.9767372012138367
506,195.38871514764648,42.50926208496094,0.0,0.0,0.9768489003181458
507,90.2306949294356,-2.4209859371185303,0.0,0.0,0.9769431948661804
508,217.85160705063754,0.9178662300109863,0.0,0.0,0.9770304560661316
509,22.363899802604216,3.2774815559387207,0.0,0.0,0.9771254062652588
510,222.52389749534694,-36.169883728027344,0.0,0.0,0.9771521687507629
511,214.84797466526547,-13.572029113769531,0.0,0.0,0.9771410822868347
512,207.64560149245696,6.715932846069336,0.0,0.0,0.9771464467048645
513,233.40572900821266,-1.2932953834533691,0.0,0.0,0.9771453738212585
514,206.38412163742964,19.191692352294922,0.0,0.0,0.9771941304206848
515,233.4181029219567,16.903968811035156,0.0,0.0,0.9772905707359314
516,203.35750236820587,-9.951497077941895,0.0,0.0,0.9773568511009216
517,26.054260496546988,-14.101774215698242,0.0,0.0,0.9773597717285156
518,220.8181710896137,-9.839350700378418,0.0,0.0,0.977339506149292
519,240.18727744262847,3.5610098838806152,0.0,0.0,0.9773322939872742
520,206.28498276108715,-9.883708953857422,0.0,0.0,0.9773033261299133
521,200.00597433090786,-0.36055707931518555,0.0,0.0,0.9772748947143555
522,200.94540533683124,9.77589225769043,0.0,0.0,0.9772643446922302
523,226.5236234348625,7.220941543579102,0.0,0.0,0.9772686958312988
524,206.54406651724068,11.819873809814453,0.0,0.0,0.9773107171058655
525,189.10407421739083,-18.63296127319336,0.0,0.0,0.9773068428039551
526,219.200272765586,14.52623176574707,0.0,0.0,0.9773262143135071
527,204.806746055231,-0.7252058982849121,0.0,0.0,0.9773435592651367
528,184.08396785206847,-0.06867837905883789,0.0,0.0,0.9773597717285156
529,142.1877198288151,34.718963623046875,0.0,0.0,0.9774354100227356
530,177.02911250935736,-1.7507848739624023,0.0,0.0,0.9775007367134094
531,174.04843437721215,-12.98617172241211,0.0,0.0,0.9775300025939941
532,171.3428348721816,-26.223337173461914,0.0,0.0,0.977478563785553
533,200.47328895021775,-23.07676124572754,0.0,0.0,0.9773704409599304
534,158.5652741703548,-10.123300552368164,0.0,0.0,0.9772513508796692
535,190.04083657142473,31.781776428222656,0.0,0.0,0.9771883487701416
536,176.24343667522854,-12.731729507446289,0.0,0.0,0.9771013259887695
537,173.8569570851633,1.563079833984375,0.0,0.0,0.9770259857177734
538,206.1724759361599,22.92880630493164,0.0,0.0,0.977008581161499
539,204.8058250684466,-11.43936824798584,0.0,0.0,0.9769697189331055
540,177.41829856171668,16.484134674072266,0.0,0.0,0.9769771695137024
541,193.62047263644754,21.414093017578125,0.0,0.0,0.9770287871360779
542,174.63934575757736,-7.635526180267334,0.0,0.0,0.9770529866218567
543,151.4636705490577,1.3314602375030518,0.0,0.0,0.9770787358283997
544,182.8607822614071,28.197011947631836,0.0,0.0,0.9771820902824402
545,183.30094506088463,16.6697998046875,0.0,0.0,0.9773148894309998
546,185.40138021816603,1.9688711166381836,0.0,0.0,0.9774383902549744
547,195.11045480016915,7.554091453552246,0.0,0.0,0.9775593280792236
548,169.32642172089538,6.991612434387207,0.0,0.0,0.9776923060417175
549,211.40454969554807,-18.241464614868164,0.0,0.0,0.9777601361274719
550,167.61600076586353,-13.520217895507812,0.0,0.0,0.9777849316596985
551,191.2946916906127,-12.436689376831055,0.0,0.0,0.9777900576591492
552,199.9262907055615,27.083423614501953,0.0,0.0,0.977878749370575
553,194.09521406893677,-7.191054344177246,0.0,0.0,0.9779331088066101
554,198.32179381257183,-11.253189086914062,0.0,0.0,0.9779435992240906
555,212.30673047519792,9.960298538208008,0.0,0.0,0.9779717326164246
556,198.5617233379456,1.3079257011413574,0.0,0.0,0.9779981970787048
557,189.05480484214573,10.584238052368164,0.0,0.0,0.9780451655387878
558,215.37494755301935,-18.616952896118164,0.0,0.0,0.9780606627464294
559,200.18841834688152,14.715700149536133,0.0,0.0,0.9780988693237305
560,166.2658040890913,-0.4297752380371094,0.0,0.0,0.9781338572502136
561,207.07825212469984,-18.370731353759766,0.0,0.0,0.978127658367157
562,177.7247631588489,11.022976875305176,0.0,0.0,0.9781553149223328
563,176.02535272603524,17.8978214263916,0.0,0.0,0.9782330393791199
564,190.36186201040908,-4.639348030090332,0.0,0.0,0.9782888889312744
565,194.99538463010495,6.546896934509277,0.0,0.0,0.9783532023429871
566,194.62057503184465,2.92562198638916,0.0,0.0,0.9784166216850281
567,203.61208084921978,-3.232487678527832,0.0,0.0,0.9784674644470215
568,45.00204287133335,1.3522546291351318,0.0,0.0,0.9785181879997253
569,198.50220187189655,-8.910860061645508,0.0,0.0,0.9785386919975281
570,212.4370758268267,-20.15506935119629,0.0,0.0,0.9785177111625671
571,190.47132924737545,6.316118240356445,0.0,0.0,0.9785200953483582
572,189.70001437333477,5.0243682861328125,0.0,0.0,0.9785355925559998
573,50.42218456087718,-7.075328826904297,0.0,0.0,0.9785356521606445
574,233.35612245553227,2.9314794540405273,0.0,0.0,0.9785416722297668
575,167.3650134545007,29.411436080932617,0.0,0.0,0.9785978198051453
576,227.29475219448935,25.773622512817383,0.0,0.0,0.9787078499794006
577,210.59179702580536,15.340682983398438,0.0,0.0,0.9788486957550049
578,203.2117450877377,-2.409263849258423,0.0,0.0,0.9789705872535706
579,183.927155137403,-22.91444206237793,0.0,0.0,0.9790355563163757
580,207.53258719435516,4.314425468444824,0.0,0.0,0.9791062474250793
581,184.14920398647206,-9.717445373535156,0.0,0.0,0.9791431427001953
582,127.59435995206617,-13.730822563171387,0.0,0.0,0.9791378378868103
583,223.6520989636476,3.768498659133911,0.0,0.0,0.9791420102119446
584,216.77423839445706,19.526689529418945,0.0,0.0,0.9791868329048157
585,210.49477487600703,7.132734298706055,0.0,0.0,0.9792425036430359
586,197.18578179456162,-1.9836602210998535,0.0,0.0,0.9792848229408264
587,198.30361567275932,25.053966522216797,0.0,0.0,0.9793832898139954
588,187.24095142765614,13.126384735107422,0.0,0.0,0.9794905781745911
589,220.8758944517901,11.439312934875488,0.0,0.0,0.9796074032783508
590,220.45701830093302,4.373635292053223,0.0,0.0,0.9797207713127136
591,205.89310205503813,6.282299995422363,0.0,0.0,0.9798367619514465
592,205.13420241493938,-16.342269897460938,0.0,0.0,0.9799070358276367
593,201.8549812670946,-31.73646354675293,0.0,0.0,0.9798789024353027
594,189.41458118768705,-16.330812454223633,0.0,0.0,0.9798062443733215
595,179.22769516623643,12.565882682800293,0.0,0.0,0.9797711372375488
596,195.91528113022275,19.58946990966797,0.0,0.0,0.9798116683959961
597,211.38606812347746,-12.143871307373047,0.0,0.0,0.9798207879066467
598,194.97527971010697,11.99908447265625,0.0,0.0,0.979860782623291
599,142.60193131580414,5.798340320587158,0.0,0.0,0.9799237251281738
600,178.8869936173595,4.847037315368652,0.0,0.0,0.9799947738647461
601,164.08648619532568,-15.121589660644531,0.0,0.0,0.9800112843513489
602,154.96965228925154,-6.205967903137207,0.0,0.0,0.980015754699707
603,180.43585002330315,7.584446907043457,0.0,0.0,0.9800418019294739
604,165.8638879645528,-6.278266906738281,0.0,0.0,0.9800480008125305
605,166.1653104695089,1.3132424354553223,0.0,0.0,0.9800576567649841
606,158.25965152322618,-2.4329452514648438,0.0,0.0,0.9800577163696289
607,149.73066167043953,4.692748069763184,0.0,0.0,0.9800745844841003
608,144.5393398990921,-20.8866024017334,0.0,0.0,0.9800315499305725
609,147.03489835706117,-2.740830421447754,0.0,0.0,0.9799893498420715
610,151.75359560820078,18.3472957611084,0.0,0.0,0.979999840259552
611,180.29856214601816,-10.873201370239258,0.0,0.0,0.9799873232841492
612,132.62433219892895,-17.710277557373047,0.0,0.0,0.9798524975776672
613,107.0730073911056,-0.9854574203491211,0.0,0.0,0.9797289967536926
614,144.54876951098322,12.753355026245117,0.0,0.0,0.9796490669250488
615,142.44976805410366,-4.6822099685668945,0.0,0.0,0.9795591831207275
616,149.76621002364888,-1.4441890716552734,0.0,0.0,0.979473888874054
617,173.26564339763047,17.423749923706055,0.0,0.0,0.9794712662696838
618,188.71229355050718,2.9357452392578125,0.0,0.0,0.9794816374778748
619,155.51915384790541,-4.629657745361328,0.0,0.0,0.9794802665710449
620,162.4524278500271,2.579348087310791,0.0,0.0,0.9794902801513672
621,182.13756965326516,-25.240680694580078,0.0,0.0,0.9794197082519531
622,222.65727756231476,-5.599087715148926,0.0,0.0,0.9793416857719421
623,181.3958827211763,12.335728645324707,0.0,0.0,0.9792922139167786
624,165.3988204711504,-3.911956787109375,0.0,0.0,0.9792391657829285
625,192.99437990865522,-1.6485815048217773,0.0,0.0,0.9791871905326843
626,179.13842494711517,-3.8320984840393066,0.0,0.0,0.9791281223297119
627,179.09716859592297,23.386348724365234,0.0,0.0,0.979150116443634
628,198.6525023974426,-14.002415657043457,0.0,0.0,0.979119598865509
629,201.30154601866298,1.381831169128418,0.0,0.0,0.9790942072868347
630,16.181485276830724,-3.1270546913146973,0.0,0.0,0.9790456891059875
631,182.09483209388225,-7.832127571105957,0.0,0.0,0.9789831042289734
632,190.92993212847796,6.593376159667969,0.0,0.0,0.9789372086524963
633,191.80814462337045,-12.713247299194336,0.0,0.0,0.9788630604743958
634,19.6889273665681,0.15329909324645996,0.0,0.0,0.9787972569465637
635,208.82943282621963,-5.0901594161987305,0.0,0.0,0.9787240028381348
636,190.37612543129455,0.41562747955322266,0.0,0.0,0.9786595702171326
637,180.66074508716773,30.46272850036621,0.0,0.0,0.9786421656608582
638,184.8913915115934,10.232379913330078,0.0,0.0,0.9786574244499207
639,162.9591068036179,-5.438378810882568,0.0,0.0,0.9786601066589355
640,134.03282147323148,0.37703561782836914,0.0,0.0,0.9786629676818848
641,169.34926273503802,-3.149260997772217,0.0,0.0,0.9786569476127625
642,206.49849416863526,-12.361794471740723,0.0,0.0,0.9786168932914734
643,172.95587990424985,10.999603271484375,0.0,0.0,0.9786179065704346
644,169.96516871842746,7.8623809814453125,0.0,0.0,0.9786399006843567
645,155.95470041894117,-20.43646240234375,0.0,0.0,0.9786210060119629
646,183.39917700175778,-16.98979949951172,0.0,0.0,0.9785634875297546
647,196.8589015373261,-11.138668060302734,0.0,0.0,0.9784764647483826
648,163.89910300670363,-17.790485382080078,0.0,0.0,0.9783444404602051
649,193.75102481206383,-10.569178581237793,0.0,0.0,0.9782068133354187
650,173.60002809697014,8.558459281921387,0.0,0.0,0.9781022071838379
651,164.8234524498255,3.9390082359313965,0.0,0.0,0.9780184626579285
652,163.88092125911712,-5.047760009765625,0.0,0.0,0.9779347777366638
653,185.74668272136975,-7.429512977600098,0.0,0.0,0.9778403639793396
654,174.63807092548814,2.5006136894226074,0.0,0.0,0.9777601361274719
655,166.38266070951065,-1.3234758377075195,0.0,0.0,0.9776834845542908
656,207.19653239927516,-13.701592445373535,0.0,0.0,0.9775894284248352
657,184.8503997865623,1.1190533638000488,0.0,0.0,0.9775063991546631
658,180.94292608709253,-0.9948511123657227,0.0,0.0,0.9774293899536133
659,160.96230961404967,-10.824249267578125,0.0,0.0,0.9773306846618652
660,191.21851394951753,-1.9737064838409424,0.0,0.0,0.9772348403930664
661,181.04169468917976,15.163166999816895,0.0,0.0,0.9771859645843506
662,186.58547858635816,0.10268926620483398,0.0,0.0,0.9771425127983093
663,205.21908093425145,24.28504180908203,0.0,0.0,0.9771604537963867
664,206.73401636617433,9.83907413482666,0.0,0.0,0.9771955013275146
665,187.37168106292296,-4.686871528625488,0.0,0.0,0.9772204756736755
666,187.38240948885505,-2.649876356124878,0.0,0.0,0.9772374033927917
667,220.44237412652498,25.306785583496094,0.0,0.0,0.9773270487785339
668,202.36633737509877,7.292261600494385,0.0,0.0,0.9774260520935059
669,195.34888483768603,-1.1956138610839844,0.0,0.0,0.9775108695030212
670,206.98720342781283,-1.5500259399414062,0.0,0.0,0.9775848984718323
671,211.64566419670507,13.028552055358887,0.0,0.0,0.9776859879493713
672,202.9293925775037,-8.486289978027344,0.0,0.0,0.9777665734291077
673,203.4975805441798,7.649920463562012,0.0,0.0,0.9778534770011902
674,209.65865709797325,-8.78334903717041,0.0,0.0,0.977912425994873
675,207.775890607397,-2.1460704803466797,0.0,0.0,0.9779581427574158
676,213.26169005350377,-6.549882888793945,0.0,0.0,0.9779602885246277
677,200.6939418263095,10.599817276000977,0.0,0.0,0.9779946804046631
678,201.90114156250306,-37.15016174316406,0.0,0.0,0.9779272675514221
679,206.67458849694856,-6.796413421630859,0.0,0.0,0.9778469204902649
680,200.71778058329562,4.0589728355407715,0.0,0.0,0.9777810573577881
681,196.5195388068067,3.9721946716308594,0.0,0.0,0.9777350425720215
682,169.61345646096328,-5.67628288269043,0.0,0.0,0.9776846766471863
683,192.10246230572517,1.4069063663482666,0.0,0.0,0.9776412844657898
684,194.51015668295867,1.0926132202148438,0.0,0.0,0.9776050448417664
685,148.30394900098014,2.130889892578125,0.0,0.0,0.9775789380073547
686,212.56664972162037,-10.468772888183594,0.0,0.0,0.977531909942627
687,218.5136469350144,14.776822090148926,0.0,0.0,0.9775053858757019
688,166.79786818644297,-4.1012678146362305,0.0,0.0,0.9774711728096008
689,188.49563348723717,6.005331993103027,0.0,0.0,0.977462112903595
690,192.23370285581424,-1.6431922912597656,0.0,0.0,0.9774497151374817
691,213.16027797693638,4.777137756347656,0.0,0.0,0.9774520397186279
692,200.46377378070295,0.7297303676605225,0.0,0.0,0.9774560928344727
693,179.36953158419135,-9.087654113769531,0.0,0.0,0.9774376749992371
694,184.95474632155936,2.2454090118408203,0.0,0.0,0.9774262309074402
695,160.74266016505746,-9.970575332641602,0.0,0.0,0.977385938167572
696,172.15482436000676,-9.753591537475586,0.0,0.0,0.9773240089416504
697,162.43814437398495,0.024694442749023438,0.0,0.0,0.9772679805755615
698,189.29499113520012,8.267380714416504,0.0,0.0,0.9772364497184753
699,219.26426184580038,9.718585968017578,0.0,0.0,0.9772289395332336
700,184.56762216583246,-15.526968002319336,0.0,0.0,0.9771676063537598
701,212.4845312811508,5.234011650085449,0.0,0.0,0.9771285057067871
702,185.22691699217796,2.142408847808838,0.0,0.0,0.9770989418029785
703,196.50980693092933,13.74036979675293,0.0,0.0,0.9770998954772949
704,159.73443575588945,2.2120399475097656,0.0,0.0,0.9771087765693665
705,182.1847107692867,-11.005515098571777,0.0,0.0,0.9770939350128174
706,184.59594430578733,2.4678096771240234,0.0,0.0,0.9770856499671936
707,21.315310754093364,-12.611371040344238,0.0,0.0,0.9770145416259766
708,181.3155822214418,5.432712554931641,0.0,0.0,0.9769636988639832
709,149.625834171999,-0.618138313293457,0.0,0.0,0.9769161343574524
710,148.1383976623586,-0.3697011470794678,0.0,0.0,0.9768727421760559
711,185.8104200441238,-3.431468963623047,0.0,0.0,0.976827085018158
712,188.3127302338017,-5.771974086761475,0.0,0.0,0.9767732620239258
713,192.7152606500178,-8.01251220703125,0.0,0.0,0.9767077565193176
714,172.40301804064538,-2.760084629058838,0.0,0.0,0.9766426086425781
715,171.68682030812505,3.0460357666015625,0.0,0.0,0.9765925407409668
716,186.85155108226607,4.771269798278809,0.0,0.0,0.9765564799308777
717,173.36559196087748,9.658114433288574,0.0,0.0,0.9765928387641907
718,176.4046040898004,9.436248779296875,0.0,0.0,0.9766562581062317
719,207.27052197687033,18.73086929321289,0.0,0.0,0.9767625331878662
720,148.13942983258826,-19.03886604309082,0.0,0.0,0.9768144488334656
721,192.98489900386804,-0.2829713821411133,0.0,0.0,0.9768598079681396
722,162.7322493829759,-4.43211555480957,0.0,0.0,0.9768843650817871
723,166.5900537201077,-5.541388034820557,0.0,0.0,0.976885974407196
724,156.3906361237288,15.794845581054688,0.0,0.0,0.9769218564033508
725,20.325581550325367,-12.084571838378906,0.0,0.0,0.9769080281257629
726,172.99276647695632,-7.3264384269714355,0.0,0.0,0.9768775105476379
727,189.3777100410278,11.781963348388672,0.0,0.0,0.9768955111503601
728,15.800391893614258,-4.6637678146362305,0.0,0.0,0.9768946766853333
729,180.0673401263457,1.5698156356811523,0.0,0.0,0.9768977165222168
730,165.45834669911466,-3.718167304992676,0.0,0.0,0.9768943786621094
731,176.87083690409324,12.178574562072754,0.0,0.0,0.9769460558891296
732,160.26697658624192,-4.028241157531738,0.0,0.0,0.9769775867462158
733,178.75757975891563,-6.056888103485107,0.0,0.0,0.9769919514656067
734,157.2608249936779,19.142213821411133,0.0,0.0,0.9770467281341553
735,172.76320209732668,12.193925857543945,0.0,0.0,0.9771335124969482
736,191.71942594391265,-12.098489761352539,0.0,0.0,0.9771868586540222
737,227.4725912487358,-19.141925811767578,0.0,0.0,0.97718745470047
738,182.22857189184236,-2.422393798828125,0.0,0.0,0.9771812558174133
739,20.207056247034984,-4.331138610839844,0.0,0.0,0.9771515727043152
740,207.55780467912058,-6.070640563964844,0.0,0.0,0.9771140217781067
741,184.39110675875267,-1.8933703899383545,0.0,0.0,0.9770758152008057
742,208.65054254336914,-11.554344177246094,0.0,0.0,0.9770204424858093
743,177.3433730910053,5.461894512176514,0.0,0.0,0.9769832491874695
744,180.04498633630033,-1.5958662033081055,0.0,0.0,0.976947546005249
745,214.09874501398195,21.30600929260254,0.0,0.0,0.9769642949104309
746,209.70117587583707,-3.121675968170166,0.0,0.0,0.9769651293754578
747,206.997959953646,23.68194580078125,0.0,0.0,0.9770359992980957
748,215.05106792232027,10.094963073730469,0.0,0.0,0.9771246910095215
749,205.45236996075326,-2.0373928546905518,0.0,0.0,0.97719806432724
750,198.7995170500895,11.3961181640625,0.0,0.0,0.9773008227348328
751,232.75190823717134,-9.154032707214355,0.0,0.0,0.9773750305175781
752,200.52391533447522,-2.567737579345703,0.0,0.0,0.9774312973022461
753,228.1100767902387,-24.600860595703125,0.0,0.0,0.9774263501167297
754,229.43731420167396,-21.023143768310547,0.0,0.0,0.9773969650268555
755,203.57661619865164,-8.957664489746094,0.0,0.0,0.9773459434509277
756,204.9195019757081,11.710370063781738,0.0,0.0,0.9773380756378174
757,205.7282758318862,-30.851375579833984,0.0,0.0,0.9772956967353821
758,210.77908513567084,-11.167778968811035,0.0,0.0,0.977224588394165
759,200.51383975448385,-7.334627151489258,0.0,0.0,0.9771475791931152
760,212.07295656878173,-6.850351333618164,0.0,0.0,0.9770699143409729
761,204.1624818195528,-24.438953399658203,0.0,0.0,0.9769365191459656
762,18.318960153334462,0.4227004051208496,0.0,0.0,0.9768180847167969
763,180.31514076396533,3.550260543823242,0.0,0.0,0.9767205119132996
764,197.70798198934432,19.071340560913086,0.0,0.0,0.9766630530357361
765,78.19606524754208,4.868343353271484,0.0,0.0,0.976625382900238
766,236.40071034061108,16.784120559692383,0.0,0.0,0.9766271710395813
767,49.66319193796065,0.05907392501831055,0.0,0.0,0.9766292572021484
768,233.31502295182918,-13.866893768310547,0.0,0.0,0.9766008257865906
769,233.07430236581186,-11.835936546325684,0.0,0.0,0.9765565991401672
770,120.44660939927402,-17.338943481445312,0.0,0.0,0.9764763712882996
771,198.23604240318846,-32.69124984741211,0.0,0.0,0.9763374328613281
772,218.51337716917175,1.9278929233551025,0.0,0.0,0.9762189984321594
773,177.61344274217478,-9.548308372497559,0.0,0.0,0.9760825037956238
774,171.21758345617897,7.264749526977539,0.0,0.0,0.9759741425514221
775,197.25187597156864,-2.543379783630371,0.0,0.0,0.975874125957489
776,199.84771868539954,28.330385208129883,0.0,0.0,0.9758329391479492
777,269.1357627885751,1.3148412704467773,0.0,0.0,0.9757986664772034
778,181.59145223895626,10.19477653503418,0.0,0.0,0.9757956862449646
779,262.2846132649135,27.728805541992188,0.0,0.0,0.9758383631706238
780,217.33212757007186,-14.02695083618164,0.0,0.0,0.9758461117744446
781,172.4681198631122,-13.120414733886719,0.0,0.0,0.9758008122444153
782,213.04847423312475,-5.293740749359131,0.0,0.0,0.9757528305053711
783,188.75895911234574,-3.606057643890381,0.0,0.0,0.9756976962089539
784,206.58160828759094,13.082331657409668,0.0,0.0,0.9756763577461243
785,230.49930694025772,4.457146644592285,0.0,0.0,0.9756683707237244
786,197.70779562941087,11.175677299499512,0.0,0.0,0.9756935238838196
787,204.73187363489984,13.546224594116211,0.0,0.0,0.9757419228553772
788,203.6639182784293,13.916508674621582,0.0,0.0,0.9758399128913879
789,209.27727483846988,-9.707258224487305,0.0,0.0,0.975908100605011
790,215.89494492903313,12.995243072509766,0.0,0.0,0.9759869575500488
791,209.87883695086978,31.627668380737305,0.0,0.0,0.9761417508125305
792,197.8839325559963,3.1771297454833984,0.0,0.0,0.9762864112854004
793,225.32871034387853,-3.380436897277832,0.0,0.0,0.9764115214347839
794,234.19409852448513,3.456320285797119,0.0,0.0,0.9765294194221497
795,204.9277256295133,-26.822784423828125,0.0,0.0,0.9765427708625793
796,219.96009353522203,-12.052533149719238,0.0,0.0,0.9765260815620422
797,199.59253612239598,-13.960664749145508,0.0,0.0,0.9764702916145325
798,228.44302658692774,-11.29697322845459,0.0,0.0,0.9763825535774231
799,191.88446969127415,20.9783878326416,0.0,0.0,0.9763428568840027
800,193.1769095853976,4.1585235595703125,0.0,0.0,0.976315975189209
801,205.70934802616523,-8.197240829467773,0.0,0.0,0.976263701915741
802,208.94470877083455,0.2500472068786621,0.0,0.0,0.9762175679206848
803,201.68793308326462,13.272387504577637,0.0,0.0,0.9762031435966492
804,198.58355382431625,-0.3183557987213135,0.0,0.0,0.9761897921562195
805,214.29579689173923,-0.5674958229064941,0.0,0.0,0.9761757850646973
806,233.48077361028214,-13.908306121826172,0.0,0.0,0.9761278033256531
807,198.84413786028398,-9.472070693969727,0.0,0.0,0.9760525822639465
808,242.79118240470913,-6.29567813873291,0.0,0.0,0.9759726524353027
809,211.32283881817614,12.99853515625,0.0,0.0,0.9759504199028015
810,198.5495232096137,-10.641438484191895,0.0,0.0,0.9759142994880676
811,205.37132803855366,9.486418724060059,0.0,0.0,0.9758968353271484
812,230.88423289908167,-10.671077728271484,0.0,0.0,0.9758646488189697
813,228.66693018025796,-12.450350761413574,0.0,0.0,0.97581547498703
814,216.151363791384,-12.026397705078125,0.0,0.0,0.9757530093193054
815,206.39325638356434,21.589698791503906,0.0,0.0,0.9757282137870789
816,191.52203509677312,5.539429187774658,0.0,0.0,0.975715160369873
817,237.97551985692567,-26.52980613708496,0.0,0.0,0.9756498336791992
818,210.64230589981273,-13.497132301330566,0.0,0.0,0.9755547642707825
819,220.5126761143407,-6.067994594573975,0.0,0.0,0.9754464030265808
820,223.33748636078417,-18.100379943847656,0.0,0.0,0.9753105044364929
821,198.36048781133357,-18.49761199951172,0.0,0.0,0.9751583933830261
822,195.23972950994005,6.467681884765625,0.0,0.0,0.9750380516052246
823,237.82500625390858,-10.384734153747559,0.0,0.0,0.9749007225036621
824,212.604111689947,27.810440063476562,0.0,0.0,0.9748454093933105
825,205.95850050856484,-12.583560943603516,0.0,0.0,0.9747714400291443
826,220.28136432063602,-4.444652557373047,0.0,0.0,0.9746901392936707
827,213.21677100491638,-15.1356201171875,0.0,0.0,0.9745722413063049
828,213.5993350682795,6.457060813903809,0.0,0.0,0.9744739532470703
829,204.76971642579983,11.016997337341309,0.0,0.0,0.9744093418121338
830,195.7371665501609,-30.420143127441406,0.0,0.0,0.9742686152458191
831,197.08621047048615,-9.841510772705078,0.0,0.0,0.9741153120994568
832,179.64256468665764,-12.953441619873047,0.0,0.0,0.9739415049552917
833,215.52617792867937,-4.438991546630859,0.0,0.0,0.9737670421600342
834,199.44278963533827,-5.777466773986816,0.0,0.0,0.9735918045043945
835,194.49715796188548,11.266915321350098,0.0,0.0,0.9734633564949036
836,200.53234829173817,-24.357906341552734,0.0,0.0,0.9732891917228699
837,205.68388173221217,8.744688034057617,0.0,0.0,0.9731494784355164
838,185.9044951184093,-25.30618667602539,0.0,0.0,0.9729235768318176
839,200.2590337123929,5.508833885192871,0.0,0.0,0.9727310538291931
840,177.2627335671607,18.59264373779297,0.0,0.0,0.9725882411003113
841,182.79722754562442,-9.792940139770508,0.0,0.0,0.9724391102790833
842,181.16795771724583,3.5696449279785156,0.0,0.0,0.9723203778266907
843,176.28471855321214,-7.221467971801758,0.0,0.0,0.9721924662590027
844,193.55423125575538,-11.322571754455566,0.0,0.0,0.9720508456230164
845,181.82596159552733,5.535032272338867,0.0,0.0,0.9719405174255371
846,168.95497388541116,-2.099158763885498,0.0,0.0,0.9718351364135742
847,176.48660651345202,-13.819374084472656,0.0,0.0,0.9717092514038086
848,182.41351558505085,-22.910364151000977,0.0,0.0,0.9715380072593689
849,178.67967405055253,-28.31456756591797,0.0,0.0,0.971281111240387
850,167.41810023840682,-11.53756332397461,0.0,0.0,0.9710251688957214
851,145.9411881485608,-4.4581475257873535,0.0,0.0,0.9707832336425781
852,188.79135139686065,3.373610019683838,0.0,0.0,0.9705708622932434
853,176.9529209923905,8.826754570007324,0.0,0.0,0.9704038500785828
854,148.66080162298326,-6.479230880737305,0.0,0.0,0.9702442288398743
855,179.83363618414984,-7.605539321899414,0.0,0.0,0.9700809121131897
856,171.51128117449147,6.7642951011657715,0.0,0.0,0.9699516296386719
857,156.27825151122042,-1.9396429061889648,0.0,0.0,0.9698314666748047
858,170.03194340839354,-7.200717926025391,0.0,0.0,0.9696950912475586
859,160.89456737368292,-10.41900634765625,0.0,0.0,0.9695442318916321
860,165.5165636567471,5.706528663635254,0.0,0.0,0.9694228172302246
861,135.7868845922499,-24.22274398803711,0.0,0.0,0.9692021012306213
862,166.55603949630782,6.334057331085205,0.0,0.0,0.9690178036689758
863,160.82041828906776,-11.035820007324219,0.0,0.0,0.9688200950622559
864,157.66700632589922,6.140130519866943,0.0,0.0,0.9686541557312012
865,158.49109881154757,11.238070487976074,0.0,0.0,0.9685513377189636
866,176.3137774411964,-8.301216125488281,0.0,0.0,0.9684267044067383
867,176.09686464198634,-1.6540563106536865,0.0,0.0,0.9683103561401367
868,198.19865790124717,1.1828727722167969,0.0,0.0,0.9682117104530334
869,176.60679838445114,-25.66263198852539,0.0,0.0,0.9680666923522949
870,168.7729561223037,15.234993934631348,0.0,0.0,0.9679827690124512
871,168.23826730593325,-0.7969155311584473,0.0,0.0,0.9679061770439148
872,177.3559634379726,-28.353914260864258,0.0,0.0,0.9677825570106506
873,189.1797247063292,-22.857784271240234,0.0,0.0,0.9676153063774109
874,169.111570982981,-7.015176773071289,0.0,0.0,0.9674426913261414
875,167.80055714705838,-9.017984390258789,0.0,0.0,0.9672524333000183
876,179.32066448963874,-15.35677719116211,0.0,0.0,0.9670513272285461
877,182.30296228537432,-17.394702911376953,0.0,0.0,0.9668256640434265
878,165.67785863247872,-2.855245590209961,0.0,0.0,0.9666159749031067
879,194.45727488211972,-34.289554595947266,0.0,0.0,0.9663261771202087
880,187.41577039625423,-1.7590596675872803,0.0,0.0,0.9660605788230896
881,190.05274783167255,0.9080185890197754,0.0,0.0,0.9658226370811462
882,184.60970354975126,-5.31827449798584,0.0,0.0,0.9655963778495789
883,205.6608716513361,-14.997729301452637,0.0,0.0,0.9653515815734863
884,196.08356361322598,4.698935508728027,0.0,0.0,0.9651455879211426
885,195.10213657926758,12.649551391601562,0.0,0.0,0.9649999737739563
886,191.47785773452534,-5.551948547363281,0.0,0.0,0.9648606181144714
887,202.26095719487668,17.800880432128906,0.0,0.0,0.9647920727729797
888,197.26631335078542,-3.323411464691162,0.0,0.0,0.9647193551063538
889,185.84173927364773,-1.035119652748108,0.0,0.0,0.9646512866020203
890,191.28401300193696,18.316652297973633,0.0,0.0,0.964638888835907
891,195.4647176833539,-9.019463539123535,0.0,0.0,0.9646005630493164
892,169.93718019734266,-3.639944076538086,0.0,0.0,0.9645593762397766
893,193.8340898147868,-5.698821067810059,0.0,0.0,0.9645094275474548
894,197.21744561691102,11.662298202514648,0.0,0.0,0.96449875831604
895,192.55509941944817,5.9013566970825195,0.0,0.0,0.9645025134086609
896,213.39630986634663,-8.053829193115234,0.0,0.0,0.964493989944458
897,195.4183797736771,11.11910629272461,0.0,0.0,0.9645059108734131
898,218.40331938662138,-13.824753761291504,0.0,0.0,0.9644603729248047
899,187.5707202314192,-5.569637298583984,0.0,0.0,0.9644010663032532
900,217.51761347048,12.839340209960938,0.0,0.0,0.9643678665161133
901,191.32860168205696,-9.349771499633789,0.0,0.0,0.9643158316612244
902,213.40923834111973,-12.233231544494629,0.0,0.0,0.9642336964607239
903,212.58352993535402,14.86059284210205,0.0,0.0,0.9641880989074707
904,223.88937719875693,-18.56492042541504,0.0,0.0,0.9640994071960449
905,206.39252505615335,0.6800024509429932,0.0,0.0,0.9640219807624817
906,188.50275897398416,17.6097469329834,0.0,0.0,0.9639861583709717
907,208.70879331324645,9.685893058776855,0.0,0.0,0.9639759063720703
908,194.22494370670597,-29.950395584106445,0.0,0.0,0.963890552520752
909,190.69598052785983,-5.986732482910156,0.0,0.0,0.9637925028800964
910,216.20373085875298,-21.893939971923828,0.0,0.0,0.9636675715446472
911,215.49458500768833,1.1138575077056885,0.0,0.0,0.96355801820755
912,189.63293006803121,-9.948089599609375,0.0,0.0,0.9634383320808411
913,204.95655797526993,-23.54192543029785,0.0,0.0,0.9632716774940491
914,248.134950721892,-7.069149017333984,0.0,0.0,0.9631078839302063
915,29.285498907928794,-8.197351455688477,0.0,0.0,0.9629087448120117
916,35.87925340560379,-6.502495765686035,0.0,0.0,0.9627134203910828
917,177.25970591957608,-4.493516445159912,0.0,0.0,0.9625235199928284
918,45.86161206601459,-2.487691879272461,0.0,0.0,0.9623401761054993
919,20.139801911777276,-3.410125732421875,0.0,0.0,0.9621672034263611
920,33.4911429680182,1.0592477321624756,0.0,0.0,0.9620162844657898
921,35.134454431521505,1.999420166015625,0.0,0.0,0.961888313293457
922,16.822348201676164,-9.427310943603516,0.0,0.0,0.9617455005645752
923,48.783518401843416,2.8064184188842773,0.0,0.0,0.9616239666938782
924,19.155637405430962,-0.08242654800415039,0.0,0.0,0.9615132808685303
925,25.00530882104914,6.577899932861328,0.0,0.0,0.9614534378051758
926,20.501485347958564,-0.826890230178833,0.0,0.0,0.9613941311836243
927,11.918636942622534,-0.4107446074485779,0.0,0.0,0.9613389372825623
928,32.59601062941374,-0.007463932037353516,0.0,0.0,0.96128910779953
929,30.956447226216714,-4.79526424407959,0.0,0.0,0.961216926574707
930,25.476588611573604,5.990686893463135,0.0,0.0,0.9611778259277344
931,15.739931606841813,3.593855857849121,0.0,0.0,0.961155891418457
932,19.020412653543865,1.5898590087890625,0.0,0.0,0.9611422419548035
933,17.59759596787319,-7.039291858673096,0.0,0.0,0.9611010551452637
934,18.041937306224817,-7.839206695556641,0.0,0.0,0.9610224366188049
935,18.3832348847323,4.736266136169434,0.0,0.0,0.9609854817390442
936,16.475028268602195,0.6123456954956055,0.0,0.0,0.960955798625946
937,18.547970739132342,-5.540807723999023,0.0,0.0,0.9609019756317139
938,24.226991659062715,0.279910683631897,0.0,0.0,0.9608545303344727
939,20.754592594215975,-0.2109990119934082,0.0,0.0,0.9608114361763
940,28.638220714642532,-4.508581161499023,0.0,0.0,0.9607593417167664
941,16.41089847146107,-0.741363525390625,0.0,0.0,0.9607093930244446
942,21.186437074806133,-9.035658836364746,0.0,0.0,0.9606240391731262
943,16.012359796631262,2.286468505859375,0.0,0.0,0.9605790972709656
944,17.374944013618716,6.692845344543457,0.0,0.0,0.960557758808136
945,15.448172105178429,1.3700978755950928,0.0,0.0,0.9605544209480286
946,21.52513121938067,7.778589248657227,0.0,0.0,0.9606358408927917
947,18.853700325192317,-0.4461662769317627,0.0,0.0,0.9607043266296387
948,17.17238722242011,-6.538132667541504,0.0,0.0,0.9607453346252441
949,29.91897318779413,0.33698201179504395,0.0,0.0,0.9607827067375183
950,27.992198669103683,1.0412821769714355,0.0,0.0,0.9608244895935059
951,20.216856024608255,12.245224952697754,0.0,0.0,0.9609062075614929
952,12.566618487236834,-5.763988494873047,0.0,0.0,0.9609453082084656
953,15.843745990796837,-3.6981754302978516,0.0,0.0,0.960960865020752
954,23.9577462916125,-2.990234851837158,0.0,0.0,0.9609624743461609
955,21.934494277968938,0.9873974323272705,0.0,0.0,0.9609729647636414
956,50.70890146652617,6.342013835906982,0.0,0.0,0.9609966278076172
957,23.037980913671312,0.2665987014770508,0.0,0.0,0.9610195159912109
958,22.850805113526178,-3.358175754547119,0.0,0.0,0.9610092043876648
959,27.51016294242441,6.7390522956848145,0.0,0.0,0.9610271453857422
960,23.84476950766736,7.141307830810547,0.0,0.0,0.9610955119132996
961,43.18615604642741,-3.799081563949585,0.0,0.0,0.9611340165138245
962,84.72857440108488,-1.2178466320037842,0.0,0.0,0.9611660838127136
963,79.62578708362308,13.433359146118164,0.0,0.0,0.9612475037574768
964,62.49302940082238,-8.184677124023438,0.0,0.0,0.9612834453582764
965,184.93725222687763,-10.101156234741211,0.0,0.0,0.9612950682640076
966,187.65214665296375,2.5678482055664062,0.0,0.0,0.9613147377967834
967,245.42365843076857,-23.5019588470459,0.0,0.0,0.9612781405448914
968,213.30018632963396,-11.664855003356934,0.0,0.0,0.9612110257148743
969,193.28105630211064,-6.69882869720459,0.0,0.0,0.9611146450042725
970,199.94241748637614,13.885316848754883,0.0,0.0,0.9610669016838074
971,204.02820578337077,-11.676413536071777,0.0,0.0,0.9609923362731934
972,162.97764687356573,-9.91927719116211,0.0,0.0,0.9608768820762634
973,195.73824483152606,-3.850705146789551,0.0,0.0,0.9607663154602051
974,239.2145947313269,-22.573863983154297,0.0,0.0,0.960620641708374
975,176.47739464992557,-14.106813430786133,0.0,0.0,0.9604577422142029
976,180.42079711860717,17.133201599121094,0.0,0.0,0.9603514671325684
977,192.99167780513076,-21.53659439086914,0.0,0.0,0.9602105021476746
978,196.9691310717728,0.5504894256591797,0.0,0.0,0.9600846767425537
979,172.37270490467859,-11.48348617553711,0.0,0.0,0.9599370956420898
980,218.8636148323925,1.8637089729309082,0.0,0.0,0.9598102569580078
981,215.13296610927136,-23.795063018798828,0.0,0.0,0.9596441388130188
982,212.370481838232,20.721261978149414,0.0,0.0,0.9595572352409363
983,209.72061862099744,36.30878448486328,0.0,0.0,0.9595673680305481
984,196.90737784128703,8.210912704467773,0.0,0.0,0.9596104621887207
985,200.8739390272071,-6.633726596832275,0.0,0.0,0.9596343040466309
986,201.66639027696775,13.008978843688965,0.0,0.0,0.9596872329711914
987,206.11406801951458,-23.85281753540039,0.0,0.0,0.9596672654151917
988,193.6353547109248,12.743219375610352,0.0,0.0,0.9596850872039795
989,195.56625517239783,5.1272735595703125,0.0,0.0,0.9597117304801941
990,206.75449252137122,4.578634262084961,0.0,0.0,0.9597442746162415
991,212.7357253943011,2.158642530441284,0.0,0.0,0.9597783088684082
992,189.43898505225832,1.099457025527954,0.0,0.0,0.9598145484924316
993,206.78155805707166,9.837987899780273,0.0,0.0,0.9598665237426758
994,208.17266037853315,-10.665587425231934,0.0,0.0,0.9598660469055176
995,204.09681645367178,-2.563762664794922,0.0,0.0,0.9598576426506042
996,218.49069568779316,-7.763645172119141,0.0,0.0,0.959837019443512
997,212.96946711231737,16.061370849609375,0.0,0.0,0.9598562717437744
998,218.83837740299583,23.81203842163086,0.0,0.0,0.9599290490150452
999,184.03328182786663,15.322099685668945,0.0,0.0,0.9600192904472351
1000,198.69041026729312,-12.319695472717285,0.0,0.0,0.9600761532783508
1001,176.04594374960453,5.482509136199951,0.0,0.0,0.9601397514343262
1002,237.30580737103116,-4.639317512512207,0.0,0.0,0.9601833820343018
1003,215.222910241498,-8.692028999328613,0.0,0.0,0.9602041244506836
1004,193.25717834538563,-12.844995498657227,0.0,0.0,0.960199773311615
1005,177.32173383958246,9.175670623779297,0.0,0.0,0.960221529006958
1006,211.75240162570506,-0.6318657398223877,0.0,0.0,0.9602394700050354
1007,200.64028985958316,0.1492938995361328,0.0,0.0,0.9602560997009277
1008,213.82527221604067,3.301854133605957,0.0,0.0,0.9602840542793274
1009,204.5469717146005,-2.1847355365753174,0.0,0.0,0.9603028297424316
1010,184.0483672913221,1.5524792671203613,0.0,0.0,0.960324764251709
1011,208.64582715781017,-7.978530406951904,0.0,0.0,0.9603219032287598
1012,217.33672721818215,25.46165657043457,0.0,0.0,0.9603882431983948
1013,188.6247836453288,2.477738380432129,0.0,0.0,0.9604542255401611
1014,232.35511453444764,7.383193016052246,0.0,0.0,0.9605376124382019
1015,197.543794168747,10.539329528808594,0.0,0.0,0.9606422781944275
1016,200.71617315981433,1.4558873176574707,0.0,0.0,0.96073979139328
1017,212.36804368695445,-3.207559585571289,0.0,0.0,0.9608208537101746
1018,199.04344970696724,4.798308372497559,0.0,0.0,0.9609024524688721
1019,189.3798282433257,-2.823820114135742,0.0,0.0,0.9609697461128235
1020,180.99289499496425,-2.8486804962158203,0.0,0.0,0.9610243439674377
1021,178.52529865666813,6.749919891357422,0.0,0.0,0.9610969424247742
1022,202.98611977426427,5.249370574951172,0.0,0.0,0.9611740112304688
1023,193.00578021429706,-11.080511093139648,0.0,0.0,0.9612088203430176
1024,186.00482273365046,-22.7731990814209,0.0,0.0,0.9611761569976807
1025,193.9480587562776,16.086923599243164,0.0,0.0,0.9611797332763672
1026,129.48635382003442,-4.612473011016846,0.0,0.0,0.9611662030220032
1027,184.81686013639683,3.767867088317871,0.0,0.0,0.9611628651618958
1028,144.51020243301517,-12.396905899047852,0.0,0.0,0.9611218571662903
1029,153.71257177277997,3.167252540588379,0.0,0.0,0.9610992074012756
1030,177.3646717861007,13.811742782592773,0.0,0.0,0.9611198902130127
1031,187.6856759368069,-12.10809326171875,0.0,0.0,0.9611040949821472
1032,180.58215590866527,-1.1041946411132812,0.0,0.0,0.9610851407051086
1033,171.8258131788692,-12.450289726257324,0.0,0.0,0.9610264301300049
1034,199.6919981380476,22.003578186035156,0.0,0.0,0.9610199928283691
1035,159.8727035666636,-2.941506862640381,0.0,0.0,0.9610082507133484
1036,168.08957885951844,-1.812774658203125,0.0,0.0,0.9609922766685486
1037,180.76399882140862,-6.414655685424805,0.0,0.0,0.9609586596488953
1038,185.73117757962245,-2.557196855545044,0.0,0.0,0.9609219431877136
1039,155.54464786842672,-4.732324600219727,0.0,0.0,0.9608666300773621
1040,165.81882495648097,1.6718671321868896,0.0,0.0,0.9608230590820312
1041,162.36536839818095,12.763914108276367,0.0,0.0,0.960822582244873
1042,151.0344254770809,9.54028606414795,0.0,0.0,0.9608542323112488
1043,158.1390084792735,-5.430564880371094,0.0,0.0,0.9608708024024963
1044,201.22121744367956,-14.368885040283203,0.0,0.0,0.960858166217804
1045,203.03131754496295,-10.847490310668945,0.0,0.0,0.9608268737792969
1046,177.19100749240667,-0.134199857711792,0.0,0.0,0.9607979655265808
1047,160.78293960214447,-5.825375080108643,0.0,0.0,0.9607537388801575
1048,182.28089008754336,16.362709045410156,0.0,0.0,0.9607370495796204
1049,178.40399363501098,-9.91100025177002,0.0,0.0,0.9607012271881104
1050,199.0000548691884,-4.102112770080566,0.0,0.0,0.9606575965881348
1051,192.9347207554069,32.64223861694336,0.0,0.0,0.9606749415397644
1052,214.1399808215218,11.382513999938965,0.0,0.0,0.9607129096984863
1053,192.13451746220997,2.745326042175293,0.0,0.0,0.96075439453125
1054,196.37732329687228,4.071457862854004,0.0,0.0,0.9608020782470703
1055,180.79148829559932,-8.768054962158203,0.0,0.0,0.9608185887336731
1056,209.14252712714506,2.213744878768921,0.0,0.0,0.9608384966850281
1057,177.73150213655018,-0.49134397506713867,0.0,0.0,0.9608554840087891
1058,201.471724662628,-15.774984359741211,0.0,0.0,0.9608457684516907
1059,183.2671843718054,-11.393573760986328,0.0,0.0,0.9608182907104492
1060,175.5509718541919,-6.524017333984375,0.0,0.0,0.9607768058776855
1061,179.93149637367694,-5.96281623840332,0.0,0.0,0.9607184529304504
1062,198.52615312132957,-6.749350547790527,0.0,0.0,0.9606524109840393
1063,170.2327049420078,12.213171005249023,0.0,0.0,0.9606289267539978
1064,171.66461410645783,-4.550616264343262,0.0,0.0,0.9605956077575684
1065,184.37929890676008,11.136479377746582,0.0,0.0,0.9605925679206848
1066,190.3156291164618,-6.286497116088867,0.0,0.0,0.9605739712715149
1067,174.97451913089714,22.096574783325195,0.0,0.0,0.9606124758720398
1068,179.90898348105532,0.4315357208251953,0.0,0.0,0.9606483578681946
1069,193.18096150097486,1.1439390182495117,0.0,0.0,0.9606831669807434
1070,191.49037554782606,-7.66019868850708,0.0,0.0,0.9607008099555969
1071,196.47515257256683,8.205327987670898,0.0,0.0,0.9607483744621277
1072,180.37905592830322,-2.9167685508728027,0.0,0.0,0.9607834815979004
1073,202.46248187296655,0.48294973373413086,0.0,0.0,0.9608170390129089
1074,189.21382935378114,-0.8221950531005859,0.0,0.0,0.9608452916145325
1075,199.28115738467454,-23.848285675048828,0.0,0.0,0.9607958793640137
1076,181.28555733536413,-25.239315032958984,0.0,0.0,0.9606849551200867
1077,193.98735748928493,-10.203887939453125,0.0,0.0,0.9605569839477539
1078,183.0224562797281,-12.078359603881836,0.0,0.0,0.9604101181030273
1079,188.23422009383975,-9.891494750976562,0.0,0.0,0.9602572321891785
1080,193.55602321122976,-5.358640193939209,0.0,0.0,0.9601100087165833
1081,190.3266449566866,-19.201553344726562,0.0,0.0,0.9599437713623047
1082,186.39854783665427,-12.168701171875,0.0,0.0,0.9597412943840027
1083,187.9619850423178,-14.054281234741211,0.0,0.0,0.9595296382904053
1084,182.05249111235614,19.8282413482666,0.0,0.0,0.9593978524208069
1085,188.53004952644025,-6.379379749298096,0.0,0.0,0.9592657089233398
1086,169.59251066315463,6.553759574890137,0.0,0.0,0.9591615200042725
1087,189.69101625226884,22.02717399597168,0.0,0.0,0.9591391086578369
1088,191.327540744837,8.98820972442627,0.0,0.0,0.9591524004936218
1089,179.35111921720383,-5.182992458343506,0.0,0.0,0.9591491222381592
1090,192.93276975061536,1.2822556495666504,0.0,0.0,0.9591485857963562
1091,177.61491158369904,4.356423854827881,0.0,0.0,0.9591677784919739
1092,197.7021411322005,20.037372589111328,0.0,0.0,0.9592291712760925
1093,193.41653674994708,15.910346984863281,0.0,0.0,0.9593231081962585
1094,183.96050795929676,-4.11100435256958,0.0,0.0,0.9593914151191711
1095,175.35584182717125,-4.518121242523193,0.0,0.0,0.9594436287879944
1096,196.36564622237475,-10.115711212158203,0.0,0.0,0.9594751000404358
1097,171.0650661996523,10.74268913269043,0.0,0.0,0.959542453289032
1098,183.39721234762186,-2.051485061645508,0.0,0.0,0.9595982432365417
1099,193.70052530753966,5.615692615509033,0.0,0.0,0.9596604704856873
1100,176.49585518492682,-1.9916808605194092,0.0,0.0,0.9597102999687195
1101,171.42572772308546,1.0812768936157227,0.0,0.0,0.9597614407539368
1102,178.1885719753955,15.520776748657227,0.0,0.0,0.959860622882843
1103,198.60291839416067,-4.717014789581299,0.0,0.0,0.9599354863166809
1104,104.67240705678596,-3.726750373840332,0.0,0.0,0.9599911570549011
1105,106.66059615759757,2.5927910804748535,0.0,0.0,0.9600486755371094
1106,174.1186560500649,-6.386307716369629,0.0,0.0,0.9600851535797119
1107,193.24350965355757,-18.206253051757812,0.0,0.0,0.9600666165351868
1108,155.23589444251067,-22.03536605834961,0.0,0.0,0.9599825739860535
1109,193.87597285460564,-12.498002052307129,0.0,0.0,0.9598711133003235
1110,172.82904745779007,11.174663543701172,0.0,0.0,0.9598128199577332
1111,182.91786778842737,-5.556344985961914,0.0,0.0,0.9597428441047668
1112,112.94674432301537,-6.735606670379639,0.0,0.0,0.9596605896949768
1113,176.18581724241375,-6.217246055603027,0.0,0.0,0.959568202495575
1114,97.21092611503822,1.6588066816329956,0.0,0.0,0.9594911932945251
1115,134.39967906154115,-1.3021454811096191,0.0,0.0,0.9594177603721619
1116,202.45613630695604,-0.45563507080078125,0.0,0.0,0.9593496918678284
1117,196.11981057992114,15.494224548339844,0.0,0.0,0.9593267440795898
1118,183.46718967170307,-23.484113693237305,0.0,0.0,0.9592449069023132
1119,186.03286395842338,-3.638667583465576,0.0,0.0,0.9591595530509949
1120,196.34908776945053,8.253540992736816,0.0,0.0,0.9591002464294434
1121,153.54072697047997,-3.1119484901428223,0.0,0.0,0.9590386748313904
1122,194.88587554355934,-8.47134017944336,0.0,0.0,0.9589636921882629
1123,185.83733954950344,-0.34328460693359375,0.0,0.0,0.9588953852653503
1124,191.5966207088572,4.154480934143066,0.0,0.0,0.9588459134101868
1125,199.76865834632528,8.524602890014648,0.0,0.0,0.9588384628295898
1126,181.3251057225169,18.638484954833984,0.0,0.0,0.9588923454284668
1127,179.13953418589,11.496759414672852,0.0,0.0,0.9589824676513672
1128,189.8552954878497,8.705548286437988,0.0,0.0,0.9590847492218018
1129,198.49291277219265,0.5119895935058594,0.0,0.0,0.9591779708862305
1130,179.86843208572844,17.29741096496582,0.0,0.0,0.9593035578727722
1131,183.6065931935461,-6.603672027587891,0.0,0.0,0.9593984484672546
1132,194.34739237364687,-0.6934099197387695,0.0,0.0,0.9594828486442566
1133,203.957118540108,-2.717177152633667,0.0,0.0,0.9595502018928528
1134,200.1121125133075,-1.5773627758026123,0.0,0.0,0.9596076011657715
1135,184.72146518499952,0.42693400382995605,0.0,0.0,0.9596603512763977
1136,189.1125498316841,-10.819170951843262,0.0,0.0,0.9596655964851379
1137,191.1431948932356,6.573155403137207,0.0,0.0,0.9597117900848389
1138,191.85109389736292,-5.054871559143066,0.0,0.0,0.9597437977790833
1139,194.0738831656777,9.941808700561523,0.0,0.0,0.9598048329353333
1140,197.70602286812309,-10.154644966125488,0.0,0.0,0.9598328471183777
1141,192.86842946359616,-6.067709922790527,0.0,0.0,0.9598360061645508
1142,192.60574856119325,-8.192221641540527,0.0,0.0,0.9598081707954407
1143,186.20518043422155,16.276660919189453,0.0,0.0,0.959832489490509
1144,192.4997576772499,3.7782440185546875,0.0,0.0,0.9598686099052429
1145,198.65752500201836,19.93839454650879,0.0,0.0,0.9599644541740417
1146,191.1399855087795,-4.69149112701416,0.0,0.0,0.9600329995155334
1147,202.65761685703922,-0.7010622024536133,0.0,0.0,0.9600936770439148
1148,196.21255861781148,-12.214165687561035,0.0,0.0,0.9601190686225891
1149,198.84815852065887,4.559974670410156,0.0,0.0,0.9601536393165588
1150,193.52458260501913,-2.398444890975952,0.0,0.0,0.9601766467094421
1151,193.51486574164838,-9.487968444824219,0.0,0.0,0.960169792175293
1152,201.89310682683114,4.201352119445801,0.0,0.0,0.9601743817329407
1153,231.36546368910555,1.077214241027832,0.0,0.0,0.9601798057556152
1154,191.6486364199371,-0.1358051300048828,0.0,0.0,0.9601841568946838
1155,202.8636736608432,5.898831844329834,0.0,0.0,0.9602107405662537
1156,193.9530101157271,1.2540154457092285,0.0,0.0,0.9602373242378235
1157,200.928276566097,13.257999420166016,0.0,0.0,0.9602971076965332
1158,207.0202264441323,-11.519403457641602,0.0,0.0,0.9603093266487122
1159,173.98580847646258,3.785202980041504,0.0,0.0,0.9603301882743835
1160,121.52522835533236,4.025882720947266,0.0,0.0,0.9603593349456787
1161,192.16525308352607,-0.4132871627807617,0.0,0.0,0.96038419008255
1162,195.07356652483017,23.013999938964844,0.0,0.0,0.9604549407958984
1163,159.2555706660811,-1.1184372901916504,0.0,0.0,0.9605141282081604
1164,172.03743697777045,-9.286943435668945,0.0,0.0,0.9605444073677063
1165,166.72117837530308,15.830216407775879,0.0,0.0,0.9606132507324219
1166,150.80238356918767,-9.44598388671875,0.0,0.0,0.9606325626373291
1167,172.47851562783728,2.7803356647491455,0.0,0.0,0.9606615900993347
1168,194.79897219158076,13.044574737548828,0.0,0.0,0.9607360363006592
1169,183.89429900959087,5.363329887390137,0.0,0.0,0.9608203768730164
1170,188.67411299401277,-0.1583385467529297,0.0,0.0,0.9608948230743408
1171,195.88276829036297,0.47071099281311035,0.0,0.0,0.9609653949737549
1172,192.478384325386,-7.356101036071777,0.0,0.0,0.9610104560852051
1173,206.47942618835333,-18.228816986083984,0.0,0.0,0.9609983563423157
1174,194.7656437698679,3.4688243865966797,0.0,0.0,0.9609974026679993
1175,199.2569130889629,6.203874588012695,0.0,0.0,0.9610101580619812
1176,200.44119516906179,6.011192321777344,0.0,0.0,0.9610349535942078
1177,189.5443947330589,3.90282940864563,0.0,0.0,0.9610735774040222
1178,202.31411206387162,-15.822492599487305,0.0,0.0,0.9610182642936707
1179,201.52932189711453,10.284933090209961,0.0,0.0,0.9610083699226379
1180,176.29819516895037,-23.2088623046875,0.0,0.0,0.9609339237213135
1181,184.6269212372408,-9.390382766723633,0.0,0.0,0.960839569568634
1182,194.64191547117102,-4.336399078369141,0.0,0.0,0.960747480392456
1183,180.79927238408123,2.7552051544189453,0.0,0.0,0.9606692790985107
1184,178.1708293534598,5.346396446228027,0.0,0.0,0.9606124758720398
1185,190.75673519242284,6.9509782791137695,0.0,0.0,0.9605852961540222
1186,141.49657862393568,-12.332767486572266,0.0,0.0,0.9605156779289246
1187,184.25856888569535,-5.133744239807129,0.0,0.0,0.9604390263557434
1188,164.92824842216766,-2.657998561859131,0.0,0.0,0.9603611826896667
1189,151.7447749939428,-7.539047718048096,0.0,0.0,0.9602548480033875
1190,160.00852952142617,-2.2442946434020996,0.0,0.0,0.9601507186889648
1191,102.76308245487053,1.2844351530075073,0.0,0.0,0.9600608944892883
1192,122.956704388304,-10.186524391174316,0.0,0.0,0.9599248766899109
1193,121.50053887628198,0.17722773551940918,0.0,0.0,0.9598034024238586
1194,145.93675923319907,8.455587387084961,0.0,0.0,0.9597177505493164
1195,122.25908609545937,5.547865390777588,0.0,0.0,0.9596612453460693
1196,197.9893753983722,-9.71509075164795,0.0,0.0,0.9595837593078613
1197,132.1772780476332,0.6312222480773926,0.0,0.0,0.9595147967338562
1198,117.34011687290898,3.752002239227295,0.0,0.0,0.9594669342041016
1199,96.84384929109203,-7.7502121925354,0.0,0.0,0.9593947529792786
1200,175.62575972629818,14.318061828613281,0.0,0.0,0.9593647122383118
1201,141.96593406025832,3.8246030807495117,0.0,0.0,0.9593550562858582
1202,166.28568360444686,7.064046859741211,0.0,0.0,0.9593619704246521
1203,182.32409638683012,-9.278566360473633,0.0,0.0,0.9593431949615479
1204,159.66477637101124,-2.4133408069610596,0.0,0.0,0.9593170285224915
1205,182.38143756356638,1.9834809303283691,0.0,0.0,0.9592995047569275
1206,160.28128846554887,15.985824584960938,0.0,0.0,0.959332287311554
1207,117.56231269976831,-8.757720947265625,0.0,0.0,0.9593306183815002
1208,129.05558176867123,3.4545817375183105,0.0,0.0,0.9593457579612732
1209,196.27093799752697,3.0041542053222656,0.0,0.0,0.9593736529350281
1210,52.81153910348943,-5.003803730010986,0.0,0.0,0.9593899846076965
1211,135.0650536962774,-11.229581832885742,0.0,0.0,0.9593803286552429
1212,187.75461116851304,-7.205826282501221,0.0,0.0,0.9593484401702881
1213,130.91772952694618,6.777420520782471,0.0,0.0,0.9593345522880554
1214,134.70175196298518,9.702618598937988,0.0,0.0,0.9593549370765686
1215,158.69281377735905,6.921456336975098,0.0,0.0,0.9594206809997559
1216,105.65945016086101,11.554559707641602,0.0,0.0,0.9595327973365784
1217,176.21047632826546,-5.671257972717285,0.0,0.0,0.9596204161643982
1218,147.61871905900523,-1.6354377269744873,0.0,0.0,0.9596948623657227
1219,120.58732243512311,-10.494722366333008,0.0,0.0,0.9597355723381042
1220,137.45943162654913,-4.409877300262451,0.0,0.0,0.9597539901733398
1221,193.17166198719002,1.0591812133789062,0.0,0.0,0.9597721099853516
1222,164.9668626039123,2.9565253257751465,0.0,0.0,0.9598076939582825
1223,155.81099510665217,-7.088655471801758,0.0,0.0,0.9598192572593689
1224,139.1476635492527,0.9777765274047852,0.0,0.0,0.9598323702812195
1225,186.595112940838,-12.773618698120117,0.0,0.0,0.9598155617713928
1226,130.57094872317037,-7.365206241607666,0.0,0.0,0.9597622752189636
1227,187.41185327144836,-13.620555877685547,0.0,0.0,0.9596796631813049
1228,183.5069084261154,19.174072265625,0.0,0.0,0.9596831202507019
1229,140.15622475405658,-4.597999572753906,0.0,0.0,0.9596715569496155
1230,186.4390995092328,-16.448144912719727,0.0,0.0,0.959622859954834
1231,186.55157526668015,3.4460113048553467,0.0,0.0,0.9595907330513
1232,182.4690995432351,-15.361275672912598,0.0,0.0,0.959528386592865
1233,189.41999209930134,-17.878808975219727,0.0,0.0,0.9594096541404724
1234,193.0855962303965,-16.075241088867188,0.0,0.0,0.9592373967170715
1235,198.39847897533102,-12.445773124694824,0.0,0.0,0.9590487480163574
1236,192.5677788896717,-2.3574347496032715,0.0,0.0,0.9588737487792969
1237,179.08078221400754,16.020620346069336,0.0,0.0,0.9587767720222473
1238,189.566156225482,-19.45663833618164,0.0,0.0,0.9586156010627747
1239,183.55104938382354,5.00049352645874,0.0,0.0,0.9584832787513733
1240,184.82584715993224,-5.867427825927734,0.0,0.0,0.9583449363708496
1241,188.95142562848758,6.225031852722168,0.0,0.0,0.9582362174987793
1242,68.70840527969528,-7.635969161987305,0.0,0.0,0.958117663860321
1243,187.6110328137589,27.227691650390625,0.0,0.0,0.9580945372581482
1244,193.813567507232,-22.445899963378906,0.0,0.0,0.9580121040344238
1245,192.68565153416424,-6.757745265960693,0.0,0.0,0.9579233527183533
1246,191.28176780069256,6.980517864227295,0.0,0.0,0.9578614830970764
1247,193.4804210354998,9.459264755249023,0.0,0.0,0.9578390121459961
1248,195.70400102449798,-5.298250198364258,0.0,0.0,0.9578072428703308
1249,186.8253906222129,-16.470104217529297,0.0,0.0,0.9577521681785583
1250,180.56868240071188,1.5036907196044922,0.0,0.0,0.9577076435089111
1251,141.48455127963817,4.793993949890137,0.0,0.0,0.9576823115348816
1252,185.93872166362632,-2.8053712844848633,0.0,0.0,0.9576519131660461
1253,175.60959227593082,-3.924571990966797,0.0,0.0,0.9576060771942139
1254,138.2698049627814,2.9868593215942383,0.0,0.0,0.9575755000114441
1255,190.77407612672883,3.0779123306274414,0.0,0.0,0.9575616717338562
1256,188.57523839026052,-0.5845315456390381,0.0,0.0,0.9575466513633728
1257,188.9632594161342,-0.993480920791626,0.0,0.0,0.9575304388999939
1258,191.65336096298114,8.549518585205078,0.0,0.0,0.9575474262237549
1259,176.67971190347836,2.125535488128662,0.0,0.0,0.95756596326828
1260,168.18738892059213,0.8913103342056274,0.0,0.0,0.9575855135917664
1261,182.97612320645106,-7.368453025817871,0.0,0.0,0.9575839042663574
1262,189.35313479869606,-7.03610897064209,0.0,0.0,0.9575598835945129
1263,182.85740066554075,-7.959803104400635,0.0,0.0,0.9574984908103943
1264,182.87703442792687,-4.889315128326416,0.0,0.0,0.9574255347251892
1265,182.44739641770693,-8.119528770446777,0.0,0.0,0.9573385119438171
1266,189.70254892602412,-19.776092529296875,0.0,0.0,0.9571917057037354
1267,179.01753068828702,4.342381477355957,0.0,0.0,0.9570729732513428
1268,187.9907662130541,5.908405303955078,0.0,0.0,0.9569752812385559
1269,196.60134116625727,15.37596321105957,0.0,0.0,0.9569323062896729
1270,186.6402262480712,-12.924988746643066,0.0,0.0,0.9568697810173035
1271,183.68103504234261,0.28063642978668213,0.0,0.0,0.9568142294883728
1272,173.23540586764187,12.957998275756836,0.0,0.0,0.9567983150482178
1273,170.8456627423231,-1.655224084854126,0.0,0.0,0.956780731678009
1274,61.93991651193023,1.3623673915863037,0.0,0.0,0.9567720890045166
1275,181.84948908426094,-9.492911338806152,0.0,0.0,0.9567387104034424
1276,168.9020580533279,-7.700697898864746,0.0,0.0,0.9566828608512878
1277,186.06798529765805,-5.569021224975586,0.0,0.0,0.9566157460212708
1278,173.02482212545604,-1.2781195640563965,0.0,0.0,0.9565498232841492
1279,72.2423476075152,-1.0876812934875488,0.0,0.0,0.9564869999885559
1280,79.15702817240168,8.346965789794922,0.0,0.0,0.956456184387207
1281,175.00674188659158,-20.1755313873291,0.0,0.0,0.9563857913017273
1282,28.884669570272845,-5.946681976318359,0.0,0.0,0.956292450428009
1283,36.353868004415524,10.272860527038574,0.0,0.0,0.9562768936157227
1284,40.075256318832984,-0.29204368591308594,0.0,0.0,0.956261396408081
1285,52.29954055458701,-7.3498759269714355,0.0,0.0,0.9562162756919861
1286,166.45908500011726,-1.9890408515930176,0.0,0.0,0.9561693072319031
1287,148.83746536870183,12.06482219696045,0.0,0.0,0.9561520218849182
1288,171.9996509536574,2.2052292823791504,0.0,0.0,0.9561473727226257
1289,42.77730754675897,-7.086752414703369,0.0,0.0,0.9561216235160828
1290,97.76963276891523,4.723034858703613,0.0,0.0,0.9561148285865784
1291,172.08311400055868,-12.33222484588623,0.0,0.0,0.956077516078949
1292,172.0888776409877,-28.101409912109375,0.0,0.0,0.9559620022773743
1293,106.81155855384793,-6.162505149841309,0.0,0.0,0.9558470249176025
1294,176.53394304642174,9.110847473144531,0.0,0.0,0.9557743072509766
1295,168.33915912177085,5.260103225708008,0.0,0.0,0.9557368159294128
1296,172.7978530010751,-1.3045711517333984,0.0,0.0,0.9556978344917297
1297,136.13946325549668,6.451018810272217,0.0,0.0,0.9556836485862732
1298,178.72197922836654,-0.8195034265518188,0.0,0.0,0.9556692242622375
1299,119.8169519730137,4.167840480804443,0.0,0.0,0.9556753039360046
1300,171.9162958770936,-21.01428985595703,0.0,0.0,0.9556076526641846
1301,165.88281118802905,3.2778196334838867,0.0,0.0,0.9555578827857971
1302,143.97470130265378,4.901634216308594,0.0,0.0,0.955521285533905
1303,168.21785844394222,6.158657073974609,0.0,0.0,0.955512523651123
1304,168.50100108974544,-0.28173160552978516,0.0,0.0,0.9555032253265381
1305,141.12355671317007,-3.211703300476074,0.0,0.0,0.9554851651191711
1306,166.93100744410214,-5.483039379119873,0.0,0.0,0.9554534554481506
1307,167.70661108197032,-12.144331932067871,0.0,0.0,0.9553980827331543
1308,165.9270151691532,-3.906031370162964,0.0,0.0,0.955338180065155
1309,163.58015345477014,8.077875137329102,0.0,0.0,0.9553067684173584
1310,167.50273019313917,2.4926605224609375,0.0,0.0,0.9552857279777527
1311,166.14693387967694,10.398317337036133,0.0,0.0,0.9552984237670898
1312,170.37884528640765,-8.212413787841797,0.0,0.0,0.9552724957466125
1313,167.0737017077139,0.3616771697998047,0.0,0.0,0.9552496075630188
1314,163.64920319456172,1.9335438013076782,0.0,0.0,0.955237865447998
1315,169.8553934780965,-6.108391284942627,0.0,0.0,0.9552105069160461
1316,170.4088592863581,-1.0764429569244385,0.0,0.0,0.9551828503608704
1317,178.6692323288499,-6.178465843200684,0.0,0.0,0.9551451206207275
1318,176.40041128648284,4.8183183670043945,0.0,0.0,0.9551226496696472
1319,175.3289679203185,12.903366088867188,0.0,0.0,0.9551447033882141
1320,169.8724150104021,-4.378480911254883,0.0,0.0,0.9551545977592468
1321,173.01497809721968,-9.414606094360352,0.0,0.0,0.9551482796669006
1322,172.41133311897326,-5.5973896980285645,0.0,0.0,0.9551312923431396
1323,169.9458690767326,1.986349105834961,0.0,0.0,0.9551246762275696
1324,179.15799518255972,9.711771965026855,0.0,0.0,0.9551448225975037
1325,173.45356532454588,-8.100312232971191,0.0,0.0,0.9551358222961426
1326,171.69480512012748,8.008709907531738,0.0,0.0,0.955145537853241
1327,172.22187388140247,-8.997350692749023,0.0,0.0,0.9551401138305664
1328,175.3295578428319,16.64451026916504,0.0,0.0,0.955189049243927
1329,168.65020101328136,-5.3960137367248535,0.0,0.0,0.955207884311676
1330,169.2831298859076,-20.94619369506836,0.0,0.0,0.9551483988761902
1331,90.82941696254603,8.110408782958984,0.0,0.0,0.9551534652709961
1332,160.16265652282175,-2.942920446395874,0.0,0.0,0.9551489353179932
1333,172.12394436193225,10.716283798217773,0.0,0.0,0.9551801681518555
1334,52.96627951616671,-17.810977935791016,0.0,0.0,0.9551426768302917
1335,167.83798964894294,-9.416635513305664,0.0,0.0,0.955086886882782
1336,175.85375106110595,-6.164684295654297,0.0,0.0,0.9550172686576843
1337,169.36154418910536,-6.927894115447998,0.0,0.0,0.9549180865287781
1338,172.28532132988192,0.08119368553161621,0.0,0.0,0.9548291563987732
1339,157.84925949763223,14.260029792785645,0.0,0.0,0.9547873139381409
1340,171.98856067802126,23.103330612182617,0.0,0.0,0.9548398852348328
1341,172.42582314869492,18.47751808166504,0.0,0.0,0.954934298992157
1342,171.38717731452832,18.784317016601562,0.0,0.0,0.9550833702087402
1343,176.4638122124175,9.416691780090332,0.0,0.0,0.9552628397941589
1344,174.67818282883346,16.011417388916016,0.0,0.0,0.9554710388183594
1345,173.791354692582,-8.328630447387695,0.0,0.0,0.9556419253349304
1346,180.84698881003274,-0.9852190017700195,0.0,0.0,0.9557938575744629
1347,172.90586581446433,-8.865983009338379,0.0,0.0,0.9559116363525391
1348,174.9795871258674,0.0950021743774414,0.0,0.0,0.9560176730155945
1349,160.9120151523606,8.253670692443848,0.0,0.0,0.9561389088630676
1350,173.47378882981127,-35.54315185546875,0.0,0.0,0.9561803936958313
1351,103.11392428958676,-8.63742446899414,0.0,0.0,0.9561734199523926
1352,174.61900752661595,-12.752044677734375,0.0,0.0,0.9561174511909485
1353,175.36338927087286,1.598503828048706,0.0,0.0,0.9560731053352356
1354,175.99939603316213,-8.803970336914062,0.0,0.0,0.9560148119926453
1355,183.6778297130901,-7.1086249351501465,0.0,0.0,0.9559376835823059
1356,176.02795472552663,1.7296329736709595,0.0,0.0,0.9558723568916321
1357,127.04100167545964,-2.8909223079681396,0.0,0.0,0.955804169178009
1358,119.09284995922519,-13.856843948364258,0.0,0.0,0.9557012915611267
1359,175.4182071372445,9.69784164428711,0.0,0.0,0.9556291699409485
1360,74.76367696224777,9.90938949584961,0.0,0.0,0.9555978775024414
1361,172.94566083592443,2.004932403564453,0.0,0.0,0.9555757641792297
1362,91.87300696289464,-9.269596099853516,0.0,0.0,0.9555208086967468
1363,114.58062502435291,10.790620803833008,0.0,0.0,0.9555217623710632
1364,157.8256539378493,-13.577178955078125,0.0,0.0,0.9554759860038757
1365,178.26881353111807,2.6498327255249023,0.0,0.0,0.9554448127746582
1366,110.52743013990171,-4.422187805175781,0.0,0.0,0.95539790391922
1367,177.83884639681926,-14.93911361694336,0.0,0.0,0.955317497253418
1368,147.2164367027491,-0.23024559020996094,0.0,0.0,0.9552431106567383
1369,106.3848317287897,-4.6807122230529785,0.0,0.0,0.9551422595977783
1370,179.55366308658927,2.461467981338501,0.0,0.0,0.9550588130950928
1371,157.78709158891058,4.247239112854004,0.0,0.0,0.9549943804740906
1372,170.0494319612129,0.07141339778900146,0.0,0.0,0.9549371600151062
1373,176.91652996440544,-4.734385013580322,0.0,0.0,0.9548750519752502
1374,174.20621404006442,-16.69742202758789,0.0,0.0,0.9547750949859619
1375,176.15758239658436,0.0773087739944458,0.0,0.0,0.9546851515769958
1376,178.38618870318663,3.344623565673828,0.0,0.0,0.9546144008636475
1377,179.14300894253248,-1.9987943172454834,0.0,0.0,0.9545432925224304
1378,137.29015520582408,5.1561384201049805,0.0,0.0,0.954498291015625
1379,180.66509573636574,-4.239561080932617,0.0,0.0,0.9544407725334167
1380,159.77096626993256,-3.098768711090088,0.0,0.0,0.9543827176094055
1381,179.06086721670715,-10.10806941986084,0.0,0.0,0.9542953968048096
1382,115.97649244514704,6.083644866943359,0.0,0.0,0.9542369842529297
1383,181.03136642838797,-8.367725372314453,0.0,0.0,0.9541634917259216
1384,88.38828662779957,-5.917547225952148,0.0,0.0,0.954077422618866
1385,107.98867944424731,11.538801193237305,0.0,0.0,0.954031765460968
1386,174.75165431711898,-0.17965054512023926,0.0,0.0,0.9539899826049805
1387,96.22360210977726,7.097914695739746,0.0,0.0,0.9539740085601807
1388,176.98785180231135,12.598846435546875,0.0,0.0,0.9539897441864014
1389,173.43630283208026,12.0236177444458,0.0,0.0,0.9540436863899231
1390,104.2362477327977,-10.513400077819824,0.0,0.0,0.9540451169013977
1391,173.59214277445005,22.987892150878906,0.0,0.0,0.9541246891021729
1392,120.9200427900575,13.583196640014648,0.0,0.0,0.9542481303215027
1393,136.1847575207326,12.784794807434082,0.0,0.0,0.9543857574462891
1394,180.53157607373006,32.867061614990234,0.0,0.0,0.954617977142334
1395,181.414023869068,3.96712064743042,0.0,0.0,0.9548404216766357
1396,176.4222339303061,-8.383081436157227,0.0,0.0,0.9550192952156067
1397,92.44233314409787,-13.604443550109863,0.0,0.0,0.9551103711128235
1398,179.28539514498854,-2.290996551513672,0.0,0.0,0.9551859498023987
1399,132.99860849264832,29.751569747924805,0.0,0.0,0.9553542733192444
1400,189.87382295066544,-1.891554355621338,0.0,0.0,0.9554993510246277
1401,173.4702319925481,8.04580307006836,0.0,0.0,0.9556446075439453
1402,185.07873068892923,0.011445045471191406,0.0,0.0,0.9557750821113586
1403,121.8673309712523,-6.145651340484619,0.0,0.0,0.9558733105659485
1404,168.50777129508944,-0.9480539560317993,0.0,0.0,0.9559585452079773
1405,177.42054290625165,-20.557662963867188,0.0,0.0,0.9559546113014221
1406,184.67820985398612,-8.946795463562012,0.0,0.0,0.9559275507926941
1407,185.5095093958247,9.187881469726562,0.0,0.0,0.9559208750724792
1408,172.10923208200407,10.771729469299316,0.0,0.0,0.9559452533721924
1409,177.51399379793807,1.731551170349121,0.0,0.0,0.9559731483459473
1410,177.3783980600428,-8.788164138793945,0.0,0.0,0.9559600949287415
1411,183.3265899931517,10.470487594604492,0.0,0.0,0.9559826850891113
1412,175.91543206076486,6.845383644104004,0.0,0.0,0.9560293555259705
1413,180.69513860614728,2.6091601848602295,0.0,0.0,0.9560771584510803
1414,177.0314293059953,1.5105857849121094,0.0,0.0,0.9561248421669006
1415,175.91447314028966,30.07912826538086,0.0,0.0,0.9562862515449524
1416,171.24199781215654,13.383679389953613,0.0,0.0,0.9564672112464905
1417,158.23907530410938,-24.327342987060547,0.0,0.0,0.9565763473510742
1418,169.01304343960115,3.498133659362793,0.0,0.0,0.9566815495491028
1419,175.01932405446433,2.3058812618255615,0.0,0.0,0.9567830562591553
1420,179.55375363561868,0.21419823169708252,0.0,0.0,0.9568765163421631
1421,173.62185503049795,8.62292194366455,0.0,0.0,0.9570021629333496
1422,167.4054261502472,6.519404411315918,0.0,0.0,0.9571370482444763
1423,167.18218139731147,2.656017541885376,0.0,0.0,0.9572699666023254
1424,180.3615787553222,-17.591718673706055,0.0,0.0,0.9573320746421814
1425,175.5791177664069,-6.625967025756836,0.0,0.0,0.9573702812194824
1426,179.31584950241452,-2.3404541015625,0.0,0.0,0.9573986530303955
1427,176.21858323100102,-7.642773151397705,0.0,0.0,0.9573996663093567
1428,178.74191210081398,-11.495949745178223,0.0,0.0,0.9573683738708496
1429,169.10951788795558,-8.7598237991333,0.0,0.0,0.95731520652771
1430,168.05987153677506,18.457815170288086,0.0,0.0,0.9573580622673035
1431,171.7035935415093,-14.025693893432617,0.0,0.0,0.9573512673377991
1432,174.48765527032688,-2.4649977684020996,0.0,0.0,0.9573357701301575
1433,173.24088625929494,20.239395141601562,0.0,0.0,0.9573810696601868
1434,172.5375082000601,-15.850977897644043,0.0,0.0,0.9573554992675781
1435,178.5893296825845,-6.67047119140625,0.0,0.0,0.9573125839233398
1436,98.45463127648233,-10.30203914642334,0.0,0.0,0.9572296738624573
1437,173.3675732760107,8.799959182739258,0.0,0.0,0.9571767449378967
1438,172.0589481870284,9.976222038269043,0.0,0.0,0.9571688771247864
1439,90.002631378205,-5.468767166137695,0.0,0.0,0.9571450352668762
1440,131.31584310013565,-0.5004737377166748,0.0,0.0,0.9571215510368347
1441,159.77939718263377,-3.6988039016723633,0.0,0.0,0.9570921063423157
1442,172.11029377799645,-9.912864685058594,0.0,0.0,0.9570302367210388
1443,159.7340914534446,-2.664677619934082,0.0,0.0,0.9569635391235352
1444,170.24047631280277,0.6542463302612305,0.0,0.0,0.9569057822227478
1445,173.59446753530557,-5.073795318603516,0.0,0.0,0.9568443298339844
1446,172.29730432079162,16.384883880615234,0.0,0.0,0.9568732380867004
1447,148.66439655311055,-1.6841709613800049,0.0,0.0,0.9568915963172913
1448,166.59983128162227,2.6283254623413086,0.0,0.0,0.9569135308265686
1449,174.1072201435862,-6.893665313720703,0.0,0.0,0.9569027423858643
1450,171.03854768205431,-11.118825912475586,0.0,0.0,0.9568607807159424
1451,172.56700118051458,-4.56864070892334,0.0,0.0,0.9568061232566833
1452,178.54656453039755,4.9229044914245605,0.0,0.0,0.9567753672599792
1453,173.75444126662603,2.1529459953308105,0.0,0.0,0.9567531943321228
1454,171.38078977248838,-1.027705192565918,0.0,0.0,0.9567305445671082
1455,175.77111026560326,-2.9657561779022217,0.0,0.0,0.9567010402679443
1456,164.73736746803522,6.159207820892334,0.0,0.0,0.9566859602928162
1457,179.71177708223837,13.039463996887207,0.0,0.0,0.9567564129829407
1458,170.41309396897182,6.54848051071167,0.0,0.0,0.9568414688110352
1459,180.56885694469335,-8.525458335876465,0.0,0.0,0.9569051265716553
1460,171.05497399414617,-0.6296777725219727,0.0,0.0,0.9569613933563232
1461,168.23076867867144,20.765995025634766,0.0,0.0,0.9570772051811218
1462,178.4423766072584,8.927444458007812,0.0,0.0,0.9572065472602844
1463,174.16798013598108,-4.5063676834106445,0.0,0.0,0.9573128819465637
1464,178.09914063109707,4.804945945739746,0.0,0.0,0.9574201107025146
1465,182.14122005941869,18.117389678955078,0.0,0.0,0.9575886130332947
1466,170.88040284582033,-6.357422351837158,0.0,0.0,0.957726240158081
1467,174.71539207087048,18.206588745117188,0.0,0.0,0.9579182267189026
1468,171.49096719418287,-0.46251773834228516,0.0,0.0,0.9580895900726318
1469,173.18449712938082,6.113857269287109,0.0,0.0,0.9582843780517578
1470,170.38117204372907,-5.311310768127441,0.0,0.0,0.9584471583366394
1471,169.9099540283486,-12.323461532592773,0.0,0.0,0.9585592746734619
1472,172.8529483989003,1.1222419738769531,0.0,0.0,0.9586618542671204
1473,174.2667263546699,-12.42638874053955,0.0,0.0,0.9587200284004211
1474,162.63340179764543,-11.436189651489258,0.0,0.0,0.9587404131889343
1475,173.45800819187104,5.636384963989258,0.0,0.0,0.9587729573249817
1476,171.65412338424642,3.621189832687378,0.0,0.0,0.9588119387626648
1477,178.1572996518563,-7.802820682525635,0.0,0.0,0.9588330388069153
1478,175.95475642364346,-18.610387802124023,0.0,0.0,0.9588024616241455
1479,186.02083865106948,21.748268127441406,0.0,0.0,0.9588475227355957
1480,173.02053611944808,19.640716552734375,0.0,0.0,0.9589576721191406
1481,170.5126344152743,14.926061630249023,0.0,0.0,0.9591094851493835
1482,171.61335579453248,-3.9757556915283203,0.0,0.0,0.9592328667640686
1483,175.91391275106628,-0.5577559471130371,0.0,0.0,0.9593429565429688
1484,177.738874483061,-1.0934220552444458,0.0,0.0,0.9594395756721497
1485,170.877121024431,-9.635953903198242,0.0,0.0,0.9594893455505371
1486,164.58506306489087,-14.27425765991211,0.0,0.0,0.9594895243644714
1487,169.5789625369919,14.21444320678711,0.0,0.0,0.9595339298248291
1488,165.29832123300466,-2.1735191345214844,0.0,0.0,0.9595685601234436
1489,174.22093623609098,-7.689903259277344,0.0,0.0,0.9595815539360046
1490,173.11992715358116,-3.0232276916503906,0.0,0.0,0.9595850110054016
1491,174.15495522659774,1.249975323677063,0.0,0.0,0.9595916867256165
1492,170.45798664365526,9.583048820495605,0.0,0.0,0.9596149325370789
1493,173.01021120345342,2.835904121398926,0.0,0.0,0.9596444964408875
1494,112.42987865355947,16.43581199645996,0.0,0.0,0.9597023129463196
1495,169.75812235869427,8.16887092590332,0.0,0.0,0.9597818851470947
1496,177.0579080711647,15.071845054626465,0.0,0.0,0.9598982334136963
1497,164.4099894065656,-6.578977108001709,0.0,0.0,0.9599784016609192
1498,171.03413269544586,-4.5845232009887695,0.0,0.0,0.9600400328636169
1499,171.54007657478516,-25.258956909179688,0.0,0.0,0.9600524306297302
1500,172.1915145120129,-15.45433521270752,0.0,0.0,0.9600337147712708
1501,168.32687282763663,10.844039916992188,0.0,0.0,0.9600545763969421
1502,124.55685295840246,-0.24126100540161133,0.0,0.0,0.9600731730461121
1503,152.78462110022227,-3.671637535095215,0.0,0.0,0.9600813388824463
1504,159.25699848755278,6.5365705490112305,0.0,0.0,0.9601097106933594
1505,165.0087254315909,5.8268585205078125,0.0,0.0,0.9601466655731201
1506,170.3040203284726,5.629523277282715,0.0,0.0,0.9601917266845703
1507,161.17934593392744,4.201574802398682,0.0,0.0,0.9602449536323547
1508,170.19947638173295,3.9528279304504395,0.0,0.0,0.9602983593940735
1509,157.47279428174826,15.012954711914062,0.0,0.0,0.9603950381278992
1510,160.94125133608924,-13.762039184570312,0.0,0.0,0.9604530334472656
1511,163.11405947018096,-6.334275245666504,0.0,0.0,0.960483729839325
1512,167.6168963325997,11.934405326843262,0.0,0.0,0.9605581164360046
1513,172.18246157352505,3.4741835594177246,0.0,0.0,0.9606335759162903
1514,169.07656598115565,18.87282371520996,0.0,0.0,0.9607494473457336
1515,171.9565795092381,12.703404426574707,0.0,0.0,0.9608874320983887
1516,174.00860471190825,11.269523620605469,0.0,0.0,0.9610385894775391
1517,170.88819538974758,13.65947437286377,0.0,0.0,0.9612531661987305
1518,84.02538930514243,-4.872967720031738,0.0,0.0,0.9614313244819641
1519,170.67623718831493,-18.52098846435547,0.0,0.0,0.9615442156791687
1520,165.02097656872954,-15.06639289855957,0.0,0.0,0.9616277813911438
1521,169.42660870777965,-11.273043632507324,0.0,0.0,0.9616758227348328
1522,167.9481642279498,-20.797664642333984,0.0,0.0,0.9616432189941406
1523,169.96540000485578,12.28523063659668,0.0,0.0,0.9616603851318359
1524,110.6956441368133,3.1475400924682617,0.0,0.0,0.9616858959197998
1525,172.0638993900278,7.310704231262207,0.0,0.0,0.9617268443107605
1526,155.69985207174685,-3.6122074127197266,0.0,0.0,0.9617498517036438
1527,125.6617436965983,12.216960906982422,0.0,0.0,0.9618164896965027
1528,170.16433342146087,17.458879470825195,0.0,0.0,0.9619370102882385
1529,168.11383719678096,-11.76556396484375,0.0,0.0,0.9619953036308289
1530,112.25028153532784,2.1278982162475586,0.0,0.0,0.9620528221130371
1531,173.21310436653624,-9.687235832214355,0.0,0.0,0.9620817303657532
1532,74.50693840737047,-15.586065292358398,0.0,0.0,0.9620124697685242
1533,164.30711519547233,0.7901365756988525,0.0,0.0,0.9619519114494324
1534,169.44703945334035,8.764720916748047,0.0,0.0,0.9619204998016357
1535,171.94929558811862,0.9508905410766602,0.0,0.0,0.961895763874054
1536,166.95643275241088,-8.75223159790039,0.0,0.0,0.9618489146232605
1537,116.17691723245785,7.9300312995910645,0.0,0.0,0.9618342518806458
1538,168.60683485124198,1.548125982284546,0.0,0.0,0.9618245959281921
1539,117.80492951537542,-3.5581369400024414,0.0,0.0,0.9618064761161804
1540,170.99807416976753,-9.614835739135742,0.0,0.0,0.9617593884468079
1541,170.43878176795872,0.3165733814239502,0.0,0.0,0.9617171287536621
1542,171.99003396353345,-1.441219687461853,0.0,0.0,0.9616764187812805
1543,124.14668643211347,5.137218475341797,0.0,0.0,0.9616541862487793
1544,168.9480585094983,-2.9373326301574707,0.0,0.0,0.9616239070892334
1545,168.84511883174372,-3.284604549407959,0.0,0.0,0.9615864753723145
1546,172.5591741112248,-11.2759370803833,0.0,0.0,0.961520254611969
1547,118.93451461501536,-6.9586567878723145,0.0,0.0,0.9614443778991699
1548,170.10174631293302,3.597350597381592,0.0,0.0,0.9613849520683289
1549,170.49055564191394,6.498466968536377,0.0,0.0,0.9613417983055115
1550,167.41716623597742,-5.388059616088867,0.0,0.0,0.9612728953361511
1551,168.5758069904108,1.2613073587417603,0.0,0.0,0.9612149596214294
1552,172.34667725227965,-10.174487113952637,0.0,0.0,0.9611389636993408
1553,172.09455038386906,12.034875869750977,0.0,0.0,0.9611058235168457
1554,170.85346723045166,-21.353607177734375,0.0,0.0,0.9610331058502197
1555,134.39872238074756,-7.740318298339844,0.0,0.0,0.9609434008598328
1556,162.49539442350428,-1.3620707988739014,0.0,0.0,0.9608562588691711
1557,97.4119776804491,9.043478012084961,0.0,0.0,0.9608133435249329
1558,167.5923251793148,-2.8632726669311523,0.0,0.0,0.9607667922973633
1559,125.58015748056239,-11.091373443603516,0.0,0.0,0.9607038497924805
1560,157.01727939795816,-0.3449897766113281,0.0,0.0,0.9606457352638245
1561,115.24558287619381,-15.167305946350098,0.0,0.0,0.9605660438537598
1562,109.45616391278291,-5.513688087463379,0.0,0.0,0.9604741930961609
1563,177.32194056065293,-3.344989061355591,0.0,0.0,0.9603779911994934
1564,168.03982924042637,-0.9808996915817261,0.0,0.0,0.9602888226509094
1565,107.73508954161515,4.037458419799805,0.0,0.0,0.9602181911468506
1566,158.41642167774148,10.61036205291748,0.0,0.0,0.9601783752441406
1567,174.08428860331784,-2.5320873260498047,0.0,0.0,0.9601375460624695
1568,111.78754696710028,15.036687850952148,0.0,0.0,0.9601381421089172
1569,104.48434081170412,3.0440516471862793,0.0,0.0,0.9601497650146484
1570,146.18786743864928,1.1921424865722656,0.0,0.0,0.9601637721061707
1571,63.61289432011671,-11.755215644836426,0.0,0.0,0.9601208567619324
1572,174.85019909469372,1.2106075286865234,0.0,0.0,0.9600843787193298
1573,174.07606318004255,-11.337804794311523,0.0,0.0,0.9600240588188171
1574,168.62041521568608,8.536195755004883,0.0,0.0,0.9599893093109131
1575,161.52382724449103,10.410196304321289,0.0,0.0,0.959987223148346
1576,171.57208540273592,7.78468132019043,0.0,0.0,0.9599952697753906
1577,163.80729366733857,26.15337371826172,0.0,0.0,0.9600698351860046
1578,67.70248846704816,-13.108884811401367,0.0,0.0,0.9600879549980164
1579,135.7325231375671,2.8758676052093506,0.0,0.0,0.9601121544837952
1580,169.24293534054632,-0.8475074768066406,0.0,0.0,0.9601311087608337
1581,166.09569407113963,10.360621452331543,0.0,0.0,0.9601758122444153
1582,167.60937237000363,5.458596706390381,0.0,0.0,0.960226833820343
1583,168.07536205778482,8.996971130371094,0.0,0.0,0.9602974057197571
1584,170.22582298019896,2.4280800819396973,0.0,0.0,0.9603657722473145
1585,170.5846548319145,-9.366853713989258,0.0,0.0,0.9603940844535828
1586,167.58029689734616,-4.224286079406738,0.0,0.0,0.9604089856147766
1587,176.1276722811559,-12.228177070617676,0.0,0.0,0.9604001045227051
1588,168.10568660211194,3.151010036468506,0.0,0.0,0.9603984951972961
1589,168.83013508772697,-5.573902130126953,0.0,0.0,0.9603793025016785
1590,167.0037608411189,16.2690372467041,0.0,0.0,0.9603970646858215
1591,166.33879167938144,-2.3607444763183594,0.0,0.0,0.9604066014289856
1592,170.60434992742753,2.94136905670166,0.0,0.0,0.9604261517524719
1593,163.3206450502241,3.7059249877929688,0.0,0.0,0.9604536890983582
1594,167.7839040023044,18.343769073486328,0.0,0.0,0.9605442881584167
1595,171.7926769217283,7.126689910888672,0.0,0.0,0.9606456756591797
1596,100.07010572444268,1.637463092803955,0.0,0.0,0.960743248462677
1597,169.76348738131978,3.839284896850586,0.0,0.0,0.9608423709869385
1598,160.82599526913694,-7.914522171020508,0.0,0.0,0.9609095454216003
1599,170.09342328630774,7.276603698730469,0.0,0.0,0.9609887599945068
1600,167.60330760924188,3.2015185356140137,0.0,0.0,0.9610677361488342
1601,169.7807822501433,-0.5533320903778076,0.0,0.0,0.9611377716064453
1602,170.2505864483879,24.74567222595215,0.0,0.0,0.961290180683136
1603,169.3917354173624,18.59231185913086,0.0,0.0,0.9614890217781067
1604,166.76327727612374,-1.1975165605545044,0.0,0.0,0.9616643786430359
1605,168.7526192923902,-4.941132545471191,0.0,0.0,0.9618080258369446
1606,55.18623638370535,4.804663181304932,0.0,0.0,0.9619523882865906
1607,41.872259856353,-10.116244316101074,0.0,0.0,0.9620366096496582
1608,169.01727327248906,1.1576895713806152,0.0,0.0,0.9621159434318542
1609,168.91779056730243,-3.3601999282836914,0.0,0.0,0.9621796607971191
1610,173.31246930248963,-4.894476890563965,0.0,0.0,0.96222323179245
1611,171.15082956186825,-5.120622158050537,0.0,0.0,0.9622526168823242
1612,169.9365372410708,-12.755722045898438,0.0,0.0,0.9622483849525452
1613,110.2391394660384,-7.025295257568359,0.0,0.0,0.9622309803962708
1614,47.11264103463993,-7.194579124450684,0.0,0.0,0.9621868133544922
1615,176.16351309198112,4.667672157287598,0.0,0.0,0.9621593952178955
1616,170.39151071659091,-1.6716656684875488,0.0,0.0,0.9621302485466003
1617,169.99236599551128,-10.844161987304688,0.0,0.0,0.96206134557724
1618,173.958197146395,-14.459291458129883,0.0,0.0,0.9619781374931335
1619,169.63743643929587,-2.994434118270874,0.0,0.0,0.9618958830833435
1620,176.8406587845152,-7.305185794830322,0.0,0.0,0.9618048667907715
1621,167.60030187910246,-22.698169708251953,0.0,0.0,0.9616796970367432
1622,165.99045094549595,-23.447641372680664,0.0,0.0,0.9615352749824524
1623,174.42170383680923,-8.574469566345215,0.0,0.0,0.9613873362541199
1624,171.1549819774288,-0.09364616870880127,0.0,0.0,0.9612541198730469
1625,185.86608922178328,10.645191192626953,0.0,0.0,0.9611620903015137
1626,168.97878822929695,-3.9430627822875977,0.0,0.0,0.9610698819160461
1627,178.24870454497773,9.962749481201172,0.0,0.0,0.9610180854797363
1628,172.60417078876608,3.7548155784606934,0.0,0.0,0.9609811305999756
1629,168.5121974118869,-6.156103610992432,0.0,0.0,0.9609292149543762
1630,167.2134209932741,8.511476516723633,0.0,0.0,0.9609008431434631
1631,181.01231835296613,13.157313346862793,0.0,0.0,0.9609400629997253
1632,169.34915557871219,-11.044452667236328,0.0,0.0,0.9609344005584717
1633,168.96097584963806,7.4131011962890625,0.0,0.0,0.9609394073486328
1634,183.444144480263,3.685664176940918,0.0,0.0,0.9609525799751282
1635,169.18517149696058,-1.8679264783859253,0.0,0.0,0.9609597325325012
1636,173.01972851206037,-9.629901885986328,0.0,0.0,0.9609365463256836
1637,168.68740324212067,4.9989728927612305,0.0,0.0,0.9609325528144836
1638,171.21155329223504,11.297901153564453,0.0,0.0,0.9609706997871399
1639,170.61457952985438,12.064838409423828,0.0,0.0,0.9610344767570496
1640,168.81737514952673,-11.166572570800781,0.0,0.0,0.9610586166381836
1641,136.61511629140804,-8.947683334350586,0.0,0.0,0.9610711932182312
1642,175.426802150525,-3.818450927734375,0.0,0.0,0.9610756039619446
1643,169.66679528522036,-7.771597862243652,0.0,0.0,0.9610607028007507
1644,149.15024683340528,4.375635147094727,0.0,0.0,0.9610595703125
1645,130.25240551360895,-8.715494155883789,0.0,0.0,0.9610428810119629
1646,168.86462172627307,-6.551605701446533,0.0,0.0,0.9609950184822083
1647,65.91505153509019,0.8127536773681641,0.0,0.0,0.9609538912773132
1648,102.84673544941278,-0.15793657302856445,0.0,0.0,0.9609178900718689
1649,70.17945945937491,5.2056884765625,0.0,0.0,0.9609254002571106
1650,170.0189703312152,-0.558251142501831,0.0,0.0,0.960930347442627
1651,170.256073992661,-14.254838943481445,0.0,0.0,0.9609025120735168
1652,168.91563615582243,17.03218650817871,0.0,0.0,0.9609362483024597
1653,151.21415736693072,-0.6636962890625,0.0,0.0,0.9609656929969788
1654,170.42148696784437,-2.159579277038574,0.0,0.0,0.9609842300415039
1655,173.684350191613,-6.681362628936768,0.0,0.0,0.9609848856925964
1656,172.52432840482578,-8.475868225097656,0.0,0.0,0.960956871509552
1657,177.2122462889871,6.4991455078125,0.0,0.0,0.960945188999176
1658,167.08831013345696,-7.686093330383301,0.0,0.0,0.9609169363975525
1659,173.6370642230932,-5.159635066986084,0.0,0.0,0.9608789086341858
1660,191.66736411357775,2.2253165245056152,0.0,0.0,0.9608486294746399
1661,175.07557874173847,-15.612890243530273,0.0,0.0,0.9607793688774109
1662,171.00281563285643,-8.967292785644531,0.0,0.0,0.9606997966766357
1663,175.05306796268192,-9.167793273925781,0.0,0.0,0.9605944752693176
1664,168.65143963463737,-26.178733825683594,0.0,0.0,0.9603993892669678
1665,170.66886370193416,3.159207344055176,0.0,0.0,0.9602298736572266
1666,178.91595780431606,-7.376906394958496,0.0,0.0,0.9600601196289062
1667,198.0135485587406,15.636229515075684,0.0,0.0,0.9599514007568359
1668,184.0040969043725,-29.623260498046875,0.0,0.0,0.9597616195678711
1669,170.67415524294975,0.6257610321044922,0.0,0.0,0.9595925211906433
1670,166.19394432637938,-14.541071891784668,0.0,0.0,0.9594197273254395
1671,169.30930873585504,-10.231101989746094,0.0,0.0,0.9592461585998535
1672,178.33802705919703,-7.866219520568848,0.0,0.0,0.9590644836425781
1673,179.8116675231347,-8.053742408752441,0.0,0.0,0.9588608741760254
1674,170.9761144786564,12.876457214355469,0.0,0.0,0.9587376117706299
1675,175.80585756749156,2.200090169906616,0.0,0.0,0.9586308598518372
1676,178.58927297877375,8.818838119506836,0.0,0.0,0.9585539698600769
1677,170.08649952406185,-1.1532599925994873,0.0,0.0,0.9584810137748718
1678,15.815777972338086,3.4699206352233887,0.0,0.0,0.9584315419197083
1679,123.25806978883365,9.593402862548828,0.0,0.0,0.958406925201416
1680,172.01863939896347,0.1364119052886963,0.0,0.0,0.9583849906921387
1681,172.80995082790471,10.447879791259766,0.0,0.0,0.9583970904350281
1682,120.60272787742528,-8.609488487243652,0.0,0.0,0.9583837389945984
1683,167.28001001904997,7.7244157791137695,0.0,0.0,0.9584110379219055
1684,173.02862235074724,-2.345188617706299,0.0,0.0,0.9584296345710754
1685,181.86175389656964,-9.97845458984375,0.0,0.0,0.9584266543388367
1686,111.86899345165409,-1.65206778049469,0.0,0.0,0.9584152102470398
1687,173.4335655505535,-9.299778938293457,0.0,0.0,0.9583673477172852
1688,186.0269876521101,-9.416108131408691,0.0,0.0,0.9582892060279846
1689,44.655066684200165,1.8364982604980469,0.0,0.0,0.9582259058952332
1690,161.86465670613586,-2.538015127182007,0.0,0.0,0.9581610560417175
1691,57.89120239197855,1.162890911102295,0.0,0.0,0.9581062197685242
1692,179.11840522256853,13.351022720336914,0.0,0.0,0.9581034779548645
1693,181.90231186885566,14.454259872436523,0.0,0.0,0.9581529498100281
1694,180.02932134030462,-0.14313948154449463,0.0,0.0,0.9581959843635559
1695,172.78182010151806,-17.90667724609375,0.0,0.0,0.9582136273384094
1696,179.55207462812683,-6.703991413116455,0.0,0.0,0.9582179188728333
1697,184.8365050878022,6.3293986320495605,0.0,0.0,0.9582393169403076
1698,178.72866473639647,-3.1583428382873535,0.0,0.0,0.9582508206367493
1699,72.34575517004605,7.506580352783203,0.0,0.0,0.9582880139350891
1700,203.01013701120806,-3.698479652404785,0.0,0.0,0.9583067893981934
1701,202.64317242875993,-15.368890762329102,0.0,0.0,0.9582893252372742
1702,185.0444600306177,1.641587257385254,0.0,0.0,0.9582808613777161
1703,208.22276169173324,3.5818581581115723,0.0,0.0,0.9582933783531189
1704,212.80919395889285,13.68941879272461,0.0,0.0,0.958349883556366
1705,187.71208594664662,6.161662578582764,0.0,0.0,0.958422839641571
1706,244.32157480654314,3.0813002586364746,0.0,0.0,0.9584944248199463
1707,2.450060802811718,-0.3168792724609375,0.0,0.0,0.9585586190223694
1708,96.40528915316442,-2.541677474975586,0.0,0.0,0.9586107134819031
1709,209.4903485962503,5.169960021972656,0.0,0.0,0.9586828351020813
1710,199.6209665469175,4.797877788543701,0.0,0.0,0.9587633609771729
1711,238.24201741210828,17.62164306640625,0.0,0.0,0.9588738083839417
1712,201.35725013860264,-23.747676849365234,0.0,0.0,0.9589172005653381
1713,206.62707257911902,-5.090119361877441,0.0,0.0,0.9589360356330872
1714,204.91557682305967,26.14973258972168,0.0,0.0,0.9590337872505188
1715,232.24453136431413,-12.860904693603516,0.0,0.0,0.9590902924537659
1716,283.96043576618183,10.628395080566406,0.0,0.0,0.9591605067253113
1717,86.31850733702693,-5.869986534118652,0.0,0.0,0.9592064023017883
1718,274.724779018048,12.122491836547852,0.0,0.0,0.9592629075050354
1719,52.8708145307695,-9.492515563964844,0.0,0.0,0.9592898488044739
1720,258.4830268452329,-2.6694793701171875,0.0,0.0,0.9593074917793274
1721,231.62218450384646,-22.86172866821289,0.0,0.0,0.9592426419258118
1722,207.02777888428798,8.646540641784668,0.0,0.0,0.9591999053955078
1723,233.66135908661414,-5.4496002197265625,0.0,0.0,0.9591498374938965
1724,244.65349770052788,14.10268783569336,0.0,0.0,0.9591262936592102
1725,295.6048466211391,-18.08008575439453,0.0,0.0,0.9590710997581482
1726,214.5166803177755,9.662437438964844,0.0,0.0,0.9590549468994141
1727,234.5615149824339,1.622507095336914,0.0,0.0,0.9590461850166321
1728,238.2304203139427,21.825403213500977,0.0,0.0,0.9590769410133362
1729,219.5302805445785,-5.394667625427246,0.0,0.0,0.959090530872345
1730,244.95540375412878,0.5770938396453857,0.0,0.0,0.9591043591499329
1731,320.95362034803713,2.4216723442077637,0.0,0.0,0.959122359752655
1732,257.92854859397625,-6.5613484382629395,0.0,0.0,0.9591225981712341
1733,30.645439312640335,-3.1062822341918945,0.0,0.0,0.959100067615509
1734,24.199010975218023,6.380597114562988,0.0,0.0,0.9590950012207031
1735,8.598989413893975,1.641420602798462,0.0,0.0,0.9591026306152344
1736,240.9136964859051,-2.6858627796173096,0.0,0.0,0.9591026306152344
1737,53.85939039633601,-7.453088760375977,0.0,0.0,0.9590867161750793
1738,326.1920788895818,-15.562356948852539,0.0,0.0,0.9590429663658142
1739,259.17702401280553,2.7397282123565674,0.0,0.0,0.9590082168579102
1740,324.83949654329695,-15.625591278076172,0.0,0.0,0.9589597582817078
1741,299.9527123101747,-18.79433250427246,0.0,0.0,0.9588975310325623
1742,207.39353344161728,-4.96517276763916,0.0,0.0,0.9588313102722168
1743,280.1711795855417,13.993499755859375,0.0,0.0,0.9587895274162292
1744,229.36676706331974,-10.897834777832031,0.0,0.0,0.9587261080741882
1745,266.6929903740808,-8.235917091369629,0.0,0.0,0.9586443901062012
1746,236.2972977903307,18.593875885009766,0.0,0.0,0.9586303234100342
1747,251.4409020840815,-5.050596237182617,0.0,0.0,0.9586048722267151
1748,267.96563382906453,3.608055591583252,0.0,0.0,0.9585962891578674
1749,219.45992641379652,-3.182774066925049,0.0,0.0,0.9585801959037781
1750,201.58734611745177,7.748056888580322,0.0,0.0,0.9585866928100586
1751,208.07411591778748,-3.314093589782715,0.0,0.0,0.958583652973175
1752,210.95878659548768,-1.8456162214279175,0.0,0.0,0.9585779309272766
1753,200.7827437964084,-4.886519432067871,0.0,0.0,0.9585488438606262
1754,218.19814628739252,-6.482271194458008,0.0,0.0,0.9585097432136536
1755,207.65526637922378,4.218706130981445,0.0,0.0,0.9584816098213196
1756,204.1441939696669,-5.4325270652771,0.0,0.0,0.9584347605705261
1757,214.60558111501135,17.374740600585938,0.0,0.0,0.9584338068962097
1758,212.81543650651534,-19.6484375,0.0,0.0,0.9583868384361267
1759,221.96097276434895,-1.517827033996582,0.0,0.0,0.9583404660224915
1760,215.42794509565783,-11.729680061340332,0.0,0.0,0.9582312107086182
1761,204.8760833819237,4.826120376586914,0.0,0.0,0.9581418037414551
1762,198.50538662937717,23.34592628479004,0.0,0.0,0.9581257700920105
1763,195.4692646311895,3.124657392501831,0.0,0.0,0.9581220746040344
1764,211.47917393401698,-7.124179840087891,0.0,0.0,0.9581090807914734
1765,214.50924982981678,11.85099983215332,0.0,0.0,0.9581587910652161
1766,211.8783066251371,-23.668251037597656,0.0,0.0,0.9581591486930847
1767,200.91678167960833,-2.1191210746765137,0.0,0.0,0.9581549763679504
1768,212.15635852635899,-1.474409580230713,0.0,0.0,0.9581472277641296
1769,216.33499251278178,7.526666164398193,0.0,0.0,0.9581558108329773
1770,230.51453117701692,-7.331297874450684,0.0,0.0,0.9581528306007385
1771,88.68166912646114,-5.498028755187988,0.0,0.0,0.9581364989280701
1772,211.86416301383557,-28.44440460205078,0.0,0.0,0.958068311214447
1773,212.60045772277473,11.170305252075195,0.0,0.0,0.9580235481262207
1774,210.80024595293594,2.2169365882873535,0.0,0.0,0.9579948782920837
1775,148.02300507316025,4.300568580627441,0.0,0.0,0.9579806327819824
1776,176.56942080099188,-2.4273250102996826,0.0,0.0,0.9579636454582214
1777,248.9497761380444,1.3537888526916504,0.0,0.0,0.9579508900642395
1778,220.2764249711161,-4.448148250579834,0.0,0.0,0.9579307436943054
1779,260.62177844104406,-17.893333435058594,0.0,0.0,0.9578616619110107
1780,177.12340308891945,-21.524497985839844,0.0,0.0,0.9577720761299133
1781,227.60166036400537,2.476226806640625,0.0,0.0,0.9576976895332336
1782,154.24878868615775,5.171518802642822,0.0,0.0,0.9576454758644104
1783,193.87846204775036,11.116547584533691,0.0,0.0,0.9576472640037537
1784,169.91638845802154,10.389921188354492,0.0,0.0,0.9576980471611023
1785,25.205720733333525,-1.173386812210083,0.0,0.0,0.9577409625053406
1786,152.57189849015793,-7.51424503326416,0.0,0.0,0.9577612280845642
1787,192.0313734574271,11.837695121765137,0.0,0.0,0.9578070640563965
1788,258.42721860165085,12.108953475952148,0.0,0.0,0.9578793048858643
1789,231.5272622577837,-3.589024066925049,0.0,0.0,0.9579351544380188
1790,262.06111295187327,-2.129845142364502,0.0,0.0,0.957982063293457
1791,254.54599622988073,37.66339111328125,0.0,0.0,0.9581215977668762
1792,200.0731100968884,-14.147027969360352,0.0,0.0,0.9582242369651794
1793,18.78867202539451,3.277474880218506,0.0,0.0,0.9583277702331543
1794,321.85611443615085,-34.68720245361328,0.0,0.0,0.9583613276481628
1795,289.6099258674108,-13.55449104309082,0.0,0.0,0.9583627581596375
1796,296.9894011901882,-23.14250946044922,0.0,0.0,0.9583346247673035
1797,256.59853461961507,20.744810104370117,0.0,0.0,0.9583733677864075
1798,308.12834147596857,11.080995559692383,0.0,0.0,0.9584313035011292
1799,339.33969207399696,11.593727111816406,0.0,0.0,0.9584982991218567
1800,279.28707623605544,-1.6792502403259277,0.0,0.0,0.9585556983947754
1801,12.225606095769571,1.1069703102111816,0.0,0.0,0.958611011505127
1802,338.32673892062473,3.062993049621582,0.0,0.0,0.9586675763130188
1803,13.535664253766663,12.985721588134766,0.0,0.0,0.9587936997413635
1804,312.0567451709549,4.467116355895996,0.0,0.0,0.9589160084724426
1805,151.3385488588885,-7.146229267120361,0.0,0.0,0.9590144157409668
1806,11.56136700176161,0.7990655899047852,0.0,0.0,0.9591056704521179
1807,347.9739317068263,12.28045654296875,0.0,0.0,0.9592097401618958
1808,350.7084988032494,-2.7136974334716797,0.0,0.0,0.9592928886413574
1809,13.347823838779778,-1.3762564659118652,0.0,0.0,0.9593603014945984
1810,428.47287331275345,9.774848937988281,0.0,0.0,0.9594401717185974
1811,303.0618755259805,-11.230230331420898,0.0,0.0,0.9594919085502625
1812,19.64387596846685,-3.1744847297668457,0.0,0.0,0.9595255255699158
1813,12.110097545466882,-8.39893913269043,0.0,0.0,0.9595305919647217
1814,416.5588655939457,-12.999553680419922,0.0,0.0,0.9595212936401367
1815,15.467728997175197,-9.600385665893555,0.0,0.0,0.9594665169715881
1816,485.51354098081043,-22.071109771728516,0.0,0.0,0.959387481212616
1817,348.4179689929897,17.33914566040039,0.0,0.0,0.9593558311462402
1818,13.188034658366336,1.327798843383789,0.0,0.0,0.9593378901481628
1819,3.932029228616083,4.888974189758301,0.0,0.0,0.9593491554260254
1820,18.285217630999302,8.65223503112793,0.0,0.0,0.9594025015830994
1821,26.713712021907348,6.1567864418029785,0.0,0.0,0.9594835638999939
1822,13.2491705834616,-0.07352542877197266,0.0,0.0,0.959555447101593
1823,362.28850244523346,7.411157608032227,0.0,0.0,0.9596331119537354
1824,6.98955182373537,3.801273822784424,0.0,0.0,0.9597210884094238
1825,22.519457971912335,18.130184173583984,0.0,0.0,0.9598808288574219
1826,10.09795196218084,-12.77788257598877,0.0,0.0,0.959965169429779
1827,15.126264203622455,8.555368423461914,0.0,0.0,0.9600874781608582
1828,14.883276639629448,-4.633249282836914,0.0,0.0,0.9601729512214661
1829,4.4667789133025675,1.5471394062042236,0.0,0.0,0.9602632522583008
1830,28.33591221131747,12.536520004272461,0.0,0.0,0.9603937268257141
1831,151.51134394475625,-8.63241958618164,0.0,0.0,0.9604899287223816
1832,19.60471849117389,-18.390148162841797,0.0,0.0,0.9605107307434082
1833,13.18149117892377,6.733880519866943,0.0,0.0,0.9605668187141418
1834,11.71372208335172,4.918819427490234,0.0,0.0,0.9606375694274902
1835,46.39670758839362,-2.3575081825256348,0.0,0.0,0.9606910347938538
1836,41.110580205490585,-2.7954671382904053,0.0,0.0,0.9607272744178772
1837,94.66761055772717,-17.971790313720703,0.0,0.0,0.9607174396514893
1838,20.32053051611782,-0.5828208923339844,0.0,0.0,0.9607064127922058
1839,9.407652886092059,-1.224543809890747,0.0,0.0,0.9606907963752747
1840,36.7375186606556,-4.114636421203613,0.0,0.0,0.9606618881225586
1841,557.0210902786989,-52.98429870605469,0.0,0.0,0.9605957865715027
1842,9.41642087366227,6.8516645431518555,0.0,0.0,0.9605832695960999
1843,373.98011690994815,9.858927726745605,0.0,0.0,0.9605885148048401
1844,116.34951923211474,-9.437759399414062,0.0,0.0,0.9605748057365417
1845,348.8106439903265,-13.657951354980469,0.0,0.0,0.9605500102043152
1846,307.35648274336535,-28.81160545349121,0.0,0.0,0.9604946970939636
1847,622.4906038361604,-13.082427024841309,0.0,0.0,0.9604334235191345
1848,954.0167142373318,24.806652069091797,0.0,0.0,0.9603958129882812
1849,61.21034033882893,4.541657447814941,0.0,0.0,0.9603782296180725
1850,662.5162724547233,-3.5258302688598633,0.0,0.0,0.9603605270385742
1851,30.61679443006587,-1.952885389328003,0.0,0.0,0.960335910320282
1852,17.67649896729663,-1.162028431892395,0.0,0.0,0.9603103995323181
1853,7.6428561950304506,-10.550289154052734,0.0,0.0,0.9602355360984802
1854,368.751734626548,4.284049987792969,0.0,0.0,0.9601795077323914
1855,23.34231068178731,-0.40225541591644287,0.0,0.0,0.9601262211799622
1856,411.89981389854324,32.02324295043945,0.0,0.0,0.9601287841796875
1857,508.24962658301854,17.12025260925293,0.0,0.0,0.9601557850837708
1858,29.909394496000022,7.728811740875244,0.0,0.0,0.9602160453796387
1859,158.6671205479702,1.5377144813537598,0.0,0.0,0.9602723717689514
1860,320.7656034502533,10.432209968566895,0.0,0.0,0.9603440165519714
1861,24.59187554418211,-7.7782697677612305,0.0,0.0,0.9603874683380127
1862,493.51886024132557,9.420443534851074,0.0,0.0,0.9604426026344299
1863,22.431111255907833,9.37301254272461,0.0,0.0,0.9605341553688049
1864,10.23966865695268,-3.436357021331787,0.0,0.0,0.9605898857116699
1865,493.53937558442294,-29.740707397460938,0.0,0.0,0.9606196284294128
1866,429.3582637723147,19.298843383789062,0.0,0.0,0.9606625437736511
1867,284.73971006966974,6.308326721191406,0.0,0.0,0.9607152938842773
1868,30.265455560001065,-1.7054810523986816,0.0,0.0,0.9607555270195007
1869,378.75472172774056,-40.99047088623047,0.0,0.0,0.9607367515563965
1870,376.8646758476757,16.1091365814209,0.0,0.0,0.9607540965080261
1871,366.51891229043224,-3.5835814476013184,0.0,0.0,0.9607636332511902
1872,373.79192283346663,-5.681506633758545,0.0,0.0,0.9607620239257812
1873,315.3149883494521,0.9582204818725586,0.0,0.0,0.9607623219490051
1874,343.3134642040837,15.339157104492188,0.0,0.0,0.960789680480957
1875,323.2340082943071,-39.06507873535156,0.0,0.0,0.9607598185539246
1876,329.3342103164721,8.937454223632812,0.0,0.0,0.9607489109039307
1877,305.2568431118574,4.612911224365234,0.0,0.0,0.9607488512992859
1878,308.40546178836075,-16.336875915527344,0.0,0.0,0.9607098698616028
1879,385.0272025616962,6.561863899230957,0.0,0.0,0.9606826901435852
1880,334.59218152489336,29.708759307861328,0.0,0.0,0.9607077240943909
1881,331.52564968318893,-0.7422542572021484,0.0,0.0,0.9607291221618652
1882,338.7706116045853,-15.728607177734375,0.0,0.0,0.9607270359992981
1883,316.3100968006283,-18.68575668334961,0.0,0.0,0.960684597492218
1884,12.555003314313952,-8.184252738952637,0.0,0.0,0.9605929255485535
1885,311.8556686659907,0.1438302993774414,0.0,0.0,0.9605105519294739
1886,276.6667772394475,1.5708730220794678,0.0,0.0,0.9604384899139404
1887,345.8518172558519,21.42975616455078,0.0,0.0,0.9604249000549316
1888,296.0165820849829,-10.15217399597168,0.0,0.0,0.9603888988494873
1889,296.0019372838867,7.202640056610107,0.0,0.0,0.9603975415229797
1890,314.78916184667736,1.4530744552612305,0.0,0.0,0.960407555103302
1891,402.67260043162196,2.2912259101867676,0.0,0.0,0.9604185223579407
1892,341.8493606957733,-23.500205993652344,0.0,0.0,0.9603680968284607
1893,357.0518849442468,-10.543722152709961,0.0,0.0,0.9603090286254883
1894,337.37622707117134,9.353754043579102,0.0,0.0,0.9602723121643066
1895,392.2802233286432,14.689859390258789,0.0,0.0,0.9602577090263367
1896,342.72932093016163,-23.655790328979492,0.0,0.0,0.9601936340332031
1897,413.28603382582537,-14.409367561340332,0.0,0.0,0.9601194858551025
1898,34.84067256756577,10.468948364257812,0.0,0.0,0.9600961208343506
1899,410.08300314068964,16.184486389160156,0.0,0.0,0.9600958824157715
1900,329.6527669246707,24.795494079589844,0.0,0.0,0.9601200222969055
1901,370.0487566405549,-8.144498825073242,0.0,0.0,0.9601237177848816
1902,407.45880923585423,-19.438316345214844,0.0,0.0,0.9600895047187805
1903,355.29796172016313,-5.5303053855896,0.0,0.0,0.960046112537384
1904,340.73058022923067,13.365571022033691,0.0,0.0,0.9600403904914856
1905,390.2994819020909,-17.50534439086914,0.0,0.0,0.9600079655647278
1906,368.35885895320723,-13.217230796813965,0.0,0.0,0.9599589705467224
1907,210.02270518753323,-15.179431915283203,0.0,0.0,0.959892988204956
1908,425.9136775449065,19.02956771850586,0.0,0.0,0.9598537087440491
1909,236.92259316157214,10.259395599365234,0.0,0.0,0.959836483001709
1910,404.1606254555567,20.001609802246094,0.0,0.0,0.9598517417907715
1911,457.55908928258236,-27.014984130859375,0.0,0.0,0.9598305821418762
1912,359.7738428836025,-20.194080352783203,0.0,0.0,0.9597756266593933
1913,416.3322637113445,24.686729431152344,0.0,0.0,0.9597709774971008
1914,439.3830767557048,14.999114990234375,0.0,0.0,0.9597919583320618
1915,408.85798133430666,27.5051212310791,0.0,0.0,0.9598662257194519
1916,450.26085220680983,11.496820449829102,0.0,0.0,0.9599461555480957
1917,451.9416514913689,-4.0626301765441895,0.0,0.0,0.9600149989128113
1918,389.70095939126895,2.9606966972351074,0.0,0.0,0.960080087184906
1919,362.3614775385947,2.7991466522216797,0.0,0.0,0.9601438045501709
1920,349.4271574374244,7.278528690338135,0.0,0.0,0.9602096676826477
1921,391.3831719771832,30.0200138092041,0.0,0.0,0.9603047370910645
1922,429.6538172136261,33.02349853515625,0.0,0.0,0.960421085357666
1923,411.29526889635025,-8.027444839477539,0.0,0.0,0.9605112075805664
1924,391.61843962197514,8.099980354309082,0.0,0.0,0.9606034159660339
1925,375.4122534120807,9.26426887512207,0.0,0.0,0.9606969356536865
1926,103.66298850467183,20.03404426574707,0.0,0.0,0.9608235359191895
1927,408.22286074937057,24.062314987182617,0.0,0.0,0.9609672427177429
1928,398.26270546227994,9.276053428649902,0.0,0.0,0.9611180424690247
1929,456.0545169785019,4.264611721038818,0.0,0.0,0.9612601399421692
1930,481.2204018894702,1.5073933601379395,0.0,0.0,0.9613890647888184
1931,398.4894450850828,14.974884986877441,0.0,0.0,0.9615311622619629
1932,427.5033401662581,5.208232402801514,0.0,0.0,0.961665689945221
1933,348.5585172376775,2.982779026031494,0.0,0.0,0.9617918133735657
1934,451.72567907647056,-7.724651336669922,0.0,0.0,0.9618975520133972
1935,403.26022386613687,3.5548057556152344,0.0,0.0,0.9619984030723572
1936,544.953432937385,5.120067119598389,0.0,0.0,0.9620968699455261
1937,368.81129979586296,1.518758773803711,0.0,0.0,0.9621888995170593
1938,403.81746929685954,-19.470365524291992,0.0,0.0,0.9622427821159363
1939,441.9396362453422,5.787273406982422,0.0,0.0,0.9622979164123535
1940,425.3990475743175,32.8551025390625,0.0,0.0,0.9624025225639343
1941,362.2598747128341,-22.94293212890625,0.0,0.0,0.96246737241745
1942,425.8671186717742,7.059478759765625,0.0,0.0,0.9625372886657715
1943,451.85377811801754,3.7124624252319336,0.0,0.0,0.9626056551933289
1944,461.1771629378654,-9.235494613647461,0.0,0.0,0.962658166885376
1945,8.371610371901143,3.1102352142333984,0.0,0.0,0.9627208709716797
1946,425.37612957770233,-2.9955153465270996,0.0,0.0,0.9627740979194641
1947,407.76763199003585,7.7703166007995605,0.0,0.0,0.9628360867500305
1948,415.02824636643703,-4.42799711227417,0.0,0.0,0.9628861546516418
1949,429.10243876604085,-14.18875503540039,0.0,0.0,0.9629046320915222
1950,366.0467554141983,24.27751922607422,0.0,0.0,0.9629624485969543
1951,425.4600986321615,-19.807064056396484,0.0,0.0,0.9629886150360107
1952,392.4374586572798,-15.35054874420166,0.0,0.0,0.9629933834075928
1953,364.84001702443044,14.957881927490234,0.0,0.0,0.9630163311958313
1954,509.45291297966446,43.73667907714844,0.0,0.0,0.9630940556526184
1955,364.41498547283896,-25.452159881591797,0.0,0.0,0.9631342887878418
1956,439.9157846996191,-18.253782272338867,0.0,0.0,0.9631331562995911
1957,484.3899715251016,16.191556930541992,0.0,0.0,0.9631616473197937
1958,21.189324459367647,11.763619422912598,0.0,0.0,0.963235080242157
1959,396.9339947292133,17.940141677856445,0.0,0.0,0.963320791721344
1960,484.83647903604486,15.858695983886719,0.0,0.0,0.9634093642234802
1961,475.5696890378272,47.443153381347656,0.0,0.0,0.9635412096977234
1962,402.2273887479635,21.84679412841797,0.0,0.0,0.9636831283569336
1963,240.48463311552297,4.816410541534424,0.0,0.0,0.9638176560401917
1964,401.7896189734375,-9.598299026489258,0.0,0.0,0.9639288783073425
1965,146.64017916366166,-1.9732921123504639,0.0,0.0,0.9640204310417175
1966,341.62326358724414,-6.444653034210205,0.0,0.0,0.9640908241271973
1967,427.6738409816369,-19.97641944885254,0.0,0.0,0.9641392827033997
1968,324.10486566188615,10.067523002624512,0.0,0.0,0.9642060399055481
1969,264.19592747789164,-8.42558765411377,0.0,0.0,0.9642555117607117
1970,357.3581032430994,-33.39915084838867,0.0,0.0,0.9642465114593506
1971,395.1793022939962,9.215950965881348,0.0,0.0,0.9642546772956848
1972,376.7559040405404,-6.591823101043701,0.0,0.0,0.964251697063446
1973,353.1211581158151,10.726303100585938,0.0,0.0,0.9642661213874817
1974,359.6981819054395,14.962577819824219,0.0,0.0,0.9643047451972961
1975,341.8482085949318,35.27094650268555,0.0,0.0,0.9644050598144531
1976,328.0021502898727,-7.031376838684082,0.0,0.0,0.9644866585731506
1977,315.5852238753104,-16.491130828857422,0.0,0.0,0.9645306468009949
1978,390.9454349931592,-3.149909019470215,0.0,0.0,0.9645662307739258
1979,351.7085369681647,2.9093027114868164,0.0,0.0,0.9646018147468567
1980,329.92486633260756,9.0280179977417,0.0,0.0,0.9646503329277039
1981,405.04009402606215,-38.852989196777344,0.0,0.0,0.964627742767334
1982,338.5697099794332,9.016830444335938,0.0,0.0,0.9646223187446594
1983,220.46598163817933,-9.661368370056152,0.0,0.0,0.9646039009094238
1984,357.234225989164,-24.143795013427734,0.0,0.0,0.9645721316337585
1985,9.586356801620546,0.46138620376586914,0.0,0.0,0.9645471572875977
1986,358.6881571602891,33.862213134765625,0.0,0.0,0.964566171169281
1987,319.88954370280936,-21.571556091308594,0.0,0.0,0.9645435810089111
1988,411.93132179827677,10.330419540405273,0.0,0.0,0.9645399451255798
1989,336.23351670519946,-2.9979991912841797,0.0,0.0,0.9645311236381531
1990,387.4182569675202,-0.7508392333984375,0.0,0.0,0.9645223021507263
1991,332.39747836203503,7.9937543869018555,0.0,0.0,0.9645295143127441
1992,356.24156308432424,-30.38571548461914,0.0,0.0,0.9645039439201355
1993,328.9083160533956,28.41875648498535,0.0,0.0,0.964531421661377
1994,357.2521647822574,37.088104248046875,0.0,0.0,0.9646174907684326
1995,273.7414966299313,4.382481575012207,0.0,0.0,0.9647043347358704
1996,345.22885799318834,-25.062698364257812,0.0,0.0,0.9647490382194519
1997,306.7254690410687,-3.69173002243042,0.0,0.0,0.964780867099762
1998,57.82477619555555,2.573300361633301,0.0,0.0,0.9648137092590332
1999,393.7602526979279,5.04939603805542,0.0,0.0,0.9648522734642029
2000,160.9452706257876,-4.709099769592285,0.0,0.0,0.9648768901824951
2001,335.4424568549474,-18.511451721191406,0.0,0.0,0.964874267578125
2002,378.0414932118913,-6.186005592346191,0.0,0.0,0.9648623466491699
2003,270.44155424562337,-6.435052871704102,0.0,0.0,0.9648421406745911
2004,394.79679075424866,-5.2144880294799805,0.0,0.0,0.9648170471191406
2005,359.4219109872732,2.8528194427490234,0.0,0.0,0.9647981524467468
2006,354.6971181282576,20.699377059936523,0.0,0.0,0.9648194909095764
2007,340.5126537742276,-11.53724479675293,0.0,0.0,0.9648222923278809
2008,393.98043572334785,-9.01852035522461,0.0,0.0,0.9648101925849915
2009,357.83308849234066,-19.503904342651367,0.0,0.0,0.9647607207298279
2010,341.29758166817624,-27.31830596923828,0.0,0.0,0.9646825194358826
2011,323.80804838036676,9.98414421081543,0.0,0.0,0.9646340012550354
2012,333.1661320528709,1.5191926956176758,0.0,0.0,0.9645938873291016
2013,357.8304708633928,6.217308044433594,0.0,0.0,0.9645695090293884
2014,359.1500273181457,9.628917694091797,0.0,0.0,0.964568555355072
2015,380.77434792126184,-28.796588897705078,0.0,0.0,0.9644937515258789
2016,325.6106412300018,9.316045761108398,0.0,0.0,0.9644469618797302
2017,405.76096742821323,-6.073877811431885,0.0,0.0,0.9643969535827637
2018,393.7848084351187,-8.466753005981445,0.0,0.0,0.9643405079841614
2019,321.687991741491,-0.7825050354003906,0.0,0.0,0.964289128780365
2020,362.50103448497066,-0.2850308418273926,0.0,0.0,0.9642418026924133
2021,316.8037189554516,1.2107844352722168,0.0,0.0,0.9642009735107422
2022,359.9712829266721,5.829792022705078,0.0,0.0,0.9641728401184082
2023,357.529800578876,-2.5382790565490723,0.0,0.0,0.9641434550285339
2024,310.34150989422307,-0.19776248931884766,0.0,0.0,0.9641160368919373
2025,404.6653752735294,24.368854522705078,0.0,0.0,0.964129626750946
2026,358.62601488615724,5.999639511108398,0.0,0.0,0.96415114402771
2027,366.82909170595485,-21.223154067993164,0.0,0.0,0.9641386866569519
2028,349.5892817401201,9.917047500610352,0.0,0.0,0.9641407132148743
2029,284.9972500362951,-1.0015277862548828,0.0,0.0,0.9641408324241638
2030,347.9476056483697,-19.743247985839844,0.0,0.0,0.9641079902648926
2031,285.6989937878487,14.507119178771973,0.0,0.0,0.9640976786613464
2032,350.56507722353547,-4.465882301330566,0.0,0.0,0.9640798568725586
2033,367.8815900059883,1.6950278282165527,0.0,0.0,0.9640688896179199
2034,371.16946368838484,-12.431971549987793,0.0,0.0,0.9640388488769531
2035,318.45139070921306,24.615997314453125,0.0,0.0,0.9640424847602844
2036,405.0894620518626,-9.769279479980469,0.0,0.0,0.9640305638313293
2037,355.92654772243685,0.7153029441833496,0.0,0.0,0.9640218615531921
2038,312.68377798117456,13.874977111816406,0.0,0.0,0.9640377163887024
2039,301.29968738501077,9.101317405700684,0.0,0.0,0.9640801548957825
2040,359.2628411052231,10.26023006439209,0.0,0.0,0.9641320109367371
2041,363.4157569422547,-0.6505031585693359,0.0,0.0,0.9641768932342529
2042,382.4473370517826,3.620321273803711,0.0,0.0,0.9642226099967957
2043,382.6197556609586,-12.182458877563477,0.0,0.0,0.9642454981803894
2044,334.0988922071605,6.652074813842773,0.0,0.0,0.9642725586891174
2045,383.0860962004884,-9.625407218933105,0.0,0.0,0.9642793536186218
2046,324.34471747303064,-7.115386962890625,0.0,0.0,0.9642663598060608
2047,345.75366333232455,5.004642009735107,0.0,0.0,0.964266300201416
2048,292.77239505812923,8.691425323486328,0.0,0.0,0.9642829895019531
2049,269.9256992067087,-16.492904663085938,0.0,0.0,0.964275062084198
2050,264.965162600512,-20.615772247314453,0.0,0.0,0.9641852378845215
2051,309.11525935863546,-17.061920166015625,0.0,0.0,0.9640753865242004
2052,323.59932286003806,11.244389533996582,0.0,0.0,0.9639943242073059
2053,334.8665585571829,17.218238830566406,0.0,0.0,0.9639499187469482
2054,282.91922869374065,21.425540924072266,0.0,0.0,0.9639456272125244
2055,316.3249343059871,5.924869537353516,0.0,0.0,0.9639573693275452
2056,329.54857644956303,-4.9449462890625,0.0,0.0,0.963960587978363
2057,320.9291499507099,15.896188735961914,0.0,0.0,0.9640007019042969
2058,323.52131170787175,-3.472019672393799,0.0,0.0,0.9640326499938965
2059,318.2942728041644,-20.820810317993164,0.0,0.0,0.9640396237373352
2060,327.96803645496357,0.22576427459716797,0.0,0.0,0.9640448689460754
2061,298.2571755890685,-8.121267318725586,0.0,0.0,0.964026153087616
2062,358.2978031233097,25.582216262817383,0.0,0.0,0.9640555381774902
2063,320.0457486544443,-14.827783584594727,0.0,0.0,0.9640571475028992
2064,337.90154894514677,2.458192825317383,0.0,0.0,0.9640643000602722
2065,279.82828147081966,-20.273788452148438,0.0,0.0,0.9640215039253235
2066,330.68681876496714,20.088193893432617,0.0,0.0,0.9640209078788757
2067,297.3548383886664,16.322811126708984,0.0,0.0,0.9640424251556396
2068,226.15273754863136,0.64385986328125,0.0,0.0,0.9640622138977051
2069,306.0175244860561,19.32740592956543,0.0,0.0,0.9641143679618835
2070,329.0547635135284,-6.940947532653809,0.0,0.0,0.9641513824462891
2071,334.5997468033696,-0.07206296920776367,0.0,0.0,0.9641849994659424
2072,299.7835167164734,9.81390380859375,0.0,0.0,0.9642302393913269
2073,208.56143301387047,-11.116989135742188,0.0,0.0,0.9642419219017029
2074,321.1227681265145,22.337757110595703,0.0,0.0,0.9643006920814514
2075,154.37389298808915,-2.5074424743652344,0.0,0.0,0.9643400311470032
2076,180.73446494891698,17.55051040649414,0.0,0.0,0.9644243121147156
2077,284.37577145011176,-5.3422651290893555,0.0,0.0,0.9644947052001953
2078,260.12858350558366,-27.71844482421875,0.0,0.0,0.964487612247467
2079,300.78211546409705,16.347217559814453,0.0,0.0,0.9645206332206726
2080,214.63565840356472,-8.659932136535645,0.0,0.0,0.9645306468009949
2081,291.36796211122004,14.589106559753418,0.0,0.0,0.9645628929138184
2082,280.43212903600704,8.868302345275879,0.0,0.0,0.9646055698394775
2083,290.4533080684199,4.344862937927246,0.0,0.0,0.9646608233451843
2084,310.05077409332927,-8.647787094116211,0.0,0.0,0.9646987915039062
2085,327.871776617971,-1.485084056854248,0.0,0.0,0.9647321701049805
2086,284.1544884630851,15.13232707977295,0.0,0.0,0.9648116230964661
2087,304.5067132287961,-28.23077392578125,0.0,0.0,0.9648259282112122
2088,293.3970339190953,-15.740034103393555,0.0,0.0,0.9648162722587585
2089,286.877200441295,-19.142404556274414,0.0,0.0,0.9647381901741028
2090,278.37867146140053,0.792912483215332,0.0,0.0,0.9646692276000977
2091,279.19341973663,-27.730154037475586,0.0,0.0,0.9644958972930908
2092,280.568630219175,-7.63045597076416,0.0,0.0,0.9643060564994812
2093,291.7155978151452,-1.8249468803405762,0.0,0.0,0.9641334414482117
2094,307.81393634778937,7.820523262023926,0.0,0.0,0.963988721370697
2095,288.55460903706364,-6.3668084144592285,0.0,0.0,0.9638442993164062
2096,261.35478173212704,2.9283857345581055,0.0,0.0,0.9637234807014465
2097,293.2841759141087,15.142786026000977,0.0,0.0,0.9636523127555847
2098,298.7807724509226,-8.832369804382324,0.0,0.0,0.9635695815086365
2099,277.30276908551923,3.995457410812378,0.0,0.0,0.9635054469108582
2100,166.77577331185702,-7.672237396240234,0.0,0.0,0.9634230732917786
2101,228.40330104114324,-4.8924407958984375,0.0,0.0,0.9633381962776184
2102,313.3503952532152,-25.462024688720703,0.0,0.0,0.9631697535514832
2103,164.94529841326954,11.08511734008789,0.0,0.0,0.9630538821220398
2104,307.2528654712359,18.488269805908203,0.0,0.0,0.9629878997802734
2105,300.6947941044024,-13.050256729125977,0.0,0.0,0.9628963470458984
2106,110.8063059880257,-5.865009307861328,0.0,0.0,0.9627991318702698
2107,300.92852652240725,-17.764026641845703,0.0,0.0,0.9626954197883606
2108,228.68243420983032,-11.136690139770508,0.0,0.0,0.9625587463378906
2109,268.8418690024657,-2.323096752166748,0.0,0.0,0.9624287486076355
2110,265.52194030194966,-6.4251227378845215,0.0,0.0,0.9622934460639954
2111,298.828716213614,-13.933952331542969,0.0,0.0,0.9621275067329407
2112,284.7332213335826,-10.291117668151855,0.0,0.0,0.9619423747062683
2113,282.63459094698675,-19.282236099243164,0.0,0.0,0.9617199897766113
2114,325.13956426678845,-5.226528167724609,0.0,0.0,0.9615136981010437
2115,333.897248690978,10.490930557250977,0.0,0.0,0.9613509774208069
2116,332.47830412610193,10.835249900817871,0.0,0.0,0.9612342715263367
2117,278.87772248502785,-13.71552848815918,0.0,0.0,0.9611111283302307
2118,266.4035418581935,22.584640502929688,0.0,0.0,0.9610292315483093
2119,235.97000583410315,10.696420669555664,0.0,0.0,0.9609906077384949
2120,258.69090083154856,12.758537292480469,0.0,0.0,0.9609858393669128
2121,256.6079115188821,-4.37796688079834,0.0,0.0,0.9609668850898743
2122,271.2624626028153,12.308891296386719,0.0,0.0,0.9609708189964294
2123,301.46141934696846,-32.509765625,0.0,0.0,0.9608890414237976
2124,290.3004664958192,-13.259564399719238,0.0,0.0,0.9607904553413391
2125,272.1072549528277,3.1970481872558594,0.0,0.0,0.9607071876525879
2126,284.94707340623296,3.6660542488098145,0.0,0.0,0.9606389999389648
2127,317.69361921689523,-3.5944480895996094,0.0,0.0,0.9605741500854492
2128,298.2779203350254,3.275394916534424,0.0,0.0,0.9605217576026917
2129,305.32608248177917,5.019560813903809,0.0,0.0,0.9604849815368652
2130,291.040773792329,6.960122108459473,0.0,0.0,0.9604601263999939
2131,263.77239952098466,13.992348670959473,0.0,0.0,0.9604770541191101
2132,254.84705058568207,20.56812286376953,0.0,0.0,0.9605347514152527
2133,305.78285969475456,-0.5857219696044922,0.0,0.0,0.960584819316864
2134,260.9775266348373,-2.685638427734375,0.0,0.0,0.9606245160102844
2135,294.94216341166253,10.620793342590332,0.0,0.0,0.9606720805168152
2136,309.494884913594,-18.48741912841797,0.0,0.0,0.9606797099113464
2137,332.2289571079203,-31.075096130371094,0.0,0.0,0.9606242179870605
2138,275.5935982592198,19.986328125,0.0,0.0,0.960612952709198
2139,312.94903931225724,-8.135406494140625,0.0,0.0,0.9605932235717773
2140,301.8089197504317,22.418067932128906,0.0,0.0,0.9606181979179382
2141,334.1747553502626,-4.436732769012451,0.0,0.0,0.9606294631958008
2142,282.75819953989907,-7.918176174163818,0.0,0.0,0.9606242179870605
2143,333.7192903944534,-2.518221855163574,0.0,0.0,0.9606144428253174
2144,132.0864691886645,0.6301524639129639,0.0,0.0,0.9606067538261414
2145,248.27584221047374,-11.579092025756836,0.0,0.0,0.9605789184570312
2146,276.3627684610571,-17.59539031982422,0.0,0.0,0.9605199694633484
2147,18.874559448280575,-6.059387683868408,0.0,0.0,0.9604353904724121
2148,264.228960147177,-8.528664588928223,0.0,0.0,0.9603479504585266
2149,288.7914723081917,-35.99613571166992,0.0,0.0,0.9601796269416809
2150,311.7040860221494,-11.052068710327148,0.0,0.0,0.9600113034248352
2151,242.12715655427655,-8.007461547851562,0.0,0.0,0.9598422050476074
2152,181.17401671500195,-17.5268497467041,0.0,0.0,0.9596542716026306
2153,180.72838969480568,-17.867748260498047,0.0,0.0,0.9594551920890808
2154,291.649190872419,-13.251823425292969,0.0,0.0,0.9592543244361877
2155,232.736795729056,5.130807876586914,0.0,0.0,0.9590840935707092
2156,222.81604838417405,18.77704620361328,0.0,0.0,0.9589812159538269
2157,277.49456760719823,-4.136539459228516,0.0,0.0,0.958881676197052
2158,257.6361627501852,14.294425964355469,0.0,0.0,0.9588277339935303
2159,271.9449274200256,11.877250671386719,0.0,0.0,0.9588058590888977
2160,313.0268096628134,-39.556724548339844,0.0,0.0,0.9587464928627014
2161,266.11614222561684,4.652673244476318,0.0,0.0,0.9587044715881348
2162,286.7914550964336,-7.350037097930908,0.0,0.0,0.9586544036865234
2163,291.73724114534036,7.921574592590332,0.0,0.0,0.958625316619873
2164,340.330104210952,25.70172882080078,0.0,0.0,0.9586451649665833
2165,341.5140287400587,16.005098342895508,0.0,0.0,0.9586853981018066
2166,213.5637932685332,-0.6487174034118652,0.0,0.0,0.958720862865448
2167,272.4882956025031,14.3193359375,0.0,0.0,0.9587748646736145
2168,317.9015564524968,29.800052642822266,0.0,0.0,0.9588798880577087
2169,346.2500716601262,12.938749313354492,0.0,0.0,0.9590007662773132
2170,308.19737112148925,31.100364685058594,0.0,0.0,0.959157407283783
2171,342.3996724634166,-34.76901626586914,0.0,0.0,0.9592452049255371
2172,360.1264200137152,6.560728549957275,0.0,0.0,0.9593330025672913
2173,315.59775257029514,-6.281156539916992,0.0,0.0,0.9593987464904785
2174,305.4420405225386,3.576035499572754,0.0,0.0,0.9594642519950867
2175,369.8390391937963,9.026424407958984,0.0,0.0,0.9595434069633484
2176,294.0692720242144,-15.111160278320312,0.0,0.0,0.9595928192138672
2177,348.5899774273092,-6.136164665222168,0.0,0.0,0.9596269130706787
2178,384.03530956348277,-18.518661499023438,0.0,0.0,0.9596376419067383
2179,325.0378155944308,-1.9405136108398438,0.0,0.0,0.959644615650177
2180,319.1564935019058,-12.326250076293945,0.0,0.0,0.959632396697998
2181,331.9070850690731,-5.035014629364014,0.0,0.0,0.9596107602119446
2182,348.9606104089805,7.054637908935547,0.0,0.0,0.9596037864685059
2183,344.5400196614397,-14.642358779907227,0.0,0.0,0.9595851302146912
2184,368.33905072109513,35.269432067871094,0.0,0.0,0.9596142768859863
2185,323.0313128411238,16.118022918701172,0.0,0.0,0.9596596360206604
2186,350.5117099764765,19.60874366760254,0.0,0.0,0.9597421288490295
2187,368.44918579707024,-17.083023071289062,0.0,0.0,0.9598008990287781
2188,400.26525393905314,-38.142608642578125,0.0,0.0,0.9598147869110107
2189,302.89350782619596,-15.63714599609375,0.0,0.0,0.9597963690757751
2190,323.90008432016185,2.089369297027588,0.0,0.0,0.959784984588623
2191,342.7933897696518,-7.117791652679443,0.0,0.0,0.9597654342651367
2192,337.00739240767166,2.5236425399780273,0.0,0.0,0.9597511291503906
2193,304.9250719572335,1.327341079711914,0.0,0.0,0.9597408175468445
2194,295.27545773242935,11.00825309753418,0.0,0.0,0.9597559571266174
2195,316.18596021184146,-23.473779678344727,0.0,0.0,0.9597287178039551
2196,344.9553725739755,-11.709720611572266,0.0,0.0,0.959691047668457
2197,300.58365307330257,-6.184047222137451,0.0,0.0,0.9596536755561829
2198,314.8474126689712,1.0860347747802734,0.0,0.0,0.9596240520477295
2199,341.52820718832163,-25.990394592285156,0.0,0.0,0.9595551490783691
2200,231.00002069960922,14.382612228393555,0.0,0.0,0.9595230221748352
2201,345.3480228721056,3.3562798500061035,0.0,0.0,0.9595001339912415
2202,313.70869702691505,17.32610321044922,0.0,0.0,0.9595000147819519
2203,194.32664607610948,-13.79848861694336,0.0,0.0,0.9594583511352539
2204,288.87847759809847,-14.997274398803711,0.0,0.0,0.9594035148620605
2205,303.5124576372461,14.369941711425781,0.0,0.0,0.9593772888183594
2206,330.2846432618392,-25.717161178588867,0.0,0.0,0.9593188762664795
2207,299.71166559279607,-11.275964736938477,0.0,0.0,0.9592556953430176
2208,339.48692801683455,-40.111534118652344,0.0,0.0,0.9591419696807861
2209,386.89926095775166,-16.888559341430664,0.0,0.0,0.9590144157409668
2210,334.9130453638093,-44.443546295166016,0.0,0.0,0.9588642120361328
2211,374.79654664643175,6.672138690948486,0.0,0.0,0.9587348103523254
2212,337.7019140886634,-4.06570291519165,0.0,0.0,0.9586129188537598
2213,330.87374520018193,-15.448416709899902,0.0,0.0,0.9584839940071106
2214,289.54087579346134,31.48780059814453,0.0,0.0,0.9584317207336426
2215,362.40512012002705,-22.067718505859375,0.0,0.0,0.9583541750907898
2216,336.5900691829331,-12.139970779418945,0.0,0.0,0.9582738280296326
2217,321.1137122734486,1.4698424339294434,0.0,0.0,0.9582033157348633
2218,304.4450890849794,-6.733852386474609,0.0,0.0,0.9581310749053955
2219,355.0742957401982,11.086010932922363,0.0,0.0,0.9580777287483215
2220,278.693379434343,-5.131536483764648,0.0,0.0,0.9580219388008118
2221,206.77267254397933,-19.172195434570312,0.0,0.0,0.9579393267631531
2222,359.02238649020444,6.718893051147461,0.0,0.0,0.9578740000724792
2223,329.4503820191723,6.519428253173828,0.0,0.0,0.9578221440315247
2224,307.4825726446403,-15.090646743774414,0.0,0.0,0.9577522873878479
2225,286.34234834386797,10.39804458618164,0.0,0.0,0.9577035903930664
2226,158.7526088655934,6.982595443725586,0.0,0.0,0.9576753973960876
2227,323.26517403899214,9.880995750427246,0.0,0.0,0.9576563239097595
2228,362.05265444868576,-39.171451568603516,0.0,0.0,0.9575777053833008
2229,4.733661997634567,2.6734607219696045,0.0,0.0,0.9575236439704895
2230,299.3030378823607,13.448711395263672,0.0,0.0,0.9574998021125793
2231,326.8590764234358,-4.386898040771484,0.0,0.0,0.9574729800224304
2232,328.06103473080935,-1.9123950004577637,0.0,0.0,0.9574461579322815
2233,356.98015118957807,-47.694091796875,0.0,0.0,0.9573507905006409
2234,342.34109461219794,17.986610412597656,0.0,0.0,0.9572976231575012
2235,201.45368696628776,12.631315231323242,0.0,0.0,0.9572756886482239
2236,342.5487604948762,-11.398744583129883,0.0,0.0,0.9572425484657288
2237,294.58558847389804,17.23275375366211,0.0,0.0,0.9572401642799377
2238,313.51290348299943,-4.712637901306152,0.0,0.0,0.9572309851646423
2239,280.6467213074694,2.4755311012268066,0.0,0.0,0.9572250247001648
2240,312.3352180023038,7.027053356170654,0.0,0.0,0.9572248458862305
2241,332.60757464745967,-0.849522590637207,0.0,0.0,0.9572232365608215
2242,307.97562809175804,-24.426345825195312,0.0,0.0,0.9572009444236755
2243,333.4619661029732,5.344101905822754,0.0,0.0,0.9571869969367981
2244,171.02829970316884,-6.076962471008301,0.0,0.0,0.9571622014045715
2245,29.640385165985418,-1.1447832584381104,0.0,0.0,0.957137405872345
2246,391.2540051313392,20.2242431640625,0.0,0.0,0.9571359753608704
2247,336.4026407369243,-11.867271423339844,0.0,0.0,0.9571107029914856
2248,374.01003833934726,36.44449234008789,0.0,0.0,0.9571316838264465
2249,263.6334551426448,-15.451805114746094,0.0,0.0,0.9571024775505066
2250,360.2568222111811,2.554549217224121,0.0,0.0,0.9570786356925964
2251,345.6531584545562,7.305354118347168,0.0,0.0,0.9570713639259338
2252,368.0668926285119,0.8216381072998047,0.0,0.0,0.9570653438568115
2253,330.031333401748,16.29840087890625,0.0,0.0,0.957085132598877
2254,324.04395964537133,13.968608856201172,0.0,0.0,0.9571366906166077
2255,359.18709579278107,18.819847106933594,0.0,0.0,0.9572064280509949
2256,406.3075143927959,-7.235162258148193,0.0,0.0,0.957258939743042
2257,208.50496802821226,-9.247420310974121,0.0,0.0,0.9572903513908386
2258,463.01161580597807,-9.877408981323242,0.0,0.0,0.9573115706443787
2259,369.94845900340744,-9.88024616241455,0.0,0.0,0.9573212265968323
2260,333.64796923699396,-9.363974571228027,0.0,0.0,0.9573186039924622
2261,383.7992456984184,11.951431274414062,0.0,0.0,0.957331120967865
2262,421.87131143144654,-6.955005645751953,0.0,0.0,0.95733243227005
2263,343.73195745850535,1.9758191108703613,0.0,0.0,0.9573364853858948
2264,332.7360744551656,7.507983207702637,0.0,0.0,0.9573507308959961
2265,382.7643246828679,26.080310821533203,0.0,0.0,0.9574039578437805
2266,375.30796820096657,-27.712844848632812,0.0,0.0,0.957419216632843
2267,374.0943887019216,-2.228789806365967,0.0,0.0,0.9574308395385742
2268,452.33258244089285,9.926189422607422,0.0,0.0,0.95745450258255
2269,404.9062348403359,-14.328380584716797,0.0,0.0,0.9574570655822754
2270,404.8204936124714,18.754329681396484,0.0,0.0,0.9574857354164124
2271,390.6134930673927,0.15448808670043945,0.0,0.0,0.957513153553009
2272,352.42666178656316,35.70774459838867,0.0,0.0,0.9575967788696289
2273,428.29801376348007,17.43389892578125,0.0,0.0,0.9576956629753113
2274,350.3200569900754,0.7941713333129883,0.0,0.0,0.9577856063842773
2275,377.5813338361172,23.38774299621582,0.0,0.0,0.9578903317451477
2276,457.86379760038625,-9.365909576416016,0.0,0.0,0.9579746127128601
2277,356.46697477693965,2.5644259452819824,0.0,0.0,0.9580554962158203
2278,390.11680750338064,-11.868705749511719,0.0,0.0,0.9581148028373718
2279,312.45434003542226,17.81385040283203,0.0,0.0,0.9582018852233887
2280,409.72382238154046,-31.142929077148438,0.0,0.0,0.958225667476654
2281,364.0369345801769,8.368877410888672,0.0,0.0,0.9582588076591492
2282,364.0042441338126,2.2846479415893555,0.0,0.0,0.9582902789115906
2283,384.1249789923079,-16.011547088623047,0.0,0.0,0.958304226398468
2284,247.95584437464754,9.809574127197266,0.0,0.0,0.9583353996276855
2285,384.8200129365017,0.6124444007873535,0.0,0.0,0.9583644270896912
2286,392.57166661014855,-40.850189208984375,0.0,0.0,0.9583468437194824
2287,425.3110753769322,-7.800039291381836,0.0,0.0,0.9583242535591125
2288,399.51140822795855,19.899349212646484,0.0,0.0,0.9583306312561035
2289,372.5799098673503,-7.084430694580078,0.0,0.0,0.9583274722099304
2290,357.5645715620581,-2.4092516899108887,0.0,0.0,0.9583225250244141
2291,365.8949291878342,18.909326553344727,0.0,0.0,0.9583595395088196
2292,328.6855236595129,4.191446781158447,0.0,0.0,0.958402693271637
2293,371.78561057800295,0.81756591796875,0.0,0.0,0.9584419131278992
2294,368.7208778143025,-57.861331939697266,0.0,0.0,0.958411693572998
2295,352.8423512542804,-21.083545684814453,0.0,0.0,0.9583538174629211
2296,367.67024255526445,14.512460708618164,0.0,0.0,0.958324134349823
2297,383.1741082324347,-34.341392517089844,0.0,0.0,0.9582527279853821
2298,161.70558062226507,-13.15640640258789,0.0,0.0,0.9581640362739563
2299,418.897187893197,-6.797619342803955,0.0,0.0,0.9580735564231873
2300,386.2290523985585,1.6749505996704102,0.0,0.0,0.9579941630363464
2301,404.372212375447,22.061809539794922,0.0,0.0,0.9579498171806335
2302,321.5194705143814,25.98661231994629,0.0,0.0,0.9579379558563232
2303,216.44782626804596,4.301512718200684,0.0,0.0,0.9579334259033203
2304,395.6885500801243,-12.749975204467773,0.0,0.0,0.9579159617424011
2305,344.2478232786052,8.345300674438477,0.0,0.0,0.9579105377197266
2306,384.26488743033644,-31.873966217041016,0.0,0.0,0.9578472971916199
2307,245.18602204052397,-35.35765075683594,0.0,0.0,0.9577323794364929
2308,323.5694544198075,-5.694271087646484,0.0,0.0,0.9576212763786316
2309,276.6780935170958,-10.12916374206543,0.0,0.0,0.9575002789497375
2310,372.4182459416396,34.58183288574219,0.0,0.0,0.9574459195137024
2311,362.3146721538895,24.30838394165039,0.0,0.0,0.9574203491210938
2312,169.26753032359952,4.062343597412109,0.0,0.0,0.9574074745178223
2313,365.7386993913386,8.256693840026855,0.0,0.0,0.9574084281921387
2314,56.92329622631941,-3.0482733249664307,0.0,0.0,0.957401692867279
2315,320.56528851820724,25.475921630859375,0.0,0.0,0.9574346542358398
2316,186.18279231353452,3.8179969787597656,0.0,0.0,0.9574699401855469
2317,107.06526836119991,-1.7684563398361206,0.0,0.0,0.9574945569038391
2318,311.4680508700169,-19.544130325317383,0.0,0.0,0.9575002789497375
2319,68.16826368515807,-8.957523345947266,0.0,0.0,0.9574768543243408
2320,126.54653175321582,9.57038688659668,0.0,0.0,0.9574936032295227
2321,287.29818375839363,4.609007358551025,0.0,0.0,0.9575142860412598
2322,360.55013871916856,30.88241195678711,0.0,0.0,0.9575707316398621
2323,225.98828521570698,-4.914649486541748,0.0,0.0,0.9576122164726257
2324,168.9607062857961,2.8802132606506348,0.0,0.0,0.9576579928398132
2325,290.32482547268387,-6.009519100189209,0.0,0.0,0.9576894640922546
2326,385.38139480384416,-9.39116096496582,0.0,0.0,0.9577067494392395
2327,398.55157527954924,12.162700653076172,0.0,0.0,0.9577400088310242
2328,74.78836893925663,2.411834239959717,0.0,0.0,0.9577754139900208
2329,163.72539310615247,11.688997268676758,0.0,0.0,0.9578337669372559
2330,296.02974811973417,7.079028606414795,0.0,0.0,0.9578964114189148
2331,349.1067995549965,2.183722496032715,0.0,0.0,0.9579595923423767
2332,193.33754263800165,-21.850894927978516,0.0,0.0,0.957993745803833
2333,296.3750439134204,-20.961284637451172,0.0,0.0,0.9580041766166687
2334,65.92863428920168,5.983392715454102,0.0,0.0,0.9580373764038086
2335,325.74841312076313,12.860845565795898,0.0,0.0,0.9580797553062439
2336,325.7280988637207,-24.6422176361084,0.0,0.0,0.9580898880958557
2337,373.8698240775831,-6.114565849304199,0.0,0.0,0.9580895304679871
2338,367.568953701229,4.139952659606934,0.0,0.0,0.9580971598625183
2339,378.72073160563986,-30.052831649780273,0.0,0.0,0.9580766558647156
2340,401.529329094173,-10.294052124023438,0.0,0.0,0.9580464363098145
2341,406.4818943537587,-23.21692657470703,0.0,0.0,0.957991898059845
2342,359.6891320935845,-30.864547729492188,0.0,0.0,0.9579000473022461
2343,359.51122837196203,6.030086040496826,0.0,0.0,0.9578235745429993
2344,331.0458575435172,7.724416255950928,0.0,0.0,0.9577673077583313
2345,338.0704937239551,24.976802825927734,0.0,0.0,0.9577552676200867
2346,331.8765623310087,-6.934698581695557,0.0,0.0,0.9577381014823914
2347,255.16807628834937,-28.157546997070312,0.0,0.0,0.9576692581176758
2348,332.66128301121137,11.390408515930176,0.0,0.0,0.9576199054718018
2349,349.3769082415819,4.660251617431641,0.0,0.0,0.957580029964447
2350,327.36943153450153,-9.799605369567871,0.0,0.0,0.9575273990631104
2351,291.3406390960457,5.782196044921875,0.0,0.0,0.9574952125549316
2352,346.8623466356359,-16.794729232788086,0.0,0.0,0.9574430584907532
2353,254.07904697136826,11.324104309082031,0.0,0.0,0.9574184417724609
2354,268.78854324136944,13.030134201049805,0.0,0.0,0.9574077129364014
2355,233.4381534447214,-15.571569442749023,0.0,0.0,0.9573783874511719
2356,315.8847955211626,16.375829696655273,0.0,0.0,0.95738285779953
2357,261.51544591239724,-2.9478511810302734,0.0,0.0,0.9573833346366882
2358,300.82450333407917,6.559258460998535,0.0,0.0,0.9573922753334045
2359,311.42685892302933,1.7315287590026855,0.0,0.0,0.9574033617973328
2360,217.4055011118002,-2.604979991912842,0.0,0.0,0.957410991191864
2361,310.47532988350264,-5.2330322265625,0.0,0.0,0.9574111104011536
2362,79.86630357822231,0.47380948066711426,0.0,0.0,0.9574121832847595
2363,295.39771427962563,40.306800842285156,0.0,0.0,0.9574605822563171
2364,210.29767403472889,-0.6892156600952148,0.0,0.0,0.9575034976005554
2365,61.61368157569975,9.40384292602539,0.0,0.0,0.9575595855712891
2366,242.27239298964966,-30.07804298400879,0.0,0.0,0.9575817584991455
2367,106.83639994538505,-3.396390914916992,0.0,0.0,0.9575948119163513
2368,190.41563724313914,-22.47769546508789,0.0,0.0,0.9575559496879578
2369,259.60065738744265,16.739742279052734,0.0,0.0,0.9575579762458801
2370,190.97481666871533,-8.312610626220703,0.0,0.0,0.9575392603874207
2371,177.2888165407741,18.213863372802734,0.0,0.0,0.9575654864311218
2372,96.32847806515083,6.856992244720459,0.0,0.0,0.9576093554496765
2373,30.623557947843388,0.67291259765625,0.0,0.0,0.9576506614685059
2374,230.68847781571313,8.652250289916992,0.0,0.0,0.9576995372772217
2375,108.4072959081918,0.16548490524291992,0.0,0.0,0.957744300365448
2376,95.06796728204394,18.227436065673828,0.0,0.0,0.9578307271003723
2377,24.483117657792985,4.037754058837891,0.0,0.0,0.9579227566719055
2378,94.82323159832161,15.352109909057617,0.0,0.0,0.9580410122871399
2379,167.68978706615405,-16.10093879699707,0.0,0.0,0.9581157565116882
2380,176.13924193937527,-3.3322360515594482,0.0,0.0,0.9581777453422546
2381,268.78039805719067,-6.878322124481201,0.0,0.0,0.9582233428955078
2382,166.59013043604577,-22.21026611328125,0.0,0.0,0.9582314491271973
2383,149.98411652638586,-10.8597412109375,0.0,0.0,0.9582157731056213
2384,181.86072522567505,-7.157624244689941,0.0,0.0,0.9581865668296814
2385,189.25774774617565,-1.2025861740112305,0.0,0.0,0.9581565856933594
2386,67.51454624155916,-4.695645809173584,0.0,0.0,0.958111584186554
2387,243.24607456455416,-4.7115678787231445,0.0,0.0,0.958066463470459
2388,213.9150583381522,4.52855110168457,0.0,0.0,0.9580332636833191
2389,252.649787214027,-11.568737030029297,0.0,0.0,0.9579849243164062
2390,216.91039145394657,6.9226508140563965,0.0,0.0,0.957953929901123
2391,87.08256746771441,25.12042236328125,0.0,0.0,0.9579728245735168
2392,140.4349458841126,12.404447555541992,0.0,0.0,0.9580135941505432
2393,111.27058924530495,-4.12123966217041,0.0,0.0,0.9580313563346863
2394,86.74179285803297,-0.680506706237793,0.0,0.0,0.9580458998680115
2395,186.09299518234607,-3.377690076828003,0.0,0.0,0.9580531120300293
2396,233.4812021637713,-18.83852767944336,0.0,0.0,0.9580400586128235
2397,172.45319651676647,10.884532928466797,0.0,0.0,0.9580487608909607
2398,73.58070647916485,-5.995325565338135,0.0,0.0,0.9580361247062683
2399,91.23344401055675,3.4264416694641113,0.0,0.0,0.9580361247062683
2400,250.44700286344215,3.5224504470825195,0.0,0.0,0.9580411911010742
2401,232.91423552227465,-4.028499603271484,0.0,0.0,0.9580389857292175
2402,160.83634753026945,6.868780136108398,0.0,0.0,0.958060085773468
2403,259.31397801345196,9.868465423583984,0.0,0.0,0.9580896496772766
2404,113.88435284589302,21.143535614013672,0.0,0.0,0.9581575393676758
2405,120.25592986408249,-1.2713522911071777,0.0,0.0,0.9582164287567139
2406,244.86629765685814,-17.716350555419922,0.0,0.0,0.9582355618476868
2407,181.25799825167604,-5.542318344116211,0.0,0.0,0.9582390785217285
2408,144.5628375459837,6.093277931213379,0.0,0.0,0.9582592844963074
2409,205.02045858683434,-13.724442481994629,0.0,0.0,0.9582393765449524
2410,174.48242511850043,14.514920234680176,0.0,0.0,0.9582483768463135
2411,253.947791133066,-0.15119695663452148,0.0,0.0,0.9582564830780029
2412,123.60085404905914,11.8619384765625,0.0,0.0,0.9582910537719727
2413,106.16441976091696,3.586406707763672,0.0,0.0,0.9583320021629333
2414,173.4179209117558,-10.634780883789062,0.0,0.0,0.9583358764648438
2415,125.50025144852428,-9.925119400024414,0.0,0.0,0.9583050608634949
2416,182.34956100476546,13.131987571716309,0.0,0.0,0.9583051800727844
2417,152.50169430718904,4.661290645599365,0.0,0.0,0.9583132863044739
2418,196.96787834758686,7.593629837036133,0.0,0.0,0.9583365321159363
2419,254.54087667227012,-4.942869186401367,0.0,0.0,0.9583516120910645
2420,191.51453504878242,-17.409332275390625,0.0,0.0,0.9583244323730469
2421,219.49634480050176,7.327482223510742,0.0,0.0,0.9583188891410828
2422,251.59298701380882,-17.500154495239258,0.0,0.0,0.9582808613777161
2423,214.43523420689127,9.44971752166748,0.0,0.0,0.9582750201225281
2424,243.20898636828986,-6.202515602111816,0.0,0.0,0.9582574367523193
2425,131.6608699799002,11.205799102783203,0.0,0.0,0.9582898616790771
2426,232.168852839071,-0.8678145408630371,0.0,0.0,0.9583187699317932
2427,252.1598236296442,-20.88441276550293,0.0,0.0,0.958317756652832
2428,239.63090499122305,3.2424726486206055,0.0,0.0,0.9583218693733215
2429,252.5182061183538,5.442392349243164,0.0,0.0,0.9583390355110168
2430,157.43389886903375,5.9267473220825195,0.0,0.0,0.9583671689033508
2431,271.7882133945145,3.036560535430908,0.0,0.0,0.9583999514579773
2432,237.48210377986462,-11.65355110168457,0.0,0.0,0.9584061503410339
2433,138.35849723967306,-2.4477648735046387,0.0,0.0,0.9584051966667175
2434,136.87467696600365,-5.810271263122559,0.0,0.0,0.9583792686462402
2435,202.04804908735065,11.055116653442383,0.0,0.0,0.9583888053894043
2436,220.6327663345772,-2.4730422496795654,0.0,0.0,0.9583901762962341
2437,154.79596391122567,-12.196441650390625,0.0,0.0,0.9583566188812256
2438,112.88663890181093,2.22864031791687,0.0,0.0,0.9583394527435303
2439,162.7769122810756,-1.2310123443603516,0.0,0.0,0.9583206176757812
2440,189.55022753548513,-12.68789291381836,0.0,0.0,0.9582683444023132
2441,278.2001599276816,-12.609567642211914,0.0,0.0,0.9581955075263977
2442,165.21971593801732,-24.151615142822266,0.0,0.0,0.9580639004707336
2443,254.847232146156,1.8482205867767334,0.0,0.0,0.9579494595527649
2444,106.97552492824259,-3.0882434844970703,0.0,0.0,0.9578401446342468
2445,226.77073648501798,10.371767044067383,0.0,0.0,0.9577644467353821
2446,252.3295259250419,0.42339658737182617,0.0,0.0,0.9576975703239441
2447,231.74822245002568,13.156316757202148,0.0,0.0,0.9576899409294128
2448,240.42574536667524,-22.042325973510742,0.0,0.0,0.9576215744018555
2449,223.00088807879393,-6.467424392700195,0.0,0.0,0.9575503468513489
2450,234.32033077637217,-3.073111057281494,0.0,0.0,0.957480251789093
2451,254.77514838854378,8.755970001220703,0.0,0.0,0.9574303030967712
2452,91.22557590852087,-13.36500072479248,0.0,0.0,0.9573419690132141
2453,70.43958517619897,-1.1311522722244263,0.0,0.0,0.9572587013244629
2454,234.26619083794336,-6.353865623474121,0.0,0.0,0.9571735262870789
2455,212.3409788917381,8.92683219909668,0.0,0.0,0.9571231007575989
2456,255.25168703054922,3.306591510772705,0.0,0.0,0.9570825695991516
2457,280.8045731266365,-3.7519025802612305,0.0,0.0,0.957037627696991
2458,238.49053678202918,1.4139404296875,0.0,0.0,0.9570000767707825
2459,245.68321702329328,-4.910819053649902,0.0,0.0,0.9569582343101501
2460,298.6677278406925,7.785905838012695,0.0,0.0,0.9569334983825684
2461,236.80040502804098,-13.506126403808594,0.0,0.0,0.9568784832954407
2462,238.13529020627422,-8.077446937561035,0.0,0.0,0.9568144679069519
2463,242.71751939268268,-17.740583419799805,0.0,0.0,0.9567327499389648
2464,138.718586269594,0.6013994216918945,0.0,0.0,0.956660270690918
2465,257.2613862076356,10.609161376953125,0.0,0.0,0.9566242694854736
2466,274.1815753870387,-7.247162342071533,0.0,0.0,0.9565790295600891
2467,249.64909065593528,-33.1416130065918,0.0,0.0,0.9565145373344421
2468,255.58276447773287,-15.01803970336914,0.0,0.0,0.9564377665519714
2469,253.34827312453538,8.37669563293457,0.0,0.0,0.9563791155815125
2470,223.54729531861025,-9.308870315551758,0.0,0.0,0.9563100934028625
2471,277.5969781069421,2.2929611206054688,0.0,0.0,0.9562541842460632
2472,264.65131650992623,-1.6260547637939453,0.0,0.0,0.9562003016471863
2473,264.3819973051132,-7.442395210266113,0.0,0.0,0.9561426043510437
2474,225.3829958648905,6.45910120010376,0.0,0.0,0.9561116099357605
2475,266.7226366331814,15.513025283813477,0.0,0.0,0.9561064839363098
2476,251.4296857996139,-1.7820539474487305,0.0,0.0,0.9560980796813965
2477,271.5835098020941,-7.602698802947998,0.0,0.0,0.956070601940155
2478,267.6978707408613,-1.3136653900146484,0.0,0.0,0.9560421109199524
2479,262.2685183753384,-5.643372058868408,0.0,0.0,0.9560055732727051
2480,271.08837198174797,20.470687866210938,0.0,0.0,0.9560120105743408
2481,250.90929486265395,-17.87067222595215,0.0,0.0,0.9559745788574219
2482,286.0132876812233,1.2197861671447754,0.0,0.0,0.9559443593025208
2483,193.7558615248121,-7.452922821044922,0.0,0.0,0.955899715423584
2484,296.0560777251258,-0.12101316452026367,0.0,0.0,0.9558601379394531
2485,276.0491476953434,-13.092547416687012,0.0,0.0,0.9558040499687195
2486,298.7724415197189,9.510642051696777,0.0,0.0,0.9557644724845886
2487,283.0564684510816,-11.153228759765625,0.0,0.0,0.9557024836540222
2488,262.62374443000965,4.962528705596924,0.0,0.0,0.955655038356781
2489,289.4611250129104,6.5658464431762695,0.0,0.0,0.9556303024291992
2490,270.01179543227204,-8.694808959960938,0.0,0.0,0.9555873870849609
2491,288.88137049101323,9.183809280395508,0.0,0.0,0.9555618166923523
2492,279.21100907785654,-0.33335256576538086,0.0,0.0,0.9555369019508362
2493,286.63825663062335,4.994486331939697,0.0,0.0,0.9555244445800781
2494,294.6770447743943,9.577310562133789,0.0,0.0,0.9555457234382629
2495,296.6467233732206,13.313192367553711,0.0,0.0,0.9555901885032654
2496,288.4549398313007,-4.39510440826416,0.0,0.0,0.9556236267089844
2497,325.748698256817,4.282874584197998,0.0,0.0,0.9556633830070496
2498,291.53211531166875,18.89106559753418,0.0,0.0,0.9557330012321472
2499,295.9072424067706,-24.47712516784668,0.0,0.0,0.9557631611824036
2500,269.62112774255866,14.48901653289795,0.0,0.0,0.9558103680610657
2501,295.6570417960906,-1.8128924369812012,0.0,0.0,0.9558494687080383
2502,294.1703216536496,-4.057554244995117,0.0,0.0,0.9558773040771484
2503,283.99653141723036,1.5176832675933838,0.0,0.0,0.955904483795166
2504,302.9445348890316,-2.3149399757385254,0.0,0.0,0.9559246897697449
2505,304.7547746754253,8.714625358581543,0.0,0.0,0.9559621810913086
2506,291.2439380400902,-21.344242095947266,0.0,0.0,0.9559656977653503
2507,330.4684679920033,11.203978538513184,0.0,0.0,0.9559991359710693
2508,315.1799613184321,22.303993225097656,0.0,0.0,0.9560554027557373
2509,312.55117679005406,17.21869468688965,0.0,0.0,0.9561357498168945
2510,319.91001814970485,-17.272483825683594,0.0,0.0,0.956190288066864
2511,326.7529739346578,-16.188819885253906,0.0,0.0,0.9562198519706726
2512,309.06068674964786,7.942138195037842,0.0,0.0,0.9562616348266602
2513,359.38857005203766,-19.43744659423828,0.0,0.0,0.9562830328941345
2514,303.87287727022635,-21.661481857299805,0.0,0.0,0.9562652707099915
2515,317.5431042139012,-15.854255676269531,0.0,0.0,0.9562333226203918
2516,317.6091752616278,0.5744996070861816,0.0,0.0,0.9562058448791504
2517,331.5596146942683,10.821001052856445,0.0,0.0,0.9562087655067444
2518,313.2423204403163,1.3970403671264648,0.0,0.0,0.9562132954597473
2519,329.57133568491207,13.499713897705078,0.0,0.0,0.9562457203865051
2520,292.861759195857,-12.224475860595703,0.0,0.0,0.9562649130821228
2521,359.82685830826836,-14.428642272949219,0.0,0.0,0.9562623500823975
2522,341.10596707314056,6.9442138671875,0.0,0.0,0.9562823176383972
2523,315.38461434491194,-15.636322021484375,0.0,0.0,0.9562754034996033
2524,336.1594509657781,4.4913859367370605,0.0,0.0,0.9562756419181824
2525,335.62567726288694,-15.430953025817871,0.0,0.0,0.9562480449676514
2526,271.44444379280475,-9.235763549804688,0.0,0.0,0.9562070369720459
2527,321.6405747296372,16.598264694213867,0.0,0.0,0.9562041163444519
2528,317.45056691650706,5.8711256980896,0.0,0.0,0.9562090039253235
2529,334.74944147009023,2.043025016784668,0.0,0.0,0.9562201499938965
2530,357.8757728082544,-25.711605072021484,0.0,0.0,0.9562048316001892
2531,312.22661812140626,-4.444872856140137,0.0,0.0,0.9561863541603088
2532,279.08885703736627,15.393976211547852,0.0,0.0,0.9561934471130371
2533,322.0817722363856,15.061405181884766,0.0,0.0,0.9562223553657532
2534,312.66197611467265,4.645665168762207,0.0,0.0,0.9562652707099915
2535,297.755385044564,-2.5829806327819824,0.0,0.0,0.9562991261482239
2536,279.20706706538397,11.170429229736328,0.0,0.0,0.9563420414924622
2537,357.2386060493261,-13.657504081726074,0.0,0.0,0.9563567042350769
2538,300.94234823417474,20.078975677490234,0.0,0.0,0.956395149230957
2539,280.4674577036758,-1.3524737358093262,0.0,0.0,0.956427276134491
2540,270.2875379592924,9.527624130249023,0.0,0.0,0.9564735293388367
2541,294.0077678316695,-4.309927940368652,0.0,0.0,0.9565091133117676
2542,272.3122027367066,-8.121074676513672,0.0,0.0,0.9565284848213196
2543,260.048425304653,-0.29529237747192383,0.0,0.0,0.9565450549125671
2544,319.2671878511133,7.713902473449707,0.0,0.0,0.9565743803977966
2545,296.59568543245393,18.53673553466797,0.0,0.0,0.9566431045532227
2546,273.42665981846045,10.924415588378906,0.0,0.0,0.9567362666130066
2547,250.06812512044132,-6.857531547546387,0.0,0.0,0.9568122029304504
2548,212.64200641010137,10.1032075881958,0.0,0.0,0.9569053649902344
2549,258.9471198396972,-10.553974151611328,0.0,0.0,0.9569628834724426
2550,320.2671463965182,-16.281055450439453,0.0,0.0,0.9569830894470215
2551,222.42557459348055,8.455699920654297,0.0,0.0,0.9570198059082031
2552,279.8292089328151,4.6589555740356445,0.0,0.0,0.9570608139038086
2553,227.05503140960136,-2.6546201705932617,0.0,0.0,0.9570929408073425
2554,313.3470598620822,-3.6251745223999023,0.0,0.0,0.9571184515953064
2555,231.77200576106108,-13.753140449523926,0.0,0.0,0.9571240544319153
2556,250.58990806347035,4.702686786651611,0.0,0.0,0.9571333527565002
2557,179.3095386564297,18.034786224365234,0.0,0.0,0.9571866393089294
2558,303.1239995855058,-10.443391799926758,0.0,0.0,0.9572208523750305
2559,68.1464159816444,11.640254974365234,0.0,0.0,0.957284688949585
2560,214.29241732375903,9.816774368286133,0.0,0.0,0.9573546051979065
2561,208.01008651588128,3.1338653564453125,0.0,0.0,0.9574260115623474
2562,256.81118051112117,1.6285924911499023,0.0,0.0,0.9574931263923645
2563,256.19209564954303,-0.5994119644165039,0.0,0.0,0.9575523734092712
2564,180.9191495590568,-13.415373802185059,0.0,0.0,0.9575884938240051
2565,232.46293491219214,-12.034194946289062,0.0,0.0,0.9576007723808289
2566,250.39128194113448,-22.038942337036133,0.0,0.0,0.9575904011726379
2567,253.7141326116466,32.00669860839844,0.0,0.0,0.9576504826545715
2568,272.3331099582522,-28.73444366455078,0.0,0.0,0.9576687812805176
2569,222.6860590344612,-7.617926120758057,0.0,0.0,0.9576689600944519
2570,249.84760978160273,7.600727558135986,0.0,0.0,0.9576781392097473
2571,299.70908001306185,-25.464635848999023,0.0,0.0,0.9576472640037537
2572,244.24359068097485,6.697273254394531,0.0,0.0,0.9576290249824524
2573,281.99893510971816,-2.13222336769104,0.0,0.0,0.9576072692871094
2574,217.30814076378593,-15.574247360229492,0.0,0.0,0.9575538635253906
2575,253.4070621801855,4.902201175689697,0.0,0.0,0.9575128555297852
2576,265.62131495120974,5.3221917152404785,0.0,0.0,0.957484245300293
2577,252.3655113246054,-8.134994506835938,0.0,0.0,0.9574515223503113
2578,270.48661354605423,6.38685417175293,0.0,0.0,0.957434356212616
2579,273.3479804011083,-17.934276580810547,0.0,0.0,0.9573979377746582
2580,268.33427037966476,-2.199143886566162,0.0,0.0,0.95736163854599
2581,273.3116571764486,1.0212554931640625,0.0,0.0,0.9573320746421814
2582,243.6083782474541,2.5555195808410645,0.0,0.0,0.9573127627372742
2583,272.85686306208794,-3.0252368450164795,0.0,0.0,0.9572904706001282
2584,229.60192226760233,3.528169631958008,0.0,0.0,0.9572765231132507
2585,261.2348996191572,-13.715914726257324,0.0,0.0,0.9572457671165466
2586,294.1342373838042,-7.667684078216553,0.0,0.0,0.957206666469574
2587,245.86479339820508,-26.394010543823242,0.0,0.0,0.9571273922920227
2588,299.9736048448922,4.518779754638672,0.0,0.0,0.9570640921592712
2589,250.21843362491475,7.555933952331543,0.0,0.0,0.9570268988609314
2590,283.5711762914131,-15.587959289550781,0.0,0.0,0.9569770693778992
2591,242.59300736532305,12.850675582885742,0.0,0.0,0.9569570422172546
2592,232.13194728705923,25.43292999267578,0.0,0.0,0.9569973945617676
2593,258.1905755698021,8.651345252990723,0.0,0.0,0.9570519328117371
2594,262.6098678089295,6.713722229003906,0.0,0.0,0.9571087956428528
2595,259.6206157169387,-5.863292694091797,0.0,0.0,0.9571418166160583
2596,241.03548919946613,7.470561981201172,0.0,0.0,0.9571866989135742
2597,262.06806272634685,0.8136253356933594,0.0,0.0,0.9572291970252991
2598,292.28142952389834,14.149805068969727,0.0,0.0,0.9572818875312805
2599,274.12908640756456,-14.963891983032227,0.0,0.0,0.9573143124580383
2600,171.45242657595531,-0.8359205722808838,0.0,0.0,0.9573407173156738
2601,218.80320062189506,19.844640731811523,0.0,0.0,0.9574198722839355
2602,200.43701386921876,-7.296266555786133,0.0,0.0,0.9574758410453796
2603,196.05167975454478,6.1048479080200195,0.0,0.0,0.9575350880622864
2604,273.34591957140606,-1.1605277061462402,0.0,0.0,0.9575876593589783
2605,197.26808971523354,-8.778797149658203,0.0,0.0,0.9576188921928406
2606,244.4791684926354,23.77960205078125,0.0,0.0,0.9576886296272278
2607,227.57176329916902,-7.248201847076416,0.0,0.0,0.9577412605285645
2608,261.8478398792027,15.590841293334961,0.0,0.0,0.957819938659668
2609,241.18888314346339,26.212108612060547,0.0,0.0,0.9579374194145203
2610,228.74059764665859,20.8496150970459,0.0,0.0,0.9580729007720947
2611,200.41099274576263,5.0549421310424805,0.0,0.0,0.958203136920929
2612,236.18337888380742,-5.221888542175293,0.0,0.0,0.9583103656768799
2613,265.15036849636795,-0.6627674102783203,0.0,0.0,0.9584051966667175
2614,232.00561404557547,-10.439628601074219,0.0,0.0,0.9584795832633972
2615,245.8867287674084,-8.685873031616211,0.0,0.0,0.9585297703742981
2616,275.2716246742076,-3.9683027267456055,0.0,0.0,0.9585712552070618
2617,239.41710869599822,-9.843729019165039,0.0,0.0,0.958584725856781
2618,257.3040958631375,15.95054817199707,0.0,0.0,0.9586318135261536
2619,273.6192485604572,-33.33418273925781,0.0,0.0,0.9586256146430969
2620,252.36079325207848,-3.3752732276916504,0.0,0.0,0.958615243434906
2621,273.77501758102227,9.96782112121582,0.0,0.0,0.9586255550384521
2622,298.57425566102006,23.747648239135742,0.0,0.0,0.9586579203605652
2623,259.0369576909544,12.732885360717773,0.0,0.0,0.9587016105651855
2624,236.9813978220668,3.557769775390625,0.0,0.0,0.9587490558624268
2625,213.37759974290535,5.713502883911133,0.0,0.0,0.9588039517402649
2626,257.41701572303106,-15.35873031616211,0.0,0.0,0.9588211178779602
2627,244.21240868443977,-9.141570091247559,0.0,0.0,0.9588217735290527
2628,273.5078045245529,24.668392181396484,0.0,0.0,0.9588835835456848
2629,263.95385419976446,-6.37303352355957,0.0,0.0,0.9589301943778992
2630,269.20978550575546,-21.941478729248047,0.0,0.0,0.958925724029541
2631,170.1644378684639,-24.294139862060547,0.0,0.0,0.9588916897773743
2632,224.84528227008832,6.2194390296936035,0.0,0.0,0.9588704109191895
2633,220.68326464932088,4.980749607086182,0.0,0.0,0.958857536315918
2634,204.93672511103935,10.11488151550293,0.0,0.0,0.958867073059082
2635,255.06802076026577,17.93829345703125,0.0,0.0,0.9589183330535889
2636,285.85149532061246,-13.804447174072266,0.0,0.0,0.9589459300041199
2637,236.5531713218671,4.506793022155762,0.0,0.0,0.9589869976043701
2638,193.6847621298438,-7.330440998077393,0.0,0.0,0.9590027928352356
2639,245.12828178311318,-33.34158706665039,0.0,0.0,0.9589861035346985
2640,250.9347896502038,7.591118335723877,0.0,0.0,0.9589872360229492
2641,288.39145206791216,4.997114181518555,0.0,0.0,0.9589949250221252
2642,252.66911322254313,6.944527626037598,0.0,0.0,0.9590136408805847
2643,246.58350718784695,15.265446662902832,0.0,0.0,0.959069550037384
2644,235.6122306195856,10.547183990478516,0.0,0.0,0.9591380953788757
2645,252.26568482677095,-33.18262481689453,0.0,0.0,0.9591315388679504
2646,260.16072941314206,4.45662784576416,0.0,0.0,0.9591391682624817
2647,303.24107405745826,4.776607513427734,0.0,0.0,0.9591544270515442
2648,278.27993633545464,-28.547725677490234,0.0,0.0,0.9591242671012878
2649,280.4283192742017,0.006635189056396484,0.0,0.0,0.9590972065925598
2650,269.13799297028794,2.466176986694336,0.0,0.0,0.9590811729431152
2651,215.1988971157506,16.985620498657227,0.0,0.0,0.9591080546379089
2652,263.26904596439135,-24.531335830688477,0.0,0.0,0.9591031074523926
2653,260.393553518208,-19.68731117248535,0.0,0.0,0.9590639472007751
2654,239.30690227895136,1.9224262237548828,0.0,0.0,0.959034264087677
2655,258.9967699609374,0.9841690063476562,0.0,0.0,0.959008514881134
2656,214.29707242948314,-4.051982879638672,0.0,0.0,0.9589791297912598
2657,205.25122979357926,-10.92947769165039,0.0,0.0,0.9589299559593201
2658,243.94667609544902,2.806326150894165,0.0,0.0,0.9588926434516907
2659,266.3442153168377,-0.790583610534668,0.0,0.0,0.958858072757721
2660,262.99892948782224,-17.73478889465332,0.0,0.0,0.9588027000427246
2661,284.4516086918775,-14.323238372802734,0.0,0.0,0.9587164521217346
2662,241.27484806591244,9.355417251586914,0.0,0.0,0.9586551785469055
2663,227.94997447687058,10.362361907958984,0.0,0.0,0.9586236476898193
2664,267.15500450817484,4.078145980834961,0.0,0.0,0.9586032032966614
2665,266.41170357764247,17.008548736572266,0.0,0.0,0.9586456418037415
2666,258.60710459035636,-9.711216926574707,0.0,0.0,0.9586672186851501
2667,261.3790736585349,17.202693939208984,0.0,0.0,0.9587227702140808
2668,243.48887224702966,1.9648141860961914,0.0,0.0,0.9587762951850891
2669,262.8495163883711,-24.715599060058594,0.0,0.0,0.9587888717651367
2670,260.49931326816613,5.519216060638428,0.0,0.0,0.9588153958320618
2671,234.96474668216743,-14.531723022460938,0.0,0.0,0.958818256855011
2672,204.34450674445876,-7.340732097625732,0.0,0.0,0.9588055610656738
2673,295.30159100760704,-13.67411994934082,0.0,0.0,0.9587656855583191
2674,237.31786168222916,22.66613006591797,0.0,0.0,0.9587705731391907
2675,298.50409570542405,1.9049263000488281,0.0,0.0,0.9587783813476562
2676,264.53135067919766,11.947641372680664,0.0,0.0,0.9588128924369812
2677,211.21699676328598,-3.4170432090759277,0.0,0.0,0.9588387608528137
2678,315.38468424136715,5.7206268310546875,0.0,0.0,0.9588758945465088
2679,284.86154870225926,-6.478751182556152,0.0,0.0,0.9588995575904846
2680,273.60466125464916,-2.628721237182617,0.0,0.0,0.9589177966117859
2681,264.7342382073772,0.6489109992980957,0.0,0.0,0.958935558795929
2682,245.6503324871258,-20.74424171447754,0.0,0.0,0.9589254260063171
2683,273.6594701935456,-3.147195339202881,0.0,0.0,0.9589115977287292
2684,280.37810423891426,-15.75786018371582,0.0,0.0,0.9588627815246582
2685,297.9017702615514,27.5567569732666,0.0,0.0,0.9588701128959656
2686,266.8664367375275,25.23895835876465,0.0,0.0,0.9589428901672363
2687,268.9318827452842,-0.5467703342437744,0.0,0.0,0.9590072631835938
2688,257.2889859154783,4.963388442993164,0.0,0.0,0.9590724110603333
2689,246.3607139420125,2.79915189743042,0.0,0.0,0.9591394066810608
2690,276.96520599647596,-5.696750640869141,0.0,0.0,0.9591854214668274
2691,291.7039439481257,12.766729354858398,0.0,0.0,0.9592533111572266
2692,257.03929190273703,7.278130531311035,0.0,0.0,0.9593257904052734
2693,247.89930930547274,2.867220163345337,0.0,0.0,0.9593958854675293
2694,202.5981956995564,12.294427871704102,0.0,0.0,0.9595012664794922
2695,306.3944110503388,10.851520538330078,0.0,0.0,0.9596105217933655
2696,254.2951713315317,0.3859519958496094,0.0,0.0,0.9597097039222717
2697,281.10016193711215,-7.231936454772949,0.0,0.0,0.9597849249839783
2698,269.89733474551554,7.336361885070801,0.0,0.0,0.9598627090454102
2699,283.78211223882937,41.68999481201172,0.0,0.0,0.9600362777709961
2700,285.99389540345067,4.374985218048096,0.0,0.0,0.9602038264274597
2701,235.89010329176728,-18.0103816986084,0.0,0.0,0.960317075252533
2702,289.0501404193769,1.6264100074768066,0.0,0.0,0.9604231715202332
2703,253.46012057896354,-6.154507160186768,0.0,0.0,0.9605061411857605
2704,279.46401147684736,-21.42917251586914,0.0,0.0,0.9605322480201721
2705,283.7354034641887,-5.984446048736572,0.0,0.0,0.960547685623169
2706,283.12751730632243,-18.273693084716797,0.0,0.0,0.9605171084403992
2707,293.9042339443773,7.091227054595947,0.0,0.0,0.960504949092865
2708,305.89272995783256,0.0028085708618164062,0.0,0.0,0.9604933857917786
2709,274.69262792277055,23.313396453857422,0.0,0.0,0.9605385661125183
2710,281.25322735067243,-10.4177827835083,0.0,0.0,0.9605655670166016
2711,314.29679499538344,-15.287273406982422,0.0,0.0,0.960569441318512
2712,312.74928842963163,28.44874382019043,0.0,0.0,0.9606215357780457
2713,237.51275506223817,-27.679058074951172,0.0,0.0,0.9605857729911804
2714,298.5115989325405,-5.92855167388916,0.0,0.0,0.9605363011360168
2715,295.63377216736893,-18.07312774658203,0.0,0.0,0.9604563117027283
2716,321.0827369487531,24.421138763427734,0.0,0.0,0.9604485630989075
2717,286.97260711817296,-21.241132736206055,0.0,0.0,0.9603891372680664
2718,325.0057288897879,3.1871020793914795,0.0,0.0,0.9603428840637207
2719,289.5391527905314,28.838991165161133,0.0,0.0,0.9603679776191711
2720,298.1840196380766,-25.60810089111328,0.0,0.0,0.9603477120399475
2721,315.12931080159103,-16.268478393554688,0.0,0.0,0.960301399230957
2722,288.70573259376295,-4.219117641448975,0.0,0.0,0.9602560997009277
2723,304.2881760447674,-4.421429634094238,0.0,0.0,0.9602069854736328
2724,300.4852375210931,-24.13773536682129,0.0,0.0,0.9601265788078308
2725,295.1475961297693,-7.416135787963867,0.0,0.0,0.9600372314453125
2726,264.7032854323368,-7.793453216552734,0.0,0.0,0.9599401950836182
2727,299.3680662169821,0.4869832992553711,0.0,0.0,0.9598536491394043
2728,293.5169682344063,-3.3154044151306152,0.0,0.0,0.9597716331481934
2729,305.79157629958684,7.866870880126953,0.0,0.0,0.9597098231315613
2730,297.16230588872367,2.6734871864318848,0.0,0.0,0.9596576690673828
2731,339.1397323276257,-8.139612197875977,0.0,0.0,0.9595966935157776
2732,298.78710773005685,-7.473911285400391,0.0,0.0,0.959526538848877
2733,301.72318244109755,-32.59410858154297,0.0,0.0,0.9594113826751709
2734,276.4319944475848,4.296117305755615,0.0,0.0,0.9593166708946228
2735,323.2956870068421,-6.822394371032715,0.0,0.0,0.9592256546020508
2736,308.8422257220254,-9.12832260131836,0.0,0.0,0.959132194519043
2737,305.47742355376494,-9.388317108154297,0.0,0.0,0.9590365290641785
2738,276.68710622033285,-14.836746215820312,0.0,0.0,0.9589350819587708
2739,302.7119864836015,-2.5455572605133057,0.0,0.0,0.9588398933410645
2740,276.29846756379874,5.636758327484131,0.0,0.0,0.9587629437446594
2741,305.20013965016017,-2.7408199310302734,0.0,0.0,0.9586901664733887
2742,313.7564722821201,14.080650329589844,0.0,0.0,0.9586504101753235
2743,302.2458203208433,0.7735610008239746,0.0,0.0,0.9586157202720642
2744,306.8550627683864,-8.339234352111816,0.0,0.0,0.9585692882537842
2745,286.992746303123,-12.957670211791992,0.0,0.0,0.9585123062133789
2746,293.8554829194295,9.702032089233398,0.0,0.0,0.9584875106811523
2747,280.54537927751386,-17.93758201599121,0.0,0.0,0.9584381580352783
2748,281.9112244481954,-1.6913838386535645,0.0,0.0,0.9583897590637207
2749,289.95980593896974,7.585756301879883,0.0,0.0,0.9583759903907776
2750,296.059190244271,14.77601432800293,0.0,0.0,0.9583929181098938
2751,300.09184145942316,-0.30399560928344727,0.0,0.0,0.9584074020385742
2752,311.36011870668756,1.4088871479034424,0.0,0.0,0.9584231376647949
2753,337.639196148888,-17.781429290771484,0.0,0.0,0.9584171175956726
2754,283.4643507513096,16.514862060546875,0.0,0.0,0.9584296345710754
2755,286.38445701993913,-12.447354316711426,0.0,0.0,0.9583943486213684
2756,299.9806997004289,9.791391372680664,0.0,0.0,0.9583801627159119
2757,304.51587442593126,-0.31586384773254395,0.0,0.0,0.958366870880127
2758,312.355151676954,3.9587411880493164,0.0,0.0,0.9583666920661926
2759,303.06315822976916,4.83717679977417,0.0,0.0,0.9583754539489746
2760,279.4548954252957,-8.732257843017578,0.0,0.0,0.9583624005317688
2761,253.93853174290652,16.858901977539062,0.0,0.0,0.9583778977394104
2762,275.06585936086486,0.20253753662109375,0.0,0.0,0.9583916068077087
2763,275.838061110175,8.071602821350098,0.0,0.0,0.9584288001060486
2764,242.65978617912057,-19.237123489379883,0.0,0.0,0.9584339261054993
2765,274.36035381575886,16.6396484375,0.0,0.0,0.9584770202636719
2766,339.71650754955306,-9.610855102539062,0.0,0.0,0.9585031867027283
2767,314.2494603343058,-13.657123565673828,0.0,0.0,0.9585034251213074
2768,282.6647806550319,-7.759084701538086,0.0,0.0,0.9584922194480896
2769,309.6007385422254,26.136220932006836,0.0,0.0,0.9585239887237549
2770,313.7527239252171,-8.907468795776367,0.0,0.0,0.9585403800010681
2771,280.73815506788696,-1.9662561416625977,0.0,0.0,0.9585497975349426
2772,292.2478197142193,-19.50562858581543,0.0,0.0,0.9585450291633606
2773,318.0569728214185,1.741576910018921,0.0,0.0,0.9585432410240173
2774,292.78204776923207,14.977530479431152,0.0,0.0,0.9585633277893066
2775,245.69263616248546,-6.124375820159912,0.0,0.0,0.95857173204422
2776,284.62594010330434,1.2674212455749512,0.0,0.0,0.9585807919502258
2777,306.92289839979884,-37.33469772338867,0.0,0.0,0.958552360534668
2778,338.11181554262913,-12.387107849121094,0.0,0.0,0.9584930539131165
2779,346.1325642796603,-28.956092834472656,0.0,0.0,0.9584030508995056
2780,306.9997586091585,19.567535400390625,0.0,0.0,0.9583718180656433
2781,271.18088410456136,-7.118659019470215,0.0,0.0,0.9583301544189453
2782,314.19113215505075,2.8718011379241943,0.0,0.0,0.9583001136779785
2783,253.22634468968045,-14.256053924560547,0.0,0.0,0.9582284092903137
2784,281.60324630341637,-12.125673294067383,0.0,0.0,0.9581388831138611
2785,315.7518376230961,-4.636272430419922,0.0,0.0,0.958051860332489
2786,342.923861291135,22.576486587524414,0.0,0.0,0.9580035209655762
2787,312.54361888975603,21.9854736328125,0.0,0.0,0.958018958568573
2788,297.7540198265349,-1.7811613082885742,0.0,0.0,0.9580300450325012
2789,291.5155701985601,-24.453994750976562,0.0,0.0,0.9579976201057434
2790,321.52698104008437,-28.854068756103516,0.0,0.0,0.9578817486763
2791,289.36464520334994,-24.31787109375,0.0,0.0,0.9577503800392151
2792,326.37374458076437,-13.286150932312012,0.0,0.0,0.9575958251953125
2793,301.8264343073196,2.6808342933654785,0.0,0.0,0.9574613571166992
2794,279.14178746603875,-14.16440486907959,0.0,0.0,0.957324206829071
2795,284.9873411568113,-2.894561290740967,0.0,0.0,0.9571938514709473
2796,274.72496868568646,-26.22144317626953,0.0,0.0,0.9570304751396179
2797,313.5933562543804,30.069595336914062,0.0,0.0,0.9569186568260193
2798,314.3534848975335,1.8313980102539062,0.0,0.0,0.9568243026733398
2799,272.6468480723076,-11.82792854309082,0.0,0.0,0.9567221999168396
2800,289.2421430324814,-13.251522064208984,0.0,0.0,0.9566125869750977
2801,291.39096143152665,-11.21041488647461,0.0,0.0,0.9564992785453796
2802,301.50729515453276,-0.4716811180114746,0.0,0.0,0.9563956260681152
2803,283.8860483304455,4.535024642944336,0.0,0.0,0.9563072323799133
2804,311.4911182491798,13.691938400268555,0.0,0.0,0.9562508463859558
2805,268.18226639569355,-10.785388946533203,0.0,0.0,0.956188440322876
2806,292.2509425810953,21.464256286621094,0.0,0.0,0.9561637043952942
2807,288.1916805688019,-30.315113067626953,0.0,0.0,0.9560896754264832
2808,297.48089560650857,13.940444946289062,0.0,0.0,0.9560605883598328
2809,317.94671329799,11.57581901550293,0.0,0.0,0.9560508728027344
2810,296.26234653798906,7.109014987945557,0.0,0.0,0.9560607075691223
2811,296.8327885492629,1.2046689987182617,0.0,0.0,0.9560708999633789
2812,287.68457933746515,8.135043144226074,0.0,0.0,0.9560988545417786
2813,335.0817298759808,28.842735290527344,0.0,0.0,0.9561673998832703
2814,304.2029773877514,-24.885162353515625,0.0,0.0,0.9561681151390076
2815,312.52968167986035,1.45102858543396,0.0,0.0,0.9561709761619568
2816,307.60201292521685,-1.7549500465393066,0.0,0.0,0.9561699032783508
2817,321.41423138573936,-2.5027198791503906,0.0,0.0,0.956164538860321
2818,314.1711193034566,-11.116299629211426,0.0,0.0,0.9561436176300049
2819,321.00152222045847,-13.706783294677734,0.0,0.0,0.9561020731925964
2820,305.3415886163995,17.18714141845703,0.0,0.0,0.9560928344726562
2821,317.3236947009403,-46.596282958984375,0.0,0.0,0.9559965133666992
2822,321.1534069316046,10.342573165893555,0.0,0.0,0.9559258818626404
2823,312.82411889997013,-5.356327533721924,0.0,0.0,0.9558507800102234
2824,304.1363998443958,-0.3775315284729004,0.0,0.0,0.9557836651802063
2825,320.4369264434557,-39.65828323364258,0.0,0.0,0.9556496739387512
2826,311.8167364929588,8.484270095825195,0.0,0.0,0.9555427432060242
2827,334.22627090196335,-4.782588958740234,0.0,0.0,0.9554408192634583
2828,302.32957512901453,22.127477645874023,0.0,0.0,0.9553866982460022
2829,342.5375907015141,11.793970108032227,0.0,0.0,0.9553625583648682
2830,328.11435266549404,-30.03788948059082,0.0,0.0,0.9552812576293945
2831,310.41501501096946,-11.593417167663574,0.0,0.0,0.9551916122436523
2832,337.5899468848817,25.99707794189453,0.0,0.0,0.9551799893379211
2833,340.9291972587107,12.889289855957031,0.0,0.0,0.9551965594291687
2834,304.8345650098945,10.995138168334961,0.0,0.0,0.9552459120750427
2835,343.92257302126484,-14.435992240905762,0.0,0.0,0.9552755355834961
2836,313.7613080137648,-8.86577033996582,0.0,0.0,0.955284595489502
2837,342.6760483917164,-36.498077392578125,0.0,0.0,0.9552071690559387
2838,309.97756575631854,-15.845083236694336,0.0,0.0,0.9551145434379578
2839,314.5303353777347,18.11658477783203,0.0,0.0,0.9550616145133972
2840,328.9661888075315,-0.7682490348815918,0.0,0.0,0.9550127387046814
2841,282.13011981473323,11.16280746459961,0.0,0.0,0.954991340637207
2842,298.05951919008686,-4.550839424133301,0.0,0.0,0.9549600481987
2843,335.7372666555047,-4.552847862243652,0.0,0.0,0.9549247622489929
2844,343.1230120817873,-13.666934967041016,0.0,0.0,0.9548719525337219
2845,292.3219412609703,-0.9290924072265625,0.0,0.0,0.9548237323760986
2846,274.53343338160056,10.05031967163086,0.0,0.0,0.954799473285675
2847,317.07441385992774,-0.1206519603729248,0.0,0.0,0.954777717590332
2848,316.8859959189758,-18.68054962158203,0.0,0.0,0.9547349810600281
2849,285.22184650444325,17.120803833007812,0.0,0.0,0.9547164440155029
2850,300.18630981161334,4.122803688049316,0.0,0.0,0.954709529876709
2851,332.3293298890285,-18.319416046142578,0.0,0.0,0.9546731114387512
2852,353.64966483620543,2.734910011291504,0.0,0.0,0.9546481966972351
2853,355.34552394726177,-19.02120018005371,0.0,0.0,0.9546098113059998
2854,287.7176400261485,3.5391645431518555,0.0,0.0,0.954579770565033
2855,310.92284322698987,14.582149505615234,0.0,0.0,0.9545798897743225
2856,339.97106341844756,-9.960138320922852,0.0,0.0,0.9545666575431824
2857,351.9122013701807,9.266317367553711,0.0,0.0,0.9545698761940002
2858,322.6122091025767,-13.472841262817383,0.0,0.0,0.9545400738716125
2859,318.03147547856315,-30.020278930664062,0.0,0.0,0.9544828534126282
2860,293.1667476431583,-4.111525535583496,0.0,0.0,0.9544243812561035
2861,347.9408595122917,5.576143741607666,0.0,0.0,0.9543812870979309
2862,337.87809548450684,-8.130298614501953,0.0,0.0,0.9543306231498718
2863,294.42541026823176,-10.537759780883789,0.0,0.0,0.954267680644989
2864,288.17585893069514,7.94507360458374,0.0,0.0,0.9542368054389954
2865,275.8651791309363,-6.958050727844238,0.0,0.0,0.954197108745575
2866,329.7097333050384,8.996265411376953,0.0,0.0,0.9541678428649902
2867,369.2237685628176,-2.635875701904297,0.0,0.0,0.954136312007904
2868,347.1446890782844,-17.16744041442871,0.0,0.0,0.9540897011756897
2869,337.8219996765408,2.9212656021118164,0.0,0.0,0.9540517926216125
2870,264.9223732194484,6.257719993591309,0.0,0.0,0.9540286660194397
2871,305.69773681712775,-6.164021968841553,0.0,0.0,0.9540026783943176
2872,270.9294019665351,-1.6697502136230469,0.0,0.0,0.9539778828620911
2873,289.95526414595076,5.8783278465271,0.0,0.0,0.9539694786071777
2874,344.09270747327184,2.518962860107422,0.0,0.0,0.9539652466773987
2875,307.079745217628,-10.471161842346191,0.0,0.0,0.9539508819580078
2876,370.38753145414444,-7.9549641609191895,0.0,0.0,0.9539312720298767
2877,253.51484260244948,7.913138389587402,0.0,0.0,0.9539318084716797
2878,284.5136835078867,-8.728076934814453,0.0,0.0,0.9539177417755127
2879,290.3684486075228,-25.36063003540039,0.0,0.0,0.9538742899894714
2880,321.1507860026659,18.34836196899414,0.0,0.0,0.9538593292236328
2881,255.72102939394907,-15.600361824035645,0.0,0.0,0.9538166522979736
2882,272.80215335644584,-3.81123685836792,0.0,0.0,0.9537687301635742
2883,275.10069520459854,-11.319132804870605,0.0,0.0,0.9536988139152527
2884,317.0746296080301,0.9796123504638672,0.0,0.0,0.953636646270752
2885,284.3614937677238,-21.887102127075195,0.0,0.0,0.9535486102104187
2886,307.0003641772112,-0.3403587341308594,0.0,0.0,0.953469455242157
2887,297.9651505097366,0.7762749195098877,0.0,0.0,0.9533999562263489
2888,273.18115683284697,9.849078178405762,0.0,0.0,0.953362762928009
2889,236.45350591978604,-10.29359245300293,0.0,0.0,0.9533097743988037
2890,301.7870633841995,12.722980499267578,0.0,0.0,0.953275203704834
2891,236.12849994675432,36.01884460449219,0.0,0.0,0.9533737301826477
2892,234.55187891633946,-3.615926742553711,0.0,0.0,0.9534573554992676
2893,292.9973869519101,16.016143798828125,0.0,0.0,0.9535596966743469
2894,240.91679531471544,-0.23747873306274414,0.0,0.0,0.9536511301994324
2895,294.47644017532406,-30.323259353637695,0.0,0.0,0.9536762237548828
2896,271.357067164498,-16.46703338623047,0.0,0.0,0.9536744952201843
2897,319.5490881177494,13.305240631103516,0.0,0.0,0.9537003636360168
2898,279.4364303041093,10.824660301208496,0.0,0.0,0.9537491798400879
2899,262.29201277583957,3.362417697906494,0.0,0.0,0.9538022875785828
2900,249.67441933562787,-5.550464630126953,0.0,0.0,0.9538419842720032
2901,270.17459642959375,2.8732569217681885,0.0,0.0,0.9538819193840027
2902,239.15208346904402,16.640335083007812,0.0,0.0,0.954002320766449
2903,281.7271300035211,-9.02849006652832,0.0,0.0,0.9541018605232239
2904,272.20409314993185,-16.0181827545166,0.0,0.0,0.9541642069816589
2905,300.18926344288195,-25.44440460205078,0.0,0.0,0.9541789889335632
2906,265.57312687836605,1.0986604690551758,0.0,0.0,0.9541943669319153
2907,262.6252392358572,-2.011302947998047,0.0,0.0,0.9542052149772644
2908,256.07412700718123,-6.0501389503479,0.0,0.0,0.9542019367218018
2909,255.9438184745052,13.908533096313477,0.0,0.0,0.9542303085327148
2910,330.38388842127,20.403270721435547,0.0,0.0,0.9542819857597351
2911,274.77365066985124,1.3566741943359375,0.0,0.0,0.9543330073356628
2912,286.4011060952918,-0.3341693878173828,0.0,0.0,0.9543795585632324
2913,280.12900353529335,-1.177083969116211,0.0,0.0,0.9544188976287842
2914,282.58923434202575,-0.5292596817016602,0.0,0.0,0.9544526934623718
2915,242.42464032218948,-16.65062713623047,0.0,0.0,0.9544334411621094
2916,255.01769135944542,-4.2610249519348145,0.0,0.0,0.9544088840484619
2917,280.3625384360387,-3.7716116905212402,0.0,0.0,0.954378068447113
2918,310.42253964165496,3.4693095684051514,0.0,0.0,0.954357922077179
2919,236.71418737302102,2.477047920227051,0.0,0.0,0.9543449282646179
2920,277.497385621566,1.8502566814422607,0.0,0.0,0.9543375968933105
2921,275.489982331378,-1.5130243301391602,0.0,0.0,0.9543283581733704
2922,241.94820094581993,20.417652130126953,0.0,0.0,0.9543712735176086
2923,279.36326061055445,14.551318168640137,0.0,0.0,0.9544323086738586
2924,254.5892106370479,10.721433639526367,0.0,0.0,0.9545025825500488
2925,284.88983797017363,0.29134607315063477,0.0,0.0,0.9545664191246033
2926,272.8208296603803,-22.20030975341797,0.0,0.0,0.9545736312866211
2927,289.4705453558464,1.4028186798095703,0.0,0.0,0.9545838236808777
2928,275.3881565881926,-28.33123779296875,0.0,0.0,0.9545316100120544
2929,284.7877589392196,-15.76341724395752,0.0,0.0,0.9544537663459778
2930,279.28249350455883,2.3029725551605225,0.0,0.0,0.9543876647949219
2931,273.94976432745074,8.170963287353516,0.0,0.0,0.9543495178222656
2932,249.17640201103336,9.168627738952637,0.0,0.0,0.9543301463127136
2933,257.2066336250115,-13.993842124938965,0.0,0.0,0.9542768597602844
2934,271.1024646987084,14.569202423095703,0.0,0.0,0.9542699456214905
2935,238.5916815033815,14.573561668395996,0.0,0.0,0.954289436340332
2936,263.7519947861674,-25.139175415039062,0.0,0.0,0.954230785369873
2937,270.7878874500632,7.215640068054199,0.0,0.0,0.9541902542114258
2938,285.9493684195613,15.620838165283203,0.0,0.0,0.9541707038879395
2939,269.74038490729885,11.470784187316895,0.0,0.0,0.9541806578636169
2940,279.0997875470985,-18.720266342163086,0.0,0.0,0.9541468024253845
2941,276.537557678856,26.32850456237793,0.0,0.0,0.9541757702827454
2942,254.2032734182114,20.44923210144043,0.0,0.0,0.9543147087097168
2943,260.5008897978985,-22.429733276367188,0.0,0.0,0.954400360584259
2944,304.2156011421786,3.901010036468506,0.0,0.0,0.9544844031333923
2945,297.724647186805,-15.15328598022461,0.0,0.0,0.9545337557792664
2946,271.9452353137037,14.383817672729492,0.0,0.0,0.9546077847480774
2947,244.4880907613135,-4.944022178649902,0.0,0.0,0.9546620845794678
2948,237.88473693637087,10.290350914001465,0.0,0.0,0.9547504782676697
2949,297.6019063031418,9.426070213317871,0.0,0.0,0.9548495411872864
2950,280.1528407496018,-11.193605422973633,0.0,0.0,0.9549133777618408
2951,278.0240434553889,5.667656898498535,0.0,0.0,0.9549844861030579
2952,250.18798545531217,-7.752177715301514,0.0,0.0,0.9550290107727051
2953,259.5595528365139,3.9099931716918945,0.0,0.0,0.955075204372406
2954,269.3623843757662,-4.829126834869385,0.0,0.0,0.9551058411598206
2955,243.93832566507726,5.355125904083252,0.0,0.0,0.9551480412483215
2956,253.86004684093285,-3.3921520709991455,0.0,0.0,0.9551773071289062
2957,259.83890324551595,10.90192985534668,0.0,0.0,0.9552304744720459
2958,259.22188435364075,4.454972267150879,0.0,0.0,0.9552885890007019
2959,294.69059639223684,-2.4727210998535156,0.0,0.0,0.9553368091583252
2960,245.569638287117,0.6465945243835449,0.0,0.0,0.9553812146186829
2961,272.29448337991874,-11.678647994995117,0.0,0.0,0.9554079174995422
2962,264.82911732491425,-10.540433883666992,0.0,0.0,0.955409824848175
2963,291.94231382779026,25.725479125976562,0.0,0.0,0.9554719924926758
2964,252.26586748908255,-16.973413467407227,0.0,0.0,0.9554756283760071
2965,274.71128523147286,-21.436973571777344,0.0,0.0,0.9554387927055359
2966,265.262084199927,20.787172317504883,0.0,0.0,0.9554527401924133
2967,281.8389630331379,-8.748331069946289,0.0,0.0,0.9554445147514343
2968,298.3250172882697,-6.172743320465088,0.0,0.0,0.9554245471954346
2969,288.2874635348949,-23.491928100585938,0.0,0.0,0.955349862575531
2970,259.4967205171645,-2.4650354385375977,0.0,0.0,0.9552764892578125
2971,287.6243064254819,10.092605590820312,0.0,0.0,0.9552235007286072
2972,276.9385641585162,8.372493743896484,0.0,0.0,0.9551873803138733
2973,260.84676602842796,-10.824911117553711,0.0,0.0,0.9551358222961426
2974,278.65873625358535,4.210887908935547,0.0,0.0,0.9550969004631042
2975,263.1043481024653,6.330773830413818,0.0,0.0,0.9550750851631165
2976,248.29839575441287,-15.475584030151367,0.0,0.0,0.9550371170043945
2977,265.3873932132022,-9.012563705444336,0.0,0.0,0.9549919962882996
2978,308.9789016319126,19.29989242553711,0.0,0.0,0.9549906253814697
2979,282.5896249059158,10.631426811218262,0.0,0.0,0.9550209045410156
2980,294.9797294687067,29.519336700439453,0.0,0.0,0.9551286697387695
2981,222.28294980493092,3.11578369140625,0.0,0.0,0.9552391171455383
2982,278.22967019012987,0.8765707015991211,0.0,0.0,0.9553418755531311
2983,253.01980770290027,-17.296924591064453,0.0,0.0,0.9554086327552795
2984,256.97728126085883,18.087934494018555,0.0,0.0,0.95549076795578
2985,283.58877161380315,-26.79265594482422,0.0,0.0,0.9555397033691406
2986,262.9197598927638,-12.849395751953125,0.0,0.0,0.955557644367218
2987,239.84152025063773,1.6065526008605957,0.0,0.0,0.9555771350860596
2988,227.63986177595578,-16.867788314819336,0.0,0.0,0.9555623531341553
2989,264.6549240206525,10.651248931884766,0.0,0.0,0.9555662274360657
2990,297.0504837530769,8.10173225402832,0.0,0.0,0.9555954933166504
2991,248.77310794914393,-10.26181411743164,0.0,0.0,0.9556081891059875
2992,253.17919764471122,6.711055755615234,0.0,0.0,0.9556325078010559
2993,259.66827549948425,-15.80563735961914,0.0,0.0,0.9556238055229187
2994,255.88200766731353,-12.943321228027344,0.0,0.0,0.9555819630622864
2995,280.51903945832896,-2.2311573028564453,0.0,0.0,0.9555419087409973
2996,260.40444529199954,-10.855878829956055,0.0,0.0,0.9554855823516846
2997,284.36192946274474,24.636234283447266,0.0,0.0,0.9554827213287354
2998,265.3671769979593,-7.400301456451416,0.0,0.0,0.9554615020751953
2999,213.7033852686158,2.259241819381714,0.0,0.0,0.9554479718208313
3000,244.4963074432856,-18.189453125,0.0,0.0,0.9553868174552917
3001,281.87702426614464,-17.6726131439209,0.0,0.0,0.9553096890449524
3002,260.08910016226173,-5.5804901123046875,0.0,0.0,0.9552230834960938
3003,283.93276692676045,12.600266456604004,0.0,0.0,0.95517897605896
3004,263.45874658965886,0.5883703231811523,0.0,0.0,0.9551402926445007
3005,251.92750491059857,5.000043869018555,0.0,0.0,0.9551137089729309
3006,250.980131510461,-6.977060317993164,0.0,0.0,0.9550754427909851
3007,264.8850083020501,10.515504837036133,0.0,0.0,0.9550564885139465
3008,233.60911697307978,29.64427375793457,0.0,0.0,0.9551010131835938
3009,282.0894412007921,-17.31838607788086,0.0,0.0,0.9551162719726562
3010,259.87061075080396,17.4711971282959,0.0,0.0,0.9551565051078796
3011,236.55828069925448,0.3283395767211914,0.0,0.0,0.9551934599876404
3012,258.3273349382128,14.450807571411133,0.0,0.0,0.9552591443061829
3013,273.3010286942075,-12.195355415344238,0.0,0.0,0.9552982449531555
3014,223.42702595943987,12.676362991333008,0.0,0.0,0.9553518295288086
3015,279.1460990582527,-1.9442238807678223,0.0,0.0,0.9553959965705872
3016,247.1903699624981,2.0999417304992676,0.0,0.0,0.955441951751709
3017,273.61162865730904,4.04429292678833,0.0,0.0,0.9554924964904785
3018,249.10908180095137,-7.845764636993408,0.0,0.0,0.9555294513702393
3019,200.86929310048112,8.19174575805664,0.0,0.0,0.9555873870849609
3020,260.0521405896875,4.165295600891113,0.0,0.0,0.955650269985199
3021,286.12720733035314,0.720095157623291,0.0,0.0,0.9557082056999207
3022,267.71451243576996,-17.463478088378906,0.0,0.0,0.9557352066040039
3023,267.5132758193403,12.930922508239746,0.0,0.0,0.9557803273200989
3024,266.982029873399,-5.096619129180908,0.0,0.0,0.9558090567588806
3025,274.82287977981866,10.892066955566406,0.0,0.0,0.955862283706665
3026,152.33103211285598,14.603019714355469,0.0,0.0,0.9559736251831055
3027,295.5941344015034,36.34751892089844,0.0,0.0,0.9561629891395569
3028,268.77103462773346,29.170907974243164,0.0,0.0,0.9563924670219421
3029,291.3006710708537,-0.8098742961883545,0.0,0.0,0.9565965533256531
3030,278.06669035427444,-6.900452136993408,0.0,0.0,0.9567616581916809
3031,315.3687631611561,-9.593914985656738,0.0,0.0,0.9568943977355957
3032,251.7519905951717,-18.063064575195312,0.0,0.0,0.9569684863090515
3033,271.6341917336331,16.089494705200195,0.0,0.0,0.9570611119270325
3034,279.51908111644644,-26.578411102294922,0.0,0.0,0.9570948481559753
3035,281.46726874689364,21.757221221923828,0.0,0.0,0.9571669697761536
3036,295.83439127361805,-4.099910259246826,0.0,0.0,0.957219123840332
3037,260.531246238871,-20.897045135498047,0.0,0.0,0.9572275280952454
3038,86.1890969513132,-10.456816673278809,0.0,0.0,0.957177460193634
3039,265.5082318388766,-17.7895565032959,0.0,0.0,0.9570963978767395
3040,274.5477446391617,11.356443405151367,0.0,0.0,0.9570515751838684
3041,286.9897790457544,-17.179609298706055,0.0,0.0,0.9569934010505676
3042,270.10636041283624,-3.8746931552886963,0.0,0.0,0.9569323062896729
3043,273.09612164768964,10.307014465332031,0.0,0.0,0.9568986892700195
3044,316.6022428303595,-2.277459144592285,0.0,0.0,0.9568643569946289
3045,270.4276265275847,-3.2561488151550293,0.0,0.0,0.9568269848823547
3046,258.09172093288566,16.566368103027344,0.0,0.0,0.956831157207489
3047,270.8425175133695,-15.668400764465332,0.0,0.0,0.9567906260490417
3048,263.61140888182535,3.07564640045166,0.0,0.0,0.9567587971687317
3049,271.262490564185,-6.9118266105651855,0.0,0.0,0.9567205309867859
3050,292.74099347355894,-3.989917755126953,0.0,0.0,0.956676721572876
3051,293.4954801673644,-5.033757209777832,0.0,0.0,0.956617534160614
3052,279.0898736605731,7.4521589279174805,0.0,0.0,0.9565847516059875
3053,279.41808251146034,1.8992669582366943,0.0,0.0,0.9565601348876953
3054,269.79645825862093,-8.973937034606934,0.0,0.0,0.9565238356590271
3055,298.84868634041425,17.81842613220215,0.0,0.0,0.9565092921257019
3056,302.2314593759274,-10.514617919921875,0.0,0.0,0.9564776420593262
3057,284.87895063927635,-16.173425674438477,0.0,0.0,0.956407368183136
3058,281.9118277626927,2.6099443435668945,0.0,0.0,0.9563490748405457
3059,294.1528687030893,21.552392959594727,0.0,0.0,0.9563184380531311
3060,281.1701730604165,-44.9071044921875,0.0,0.0,0.9561735987663269
3061,288.2088108057076,8.988531112670898,0.0,0.0,0.9560623168945312
3062,281.5120706407761,-0.8457784652709961,0.0,0.0,0.9559605717658997
3063,271.05505651669256,-1.8271429538726807,0.0,0.0,0.9558637738227844
3064,275.79810630144783,3.7620887756347656,0.0,0.0,0.9557868838310242
3065,288.6856387714943,1.9853019714355469,0.0,0.0,0.9557217955589294
3066,297.3868823878906,-15.6986083984375,0.0,0.0,0.9556267857551575
3067,246.56043422761886,-8.644050598144531,0.0,0.0,0.9555190205574036
3068,296.5327555137395,-5.45894193649292,0.0,0.0,0.9554076790809631
3069,274.3432249899812,-8.265443801879883,0.0,0.0,0.9552884697914124
3070,281.4561646220126,-7.3727240562438965,0.0,0.0,0.9551699757575989
3071,280.2922969103722,14.952404975891113,0.0,0.0,0.9550881385803223
3072,260.5335388370382,-17.309078216552734,0.0,0.0,0.954995334148407
3073,303.25390615200087,-3.201022148132324,0.0,0.0,0.9549088478088379
3074,292.1346005205102,30.884857177734375,0.0,0.0,0.9548826217651367
3075,298.31625599168166,2.656172275543213,0.0,0.0,0.954861581325531
3076,314.36102048626407,-12.642182350158691,0.0,0.0,0.954818069934845
3077,287.84235502750676,-20.037391662597656,0.0,0.0,0.9547292590141296
3078,289.51903484581857,-0.6488006114959717,0.0,0.0,0.9546477794647217
3079,265.14123706462436,-18.668659210205078,0.0,0.0,0.9545466303825378
3080,296.74438518403144,14.952864646911621,0.0,0.0,0.9544938206672668
3081,304.42490678612734,10.524798393249512,0.0,0.0,0.9544699788093567
3082,277.31833225989453,-17.14739418029785,0.0,0.0,0.9544208645820618
3083,304.29692733322315,21.500160217285156,0.0,0.0,0.9544315338134766
3084,236.46783386850663,-8.59573745727539,0.0,0.0,0.9544255137443542
3085,264.46221152807885,-2.70704984664917,0.0,0.0,0.9544171690940857
3086,234.54396398005855,0.18053817749023438,0.0,0.0,0.9544103741645813
3087,282.97726109433376,-20.639678955078125,0.0,0.0,0.954380214214325
3088,253.57993637956199,23.963443756103516,0.0,0.0,0.9544001221656799
3089,295.2675782667202,0.5445294380187988,0.0,0.0,0.954417884349823
3090,296.65156556451376,-7.976191520690918,0.0,0.0,0.9544215798377991
3091,276.8053247592579,3.595766067504883,0.0,0.0,0.9544334411621094
3092,286.0644274128154,-15.70250129699707,0.0,0.0,0.9544253945350647
3093,294.52664721384036,-14.37295150756836,0.0,0.0,0.9544046521186829
3094,279.8668154614542,2.382579803466797,0.0,0.0,0.9543889164924622
3095,270.33352463429594,-13.15208625793457,0.0,0.0,0.9543371796607971
3096,282.4382655872907,8.296865463256836,0.0,0.0,0.9543105959892273
3097,260.4779079367142,-0.1830449104309082,0.0,0.0,0.9542856216430664
3098,270.976726653336,-14.863035202026367,0.0,0.0,0.9542398452758789
3099,296.10708185340525,8.783490180969238,0.0,0.0,0.954212486743927
3100,284.9005490849452,15.848406791687012,0.0,0.0,0.9542080760002136
3101,290.45290212813353,-18.18185043334961,0.0,0.0,0.9541773200035095
3102,293.9440318967172,-12.598358154296875,0.0,0.0,0.9541268348693848
3103,299.24930611558057,7.892877101898193,0.0,0.0,0.9540937542915344
3104,311.4364035856716,21.76645278930664,0.0,0.0,0.9541097283363342
3105,299.45928047842966,4.425910949707031,0.0,0.0,0.9541346430778503
3106,295.585522735104,2.1706905364990234,0.0,0.0,0.9541619420051575
3107,271.6634693559668,7.19057559967041,0.0,0.0,0.9541952013969421
3108,278.4014234765133,-4.400581359863281,0.0,0.0,0.9542182087898254
3109,324.24345581675846,-6.107908248901367,0.0,0.0,0.9542319774627686
3110,296.1437350535243,7.886444568634033,0.0,0.0,0.9542658925056458
3111,280.1524368161262,-22.36066436767578,0.0,0.0,0.9542601108551025
3112,305.03645056438216,3.8131613731384277,0.0,0.0,0.9542655944824219
3113,268.99170429828047,4.839446067810059,0.0,0.0,0.9542781710624695
3114,303.78858657858945,-4.233433723449707,0.0,0.0,0.954278290271759
3115,313.47387706267216,-7.808828353881836,0.0,0.0,0.9542557597160339
3116,312.72959852980574,-4.7730255126953125,0.0,0.0,0.9542243480682373
3117,314.17051010724094,-16.718915939331055,0.0,0.0,0.9541565775871277
3118,326.936365652573,-1.9746170043945312,0.0,0.0,0.9540902972221375
3119,290.758295200515,-0.7500419616699219,0.0,0.0,0.9540253281593323
3120,314.8195142135271,2.512125015258789,0.0,0.0,0.9539729952812195
3121,329.058242389418,33.21981430053711,0.0,0.0,0.9539828896522522
3122,308.6822511552808,-6.948123455047607,0.0,0.0,0.9539831280708313
3123,323.55025504003817,-14.52231216430664,0.0,0.0,0.9539472460746765
3124,329.7080481413686,-18.024343490600586,0.0,0.0,0.9538719058036804
3125,342.88289582028983,10.802255630493164,0.0,0.0,0.9538300633430481
3126,315.6004852991696,-31.025636672973633,0.0,0.0,0.9537263512611389
3127,345.78147200612443,1.3101844787597656,0.0,0.0,0.953636646270752
3128,303.0750345827728,-16.879697799682617,0.0,0.0,0.9535300135612488
3129,320.96595937743416,-9.369982719421387,0.0,0.0,0.9534168839454651
3130,293.95273233639915,10.942669868469238,0.0,0.0,0.9533513188362122
3131,330.3716294602916,-18.196792602539062,0.0,0.0,0.9532670974731445
3132,296.40224967837474,-6.147724151611328,0.0,0.0,0.953179657459259
3133,313.18532081039797,-16.271465301513672,0.0,0.0,0.9530639052391052
3134,323.6443830200746,-15.759040832519531,0.0,0.0,0.9529300332069397
3135,308.21444246613214,-20.006250381469727,0.0,0.0,0.9527702331542969
3136,316.1469720664669,-7.790484428405762,0.0,0.0,0.9526122212409973
3137,335.05716888248713,-4.583682537078857,0.0,0.0,0.9524614214897156
3138,301.18199834298434,2.62241268157959,0.0,0.0,0.9523302912712097
3139,321.5004972996175,5.47225284576416,0.0,0.0,0.9522208571434021
3140,280.95143678463154,12.064961433410645,0.0,0.0,0.952139675617218
3141,302.0052070359479,2.688967227935791,0.0,0.0,0.9520705342292786
3142,332.295664661375,-7.258248329162598,0.0,0.0,0.9519826769828796
3143,262.0358915535907,6.865645408630371,0.0,0.0,0.9519212245941162
3144,307.89430120230713,-14.925825119018555,0.0,0.0,0.9518416523933411
3145,271.40592786036694,-0.08911299705505371,0.0,0.0,0.9517698287963867
3146,312.2321036975299,8.214658737182617,0.0,0.0,0.9517264366149902
3147,270.67275604188364,19.254270553588867,0.0,0.0,0.9517335891723633
3148,303.3639245773182,-5.668489933013916,0.0,0.0,0.9517254829406738
3149,313.4153968302736,20.592798233032227,0.0,0.0,0.9517691731452942
3150,275.141685493491,3.806532382965088,0.0,0.0,0.9518195986747742
3151,307.1854288970091,-6.647121429443359,0.0,0.0,0.9518520832061768
3152,268.26575028544215,6.868141174316406,0.0,0.0,0.9519004225730896
3153,305.0114868325204,-5.616227149963379,0.0,0.0,0.9519307613372803
3154,304.9643849600732,-12.227514266967773,0.0,0.0,0.9519146084785461
3155,264.19136171817445,2.0099449157714844,0.0,0.0,0.9519047141075134
3156,275.46592936517806,-5.144493103027344,0.0,0.0,0.9518880844116211
3157,237.93798459673948,3.3905723094940186,0.0,0.0,0.9518817067146301
3158,269.8181306997275,0.4441666603088379,0.0,0.0,0.951878547668457
3159,276.8508091659551,-16.542543411254883,0.0,0.0,0.9518396258354187
3160,275.0440818972813,9.485302925109863,0.0,0.0,0.951821506023407
3161,299.80662951480565,-6.322113037109375,0.0,0.0,0.9517856240272522
3162,287.00547379572464,18.026046752929688,0.0,0.0,0.951805830001831
3163,321.6330506948858,-2.5443897247314453,0.0,0.0,0.9518173336982727
3164,316.14261751782846,-12.552803039550781,0.0,0.0,0.9517932534217834
3165,272.34432698232035,-2.3593006134033203,0.0,0.0,0.9517671465873718
3166,337.07320422174416,-6.090705871582031,0.0,0.0,0.9517292380332947
3167,315.4029826680266,16.028339385986328,0.0,0.0,0.9517332911491394
3168,294.44129043428717,19.388137817382812,0.0,0.0,0.9517960548400879
3169,324.7660219866006,6.091718673706055,0.0,0.0,0.9518685340881348
3170,279.75030929031186,-16.54152488708496,0.0,0.0,0.9518861770629883
3171,301.7816794013505,-19.46649169921875,0.0,0.0,0.951860249042511
3172,283.44076653216086,10.606122970581055,0.0,0.0,0.9518551826477051
3173,299.32602580853046,-3.459904193878174,0.0,0.0,0.9518420100212097
3174,272.2686743605905,-5.182211875915527,0.0,0.0,0.951815128326416
3175,234.26082854933128,-0.3686094284057617,0.0,0.0,0.9517888426780701
3176,323.56451165928047,-18.94215202331543,0.0,0.0,0.9517022967338562
3177,297.3563958590276,19.3172607421875,0.0,0.0,0.9516642689704895
3178,292.3593977842545,27.108165740966797,0.0,0.0,0.9516800045967102
3179,342.78382336836466,-2.372743606567383,0.0,0.0,0.9516879916191101
3180,334.4742820183905,9.946877479553223,0.0,0.0,0.9517168998718262
3181,314.7844017303437,-13.66849136352539,0.0,0.0,0.9517092108726501
3182,292.6180035666372,-19.137495040893555,0.0,0.0,0.9516687393188477
3183,299.89373745046106,-3.334493637084961,0.0,0.0,0.9516279101371765
3184,303.38910636368405,14.275734901428223,0.0,0.0,0.9516270756721497
3185,324.8889995625803,-38.94319534301758,0.0,0.0,0.9515388607978821
3186,319.77549897957726,3.7680091857910156,0.0,0.0,0.9514675140380859
3187,327.68253098989703,15.978767395019531,0.0,0.0,0.9514379501342773
3188,298.86044608311937,3.531264305114746,0.0,0.0,0.9514204859733582
3189,336.3861413656275,-16.51428985595703,0.0,0.0,0.9513545036315918
3190,323.2623106036809,28.74077606201172,0.0,0.0,0.9513726830482483
3191,325.90887900366255,5.791735649108887,0.0,0.0,0.9513993263244629
3192,328.6347929305482,-2.0847668647766113,0.0,0.0,0.9514176249504089
3193,345.83134220159127,12.216018676757812,0.0,0.0,0.9514651298522949
3194,334.710296645626,4.787755489349365,0.0,0.0,0.9515172839164734
3195,343.7468557734028,2.0439133644104004,0.0,0.0,0.9515672326087952
3196,325.70009257340166,7.311233043670654,0.0,0.0,0.9516339302062988
3197,329.06843667084723,-19.56705665588379,0.0,0.0,0.951655387878418
3198,339.62118650802836,5.499177932739258,0.0,0.0,0.9516938328742981
3199,314.13104307405064,11.326534271240234,0.0,0.0,0.9517550468444824
3200,299.58807038282265,8.252665519714355,0.0,0.0,0.9518189430236816
3201,330.93448952044054,9.238040924072266,0.0,0.0,0.9518974423408508
3202,337.45050521273174,6.9161577224731445,0.0,0.0,0.9519780278205872
3203,351.05704410229447,8.833769798278809,0.0,0.0,0.9520833492279053
3204,309.2779901778063,-1.4147343635559082,0.0,0.0,0.9521756172180176
3205,331.13643798824893,5.242307662963867,0.0,0.0,0.9522684216499329
3206,342.89622842369937,-3.460068702697754,0.0,0.0,0.9523444175720215
3207,336.0953136759421,-7.132092475891113,0.0,0.0,0.9524025321006775
3208,313.26534309225127,13.797633171081543,0.0,0.0,0.952487051486969
3209,339.7031901610792,-5.562129497528076,0.0,0.0,0.9525517821311951
3210,344.87507271346215,-16.307294845581055,0.0,0.0,0.9525749683380127
3211,329.5666077829451,17.855178833007812,0.0,0.0,0.952630341053009
3212,347.0093918445958,9.882767677307129,0.0,0.0,0.9527010917663574
3213,329.3567835251552,-4.929844856262207,0.0,0.0,0.9527549743652344
3214,373.4420762686181,-4.810766220092773,0.0,0.0,0.9527896046638489
3215,340.6923260097861,-13.233253479003906,0.0,0.0,0.9527834057807922
3216,281.4164890728518,24.82787322998047,0.0,0.0,0.9528489112854004
3217,349.96426636012757,-31.753726959228516,0.0,0.0,0.9528509974479675
3218,320.2793601602852,-0.06199502944946289,0.0,0.0,0.952853262424469
3219,316.8801596933119,2.192819595336914,0.0,0.0,0.9528608322143555
3220,331.16978019516256,-7.572470664978027,0.0,0.0,0.9528487324714661
3221,352.1255527450551,12.623594284057617,0.0,0.0,0.9528799057006836
3222,341.9928728651977,6.613525867462158,0.0,0.0,0.9529213905334473
3223,266.5354067350288,-1.528407335281372,0.0,0.0,0.9529557228088379
3224,355.40234771241086,15.989853858947754,0.0,0.0,0.953019917011261
3225,327.9740309858145,20.708606719970703,0.0,0.0,0.9531357884407043
3226,362.9530113035066,-8.42096996307373,0.0,0.0,0.9532224535942078
3227,339.1941585104299,13.471647262573242,0.0,0.0,0.953346312046051
3228,352.0907307625122,0.1338672637939453,0.0,0.0,0.9534584879875183
3229,362.668648472061,13.931079864501953,0.0,0.0,0.9535929560661316
3230,367.07149090282104,3.518425464630127,0.0,0.0,0.9537229537963867
3231,330.7104774824483,0.8740949630737305,0.0,0.0,0.9538430571556091
3232,360.1568511697441,-15.959916114807129,0.0,0.0,0.9539071917533875
3233,224.27465020253862,-8.53148365020752,0.0,0.0,0.9539420008659363
3234,318.8416131699232,-3.61519718170166,0.0,0.0,0.9539627432823181
3235,334.30984126608206,2.9554758071899414,0.0,0.0,0.9539856314659119
3236,341.9044461951708,-4.583024978637695,0.0,0.0,0.9539950489997864
3237,277.576716310559,12.51319408416748,0.0,0.0,0.9540260434150696
3238,332.44613822624456,-3.2526493072509766,0.0,0.0,0.954047679901123
3239,334.25179438195545,9.701191902160645,0.0,0.0,0.9540855288505554
3240,312.4193459027749,-1.5787181854248047,0.0,0.0,0.9541156888008118
3241,331.41866581526773,-15.502193450927734,0.0,0.0,0.9541072249412537
3242,335.4401510807564,4.707204818725586,0.0,0.0,0.9541155695915222
3243,325.72947446634765,-29.629505157470703,0.0,0.0,0.9540719985961914
3244,327.3907926683345,2.482499122619629,0.0,0.0,0.95403653383255
3245,338.8322091332733,1.582998275756836,0.0,0.0,0.9540081024169922
3246,330.00615269815114,-11.947214126586914,0.0,0.0,0.9539563059806824
3247,351.67411356552674,-11.819103240966797,0.0,0.0,0.953866183757782
3248,330.4906404034111,12.087393760681152,0.0,0.0,0.9538066387176514
3249,301.0310717957226,8.548229217529297,0.0,0.0,0.953765869140625
3250,332.76682186506,23.874164581298828,0.0,0.0,0.9537610411643982
3251,325.8711175206009,-0.22161054611206055,0.0,0.0,0.9537577629089355
3252,325.06022082887245,-7.737660884857178,0.0,0.0,0.953735888004303
3253,384.8347416137413,21.624122619628906,0.0,0.0,0.9537663459777832
3254,380.14488731684304,-1.5504112243652344,0.0,0.0,0.9537897109985352
3255,279.4170265841604,5.673154830932617,0.0,0.0,0.9538320899009705
3256,320.1143084364564,13.178035736083984,0.0,0.0,0.9538952708244324
3257,334.4314666746172,13.369739532470703,0.0,0.0,0.9539856910705566
3258,307.74508675171853,7.442695617675781,0.0,0.0,0.95408695936203
3259,349.46093738714643,-18.019824981689453,0.0,0.0,0.9541395306587219
3260,300.98814927318307,-14.641496658325195,0.0,0.0,0.9541506767272949
3261,305.43144863618915,-24.547412872314453,0.0,0.0,0.9541111588478088
3262,306.2565524813287,19.808195114135742,0.0,0.0,0.9541231989860535
3263,361.20149043713116,-2.358473777770996,0.0,0.0,0.9541301131248474
3264,374.7356063252649,7.660362243652344,0.0,0.0,0.9541541934013367
3265,305.85472903541205,-10.726452827453613,0.0,0.0,0.9541590809822083
3266,330.3428024308867,-1.3345990180969238,0.0,0.0,0.9541590809822083
3267,339.6122335859224,-14.510290145874023,0.0,0.0,0.9541264176368713
3268,306.1982130990742,-6.403816223144531,0.0,0.0,0.9540813565254211
3269,291.05785976618245,3.9351706504821777,0.0,0.0,0.9540503621101379
3270,320.79009161302935,-5.383620738983154,0.0,0.0,0.9540058970451355
3271,366.42823912661476,-2.9780468940734863,0.0,0.0,0.9539613127708435
3272,298.9324051293524,-7.667762756347656,0.0,0.0,0.9539059996604919
3273,366.7779485510893,22.211090087890625,0.0,0.0,0.9538969993591309
3274,324.87197629495614,8.793716430664062,0.0,0.0,0.9539129137992859
3275,340.51562912644346,12.98963737487793,0.0,0.0,0.9539499878883362
3276,344.3819827306076,-4.960261821746826,0.0,0.0,0.9539728164672852
3277,341.12294211706535,-0.4499199390411377,0.0,0.0,0.9539925456047058
3278,313.60313082717875,11.95511245727539,0.0,0.0,0.9540362358093262
3279,296.37826446816484,5.321384906768799,0.0,0.0,0.954092264175415
3280,372.4533296075285,-12.86048698425293,0.0,0.0,0.9541187286376953
3281,269.7406132621399,-4.309008598327637,0.0,0.0,0.9541317820549011
3282,313.44718826835253,-4.316864013671875,0.0,0.0,0.9541339874267578
3283,375.10610458795037,-18.9874324798584,0.0,0.0,0.9540899395942688
3284,395.17319951905483,-0.29362916946411133,0.0,0.0,0.9540479779243469
3285,307.20913684617386,5.069915771484375,0.0,0.0,0.9540206789970398
3286,361.60482816412326,-33.553165435791016,0.0,0.0,0.9539117813110352
3287,362.7524540310458,14.718679428100586,0.0,0.0,0.9538545608520508
3288,362.9279953706337,19.171878814697266,0.0,0.0,0.9538351893424988
3289,346.85733716031183,4.069767475128174,0.0,0.0,0.9538243412971497
3290,318.8630168239101,-25.86043930053711,0.0,0.0,0.9537389874458313
3291,349.0262679338768,-4.179355144500732,0.0,0.0,0.9536536335945129
3292,388.9694947615141,7.408720016479492,0.0,0.0,0.9535920023918152
3293,300.0826259840069,-14.2816743850708,0.0,0.0,0.9534880518913269
3294,370.80716237639075,-9.74361801147461,0.0,0.0,0.9533757567405701
3295,329.29516825658163,9.874052047729492,0.0,0.0,0.9533049464225769
3296,302.6791743767697,1.7883038520812988,0.0,0.0,0.9532439112663269
3297,388.2116876375985,-2.508896827697754,0.0,0.0,0.9531831741333008
3298,345.10827399935715,-10.602574348449707,0.0,0.0,0.9531074166297913
3299,342.6775988557519,-18.912206649780273,0.0,0.0,0.952985942363739
3300,338.74581896411433,2.506587028503418,0.0,0.0,0.9528816342353821
3301,323.46403917257044,16.37956428527832,0.0,0.0,0.9528215527534485
3302,336.9817007081864,-15.002050399780273,0.0,0.0,0.9527389407157898
3303,360.3098787893125,23.783159255981445,0.0,0.0,0.9527313709259033
3304,331.8199457630716,-15.045108795166016,0.0,0.0,0.9526955485343933
3305,381.1644845721075,5.972751140594482,0.0,0.0,0.9526762962341309
3306,355.51555730453424,-16.083141326904297,0.0,0.0,0.9526340365409851
3307,374.37329511399867,-1.7624073028564453,0.0,0.0,0.9525931477546692
3308,375.0415592328591,-8.088603973388672,0.0,0.0,0.9525410532951355
3309,344.59207583657405,5.7209320068359375,0.0,0.0,0.9525168538093567
3310,362.2260785157256,-11.609588623046875,0.0,0.0,0.9524795413017273
3311,327.7801802666371,-29.930130004882812,0.0,0.0,0.9524057507514954
3312,341.5947187748507,-24.059471130371094,0.0,0.0,0.9523077011108398
3313,329.51348866050944,-16.5648193359375,0.0,0.0,0.9521887898445129
3314,333.01247297020836,-9.986385345458984,0.0,0.0,0.9520499110221863
3315,352.52814936308204,-14.208673477172852,0.0,0.0,0.9518928527832031
3316,332.3103458864169,15.045341491699219,0.0,0.0,0.9517953395843506
3317,335.0748423559099,-12.047320365905762,0.0,0.0,0.951682984828949
3318,307.68122359241164,14.196089744567871,0.0,0.0,0.9516128897666931
3319,324.3586142936346,4.588588714599609,0.0,0.0,0.9515611529350281
3320,358.9626407186071,-20.1337947845459,0.0,0.0,0.95146244764328
3321,319.5562865287759,3.0501909255981445,0.0,0.0,0.9513797163963318
3322,340.43572579093023,-1.7648134231567383,0.0,0.0,0.9513031840324402
3323,347.4298969532472,0.9523849487304688,0.0,0.0,0.9512357711791992
3324,285.78343632950936,-8.405279159545898,0.0,0.0,0.9511561393737793
3325,332.4812791625768,-2.5062689781188965,0.0,0.0,0.9510784149169922
3326,283.7029498987317,-19.114665985107422,0.0,0.0,0.950971782207489
3327,363.1255059253944,7.4807586669921875,0.0,0.0,0.950894832611084
3328,323.522981207607,-12.419126510620117,0.0,0.0,0.9508013129234314
3329,346.7760284245977,2.7929601669311523,0.0,0.0,0.9507210850715637
3330,340.883853092724,8.385562896728516,0.0,0.0,0.9506607055664062
3331,318.03315819018616,-5.442099094390869,0.0,0.0,0.9505941271781921
3332,350.512672713179,-16.420791625976562,0.0,0.0,0.9504798054695129
3333,350.6480760888216,-0.28785133361816406,0.0,0.0,0.9503774642944336
3334,320.649918383421,0.9583368301391602,0.0,0.0,0.9502861499786377
3335,306.8241944478028,15.944734573364258,0.0,0.0,0.9502385258674622
3336,347.6205611947202,0.23988676071166992,0.0,0.0,0.9501970410346985
3337,337.6056115962183,-28.73934555053711,0.0,0.0,0.9501031041145325
3338,330.246153718185,15.188718795776367,0.0,0.0,0.9500477313995361
3339,274.57023414359026,-2.590015411376953,0.0,0.0,0.9499929547309875
3340,267.7137548977099,-8.198307991027832,0.0,0.0,0.9499318599700928
3341,343.7963590308002,25.4606876373291,0.0,0.0,0.9499120712280273
3342,336.52262684838195,10.755430221557617,0.0,0.0,0.9499285817146301
3343,320.87998663747584,37.899417877197266,0.0,0.0,0.9500303268432617
3344,322.14791860458894,15.970787048339844,0.0,0.0,0.950157642364502
3345,333.86262859908015,-3.2673583030700684,0.0,0.0,0.9502673149108887
3346,336.63505797904435,0.9420366287231445,0.0,0.0,0.9503667950630188
3347,318.1288272479551,20.188064575195312,0.0,0.0,0.9505226016044617
3348,315.8698841107739,2.1526637077331543,0.0,0.0,0.9506672024726868
3349,313.8186815927071,-10.72980785369873,0.0,0.0,0.9507786631584167
3350,348.5506423862284,-13.608631134033203,0.0,0.0,0.9508536458015442
3351,355.704580093981,-23.598867416381836,0.0,0.0,0.9508722424507141
3352,327.4913260659852,13.016605377197266,0.0,0.0,0.9509077072143555
3353,331.90645730578325,18.595075607299805,0.0,0.0,0.950977087020874
3354,331.0570476485202,1.1274113655090332,0.0,0.0,0.9510421752929688
3355,94.94742008354365,0.22864151000976562,0.0,0.0,0.9511011242866516
3356,341.8524184512392,14.104866981506348,0.0,0.0,0.9511892199516296
3357,334.2365965630463,12.39560317993164,0.0,0.0,0.9513084292411804
3358,324.6609182775572,-10.966447830200195,0.0,0.0,0.9513881802558899
3359,341.19588605312435,-0.9389395713806152,0.0,0.0,0.9514577984809875
3360,319.1240990943137,14.341506958007812,0.0,0.0,0.951558530330658
3361,314.9583630151111,-16.395965576171875,0.0,0.0,0.9516093134880066
3362,335.1365158342602,-0.300778865814209,0.0,0.0,0.9516547322273254
3363,315.4610227999305,32.92898941040039,0.0,0.0,0.9517922401428223
3364,294.37998162707936,11.424765586853027,0.0,0.0,0.9519384503364563
3365,114.02282367457111,-27.959505081176758,0.0,0.0,0.9520090222358704
3366,331.37513198579273,16.31973648071289,0.0,0.0,0.952127993106842
3367,322.2756553148213,15.771888732910156,0.0,0.0,0.9522597193717957
3368,322.8896848495233,-4.303983211517334,0.0,0.0,0.952366292476654
3369,317.972514590024,21.124027252197266,0.0,0.0,0.9525172114372253
3370,333.64305342719075,4.275122165679932,0.0,0.0,0.9526612162590027
3371,330.4773990088791,12.014732360839844,0.0,0.0,0.9528147578239441
3372,324.87146426023804,12.707386016845703,0.0,0.0,0.9529755711555481
3373,323.65703580042685,0.773583173751831,0.0,0.0,0.9531221389770508
3374,317.8500048898379,-6.552098751068115,0.0,0.0,0.9532380104064941
3375,329.2890878312899,-25.468624114990234,0.0,0.0,0.9532701373100281
3376,321.6432494151855,16.404298782348633,0.0,0.0,0.9533390402793884
3377,349.312916235982,-26.47620964050293,0.0,0.0,0.9533610939979553
3378,348.15858506128416,-21.2161865234375,0.0,0.0,0.9533247351646423
3379,329.49519004107884,14.869682312011719,0.0,0.0,0.9533300399780273
3380,356.0595627920597,-1.275106430053711,0.0,0.0,0.9533329606056213
3381,294.6702704170366,-23.176925659179688,0.0,0.0,0.9532921314239502
3382,306.13961325828706,-12.487702369689941,0.0,0.0,0.9532273411750793
3383,344.56800490972597,-4.011112213134766,0.0,0.0,0.9531612396240234
3384,315.45048908674767,-21.49120330810547,0.0,0.0,0.9530518651008606
3385,327.0869674749419,-9.24447250366211,0.0,0.0,0.9529317021369934
3386,286.3706474448634,-11.3848876953125,0.0,0.0,0.9527905583381653
3387,302.43090703115627,-13.173118591308594,0.0,0.0,0.9526352882385254
3388,326.0848549479636,-5.59042501449585,0.0,0.0,0.952482283115387
3389,311.99610733605044,10.330159187316895,0.0,0.0,0.9523621201515198
3390,323.4917495612912,9.047855377197266,0.0,0.0,0.9522721767425537
3391,309.21567806907774,34.27397537231445,0.0,0.0,0.9522688984870911
3392,282.8867025639969,-2.250753879547119,0.0,0.0,0.9522624015808105
3393,343.17970275089317,-4.118318557739258,0.0,0.0,0.9522420763969421
3394,353.4594813111956,7.876932144165039,0.0,0.0,0.9522519111633301
3395,340.4158030082718,16.91767120361328,0.0,0.0,0.9522934556007385
3396,309.8108165848892,3.655611038208008,0.0,0.0,0.9523397088050842
3397,331.06351951201333,-7.564938545227051,0.0,0.0,0.9523651003837585
3398,290.25652166602754,-3.078583002090454,0.0,0.0,0.9523804783821106
3399,301.90335967363154,-5.053463459014893,0.0,0.0,0.9523847699165344
3400,324.5032386174904,-2.639875888824463,0.0,0.0,0.9523834586143494
3401,310.58414572823096,-40.18339157104492,0.0,0.0,0.9523026347160339
3402,301.3316049025896,-5.456465721130371,0.0,0.0,0.952214241027832
3403,342.71988312375527,-12.322125434875488,0.0,0.0,0.9521101117134094
3404,310.4236723659437,0.48958396911621094,0.0,0.0,0.9520173668861389
3405,299.2952914499481,15.472525596618652,0.0,0.0,0.951983630657196
3406,294.46635962353014,6.557893753051758,0.0,0.0,0.9519703984260559
3407,311.9635135153814,2.639050006866455,0.0,0.0,0.95196133852005
3408,339.6902812792175,-39.21154022216797,0.0,0.0,0.9518914222717285
3409,319.89806981536384,-10.542463302612305,0.0,0.0,0.9518072605133057
3410,311.87826902777164,20.839195251464844,0.0,0.0,0.9517809748649597
3411,277.9418096756456,7.200291633605957,0.0,0.0,0.9517728686332703
3412,299.4478398897279,-6.814886569976807,0.0,0.0,0.9517503380775452
3413,322.92564033124904,8.098054885864258,0.0,0.0,0.9517431259155273
3414,329.84020076020727,4.718260288238525,0.0,0.0,0.951744556427002
3415,318.03629909812247,-30.157649993896484,0.0,0.0,0.9517016410827637
3416,325.89623941600826,-3.938897132873535,0.0,0.0,0.9516538977622986
3417,302.14313219395547,-1.7358932495117188,0.0,0.0,0.9516069889068604
3418,310.4641596886503,-9.920116424560547,0.0,0.0,0.9515435099601746
3419,317.799561254844,15.249826431274414,0.0,0.0,0.9515320658683777
3420,328.39001107458677,-5.8264007568359375,0.0,0.0,0.9515106081962585
3421,310.82190252721335,-3.339169502258301,0.0,0.0,0.9514846205711365
3422,328.46502319848565,-6.729275703430176,0.0,0.0,0.9514486193656921
3423,331.40683318439494,-23.928661346435547,0.0,0.0,0.9513683319091797
3424,312.7785113075948,-5.472219944000244,0.0,0.0,0.9512861371040344
3425,330.3674829044162,20.997739791870117,0.0,0.0,0.9512609839439392
3426,308.17103428638853,-23.54323387145996,0.0,0.0,0.9511939883232117
3427,321.5237005397124,-4.895989418029785,0.0,0.0,0.9511253237724304
3428,310.106955539632,14.933126449584961,0.0,0.0,0.9510993361473083
3429,317.20679222949235,16.57950210571289,0.0,0.0,0.9511184692382812
3430,331.7662209620624,7.655710220336914,0.0,0.0,0.9511529803276062
3431,312.41863107774475,-1.7471375465393066,0.0,0.0,0.9511811137199402
3432,297.6260258963789,-16.385229110717773,0.0,0.0,0.9511777758598328
3433,319.40589596561296,15.334358215332031,0.0,0.0,0.9512006640434265
3434,334.1783764681851,3.6228532791137695,0.0,0.0,0.9512267112731934
3435,301.1643285423325,-6.457831859588623,0.0,0.0,0.9512395858764648
3436,311.76576021671144,1.897667407989502,0.0,0.0,0.9512547850608826
3437,295.78596690680655,-2.0360841751098633,0.0,0.0,0.9512656331062317
3438,330.57121696729416,13.138285636901855,0.0,0.0,0.951309859752655
3439,314.8023500798684,7.047842025756836,0.0,0.0,0.9513675570487976
3440,291.57552330359806,-3.838548183441162,0.0,0.0,0.951409637928009
3441,306.91379994248985,-17.845169067382812,0.0,0.0,0.9514101147651672
3442,314.77310799770373,20.406993865966797,0.0,0.0,0.9514579772949219
3443,313.27173795389746,-3.256129264831543,0.0,0.0,0.9514896869659424
3444,314.9119430698416,-3.39583683013916,0.0,0.0,0.9515096545219421
3445,314.70280936763396,-1.3741040229797363,0.0,0.0,0.951524555683136
3446,298.60686671777546,13.373886108398438,0.0,0.0,0.95156329870224
3447,314.19102393210665,13.671731948852539,0.0,0.0,0.951632022857666
3448,303.8165888714629,-8.04481029510498,0.0,0.0,0.9516738057136536
3449,317.98969160123306,-0.35044050216674805,0.0,0.0,0.9517107605934143
3450,302.6526597153211,-32.20478057861328,0.0,0.0,0.9516951441764832
3451,316.5480007805207,-9.308189392089844,0.0,0.0,0.9516561031341553
3452,314.5353993918297,7.00999641418457,0.0,0.0,0.951640784740448
3453,274.29973343652205,-4.694597244262695,0.0,0.0,0.9516212940216064
3454,293.6691217339144,-40.090240478515625,0.0,0.0,0.9515668749809265
3455,298.24378608330636,6.588465690612793,0.0,0.0,0.9515325427055359
3456,310.58439799531254,2.060515880584717,0.0,0.0,0.9515047073364258
3457,305.6369447806826,-1.3345036506652832,0.0,0.0,0.9514772295951843
3458,302.4562825662064,33.22139358520508,0.0,0.0,0.951516330242157
3459,304.909665982792,1.1799468994140625,0.0,0.0,0.9515555500984192
3460,313.14213201719764,-22.673057556152344,0.0,0.0,0.9515650272369385
3461,310.50530466281384,-5.911275863647461,0.0,0.0,0.9515555500984192
3462,293.55085062251936,20.677932739257812,0.0,0.0,0.9515883922576904
3463,309.14011825370824,-10.242027282714844,0.0,0.0,0.95159512758255
3464,310.3641508360449,-4.615353107452393,0.0,0.0,0.9515908360481262
3465,312.2292019118091,-8.255887985229492,0.0,0.0,0.9515751004219055
3466,86.04083219300666,1.4203834533691406,0.0,0.0,0.9515712857246399
3467,305.23511622172435,-9.174169540405273,0.0,0.0,0.9515523910522461
3468,292.8287666522171,-11.105024337768555,0.0,0.0,0.9515204429626465
3469,306.6993710094055,9.334687232971191,0.0,0.0,0.951507568359375
3470,290.49901249489966,-21.85385513305664,0.0,0.0,0.9514175057411194
3471,313.135871981347,-18.016176223754883,0.0,0.0,0.9513053894042969
3472,298.1197722463205,-11.414873123168945,0.0,0.0,0.9511911273002625
3473,301.98550975696196,4.387361526489258,0.0,0.0,0.9511006474494934
3474,304.22011947050044,-28.160545349121094,0.0,0.0,0.9509593844413757
3475,320.38608097840637,-15.541776657104492,0.0,0.0,0.9508059620857239
3476,318.09417460954535,-6.862752437591553,0.0,0.0,0.9506461024284363
3477,307.71946857955066,-15.717605590820312,0.0,0.0,0.950451135635376
3478,325.002029124647,-13.930610656738281,0.0,0.0,0.9502525329589844
3479,329.24813829271574,-32.686012268066406,0.0,0.0,0.9500009417533875
3480,318.18819349917135,-1.7440185546875,0.0,0.0,0.9497705101966858
3481,292.71237856986755,6.229382514953613,0.0,0.0,0.9495771527290344
3482,321.4173951434054,18.839752197265625,0.0,0.0,0.9494538307189941
3483,331.12035034908735,4.90679931640625,0.0,0.0,0.949359118938446
3484,332.3542261934307,-7.741665840148926,0.0,0.0,0.9492561221122742
3485,338.2283428618373,-4.673994541168213,0.0,0.0,0.9491484761238098
3486,332.947217883948,-17.45703887939453,0.0,0.0,0.948992908000946
3487,339.28413568984655,1.4731864929199219,0.0,0.0,0.9488568305969238
3488,330.4607261340298,-19.73089599609375,0.0,0.0,0.9486875534057617
3489,330.04469148047735,21.30595588684082,0.0,0.0,0.9485915303230286
3490,332.7541744151134,5.8988142013549805,0.0,0.0,0.9485185742378235
3491,325.9638065670984,-19.635570526123047,0.0,0.0,0.9484131932258606
3492,336.84091815330555,-20.974571228027344,0.0,0.0,0.9482714533805847
3493,324.39689455499695,10.159276962280273,0.0,0.0,0.9481678009033203
3494,346.14656233529763,6.8854217529296875,0.0,0.0,0.9480862021446228
3495,343.74705116714927,3.1697769165039062,0.0,0.0,0.9480171203613281
3496,358.26068396604785,6.9288554191589355,0.0,0.0,0.947974681854248
3497,344.69824187118866,-9.040029525756836,0.0,0.0,0.9479177594184875
3498,330.0771132042213,0.2574138641357422,0.0,0.0,0.947867214679718
3499,334.75966180571754,1.3637385368347168,0.0,0.0,0.9478233456611633
3500,340.76892170797083,14.14806842803955,0.0,0.0,0.9478153586387634
3501,345.8522910260652,19.59149742126465,0.0,0.0,0.9478602409362793
3502,344.4471958798838,-1.5304794311523438,0.0,0.0,0.9478969573974609
3503,331.3216737076563,-1.4044418334960938,0.0,0.0,0.9479277729988098
3504,334.15619325209036,-8.106669425964355,0.0,0.0,0.9479416012763977
3505,339.2340396068306,0.9489235877990723,0.0,0.0,0.9479568004608154
3506,328.44877672642923,-18.985427856445312,0.0,0.0,0.9479276537895203
3507,388.1861743047123,-5.526707649230957,0.0,0.0,0.9478909969329834
3508,346.5798410899031,-1.1609439849853516,0.0,0.0,0.9478545784950256
3509,355.35845474465947,-6.713651180267334,0.0,0.0,0.9478057026863098
3510,335.63846246928546,9.868487358093262,0.0,0.0,0.9477922320365906
3511,340.23574452827376,-13.847579956054688,0.0,0.0,0.9477546811103821
3512,341.6797425680162,13.169008255004883,0.0,0.0,0.9477538466453552
3513,349.4242994671771,4.581830978393555,0.0,0.0,0.9477637410163879
3514,344.4593113337869,23.55514144897461,0.0,0.0,0.9478247761726379
3515,338.91293642751424,-5.088483810424805,0.0,0.0,0.9478643536567688
3516,344.0754959702758,3.6196346282958984,0.0,0.0,0.9479096531867981
3517,342.7468684378519,-0.9294688701629639,0.0,0.0,0.9479476809501648
3518,363.9309038609955,1.3165535926818848,0.0,0.0,0.9479848742485046
3519,339.40686734611995,-27.63138771057129,0.0,0.0,0.9479679465293884
3520,322.3884234617021,19.39383316040039,0.0,0.0,0.9480054974555969
3521,332.46725365997384,18.470678329467773,0.0,0.0,0.9480838775634766
3522,332.1794226748182,-9.045400619506836,0.0,0.0,0.9481392502784729
3523,338.2764359059182,-12.09788703918457,0.0,0.0,0.9481725692749023
3524,333.6623606395336,-26.55438995361328,0.0,0.0,0.9481505751609802
3525,335.36626302184595,-9.350014686584473,0.0,0.0,0.9480978846549988
3526,328.8317592635827,-1.892012119293213,0.0,0.0,0.9480484127998352
3527,334.7514650814179,9.315336227416992,0.0,0.0,0.948019802570343
3528,333.78653092024524,-10.490860939025879,0.0,0.0,0.9479710459709167
3529,338.1510908687404,-9.448139190673828,0.0,0.0,0.9478985667228699
3530,334.90941465945895,8.007986068725586,0.0,0.0,0.9478538632392883
3531,329.3356533126366,33.388675689697266,0.0,0.0,0.94789057970047
3532,317.574274601962,1.8195075988769531,0.0,0.0,0.9479268193244934
3533,343.96307731150665,3.2471585273742676,0.0,0.0,0.9479687809944153
3534,318.7092202194721,-4.150290012359619,0.0,0.0,0.9479906558990479
3535,315.9506024658876,13.871822357177734,0.0,0.0,0.9480478763580322
3536,321.90958730949325,3.3379454612731934,0.0,0.0,0.9481117129325867
3537,324.9406632771537,-9.878061294555664,0.0,0.0,0.9481436610221863
3538,321.3958287775969,15.502047538757324,0.0,0.0,0.9482080340385437
3539,338.4552557103961,13.479694366455078,0.0,0.0,0.9482954144477844
3540,324.8941378846081,-3.3342599868774414,0.0,0.0,0.9483655095100403
3541,329.59705639633916,1.1639363765716553,0.0,0.0,0.9484301209449768
3542,323.4764563779453,12.844470977783203,0.0,0.0,0.9485078454017639
3543,312.44640103377617,2.662384033203125,0.0,0.0,0.9485829472541809
3544,338.54035382520624,10.947037696838379,0.0,0.0,0.9486901164054871
3545,320.0979969380606,-26.39417266845703,0.0,0.0,0.9487122893333435
3546,339.7962486478457,-5.249178886413574,0.0,0.0,0.9487174153327942
3547,309.78123186590307,-18.619531631469727,0.0,0.0,0.948678195476532
3548,319.1873753960166,5.205263137817383,0.0,0.0,0.9486538767814636
3549,322.6288529517595,-28.904644012451172,0.0,0.0,0.9485804438591003
3550,55.396934069928456,-5.8780436515808105,0.0,0.0,0.9484636187553406
3551,71.44847481687138,-14.996602058410645,0.0,0.0,0.9483080506324768
3552,98.38381041570275,6.134159564971924,0.0,0.0,0.9481827616691589
3553,63.053084087760475,-3.0900487899780273,0.0,0.0,0.9480530619621277
3554,323.6593277433364,-20.172555923461914,0.0,0.0,0.9478936791419983
3555,331.9248653800036,14.808799743652344,0.0,0.0,0.9477846622467041
3556,325.4351539810754,17.421823501586914,0.0,0.0,0.9477295875549316
3557,341.5437182112469,-12.353771209716797,0.0,0.0,0.9476480484008789
3558,313.4581879990557,7.291773796081543,0.0,0.0,0.9475906491279602
3559,332.42102866950705,4.175347328186035,0.0,0.0,0.9475464820861816
3560,320.3937360824685,32.83256912231445,0.0,0.0,0.9475708603858948
3561,305.36339829251415,-6.208126068115234,0.0,0.0,0.947579562664032
3562,328.1376647341401,-29.00217056274414,0.0,0.0,0.9475428462028503
3563,324.0375301992438,-0.059563636779785156,0.0,0.0,0.9475092887878418
3564,336.15146173521185,-14.414113998413086,0.0,0.0,0.947451651096344
3565,346.44204556851764,-5.739689826965332,0.0,0.0,0.947384774684906
3566,345.8134052260859,-25.408231735229492,0.0,0.0,0.9472745060920715
3567,329.27733177840264,-0.27731752395629883,0.0,0.0,0.9471742510795593
3568,350.6736391590183,-5.128704071044922,0.0,0.0,0.9470674395561218
3569,336.6675764484693,11.842422485351562,0.0,0.0,0.9469964504241943
3570,308.3427747653211,-7.573393821716309,0.0,0.0,0.9469144344329834
3571,329.65524117980755,19.84534454345703,0.0,0.0,0.9469082355499268
3572,323.13340228702305,-3.9940896034240723,0.0,0.0,0.9468898773193359
3573,326.8999733278029,2.1914114952087402,0.0,0.0,0.9468793869018555
3574,316.8944152756853,11.975119590759277,0.0,0.0,0.9469110369682312
3575,322.9040462327226,18.188779830932617,0.0,0.0,0.9469991326332092
3576,325.7454296997997,-2.4398059844970703,0.0,0.0,0.9470704197883606
3577,328.21086149905847,-17.899700164794922,0.0,0.0,0.9470775723457336
3578,314.9793953924057,23.608797073364258,0.0,0.0,0.9471290707588196
3579,311.7663713504809,-11.855899810791016,0.0,0.0,0.9471524357795715
3580,333.03474109088916,13.56802749633789,0.0,0.0,0.9472029209136963
3581,337.12623937437473,-28.127904891967773,0.0,0.0,0.9471866488456726
3582,332.35112269560364,13.12057113647461,0.0,0.0,0.9471963047981262
3583,333.9104961036716,-14.490650177001953,0.0,0.0,0.9471745491027832
3584,310.57184077371016,1.2997493743896484,0.0,0.0,0.9471578598022461
3585,334.6201488698942,-4.153432369232178,0.0,0.0,0.9471364617347717
3586,310.4179170578023,-1.1774044036865234,0.0,0.0,0.9471134543418884
3587,319.5361501155853,1.9105780124664307,0.0,0.0,0.9470990300178528
3588,309.07932546619503,-13.291542053222656,0.0,0.0,0.9470528960227966
3589,348.68024376228084,-0.7493453025817871,0.0,0.0,0.9470093846321106
3590,248.81746014218726,12.662821769714355,0.0,0.0,0.9470105171203613
3591,318.177925619918,13.801230430603027,0.0,0.0,0.9470388293266296
3592,317.827558329673,11.551979064941406,0.0,0.0,0.9471012949943542
3593,323.2465108604099,4.045424461364746,0.0,0.0,0.9471680521965027
3594,200.02219622234037,-14.856438636779785,0.0,0.0,0.9471993446350098
3595,319.9093434495562,-10.479927062988281,0.0,0.0,0.9472041130065918
3596,335.7308268783311,16.71493148803711,0.0,0.0,0.9472678303718567
3597,336.51862367069083,4.035438537597656,0.0,0.0,0.9473320841789246
3598,340.0376095068136,-34.021278381347656,0.0,0.0,0.9473199844360352
3599,323.24650091956704,-4.292117118835449,0.0,0.0,0.9472939372062683
3600,313.4311277848953,4.394479274749756,0.0,0.0,0.9472805857658386
3601,323.5243600920026,11.277297973632812,0.0,0.0,0.9473087191581726
3602,330.94518603880834,11.0701265335083,0.0,0.0,0.9473752975463867
3603,326.88776970041505,-0.9343814849853516,0.0,0.0,0.9474334120750427
3604,294.0948677989587,-19.43560218811035,0.0,0.0,0.9474403858184814
3605,327.7608593006403,-5.833675384521484,0.0,0.0,0.9474349617958069
3606,293.2838500228557,2.36923885345459,0.0,0.0,0.947437584400177
3607,307.19160117009426,6.785965919494629,0.0,0.0,0.947459876537323
3608,325.60939451830427,-16.234066009521484,0.0,0.0,0.9474391341209412
3609,287.4610811820396,1.504575252532959,0.0,0.0,0.9474225044250488
3610,305.7854972583165,12.172040939331055,0.0,0.0,0.947443962097168
3611,327.4659171689754,7.071028709411621,0.0,0.0,0.9474762082099915
3612,306.6858651874242,-10.531423568725586,0.0,0.0,0.9474775791168213
3613,340.0968291588032,5.498297214508057,0.0,0.0,0.947488009929657
3614,318.96961633895364,38.74368667602539,0.0,0.0,0.9476239085197449
3615,294.49716604640014,-3.290996551513672,0.0,0.0,0.9477400779724121
3616,297.13278121026144,-3.2183189392089844,0.0,0.0,0.9478359818458557
3617,331.70607590887164,-3.5579323768615723,0.0,0.0,0.9479139447212219
3618,308.0075765455927,-5.487897872924805,0.0,0.0,0.9479663968086243
3619,314.3521269538387,-21.157943725585938,0.0,0.0,0.9479613900184631
3620,306.0836785065867,-14.676812171936035,0.0,0.0,0.9479241371154785
3621,306.9980077694473,13.949049949645996,0.0,0.0,0.9479236006736755
3622,321.84003151994926,27.603187561035156,0.0,0.0,0.9479852318763733
3623,313.6376615977096,5.432979583740234,0.0,0.0,0.9480573534965515
3624,322.2519969326222,11.569367408752441,0.0,0.0,0.9481465220451355
3625,332.1356688597692,-6.512672424316406,0.0,0.0,0.9482067227363586
3626,308.93888925268504,10.175614356994629,0.0,0.0,0.9482841491699219
3627,316.8247642882969,6.83474588394165,0.0,0.0,0.9483734965324402
3628,342.3178294879093,0.7126221656799316,0.0,0.0,0.9484569430351257
3629,346.41435189864006,34.92466354370117,0.0,0.0,0.9485997557640076
3630,326.19687395525375,-9.404685974121094,0.0,0.0,0.9486964344978333
3631,309.1175333924974,-7.621706962585449,0.0,0.0,0.9487612843513489
3632,327.97152425261794,4.6795268058776855,0.0,0.0,0.9488319754600525
3633,311.9402517071498,13.73647689819336,0.0,0.0,0.9489359259605408
3634,324.1289316502641,-8.952808380126953,0.0,0.0,0.9490086436271667
3635,299.3533344559825,2.1888699531555176,0.0,0.0,0.9490826725959778
3636,344.6061114390553,14.193428039550781,0.0,0.0,0.9492012858390808
3637,293.3198067972853,14.785318374633789,0.0,0.0,0.9493215680122375
3638,320.9502226560287,8.620807647705078,0.0,0.0,0.9494438767433167
3639,313.7356625909572,-2.9024953842163086,0.0,0.0,0.949549674987793
3640,115.07859034596925,-18.98212432861328,0.0,0.0,0.9495884776115417
3641,306.0973183587258,8.97442626953125,0.0,0.0,0.9496472477912903
3642,315.62048038916515,-16.170841217041016,0.0,0.0,0.9496614933013916
3643,350.15261487383054,38.4000244140625,0.0,0.0,0.9497658610343933
3644,334.50408140908286,3.024686813354492,0.0,0.0,0.9498682618141174
3645,301.5644948765351,-0.17317724227905273,0.0,0.0,0.9499600529670715
3646,310.2491644244959,8.029011726379395,0.0,0.0,0.9500595927238464
3647,303.44848182735683,24.4569149017334,0.0,0.0,0.9502002596855164
3648,320.2973423011056,-8.960365295410156,0.0,0.0,0.9503048062324524
3649,311.0394982580078,3.5410194396972656,0.0,0.0,0.95040363073349
3650,295.35012826878483,-5.266274929046631,0.0,0.0,0.950482189655304
3651,261.6090213296421,-14.26375961303711,0.0,0.0,0.950518786907196
3652,290.24075808623564,-14.718029022216797,0.0,0.0,0.9505165219306946
3653,311.9118260663725,0.891381025314331,0.0,0.0,0.9505160450935364
3654,318.7443215074416,-12.80482292175293,0.0,0.0,0.950490415096283
3655,293.16123750620613,10.96884536743164,0.0,0.0,0.9504961967468262
3656,293.19804181134805,33.11378479003906,0.0,0.0,0.9505979418754578
3657,293.09971143446757,-9.181690216064453,0.0,0.0,0.9506649971008301
3658,285.5357591557644,3.6836371421813965,0.0,0.0,0.9507349133491516
3659,311.9560367060426,-9.43010425567627,0.0,0.0,0.9507662653923035
3660,302.2405186661104,2.3817741870880127,0.0,0.0,0.9507999420166016
3661,305.38252479673434,3.7338199615478516,0.0,0.0,0.950840175151825
3662,308.78743485830995,-13.270286560058594,0.0,0.0,0.9508481621742249
3663,301.65980540841366,-25.76179313659668,0.0,0.0,0.950785219669342
3664,305.21043105749925,-4.759722709655762,0.0,0.0,0.9507198333740234
3665,315.35473917885037,-0.2955021858215332,0.0,0.0,0.950660228729248
3666,298.806474315361,3.275847911834717,0.0,0.0,0.9506146907806396
3667,323.5692656136658,-20.311996459960938,0.0,0.0,0.9505345821380615
3668,291.95344412428534,8.13665771484375,0.0,0.0,0.9504792094230652
3669,309.24987642070687,-7.59619665145874,0.0,0.0,0.9504157900810242
3670,311.0197613307038,-1.431985855102539,0.0,0.0,0.950355052947998
3671,290.272176656323,-4.954197883605957,0.0,0.0,0.9502841830253601
3672,267.97013316708905,-6.211953639984131,0.0,0.0,0.9502066969871521
3673,303.97227674070126,0.7491931915283203,0.0,0.0,0.95013827085495
3674,298.43678858380736,16.32184600830078,0.0,0.0,0.9501096606254578
3675,285.0589493563203,17.740659713745117,0.0,0.0,0.9501328468322754
3676,350.26077766650104,-6.96405029296875,0.0,0.0,0.9501293301582336
3677,331.3797332799681,4.483767509460449,0.0,0.0,0.9501374363899231
3678,314.3485637069485,11.433956146240234,0.0,0.0,0.9501673579216003
3679,297.4754213092319,-30.676362991333008,0.0,0.0,0.9501395225524902
3680,305.48720112834934,-17.949731826782227,0.0,0.0,0.9500879645347595
3681,316.44042777217635,9.17586898803711,0.0,0.0,0.9500649571418762
3682,322.067352974128,-4.646066665649414,0.0,0.0,0.9500361084938049
3683,299.09342825831317,-3.788463592529297,0.0,0.0,0.9499998092651367
3684,340.0304132370055,16.637908935546875,0.0,0.0,0.9500020146369934
3685,292.2981294623007,1.7120323181152344,0.0,0.0,0.9500083923339844
3686,270.84471858615024,-3.9001331329345703,0.0,0.0,0.9500083923339844
3687,311.8369590405698,22.89988136291504,0.0,0.0,0.9500556588172913
3688,317.6542375456298,-13.548593521118164,0.0,0.0,0.9500730633735657
3689,288.7121826696238,-1.7756223678588867,0.0,0.0,0.9500839114189148
3690,335.7850915365342,15.323392868041992,0.0,0.0,0.9501387476921082
3691,325.4784245102929,-9.205564498901367,0.0,0.0,0.9501562714576721
3692,315.0213751060029,-5.25081729888916,0.0,0.0,0.950162410736084
3693,284.3203032513146,0.9989662170410156,0.0,0.0,0.9501702189445496
3694,294.9684379006362,-2.27829647064209,0.0,0.0,0.950171172618866
3695,304.5650126078527,8.740535736083984,0.0,0.0,0.9501879811286926
3696,213.42326758853832,22.850200653076172,0.0,0.0,0.9502441883087158
3697,186.4368369352254,5.920599937438965,0.0,0.0,0.9503126740455627
3698,271.74135251155195,10.99360179901123,0.0,0.0,0.9503898620605469
3699,314.53897421091983,-7.847407341003418,0.0,0.0,0.9504382014274597
3700,311.0237222207637,-15.720637321472168,0.0,0.0,0.9504596590995789
3701,274.40438237595646,-2.2850489616394043,0.0,0.0,0.9504752159118652
3702,274.82391016559814,11.1933012008667,0.0,0.0,0.9505095481872559
3703,296.3279604755964,11.043654441833496,0.0,0.0,0.9505603909492493
3704,266.98483209454116,8.681020736694336,0.0,0.0,0.9506335854530334
3705,295.7934531217172,-17.40351676940918,0.0,0.0,0.9506629109382629
3706,294.2978739665588,5.681883811950684,0.0,0.0,0.9507010579109192
3707,286.9321238591281,-7.618251800537109,0.0,0.0,0.9507237076759338
3708,248.51772676563195,-4.589605331420898,0.0,0.0,0.9507363438606262
3709,299.3330639564735,3.8234264850616455,0.0,0.0,0.9507551193237305
3710,282.6751710014425,0.38181114196777344,0.0,0.0,0.9507724642753601
3711,303.87268754490674,2.882356882095337,0.0,0.0,0.9507924914360046
3712,315.0240400780328,7.27670431137085,0.0,0.0,0.9508351683616638
3713,299.86027164310866,2.7773447036743164,0.0,0.0,0.95088130235672
3714,276.04264344764727,4.005718231201172,0.0,0.0,0.9509280323982239
3715,275.0219954025866,3.4700732231140137,0.0,0.0,0.9509779810905457
3716,264.7515484654682,14.333040237426758,0.0,0.0,0.9510650038719177
3717,201.7715635943672,11.855857849121094,0.0,0.0,0.9511769413948059
3718,280.47321873880605,23.046314239501953,0.0,0.0,0.951330840587616
3719,275.3164043883707,-1.7416105270385742,0.0,0.0,0.9514649510383606
3720,290.9697134021925,-24.898666381835938,0.0,0.0,0.9515333771705627
3721,218.9600573528601,-29.121267318725586,0.0,0.0,0.9515265822410583
3722,234.64155038305773,13.1177396774292,0.0,0.0,0.951543390750885
3723,232.37008685853897,3.138390064239502,0.0,0.0,0.9515660405158997
3724,259.77435022317076,1.5827288627624512,0.0,0.0,0.9515926837921143
3725,290.8587795978622,1.9786829948425293,0.0,0.0,0.9516220092773438
3726,282.1893419331181,6.508875370025635,0.0,0.0,0.9516546130180359
3727,277.1206051126194,-7.379339218139648,0.0,0.0,0.9516704678535461
3728,297.806740167746,-6.683706283569336,0.0,0.0,0.9516603350639343
3729,284.456146565638,-6.120340824127197,0.0,0.0,0.9516420960426331
3730,300.18200204559537,14.249980926513672,0.0,0.0,0.9516493678092957
3731,47.55376456569714,-0.1317429542541504,0.0,0.0,0.9516549706459045
3732,247.9839478325109,-2.0196919441223145,0.0,0.0,0.9516544342041016
3733,221.92775980557187,-4.264789581298828,0.0,0.0,0.9516471028327942
3734,261.89605462229537,4.063647270202637,0.0,0.0,0.9516517519950867
3735,271.6277038315603,-4.117811679840088,0.0,0.0,0.951644241809845
3736,270.04595378833943,17.681285858154297,0.0,0.0,0.9516761302947998
3737,243.50454732131874,-4.3398823738098145,0.0,0.0,0.9516923427581787
3738,307.74604535361374,23.88207244873047,0.0,0.0,0.9517593383789062
3739,291.0638689657313,-10.623376846313477,0.0,0.0,0.9517986178398132
3740,284.1939197983022,-9.528016090393066,0.0,0.0,0.9518148899078369
3741,228.64020938623665,-1.9421772956848145,0.0,0.0,0.9518257975578308
3742,308.58625336703386,14.158227920532227,0.0,0.0,0.9518845677375793
3743,297.24644525850323,-21.31222915649414,0.0,0.0,0.9518857002258301
3744,221.30723898189174,-9.142107009887695,0.0,0.0,0.9518648982048035
3745,304.2977416560896,-21.533876419067383,0.0,0.0,0.9518051147460938
3746,284.0606547872672,6.465166091918945,0.0,0.0,0.9517614245414734
3747,310.6037532845522,2.750293731689453,0.0,0.0,0.9517269134521484
3748,52.493109254338776,0.3720674514770508,0.0,0.0,0.9516989588737488
3749,277.12888871045146,11.88546371459961,0.0,0.0,0.951697826385498
3750,255.50661486618787,2.658137559890747,0.0,0.0,0.9517045021057129
3751,303.60382499395496,11.27291202545166,0.0,0.0,0.9517402648925781
3752,277.93820099915115,-9.948935508728027,0.0,0.0,0.9517437815666199
3753,248.58311486519835,2.570859670639038,0.0,0.0,0.9517558217048645
3754,314.49072730687294,11.768606185913086,0.0,0.0,0.951799213886261
3755,303.83715930043047,-13.987011909484863,0.0,0.0,0.9518136978149414
3756,301.1344261718134,-8.4703369140625,0.0,0.0,0.9518073201179504
3757,293.12933063651684,-1.005570650100708,0.0,0.0,0.9517979621887207
3758,274.65930168612385,12.100910186767578,0.0,0.0,0.9518199563026428
3759,247.30891837962523,-8.100790977478027,0.0,0.0,0.9518278241157532
3760,300.14928105377976,5.144251346588135,0.0,0.0,0.9518478512763977
3761,284.1529467594284,-23.3140869140625,0.0,0.0,0.9518163800239563
3762,283.6120996469327,-4.81333065032959,0.0,0.0,0.9517809748649597
3763,322.3955462851731,3.9651055335998535,0.0,0.0,0.9517617225646973
3764,289.38615433384786,22.54774284362793,0.0,0.0,0.9517747759819031
3765,294.0381684530508,-14.334075927734375,0.0,0.0,0.9517655968666077
3766,287.35843176646796,-0.021033048629760742,0.0,0.0,0.9517593383789062
3767,306.5320076967469,-11.495065689086914,0.0,0.0,0.9517318606376648
3768,297.0851093587809,-1.785740852355957,0.0,0.0,0.9517036080360413
3769,264.7176247122403,17.138309478759766,0.0,0.0,0.951698362827301
3770,280.52906725254314,-2.2965054512023926,0.0,0.0,0.951688289642334
3771,216.2484086597135,-20.977890014648438,0.0,0.0,0.9516285061836243
3772,244.08236870207492,0.9418330192565918,0.0,0.0,0.9515771269798279
3773,289.35160839013014,-8.510363578796387,0.0,0.0,0.9515154361724854
3774,283.6841803042738,13.252028465270996,0.0,0.0,0.9515184760093689
3775,277.58515288194013,-21.34326171875,0.0,0.0,0.9514870047569275
3776,225.69849398359923,-7.495720863342285,0.0,0.0,0.9514393210411072
3777,298.1211724918989,-10.059455871582031,0.0,0.0,0.9513652920722961
3778,319.16357439784935,-17.712230682373047,0.0,0.0,0.951237678527832
3779,261.84423406860464,7.317533493041992,0.0,0.0,0.9511407017707825
3780,291.0031836152202,-15.076647758483887,0.0,0.0,0.951007068157196
3781,294.68369909079456,-1.59722900390625,0.0,0.0,0.9508833885192871
3782,271.9518507431001,-2.3458549976348877,0.0,0.0,0.9507673382759094
3783,290.3311818905159,-4.316823959350586,0.0,0.0,0.9506513476371765
3784,223.47558075166958,-5.092869758605957,0.0,0.0,0.9505355954170227
3785,249.11137152900062,12.179608345031738,0.0,0.0,0.9504752159118652
3786,289.54761870291617,-11.67457389831543,0.0,0.0,0.9503917098045349
3787,282.9589748621669,0.699343204498291,0.0,0.0,0.9503178596496582
3788,291.4871029848901,2.5641469955444336,0.0,0.0,0.9502546787261963
3789,265.9817473281694,6.396574020385742,0.0,0.0,0.9502062797546387
3790,293.7148721105002,-5.5532450675964355,0.0,0.0,0.9501455426216125
3791,301.8717182796449,9.654417991638184,0.0,0.0,0.9501069188117981
3792,300.18294760933173,-19.265220642089844,0.0,0.0,0.9500344395637512
3793,301.12030487217373,25.226022720336914,0.0,0.0,0.950053870677948
3794,280.4534572017044,12.081382751464844,0.0,0.0,0.9500978589057922
3795,289.49104665531,0.5086798667907715,0.0,0.0,0.9501400589942932
3796,315.5768985833696,6.412281513214111,0.0,0.0,0.9501981735229492
3797,275.65532448475767,9.627132415771484,0.0,0.0,0.9502754211425781
3798,293.4632999311457,-2.0686898231506348,0.0,0.0,0.9503410458564758
3799,315.39305952357415,9.619976043701172,0.0,0.0,0.9504203200340271
3800,301.9550597571495,-22.264453887939453,0.0,0.0,0.9504607319831848
3801,328.5181106489386,1.4428386688232422,0.0,0.0,0.9505031704902649
3802,313.6677762261974,17.89791488647461,0.0,0.0,0.9506012797355652
3803,319.44374331961217,15.440549850463867,0.0,0.0,0.9507247805595398
3804,304.52082758045265,-37.42451095581055,0.0,0.0,0.9507431983947754
3805,262.132144779991,-24.392841339111328,0.0,0.0,0.9507144093513489
3806,279.08349474631945,24.441143035888672,0.0,0.0,0.9507867693901062
3807,335.4229171436552,-5.097779750823975,0.0,0.0,0.9508373141288757
3808,329.3010028926206,8.148181915283203,0.0,0.0,0.9508998990058899
3809,317.91022721030464,27.878047943115234,0.0,0.0,0.9510760307312012
3810,338.04456940286155,-17.619722366333008,0.0,0.0,0.9511693120002747
3811,263.3144988089057,4.33641242980957,0.0,0.0,0.9512597918510437
3812,282.8572650036363,26.16616439819336,0.0,0.0,0.9514026641845703
3813,308.9058505517664,13.83320426940918,0.0,0.0,0.9515684247016907
3814,308.5623874821289,18.655364990234375,0.0,0.0,0.9517641067504883
3815,355.5831873054003,6.5254621505737305,0.0,0.0,0.951953113079071
3816,278.2858393645118,-4.857019424438477,0.0,0.0,0.9521093368530273
3817,305.9515763402757,-9.249892234802246,0.0,0.0,0.9522318840026855
3818,301.11497857326805,14.855024337768555,0.0,0.0,0.9523868560791016
3819,333.70401937522377,-13.09155559539795,0.0,0.0,0.952494204044342
3820,206.82367557377853,1.8283934593200684,0.0,0.0,0.9525947570800781
3821,325.1518591676947,-8.574654579162598,0.0,0.0,0.9526638388633728
3822,312.1062621024298,-14.719592094421387,0.0,0.0,0.9526870846748352
3823,298.6959970138835,-6.8184895515441895,0.0,0.0,0.9526939988136292
3824,287.01755976486993,-9.585443496704102,0.0,0.0,0.9526726603507996
3825,303.7432470029731,-4.059594631195068,0.0,0.0,0.9526453018188477
3826,314.4413053151926,-8.868366241455078,0.0,0.0,0.9526011943817139
3827,300.77822550115474,9.469289779663086,0.0,0.0,0.9525800347328186
3828,262.2870322736942,-25.53801155090332,0.0,0.0,0.9525071978569031
3829,297.86007062232784,7.863663673400879,0.0,0.0,0.9524632096290588
3830,273.31068023442805,5.566764831542969,0.0,0.0,0.9524317383766174
3831,312.3632600484529,2.5862059593200684,0.0,0.0,0.9524075388908386
3832,257.95786369354846,-33.29710006713867,0.0,0.0,0.9523503184318542
3833,304.8556247509614,0.9429116249084473,0.0,0.0,0.9523007273674011
3834,310.17687434311944,10.16604232788086,0.0,0.0,0.9522765278816223
3835,326.191621534685,31.997154235839844,0.0,0.0,0.9523546695709229
3836,291.32132760520955,10.359479904174805,0.0,0.0,0.9524591565132141
3837,303.49910294041075,13.553146362304688,0.0,0.0,0.9525880217552185
3838,281.65098143543247,0.22589683532714844,0.0,0.0,0.9527034759521484
3839,230.06848780398624,5.257586479187012,0.0,0.0,0.9528186917304993
3840,306.98361319065623,6.938793182373047,0.0,0.0,0.9529405236244202
3841,291.02207662389463,-18.697574615478516,0.0,0.0,0.9530131220817566
3842,322.2129486301372,0.558901309967041,0.0,0.0,0.9530797600746155
3843,280.4957694608462,-16.659584045410156,0.0,0.0,0.9530954360961914
3844,292.0353631304452,-4.374307632446289,0.0,0.0,0.9530990719795227
3845,270.9836060696475,23.931196212768555,0.0,0.0,0.9531393051147461
3846,283.91264463773405,30.91857147216797,0.0,0.0,0.9532425999641418
3847,305.0564023491296,10.446105003356934,0.0,0.0,0.9533612132072449
3848,289.8134207743482,1.056124210357666,0.0,0.0,0.9534692168235779
3849,196.76700536897914,-9.361061096191406,0.0,0.0,0.9535439610481262
3850,291.18696112171256,13.521656036376953,0.0,0.0,0.9536476135253906
3851,289.97290922108664,-10.294452667236328,0.0,0.0,0.953721821308136
3852,274.63403330565274,14.501130104064941,0.0,0.0,0.9538375735282898
3853,287.16566488591485,-26.205230712890625,0.0,0.0,0.9539006352424622
3854,292.9891262204192,-7.102887153625488,0.0,0.0,0.9539434313774109
3855,295.9669987117713,-3.2750942707061768,0.0,0.0,0.9539749026298523
3856,273.5522178008064,24.709741592407227,0.0,0.0,0.9540578722953796
3857,331.34862919237037,16.0919246673584,0.0,0.0,0.9541704058647156
3858,327.8171684587561,-1.2498550415039062,0.0,0.0,0.9542689323425293
3859,292.1339269701731,4.599102020263672,0.0,0.0,0.9543692469596863
3860,318.70821275527766,9.727130889892578,0.0,0.0,0.954481840133667
3861,332.35000717022143,-3.75571346282959,0.0,0.0,0.9545761942863464
3862,301.8810835050022,-7.830280303955078,0.0,0.0,0.954637348651886
3863,310.6631252175428,0.3997960090637207,0.0,0.0,0.9546927809715271
3864,285.51722647887675,-24.37961196899414,0.0,0.0,0.954694926738739
3865,288.57681285839135,-12.154594421386719,0.0,0.0,0.9546716809272766
3866,279.4830570730149,17.14676284790039,0.0,0.0,0.9546778202056885
3867,322.94772733250585,29.5400447845459,0.0,0.0,0.9547443389892578
3868,313.20585855799425,-8.726831436157227,0.0,0.0,0.954786479473114
3869,299.6641236069743,-6.708913326263428,0.0,0.0,0.954805850982666
3870,279.2755801027252,-3.333583116531372,0.0,0.0,0.954817533493042
3871,342.2275284093833,-6.0952630043029785,0.0,0.0,0.9548152089118958
3872,316.9556228461335,28.29696273803711,0.0,0.0,0.9548932909965515
3873,348.9569596328673,6.018047332763672,0.0,0.0,0.9549787044525146
3874,298.40011157466506,10.550107955932617,0.0,0.0,0.9550831913948059
3875,342.2265258583307,7.1892805099487305,0.0,0.0,0.9551951289176941
3876,260.437811164526,1.2700634002685547,0.0,0.0,0.95529705286026
3877,317.49502648362045,-2.164872646331787,0.0,0.0,0.9553855061531067
3878,268.5959377058404,-11.15796947479248,0.0,0.0,0.955437183380127
3879,322.3431407731945,-5.594277381896973,0.0,0.0,0.9554683566093445
3880,305.9041080108118,-1.045046329498291,0.0,0.0,0.9554943442344666
3881,341.92121830096596,-1.4291977882385254,0.0,0.0,0.9555118680000305
3882,332.6004503223878,3.787771701812744,0.0,0.0,0.9555352330207825
3883,338.2477947458488,-0.7830410003662109,0.0,0.0,0.9555540084838867
3884,331.68309690044737,-7.352901458740234,0.0,0.0,0.9555483460426331
3885,328.98109357775945,34.46575164794922,0.0,0.0,0.9556248784065247
3886,344.38153326622785,-21.544240951538086,0.0,0.0,0.9556381106376648
3887,257.61127409459993,1.4407644271850586,0.0,0.0,0.9556570649147034
3888,299.21170011267174,-5.756633758544922,0.0,0.0,0.9556589126586914
3889,371.27451394281775,0.741828441619873,0.0,0.0,0.9556607604026794
3890,365.26924375149036,22.22127914428711,0.0,0.0,0.9557199478149414
3891,282.8936714024683,-6.584986686706543,0.0,0.0,0.9557593464851379
3892,363.8279983742127,-6.6188483238220215,0.0,0.0,0.9557830691337585
3893,344.0297091574134,19.45077133178711,0.0,0.0,0.9558489918708801
3894,372.27472707641084,-2.542092800140381,0.0,0.0,0.9558999538421631
3895,323.3338362664113,-3.3916358947753906,0.0,0.0,0.9559374451637268
3896,294.6028377043912,-2.2496252059936523,0.0,0.0,0.9559658169746399
3897,253.71534658620376,6.83473014831543,0.0,0.0,0.9560124278068542
3898,327.59915084704016,-2.5880861282348633,0.0,0.0,0.9560496211051941
3899,333.9418004964323,11.521430969238281,0.0,0.0,0.9561179280281067
3900,359.6049349076225,12.04521369934082,0.0,0.0,0.9562125205993652
3901,329.9695876035035,-1.8372368812561035,0.0,0.0,0.9562907218933105
3902,338.3581856606201,42.66209030151367,0.0,0.0,0.9564964175224304
3903,240.42012727339244,-15.713177680969238,0.0,0.0,0.9566478729248047
3904,439.74399518544897,-8.272106170654297,0.0,0.0,0.9567729830741882
3905,321.0585411616717,-5.667229175567627,0.0,0.0,0.9568719267845154
3906,342.5276133707349,-3.235322952270508,0.0,0.0,0.9569499492645264
3907,358.71004817719285,-7.098291397094727,0.0,0.0,0.9569856524467468
3908,385.38889391861585,-17.268016815185547,0.0,0.0,0.9569846987724304
3909,381.643784500031,4.251990795135498,0.0,0.0,0.9569957852363586
3910,220.79269888315343,5.296553134918213,0.0,0.0,0.9570210576057434
3911,413.4169181287138,19.15997314453125,0.0,0.0,0.957085371017456
3912,395.4600249743164,20.011655807495117,0.0,0.0,0.9571861624717712
3913,343.219234162634,21.052066802978516,0.0,0.0,0.9573057293891907
3914,380.40745184417307,-21.967926025390625,0.0,0.0,0.9573209881782532
3915,341.36861349379865,6.583747386932373,0.0,0.0,0.9573459625244141
3916,374.1983899168212,15.229999542236328,0.0,0.0,0.9574039578437805
3917,362.1039584874781,-12.458470344543457,0.0,0.0,0.957415759563446
3918,262.581023733598,17.651779174804688,0.0,0.0,0.957450807094574
3919,457.56135437807495,0.6109728813171387,0.0,0.0,0.9574820399284363
3920,326.1865750966268,4.701906204223633,0.0,0.0,0.9575241208076477
3921,314.49116918397283,-1.8846259117126465,0.0,0.0,0.9575573801994324
3922,336.4314235376917,-0.9660794734954834,0.0,0.0,0.9575843811035156
3923,343.73931653334506,-3.0256032943725586,0.0,0.0,0.9576012492179871
3924,382.7763717349004,4.283208847045898,0.0,0.0,0.957622766494751
3925,371.172399386976,-23.13703727722168,0.0,0.0,0.9575679898262024
3926,311.88076921666305,-1.9615249633789062,0.0,0.0,0.9575173258781433
3927,245.73249724879486,-31.318262100219727,0.0,0.0,0.9574286341667175
3928,367.00078004194165,24.922134399414062,0.0,0.0,0.9574117064476013
3929,306.58459523412444,2.3809618949890137,0.0,0.0,0.9574009776115417
3930,338.7686795043323,-9.597829818725586,0.0,0.0,0.9573726654052734
3931,340.92389721217864,2.2036256790161133,0.0,0.0,0.9573542475700378
3932,344.08839927752837,-4.382997989654541,0.0,0.0,0.9573261737823486
3933,402.5146185446543,-37.91189193725586,0.0,0.0,0.9572369456291199
3934,365.50764174814094,2.716008186340332,0.0,0.0,0.9571607708930969
3935,285.15223893058965,23.367460250854492,0.0,0.0,0.9571277499198914
3936,300.03263424931515,-9.246021270751953,0.0,0.0,0.957076370716095
3937,382.46543382243436,4.7829413414001465,0.0,0.0,0.9570403099060059
3938,340.3081286880412,-15.349531173706055,0.0,0.0,0.9569762349128723
3939,312.70291865753967,6.020398139953613,0.0,0.0,0.9569292664527893
3940,365.5433035077124,11.524210929870605,0.0,0.0,0.9569193720817566
3941,349.13984249760875,-12.066259384155273,0.0,0.0,0.9568893313407898
3942,195.97147650818098,-9.955911636352539,0.0,0.0,0.9568411707878113
3943,261.7880007746687,15.282913208007812,0.0,0.0,0.9568406939506531
3944,302.38860615558445,18.88410186767578,0.0,0.0,0.9568917751312256
3945,353.06351803726795,-1.3064570426940918,0.0,0.0,0.9569366574287415
3946,347.5700685143838,-10.426109313964844,0.0,0.0,0.9569509625434875
3947,316.17881981088743,0.18040847778320312,0.0,0.0,0.9569644331932068
3948,237.2098142749912,-9.633268356323242,0.0,0.0,0.9569405913352966
3949,410.596876760411,11.925506591796875,0.0,0.0,0.956946074962616
3950,339.27725576100795,28.81365203857422,0.0,0.0,0.9570339322090149
3951,294.53466125693734,-6.445529937744141,0.0,0.0,0.9571022987365723
3952,345.1533531815652,-8.703505516052246,0.0,0.0,0.9571488499641418
3953,311.728261793077,-0.8900542259216309,0.0,0.0,0.9571905136108398
3954,279.100116121707,-7.986306190490723,0.0,0.0,0.9572083950042725
3955,351.939411766704,13.096345901489258,0.0,0.0,0.9572612643241882
3956,308.65283651267623,0.756472110748291,0.0,0.0,0.957310676574707
3957,285.44515205751924,8.861072540283203,0.0,0.0,0.9573765397071838
3958,358.3801670211571,12.887537002563477,0.0,0.0,0.9574688076972961
3959,371.7036024063382,9.90517807006836,0.0,0.0,0.957567036151886
3960,280.5348966462569,-7.9383134841918945,0.0,0.0,0.9576238989830017
3961,348.56519032769705,9.80978012084961,0.0,0.0,0.9577037692070007
3962,354.8211995614724,1.7124450206756592,0.0,0.0,0.9577762484550476
3963,291.460156807554,-16.865249633789062,0.0,0.0,0.9578113555908203
3964,309.69761692279826,20.192026138305664,0.0,0.0,0.9579110741615295
3965,351.2440158004805,-16.367267608642578,0.0,0.0,0.9579627513885498
3966,327.60605544185773,-21.696956634521484,0.0,0.0,0.9579516053199768
3967,364.34619647466525,18.139795303344727,0.0,0.0,0.9579827189445496
3968,274.64406189827355,16.57650375366211,0.0,0.0,0.9580462574958801
3969,236.26866734828866,13.505508422851562,0.0,0.0,0.9581306576728821
3970,338.78300508327254,5.908259391784668,0.0,0.0,0.9582157731056213
3971,277.6750592138023,5.7714948654174805,0.0,0.0,0.9583091735839844
3972,354.1018053531189,-10.861449241638184,0.0,0.0,0.9583743214607239
3973,349.20602906140556,-4.803041458129883,0.0,0.0,0.9584250450134277
3974,312.1276188471412,-13.337772369384766,0.0,0.0,0.9584164619445801
3975,293.0895285132429,-5.841335773468018,0.0,0.0,0.9583918452262878
3976,260.81815695099795,-5.443412780761719,0.0,0.0,0.9583536982536316
3977,290.3092408966006,0.28045129776000977,0.0,0.0,0.9583203196525574
3978,376.1186801370737,-0.682701587677002,0.0,0.0,0.958289623260498
3979,336.9860548380723,-19.60665512084961,0.0,0.0,0.9582304358482361
3980,314.273010176455,9.878119468688965,0.0,0.0,0.9582000374794006
3981,292.859375307404,-1.463602066040039,0.0,0.0,0.9581699967384338
3982,356.2730614736211,1.362349510192871,0.0,0.0,0.958145797252655
3983,368.2595012901704,-10.23526382446289,0.0,0.0,0.9581079483032227
3984,275.54935647810214,-14.262273788452148,0.0,0.0,0.9580352306365967
3985,289.0779319826618,-9.745729446411133,0.0,0.0,0.9579496383666992
3986,343.6320608760798,2.1728310585021973,0.0,0.0,0.9578802585601807
3987,312.6738405771488,3.0600781440734863,0.0,0.0,0.9578279852867126
3988,253.082206310274,4.613132476806641,0.0,0.0,0.9577889442443848
3989,233.02731015419707,9.449918746948242,0.0,0.0,0.9577794075012207
3990,332.0127936373522,-19.24612808227539,0.0,0.0,0.9577160477638245
3991,267.0487133127347,10.826334953308105,0.0,0.0,0.9576844573020935
3992,296.5819711405659,-31.81991958618164,0.0,0.0,0.9575624465942383
3993,305.95370053584537,13.374807357788086,0.0,0.0,0.957489013671875
3994,361.8409344511688,9.757217407226562,0.0,0.0,0.957444429397583
3995,418.0898400958926,-2.184826374053955,0.0,0.0,0.9573987126350403
3996,290.9446301930295,-0.8356227874755859,0.0,0.0,0.9573567509651184
3997,262.1511766570251,12.429574966430664,0.0,0.0,0.9573443531990051
3998,327.50915986825873,-0.7857670783996582,0.0,0.0,0.9573312401771545
3999,351.62810314025313,32.59543991088867,0.0,0.0,0.9573847651481628
4000,370.65291041449996,17.163467407226562,0.0,0.0,0.9574883580207825
4001,379.5519448650481,9.33558464050293,0.0,0.0,0.9576013684272766
4002,264.38942863166386,-1.1689999103546143,0.0,0.0,0.9577009081840515
4003,351.277030951433,21.440061569213867,0.0,0.0,0.9578461647033691
4004,369.6993774813048,8.022590637207031,0.0,0.0,0.9580085873603821
4005,392.0007536985926,-0.8661842346191406,0.0,0.0,0.9581534266471863
4006,324.6314204635775,-15.444992065429688,0.0,0.0,0.9582505822181702
4007,380.9462231874816,-5.853878974914551,0.0,0.0,0.958320140838623
4008,373.0252608641657,9.114953994750977,0.0,0.0,0.9583989977836609
4009,277.2548629126548,-1.287205457687378,0.0,0.0,0.958467960357666
4010,320.0690244692235,24.575824737548828,0.0,0.0,0.958595335483551
4011,357.55495110361727,-3.1772913932800293,0.0,0.0,0.9586966633796692
4012,257.4725933846907,-4.664383411407471,0.0,0.0,0.9587767720222473
4013,310.71410067296466,6.38377046585083,0.0,0.0,0.9588649272918701
4014,351.7713110560552,9.849685668945312,0.0,0.0,0.95896315574646
4015,352.9516426202969,-0.9790205955505371,0.0,0.0,0.9590504765510559
4016,368.2832701810486,-9.85544204711914,0.0,0.0,0.9591037631034851
4017,314.4052444695641,17.520910263061523,0.0,0.0,0.9592089653015137
4018,299.24226375623465,-14.040826797485352,0.0,0.0,0.9592547416687012
4019,313.1866873892626,-0.8153233528137207,0.0,0.0,0.9592952132225037
4020,348.079674566721,-8.025163650512695,0.0,0.0,0.9593111872673035
4021,349.5355467995533,-7.752935886383057,0.0,0.0,0.9593076705932617
4022,317.8313621350384,-13.597192764282227,0.0,0.0,0.9592587351799011
4023,321.42251213006807,-0.12250518798828125,0.0,0.0,0.9592148661613464
4024,353.64679746960957,31.39179229736328,0.0,0.0,0.9592387080192566
4025,284.97456890667314,-11.038396835327148,0.0,0.0,0.9592334628105164
4026,201.88172515877505,15.381036758422852,0.0,0.0,0.9592771530151367
4027,357.34717038692554,20.92705726623535,0.0,0.0,0.9593620300292969
4028,354.5323541587018,33.52301025390625,0.0,0.0,0.9595302939414978
4029,256.38469117503064,-20.088245391845703,0.0,0.0,0.9596474170684814
4030,322.6194751892823,-4.63631534576416,0.0,0.0,0.9597398638725281
4031,358.8236901493129,7.52342414855957,0.0,0.0,0.9598434567451477
4032,395.77051598114195,-8.603096008300781,0.0,0.0,0.9599165916442871
4033,348.5015135959708,21.753549575805664,0.0,0.0,0.9600532650947571
4034,347.01310304504466,14.84752082824707,0.0,0.0,0.9602130055427551
4035,201.9834693721831,-12.690829277038574,0.0,0.0,0.9603297114372253
4036,360.11107760517746,-2.496251106262207,0.0,0.0,0.960425615310669
4037,633.7211107257294,-15.511218070983887,0.0,0.0,0.960484504699707
4038,343.1367547177059,14.452553749084473,0.0,0.0,0.9605767130851746
4039,358.3805453983588,10.927881240844727,0.0,0.0,0.9606910347938538
4040,348.89485443808906,-13.500508308410645,0.0,0.0,0.9607493281364441
4041,362.04951163119466,22.952844619750977,0.0,0.0,0.9608543515205383
4042,340.3599905647214,-21.772600173950195,0.0,0.0,0.9609031081199646
4043,568.7371804256782,4.246105670928955,0.0,0.0,0.9609525799751282
4044,405.24583543014205,14.311358451843262,0.0,0.0,0.9610228538513184
4045,304.0582251786496,2.716135025024414,0.0,0.0,0.9610977172851562
4046,345.9044633621591,-13.87658405303955,0.0,0.0,0.9611369967460632
4047,356.22386440729304,7.0082855224609375,0.0,0.0,0.9611901640892029
4048,100.08703286940089,5.485987663269043,0.0,0.0,0.9612598419189453
4049,329.1917681179563,0.9752340316772461,0.0,0.0,0.9613237380981445
4050,592.4175970426705,-0.037858009338378906,0.0,0.0,0.9613819718360901
4051,333.90155697998466,18.405609130859375,0.0,0.0,0.9614976048469543
4052,344.18123708272697,-14.038354873657227,0.0,0.0,0.9615471959114075
4053,501.4264768090456,-15.366912841796875,0.0,0.0,0.9615563750267029
4054,361.35831614435494,0.31009793281555176,0.0,0.0,0.9615651965141296
4055,327.4138054940428,20.79509925842285,0.0,0.0,0.9616296887397766
4056,350.4025282818716,-7.911929130554199,0.0,0.0,0.9616667628288269
4057,565.1531248201703,2.2568249702453613,0.0,0.0,0.9617055058479309
4058,376.3461377410462,-29.484708786010742,0.0,0.0,0.9616395831108093
4059,622.1101504225079,15.452546119689941,0.0,0.0,0.9616127014160156
4060,314.2296642788648,15.467775344848633,0.0,0.0,0.9616408348083496
4061,326.76931172619726,26.382402420043945,0.0,0.0,0.9617325663566589
4062,439.286269286429,-5.423951148986816,0.0,0.0,0.961808979511261
4063,413.3221150257867,18.545787811279297,0.0,0.0,0.9619166851043701
4064,671.2812741798382,18.170711517333984,0.0,0.0,0.9620435833930969
4065,371.45769423759026,13.067475318908691,0.0,0.0,0.9621837735176086
4066,554.9601914523881,-29.662267684936523,0.0,0.0,0.9622357487678528
4067,378.1351020131827,2.731564998626709,0.0,0.0,0.9622888565063477
4068,459.89472837270773,6.842729568481445,0.0,0.0,0.9623489379882812
4069,7.4989862123889965,-2.7500343322753906,0.0,0.0,0.9623891711235046
4070,397.4298328326612,3.2040610313415527,0.0,0.0,0.9624350666999817
4071,389.02608294909203,11.169179916381836,0.0,0.0,0.9625021815299988
4072,456.2142493670453,32.46983337402344,0.0,0.0,0.962658703327179
4073,368.31686189685206,-5.652144908905029,0.0,0.0,0.9627912640571594
4074,630.4243326902163,-18.359325408935547,0.0,0.0,0.9628663063049316
4075,722.9189490447228,-3.1513805389404297,0.0,0.0,0.9629251956939697
4076,585.1137624776802,-5.537951946258545,0.0,0.0,0.9629693031311035
4077,670.8417045686558,-9.5902738571167,0.0,0.0,0.9629926681518555
4078,14.651232980545107,-6.580344200134277,0.0,0.0,0.9629451632499695
4079,493.9959571017754,-3.6069483757019043,0.0,0.0,0.9628952145576477
4080,190.91941950158787,-6.826375484466553,0.0,0.0,0.9628286361694336
4081,579.9659719608588,-30.119218826293945,0.0,0.0,0.9627084732055664
4082,373.649403623574,-28.648834228515625,0.0,0.0,0.9625428318977356
4083,624.3932712274494,23.875057220458984,0.0,0.0,0.9624314308166504
4084,592.7020449425497,19.013132095336914,0.0,0.0,0.9623811841011047
4085,647.41602491498,-4.024735450744629,0.0,0.0,0.962329089641571
4086,580.3647640218086,1.8095974922180176,0.0,0.0,0.9622880816459656
4087,392.86102863285544,2.445919990539551,0.0,0.0,0.9622564911842346
4088,346.5959162467426,11.584692001342773,0.0,0.0,0.9622570872306824
4089,324.87829252613454,-13.39763069152832,0.0,0.0,0.9622330665588379
4090,235.7867288999141,10.300293922424316,0.0,0.0,0.9622399806976318
4091,449.7198474868315,-36.432464599609375,0.0,0.0,0.9621350765228271
4092,14.48980719864699,-5.910921096801758,0.0,0.0,0.9619725346565247
4093,21.62360268919877,-2.599238395690918,0.0,0.0,0.9618144035339355
4094,333.2183912462693,9.586307525634766,0.0,0.0,0.9616966843605042
4095,515.1174437224603,1.4206209182739258,0.0,0.0,0.9615921378135681
4096,8.937518388101953,3.808173656463623,0.0,0.0,0.9615218043327332
4097,314.08597628754023,-13.169724464416504,0.0,0.0,0.9614214897155762
4098,633.2238406627397,-25.277320861816406,0.0,0.0,0.9612992405891418
4099,641.0236815258513,15.379220962524414,0.0,0.0,0.9612228274345398
4100,354.63550347783075,-1.285703182220459,0.0,0.0,0.9611520767211914
4101,499.29053792499144,8.936600685119629,0.0,0.0,0.9611072540283203
4102,377.04711482987267,-6.0515875816345215,0.0,0.0,0.9610480666160583
4103,391.22271297619983,0.04552745819091797,0.0,0.0,0.9609951972961426
4104,389.2820557351643,3.99770450592041,0.0,0.0,0.960953414440155
4105,582.6232413758001,22.104755401611328,0.0,0.0,0.9609665274620056
4106,364.12504861491897,-22.866580963134766,0.0,0.0,0.9609209895133972
4107,138.2734385069349,0.24612808227539062,0.0,0.0,0.9608801007270813
4108,352.75180560249265,-10.233197212219238,0.0,0.0,0.9608208537101746
4109,545.3058307314549,-16.4552001953125,0.0,0.0,0.9607438445091248
4110,539.0111157831852,-26.888736724853516,0.0,0.0,0.9606509208679199
4111,610.5436351467928,2.9454336166381836,0.0,0.0,0.9605724811553955
4112,358.0515041662142,3.626258373260498,0.0,0.0,0.9605118632316589
4113,405.2286891495613,-4.057760238647461,0.0,0.0,0.9604474902153015
4114,398.208567960629,27.744346618652344,0.0,0.0,0.9604142308235168
4115,232.50708077939225,14.164224624633789,0.0,0.0,0.9604225158691406
4116,586.818406052076,18.070241928100586,0.0,0.0,0.960456907749176
4117,634.5184087196067,-29.63922882080078,0.0,0.0,0.9604566693305969
4118,340.23670399333747,0.24398469924926758,0.0,0.0,0.9604573249816895
4119,405.6844781771898,0.0007448196411132812,0.0,0.0,0.9604590535163879
4120,432.27313980499054,13.014911651611328,0.0,0.0,0.9604994654655457
4121,305.7371220447483,-16.24036979675293,0.0,0.0,0.9604949951171875
4122,437.08317725734236,-13.254908561706543,0.0,0.0,0.9604646563529968
4123,415.66307444822553,-0.9455275535583496,0.0,0.0,0.9604323506355286
4124,337.2207279454346,6.456181049346924,0.0,0.0,0.9604182243347168
4125,210.39748583159493,-22.30646514892578,0.0,0.0,0.9603652954101562
4126,241.7540719702299,-18.277523040771484,0.0,0.0,0.9602475166320801
4127,636.1822201838625,-0.883150577545166,0.0,0.0,0.9601401686668396
4128,215.1861337334285,-9.200161933898926,0.0,0.0,0.9600240588188171
4129,369.5066907726759,-0.7633447647094727,0.0,0.0,0.9599161148071289
4130,193.5028376053692,-11.680330276489258,0.0,0.0,0.9597993493080139
4131,351.4367781531489,-16.149173736572266,0.0,0.0,0.959679126739502
4132,407.37816099936623,-7.787853717803955,0.0,0.0,0.9595463871955872
4133,653.2562942193082,4.870156288146973,0.0,0.0,0.9594343304634094
4134,143.42149535651953,-15.179634094238281,0.0,0.0,0.9592720866203308
4135,620.7872658199348,26.338144302368164,0.0,0.0,0.9591887593269348
4136,185.63407449028267,-25.43966293334961,0.0,0.0,0.9590358734130859
4137,624.4130598632764,-10.94029712677002,0.0,0.0,0.9588800072669983
4138,595.7245256230101,-18.352949142456055,0.0,0.0,0.958719789981842
4139,9.055202785232522,-0.9535027742385864,0.0,0.0,0.9585655331611633
4140,618.3165891941702,-24.77487564086914,0.0,0.0,0.9583619236946106
4141,17.861668191932626,-1.8927526473999023,0.0,0.0,0.9581493735313416
4142,19.547683437931614,-2.6027002334594727,0.0,0.0,0.9579486846923828
4143,19.09467542406402,-10.986262321472168,0.0,0.0,0.9577223658561707
4144,12.915374886814414,3.5311975479125977,0.0,0.0,0.9575853943824768
4145,259.04172065309604,6.349553108215332,0.0,0.0,0.9574782252311707
4146,238.91363633801802,-6.913562297821045,0.0,0.0,0.9573642611503601
4147,497.3595142203822,11.571687698364258,0.0,0.0,0.9572794437408447
4148,253.51171783895643,-23.960285186767578,0.0,0.0,0.9571486115455627
4149,458.95846317638495,6.959930896759033,0.0,0.0,0.9570403099060059
4150,284.1533407394671,-22.437345504760742,0.0,0.0,0.956889808177948
4151,322.0150076067152,7.354588508605957,0.0,0.0,0.9567640423774719
4152,400.182694863287,1.5818939208984375,0.0,0.0,0.9566550254821777
4153,361.1780387639518,-24.371803283691406,0.0,0.0,0.9564986824989319
4154,14.899998384664139,0.313327431678772,0.0,0.0,0.9563620686531067
4155,225.95300965869006,8.604061126708984,0.0,0.0,0.9562723636627197
4156,173.64492029953857,-5.0880231857299805,0.0,0.0,0.9561848640441895
4157,183.25266875139684,-7.472723007202148,0.0,0.0,0.956080436706543
4158,417.50037146425007,-17.42461585998535,0.0,0.0,0.9559640288352966
4159,17.73975163800489,-4.3502936363220215,0.0,0.0,0.9558137059211731
4160,260.7231397880906,23.936710357666016,0.0,0.0,0.955748975276947
4161,265.62386449097465,10.02936840057373,0.0,0.0,0.9557271003723145
4162,18.129610678220676,-6.817164421081543,0.0,0.0,0.955633819103241
4163,14.267822190022276,-1.4079551696777344,0.0,0.0,0.9555375576019287
4164,14.294341951676627,-0.21978670358657837,0.0,0.0,0.9554495811462402
4165,14.176026593207204,0.40102899074554443,0.0,0.0,0.9553725719451904
4166,12.830747925863399,-5.533449172973633,0.0,0.0,0.9552657008171082
4167,14.67134421280196,0.25339728593826294,0.0,0.0,0.9551714062690735
4168,187.65196787622332,-1.942519187927246,0.0,0.0,0.9550776481628418
4169,469.7382284319429,5.805818557739258,0.0,0.0,0.9550089836120605
4170,332.65746630431386,-9.521360397338867,0.0,0.0,0.9549164772033691
4171,453.9993266995764,-27.72014045715332,0.0,0.0,0.9548006057739258
4172,14.496319842669815,-6.68297815322876,0.0,0.0,0.9546385407447815
4173,663.3951410107404,-0.7389612197875977,0.0,0.0,0.9544906616210938
4174,598.361474023197,-4.162221431732178,0.0,0.0,0.9543516039848328
4175,446.8732973024546,-25.707260131835938,0.0,0.0,0.9541919827461243
4176,242.97492464502133,8.501696586608887,0.0,0.0,0.9540684819221497
4177,198.61201226864551,7.856237888336182,0.0,0.0,0.9539710879325867
4178,422.41541963767,11.861181259155273,0.0,0.0,0.9539188742637634
4179,339.93225823918397,27.52959442138672,0.0,0.0,0.9539451599121094
4180,362.5340487408022,19.245466232299805,0.0,0.0,0.9540011286735535
4181,390.6000226320604,5.939172744750977,0.0,0.0,0.9540603756904602
4182,241.65670786961624,14.581214904785156,0.0,0.0,0.9541417956352234
4183,668.7727770413917,-6.91520881652832,0.0,0.0,0.9542026519775391
4184,435.6197928954555,-7.318397521972656,0.0,0.0,0.954249382019043
4185,230.06702220585152,6.006608963012695,0.0,0.0,0.9543138146400452
4186,204.87938438050006,10.12143325805664,0.0,0.0,0.9544056057929993
4187,377.75791463790983,33.05373764038086,0.0,0.0,0.9545506834983826
4188,282.76069054884346,-8.225252151489258,0.0,0.0,0.9546636939048767
4189,602.6698984641824,16.662960052490234,0.0,0.0,0.9547995924949646
4190,114.7582544245234,5.737318515777588,0.0,0.0,0.9549309611320496
4191,221.76060865334202,-13.713215827941895,0.0,0.0,0.9550064206123352
4192,199.69849743427486,16.67184829711914,0.0,0.0,0.955132782459259
4193,494.97267864415204,-14.555414199829102,0.0,0.0,0.9552050232887268
4194,191.7718954675254,-6.371630668640137,0.0,0.0,0.9552454352378845
4195,214.4882629214143,-7.666568279266357,0.0,0.0,0.955254077911377
4196,160.89388804921626,3.844849109649658,0.0,0.0,0.9552704691886902
4197,190.06221603821905,-1.9562351703643799,0.0,0.0,0.9552811980247498
4198,346.9682380282464,15.39458179473877,0.0,0.0,0.9553077816963196
4199,128.09556167475196,-9.721660614013672,0.0,0.0,0.9553156495094299
4200,211.66205936562002,-14.440771102905273,0.0,0.0,0.9552629590034485
4201,165.43042428438756,-20.162694931030273,0.0,0.0,0.9551565647125244
4202,434.12603921614306,6.788046360015869,0.0,0.0,0.9550736546516418
4203,190.6450693783646,18.06801414489746,0.0,0.0,0.9550683498382568
4204,137.68031425655946,8.043917655944824,0.0,0.0,0.9550871849060059
4205,200.61782309660768,3.127366065979004,0.0,0.0,0.9551112055778503
4206,221.46330869232096,-10.805641174316406,0.0,0.0,0.9550954699516296
4207,217.5876662765885,7.128364562988281,0.0,0.0,0.9550886154174805
4208,183.363240396848,-32.790733337402344,0.0,0.0,0.9550252556800842
4209,168.54788142162752,-9.948543548583984,0.0,0.0,0.9549381732940674
4210,160.41758148491672,10.416358947753906,0.0,0.0,0.9548830389976501
4211,184.36528890478579,5.459583282470703,0.0,0.0,0.9548464417457581
4212,344.49428864806055,-7.101668834686279,0.0,0.0,0.9548003673553467
4213,181.19737685260992,-11.034424781799316,0.0,0.0,0.9547228217124939
4214,337.9942930556892,8.70895004272461,0.0,0.0,0.9546723365783691
4215,491.63400101246816,19.80727767944336,0.0,0.0,0.9546756744384766
4216,147.08401631119213,0.5233092308044434,0.0,0.0,0.9546806216239929
4217,375.67531075028677,11.495440483093262,0.0,0.0,0.9546966552734375
4218,173.4381383880662,3.7304673194885254,0.0,0.0,0.9547247290611267
4219,202.84501318138615,-20.995140075683594,0.0,0.0,0.9547085165977478
4220,303.3583253098395,22.544754028320312,0.0,0.0,0.9547397494316101
4221,375.23491265608953,2.6620593070983887,0.0,0.0,0.95477294921875
4222,428.43335462704954,18.833019256591797,0.0,0.0,0.9548292756080627
4223,315.9794685326283,23.170534133911133,0.0,0.0,0.9549867510795593
4224,443.49878578323353,-2.949556350708008,0.0,0.0,0.9551247954368591
4225,186.56326369340272,1.368649959564209,0.0,0.0,0.9552528858184814
4226,331.5233481176888,-22.468835830688477,0.0,0.0,0.9552931785583496
4227,95.11508677011122,5.266668319702148,0.0,0.0,0.955338180065155
4228,318.23855484279125,21.349868774414062,0.0,0.0,0.9554190039634705
4229,318.46693147586615,17.776363372802734,0.0,0.0,0.9555382132530212
4230,314.6390006319912,16.37909698486328,0.0,0.0,0.9556863903999329
4231,306.30835668810954,7.733911037445068,0.0,0.0,0.9558364748954773
4232,227.57682852350484,-12.777578353881836,0.0,0.0,0.9559171795845032
4233,175.42396265656336,16.72051239013672,0.0,0.0,0.9560425877571106
4234,655.5824105548601,-10.055330276489258,0.0,0.0,0.9561356902122498
4235,221.3089323016879,3.040567398071289,0.0,0.0,0.9562274813652039
4236,183.05975451222275,4.807007789611816,0.0,0.0,0.9563239216804504
4237,240.94547795836476,4.018331527709961,0.0,0.0,0.9564228653907776
4238,289.7859926235383,16.81974983215332,0.0,0.0,0.9565479159355164
4239,114.52219217544165,-3.378401279449463,0.0,0.0,0.9566509127616882
4240,200.85837709615384,7.843230247497559,0.0,0.0,0.9567719101905823
4241,252.2602209962431,18.394550323486328,0.0,0.0,0.9569315910339355
4242,484.20240110637855,-6.087832450866699,0.0,0.0,0.95706707239151
4243,582.1293930863117,5.238861083984375,0.0,0.0,0.9572018980979919
4244,149.55596108728702,-4.228170394897461,0.0,0.0,0.9573166966438293
4245,330.141467766751,28.18794059753418,0.0,0.0,0.9574702382087708
4246,380.66125705316387,-0.9887599945068359,0.0,0.0,0.9576074481010437
4247,406.64997526580817,9.254737854003906,0.0,0.0,0.9577446579933167
4248,333.67243250263544,-16.967872619628906,0.0,0.0,0.9578237533569336
4249,360.9150281694123,6.066514492034912,0.0,0.0,0.957901656627655
4250,454.9592017881425,16.95322608947754,0.0,0.0,0.957996666431427
4251,118.75766091543484,-7.5858659744262695,0.0,0.0,0.9580593109130859
4252,484.973042107381,35.45606231689453,0.0,0.0,0.9581730961799622
4253,315.1289654593263,-45.54846954345703,0.0,0.0,0.958197295665741
4254,385.7931870311445,15.834619522094727,0.0,0.0,0.9582676291465759
4255,230.7248615768085,-3.8351221084594727,0.0,0.0,0.9583215713500977
4256,459.4718620962535,-25.668350219726562,0.0,0.0,0.9583216309547424
4257,520.3172631342495,29.48166275024414,0.0,0.0,0.9583640098571777
4258,267.24718619630147,-15.080179214477539,0.0,0.0,0.9583727717399597
4259,214.25747210167432,2.163184881210327,0.0,0.0,0.9583842158317566
4260,340.1407857757955,-49.69668960571289,0.0,0.0,0.9583020210266113
4261,651.9932448587854,-0.5264778137207031,0.0,0.0,0.9582266211509705
4262,145.72274607858344,11.233534812927246,0.0,0.0,0.9581820964813232
4263,166.7487392558037,3.063767910003662,0.0,0.0,0.9581515192985535
4264,331.5868581837834,-26.679777145385742,0.0,0.0,0.9580824375152588
4265,355.9336683271792,-17.208232879638672,0.0,0.0,0.9579737782478333
4266,586.128289734426,-7.656319618225098,0.0,0.0,0.9578642249107361
4267,267.7671298781088,13.687646865844727,0.0,0.0,0.957804262638092
4268,182.06582653895614,8.414299011230469,0.0,0.0,0.9577817916870117
4269,370.2564995675461,-22.348899841308594,0.0,0.0,0.9577362537384033
4270,507.9004220131275,-29.263904571533203,0.0,0.0,0.9576411247253418
4271,201.91308769842098,8.272256851196289,0.0,0.0,0.9575685858726501
4272,222.9331000167128,31.451313018798828,0.0,0.0,0.9575528502464294
4273,142.87098919778126,-10.527811050415039,0.0,0.0,0.957512378692627
4274,515.0183050059542,-28.04450035095215,0.0,0.0,0.9574125409126282
4275,401.40276823006025,6.345066070556641,0.0,0.0,0.9573350548744202
4276,384.8351307537596,-13.491035461425781,0.0,0.0,0.9572443962097168
4277,342.46650705256025,4.698791027069092,0.0,0.0,0.9571723341941833
4278,384.8659078459181,17.199445724487305,0.0,0.0,0.9571452140808105
4279,475.881659277281,25.367862701416016,0.0,0.0,0.9571684002876282
4280,486.30364371700534,23.86018180847168,0.0,0.0,0.9572190642356873
4281,1021.1051559790944,-6.652761459350586,0.0,0.0,0.9572600722312927
4282,135.70850996605319,2.212545394897461,0.0,0.0,0.9573009610176086
4283,455.6331939498904,-59.68856430053711,0.0,0.0,0.957247793674469
4284,164.8102125018645,-3.77854585647583,0.0,0.0,0.957192599773407
4285,343.76563431903514,-0.09114789962768555,0.0,0.0,0.9571423530578613
4286,272.9282877134734,2.613372802734375,0.0,0.0,0.9571036696434021
4287,553.4370249594674,7.15644645690918,0.0,0.0,0.9570860862731934
4288,356.5736599974133,-11.429332733154297,0.0,0.0,0.9570493698120117
4289,202.62768501111427,-5.909209251403809,0.0,0.0,0.9569975733757019
4290,317.61795535836706,-8.31350326538086,0.0,0.0,0.9569312930107117
4291,344.8072416640505,-22.70193099975586,0.0,0.0,0.9568142890930176
4292,293.7684598000959,4.7707695960998535,0.0,0.0,0.9567192196846008
4293,641.7573579209919,25.4436092376709,0.0,0.0,0.9566901326179504
4294,415.1670247665173,0.4580955505371094,0.0,0.0,0.9566659331321716
4295,169.1563117147783,11.176170349121094,0.0,0.0,0.9566639065742493
4296,330.6419424523093,-3.319790840148926,0.0,0.0,0.9566547274589539
4297,305.1618152457775,10.268302917480469,0.0,0.0,0.9566652178764343
4298,455.29957472699294,-18.335952758789062,0.0,0.0,0.956631600856781
4299,267.0013426767112,-13.509614944458008,0.0,0.0,0.9565724730491638
4300,319.21248871597317,-32.99610900878906,0.0,0.0,0.9564631581306458
4301,267.6473550435227,12.46406078338623,0.0,0.0,0.9563997387886047
4302,357.71853464166963,-25.876949310302734,0.0,0.0,0.9562892913818359
4303,749.7397302720437,0.0067596435546875,0.0,0.0,0.9561887383460999
4304,368.4814910524152,3.505737781524658,0.0,0.0,0.956106960773468
4305,159.27165175558534,14.97072696685791,0.0,0.0,0.956070601940155
4306,368.6177703630984,-32.12156677246094,0.0,0.0,0.9559432864189148
4307,445.42947019478294,-11.16912841796875,0.0,0.0,0.9558086395263672
4308,320.86402764220543,-17.596717834472656,0.0,0.0,0.9556587338447571
4309,373.1774111572281,10.88119125366211,0.0,0.0,0.955550491809845
4310,372.07752481674135,17.080448150634766,0.0,0.0,0.9554991126060486
4311,338.4841972967818,25.583282470703125,0.0,0.0,0.9555185437202454
4312,371.69866738917716,-29.527469635009766,0.0,0.0,0.9554891586303711
4313,274.6808271051538,-8.791072845458984,0.0,0.0,0.9554414749145508
4314,406.4420252561668,-5.743566513061523,0.0,0.0,0.9553918838500977
4315,592.6834349999766,-15.806031227111816,0.0,0.0,0.9553179740905762
4316,438.19474835554314,-4.989531517028809,0.0,0.0,0.9552435874938965
4317,642.7013405808743,-0.4603872299194336,0.0,0.0,0.9551765322685242
4318,264.1831195244545,-21.687524795532227,0.0,0.0,0.9550839066505432
4319,252.66638072423413,1.632248878479004,0.0,0.0,0.9550040364265442
4320,503.68608369354547,33.21206283569336,0.0,0.0,0.9549724459648132
4321,400.86212462590885,-8.81687068939209,0.0,0.0,0.954927921295166
4322,356.9573533188471,17.329044342041016,0.0,0.0,0.954921543598175
4323,1187.3314960131875,-18.50323486328125,0.0,0.0,0.9548969268798828
4324,385.5286744194678,7.158827304840088,0.0,0.0,0.9548860192298889
4325,466.21727615180953,24.0399112701416,0.0,0.0,0.9549286961555481
4326,297.428496156849,-11.244786262512207,0.0,0.0,0.9549470543861389
4327,383.77361805134336,0.5438995361328125,0.0,0.0,0.9549667239189148
4328,471.8328402399704,-36.6572265625,0.0,0.0,0.9549193978309631
4329,537.4741205138787,6.546629905700684,0.0,0.0,0.954883873462677
4330,535.0536190309839,28.698856353759766,0.0,0.0,0.9549127221107483
4331,465.76002825881517,-10.61362361907959,0.0,0.0,0.9549067616462708
4332,780.2183502592931,30.706462860107422,0.0,0.0,0.954963207244873
4333,927.0555026306689,-22.056625366210938,0.0,0.0,0.9549937844276428
4334,284.0015628115014,5.9663286209106445,0.0,0.0,0.9550420641899109
4335,297.28106447958413,11.330277442932129,0.0,0.0,0.9551222324371338
4336,734.7037297363952,19.375328063964844,0.0,0.0,0.9552421569824219
4337,675.4159210173764,-26.711040496826172,0.0,0.0,0.9553236961364746
4338,741.20395501626,-13.591924667358398,0.0,0.0,0.9553780555725098
4339,623.3309533042276,6.007223606109619,0.0,0.0,0.9554321765899658
4340,800.6945798915268,-2.1918821334838867,0.0,0.0,0.955474853515625
4341,307.5297061158064,-7.147647380828857,0.0,0.0,0.9554992318153381
4342,567.028423450776,-16.853464126586914,0.0,0.0,0.9554709792137146
4343,307.7457129483619,27.465044021606445,0.0,0.0,0.9555357098579407
4344,1239.7205289087133,61.82707977294922,0.0,0.0,0.9556835293769836
4345,857.3357767483537,-18.420469284057617,0.0,0.0,0.9557912945747375
4346,338.58407655704025,11.601720809936523,0.0,0.0,0.9559196829795837
4347,594.8998234912415,8.498497009277344,0.0,0.0,0.9560477137565613
4348,343.0474483887621,-11.229333877563477,0.0,0.0,0.9561223387718201
4349,649.6097318534914,-26.867197036743164,0.0,0.0,0.9561454653739929
4350,578.2025328633367,-19.399677276611328,0.0,0.0,0.956122875213623
4351,365.45314541978456,-23.138566970825195,0.0,0.0,0.9560341835021973
4352,404.5353487325352,-7.219721794128418,0.0,0.0,0.9559351801872253
4353,628.5575720504937,17.0948486328125,0.0,0.0,0.9558870792388916
4354,579.1083518108662,-23.394506454467773,0.0,0.0,0.9557948708534241
4355,648.2477656091565,-2.445991039276123,0.0,0.0,0.9557092785835266
4356,607.0523215850313,-39.93085479736328,0.0,0.0,0.9555765986442566
4357,374.1191721067781,0.27513933181762695,0.0,0.0,0.9554591178894043
4358,366.26900591222255,2.5231735706329346,0.0,0.0,0.9553622603416443
4359,314.07423139840824,-4.931819915771484,0.0,0.0,0.9552624821662903
4360,371.6841315790245,-2.9888830184936523,0.0,0.0,0.955164909362793
4361,368.4807972550053,-0.6282720565795898,0.0,0.0,0.9550740718841553
4362,393.7549060670505,18.12173843383789,0.0,0.0,0.9550290107727051
4363,399.9117154027615,-13.405162811279297,0.0,0.0,0.9549581408500671
4364,353.07738013826787,-21.734588623046875,0.0,0.0,0.9548134207725525
4365,326.7601928329511,3.494530439376831,0.0,0.0,0.9546926617622375
4366,396.92407985481276,-7.362594127655029,0.0,0.0,0.954561710357666
4367,354.80446368015134,12.499786376953125,0.0,0.0,0.9544735550880432
4368,606.133772246843,-11.41565990447998,0.0,0.0,0.9543726444244385
4369,353.9065962513314,4.494689464569092,0.0,0.0,0.9542932510375977
4370,410.0177221728191,-25.78421974182129,0.0,0.0,0.9541728496551514
4371,347.29813116673705,-3.1208276748657227,0.0,0.0,0.9540607333183289
4372,395.0429591782858,-11.482734680175781,0.0,0.0,0.9539263844490051
4373,492.5211800990357,-4.714306354522705,0.0,0.0,0.953796923160553
4374,389.0405364420073,1.319047451019287,0.0,0.0,0.9536848068237305
4375,488.64820750384007,3.787230968475342,0.0,0.0,0.953594982624054
4376,371.344594033681,-19.45341682434082,0.0,0.0,0.9534900188446045
4377,370.5030467554769,14.949638366699219,0.0,0.0,0.9534401893615723
4378,405.3806785306777,-9.752629280090332,0.0,0.0,0.9533730149269104
4379,412.3598835905484,-35.58149337768555,0.0,0.0,0.9532716870307922
4380,288.40391497217286,-8.05856990814209,0.0,0.0,0.9531624913215637
4381,585.4775874944168,-15.042094230651855,0.0,0.0,0.9530274868011475
4382,246.4367552535529,-5.671834945678711,0.0,0.0,0.9528924822807312
4383,368.1791197150874,13.84980583190918,0.0,0.0,0.9527959227561951
4384,368.6973092751473,-0.41577887535095215,0.0,0.0,0.9527086615562439
4385,325.42521100313746,-8.380775451660156,0.0,0.0,0.9526035189628601
4386,380.57058071095634,33.030887603759766,0.0,0.0,0.9525768160820007
4387,348.2838683931281,-1.806565284729004,0.0,0.0,0.9525489211082458
4388,363.2325476577817,0.459012508392334,0.0,0.0,0.9525241851806641
4389,471.68132908108623,-9.432856559753418,0.0,0.0,0.9524782299995422
4390,714.1338978528921,-17.45956039428711,0.0,0.0,0.9524082541465759
4391,389.93620014478927,14.907933235168457,0.0,0.0,0.9523825645446777
4392,366.53458937562806,20.152366638183594,0.0,0.0,0.9524152874946594
4393,369.7334390630948,-13.286996841430664,0.0,0.0,0.9524171948432922
4394,290.1031637127161,-21.796062469482422,0.0,0.0,0.9523916244506836
4395,295.736155753094,-1.6122236251831055,0.0,0.0,0.9523628354072571
4396,489.3850705403427,31.50005340576172,0.0,0.0,0.9524018168449402
4397,392.40753584316195,-29.825838088989258,0.0,0.0,0.952397882938385
4398,380.13796264389975,4.494217872619629,0.0,0.0,0.9524059295654297
4399,342.42108799244414,6.083678245544434,0.0,0.0,0.9524239897727966
4400,320.88249640643704,-4.248379707336426,0.0,0.0,0.9524169564247131
4401,359.54537660589,25.28898048400879,0.0,0.0,0.9525236487388611
4402,357.9881119993263,0.8172235488891602,0.0,0.0,0.9526257514953613
4403,333.09789783863533,-0.18342351913452148,0.0,0.0,0.952717125415802
4404,357.0186763965656,0.9181041717529297,0.0,0.0,0.9528028964996338
4405,557.3064223527189,-18.152610778808594,0.0,0.0,0.9528527855873108
4406,361.6528007341439,-11.48504638671875,0.0,0.0,0.9528658390045166
4407,408.2167144335374,-6.109311103820801,0.0,0.0,0.9528641700744629
4408,428.5423555569037,-1.2012906074523926,0.0,0.0,0.9528601169586182
4409,656.7906976895637,-22.34610366821289,0.0,0.0,0.9528319239616394
4410,392.92732312493143,-2.7403907775878906,0.0,0.0,0.9528009295463562
4411,438.28909548703865,1.9723052978515625,0.0,0.0,0.952775239944458
4412,630.9296588576718,-31.324745178222656,0.0,0.0,0.9527104496955872
4413,499.25873548523356,-36.688453674316406,0.0,0.0,0.9526040554046631
4414,511.10975287322213,-6.1272077560424805,0.0,0.0,0.9524876475334167
4415,557.2513655825072,-11.619964599609375,0.0,0.0,0.9523666501045227
4416,408.2267836506289,-7.739858627319336,0.0,0.0,0.952238142490387
4417,382.9053240723581,13.68545150756836,0.0,0.0,0.9521658420562744
4418,541.6990870892272,1.7538399696350098,0.0,0.0,0.9521035552024841
4419,261.3911519063863,-0.05189967155456543,0.0,0.0,0.9520477652549744
4420,498.87390318124307,-18.608623504638672,0.0,0.0,0.9519550800323486
4421,363.8372856286146,-4.293310165405273,0.0,0.0,0.9518611431121826
4422,361.6476675631412,0.8756523132324219,0.0,0.0,0.9517787098884583
4423,412.3188830427907,-31.689870834350586,0.0,0.0,0.9516498446464539
4424,524.6715150736551,-25.17845916748047,0.0,0.0,0.9514910578727722
4425,355.95785607062936,6.42534065246582,0.0,0.0,0.9513678550720215
4426,369.44215530096045,-15.28963851928711,0.0,0.0,0.951208770275116
4427,798.5821278211017,-7.876927852630615,0.0,0.0,0.9510563015937805
4428,374.3102976114429,-18.885364532470703,0.0,0.0,0.9508703351020813
4429,360.1581274883806,26.24721336364746,0.0,0.0,0.9507777094841003
4430,500.4976402524796,-24.84661865234375,0.0,0.0,0.950657069683075
4431,572.8900306175873,5.166470527648926,0.0,0.0,0.9505571722984314
4432,592.0944446770586,-10.37330436706543,0.0,0.0,0.9504413604736328
4433,872.8020708923788,-14.085817337036133,0.0,0.0,0.9503202438354492
4434,632.8012436225018,0.10404014587402344,0.0,0.0,0.9502150416374207
4435,317.14532126027217,-5.781477928161621,0.0,0.0,0.9501090049743652
4436,727.354595032791,-10.605364799499512,0.0,0.0,0.9500007629394531
4437,540.6351544679644,9.401389122009277,0.0,0.0,0.9499325156211853
4438,594.7791560734463,31.863975524902344,0.0,0.0,0.9499526619911194
4439,820.0755567701364,-1.9102840423583984,0.0,0.0,0.9499673843383789
4440,589.3677345547303,-1.1289067268371582,0.0,0.0,0.949977457523346
4441,577.6045411118249,-12.529891014099121,0.0,0.0,0.9499650597572327
4442,601.84188839333,7.646942138671875,0.0,0.0,0.9499629139900208
4443,388.2218324507277,6.716316223144531,0.0,0.0,0.949974000453949
4444,358.94288732137744,-15.324604034423828,0.0,0.0,0.9499590992927551
4445,495.86698925722004,4.08131217956543,0.0,0.0,0.9499526023864746
4446,366.59124878385285,-24.698232650756836,0.0,0.0,0.9498499035835266
4447,576.4196121189806,22.78765869140625,0.0,0.0,0.9497987627983093
4448,238.69272712576046,-26.279685974121094,0.0,0.0,0.9497103095054626
4449,613.1095709429969,-1.0657434463500977,0.0,0.0,0.9496269226074219
4450,517.5572554719017,4.237914085388184,0.0,0.0,0.9495598673820496
4451,353.33343198727465,-0.4331932067871094,0.0,0.0,0.949498176574707
4452,445.76380122273184,19.014049530029297,0.0,0.0,0.9494789242744446
4453,494.86129883067395,14.066556930541992,0.0,0.0,0.9494832158088684
4454,519.4105464736886,25.25324821472168,0.0,0.0,0.949537456035614
4455,475.22331928581383,-4.984363555908203,0.0,0.0,0.9495759010314941
4456,629.0833281632666,-18.521892547607422,0.0,0.0,0.9495813846588135
4457,309.632824278651,-27.504432678222656,0.0,0.0,0.9494859576225281
4458,397.2133411803339,-2.1319046020507812,0.0,0.0,0.9493975639343262
4459,571.0332014409769,6.618700981140137,0.0,0.0,0.9493265748023987
4460,362.3774175658999,-4.923356533050537,0.0,0.0,0.9492554068565369
4461,501.2812354837661,17.5404052734375,0.0,0.0,0.9492295384407043
4462,566.1066378692551,-21.469654083251953,0.0,0.0,0.9491773247718811
4463,327.5505003856536,-5.443023204803467,0.0,0.0,0.9491178393363953
4464,573.6501907178654,-13.811518669128418,0.0,0.0,0.9490343928337097
4465,616.3258563265863,2.8166918754577637,0.0,0.0,0.9489632248878479
4466,357.6967759325378,-2.7564144134521484,0.0,0.0,0.9488950371742249
4467,310.1948781952019,-4.236897945404053,0.0,0.0,0.9488204121589661
4468,315.7828280822407,-10.98817253112793,0.0,0.0,0.9487271904945374
4469,352.2912577142962,22.52288055419922,0.0,0.0,0.9486882090568542
4470,150.470740361906,9.497045516967773,0.0,0.0,0.9486750960350037
4471,297.2274426981164,-3.689824342727661,0.0,0.0,0.9486543536186218
4472,305.9683084624927,-19.92064666748047,0.0,0.0,0.9485898017883301
4473,587.2555934685233,7.910870552062988,0.0,0.0,0.9485504627227783
4474,616.4285066064022,14.129171371459961,0.0,0.0,0.9485542178153992
4475,436.8807247861645,-16.442337036132812,0.0,0.0,0.9485003352165222
4476,374.45320477328573,-3.9876437187194824,0.0,0.0,0.9484455585479736
4477,250.39176281171663,-15.798362731933594,0.0,0.0,0.9483494758605957
4478,423.37216226625446,-5.208265781402588,0.0,0.0,0.9482448697090149
4479,180.99444110048037,-8.944364547729492,0.0,0.0,0.9481210708618164
4480,183.17559504000957,-28.0456600189209,0.0,0.0,0.947931706905365
4481,594.8361601802527,-6.947752952575684,0.0,0.0,0.9477481245994568
4482,155.55328590884548,-1.8001309633255005,0.0,0.0,0.9475744366645813
4483,460.3464489299625,7.675510883331299,0.0,0.0,0.9474359154701233
4484,358.1589658839644,-7.612507343292236,0.0,0.0,0.9473015666007996
4485,137.66057135595986,-9.877599716186523,0.0,0.0,0.9471501708030701
4486,184.18741827307898,11.34504508972168,0.0,0.0,0.947043240070343
4487,344.46486871688717,-1.8390822410583496,0.0,0.0,0.9469365477561951
4488,585.2497327472278,5.4366655349731445,0.0,0.0,0.9468481540679932
4489,216.09156290482127,-5.9226226806640625,0.0,0.0,0.9467541575431824
4490,364.75544463770933,-16.670467376708984,0.0,0.0,0.9466262459754944
4491,285.3428755734461,-7.849931716918945,0.0,0.0,0.9464826583862305
4492,360.1292215277292,-7.74700927734375,0.0,0.0,0.9463384747505188
4493,364.3663606154647,23.07098388671875,0.0,0.0,0.9462664127349854
4494,142.06052836967666,1.9251158237457275,0.0,0.0,0.9462065100669861
4495,144.0424007134815,-12.863780975341797,0.0,0.0,0.946125328540802
4496,452.36356855003675,-5.612899303436279,0.0,0.0,0.9460384249687195
4497,195.15878427926722,-15.536243438720703,0.0,0.0,0.9459283947944641
4498,351.17883379684787,10.991327285766602,0.0,0.0,0.9458572864532471
4499,372.6612175712213,14.841365814208984,0.0,0.0,0.9458274841308594
4500,867.8934433863761,-1.009666919708252,0.0,0.0,0.9457986950874329
4501,95.6578900554344,9.398550033569336,0.0,0.0,0.9458062052726746
4502,131.49914361975948,-9.211202621459961,0.0,0.0,0.9457833766937256
4503,296.6246265756299,13.99520206451416,0.0,0.0,0.9458004832267761
4504,468.0573389759957,-25.41475486755371,0.0,0.0,0.9457759857177734
4505,165.85340177736953,-9.18160629272461,0.0,0.0,0.9457240700721741
4506,174.2706960428659,-1.8149127960205078,0.0,0.0,0.9456717371940613
4507,153.75952147609956,-35.45943069458008,0.0,0.0,0.9455307126045227
4508,328.7120471291139,-3.0001707077026367,0.0,0.0,0.9453956484794617
4509,349.9793564089197,3.2166810035705566,0.0,0.0,0.9452844262123108
4510,328.3462693730212,13.111608505249023,0.0,0.0,0.9452295303344727
4511,481.5987897343179,5.533968448638916,0.0,0.0,0.9451876282691956
4512,78.8734485734119,7.8651580810546875,0.0,0.0,0.945201575756073
4513,483.49273344879794,-1.9122071266174316,0.0,0.0,0.9452104568481445
4514,608.2907951055829,21.30693817138672,0.0,0.0,0.9452419877052307
4515,281.19244417403854,5.879767417907715,0.0,0.0,0.9452884197235107
4516,348.4440753229739,15.014531135559082,0.0,0.0,0.9453830718994141
4517,174.69416921335537,16.499080657958984,0.0,0.0,0.9455389976501465
4518,326.8325170270761,-28.580204010009766,0.0,0.0,0.9456238150596619
4519,578.7986594635711,14.848136901855469,0.0,0.0,0.9457314610481262
4520,334.6719404726152,7.638741493225098,0.0,0.0,0.9458423256874084
4521,628.1329237336679,4.147197246551514,0.0,0.0,0.9459517002105713
4522,315.956344628743,-16.951181411743164,0.0,0.0,0.9459978938102722
4523,377.4204028642016,-8.158716201782227,0.0,0.0,0.9460240006446838
4524,530.0484473800506,20.8770751953125,0.0,0.0,0.9460952281951904
4525,498.164501895347,-2.6984071731567383,0.0,0.0,0.9461532235145569
4526,181.06673407587638,13.217204093933105,0.0,0.0,0.9462583661079407
4527,317.8867349818316,13.087617874145508,0.0,0.0,0.9463713765144348
4528,450.09468911835523,-9.89754867553711,0.0,0.0,0.9464429020881653
4529,554.3773767992152,4.079788684844971,0.0,0.0,0.9465163350105286
4530,350.25835587442793,0.6769211292266846,0.0,0.0,0.9465829730033875
4531,174.27689092744586,-10.108036041259766,0.0,0.0,0.946617066860199
4532,322.5177731183567,-0.61614990234375,0.0,0.0,0.9466462135314941
4533,343.97128503284046,4.769972801208496,0.0,0.0,0.9466798305511475
4534,527.7163440527896,-17.295886993408203,0.0,0.0,0.9466719627380371
4535,334.83559392754154,-12.612483024597168,0.0,0.0,0.946641743183136
4536,70.84424818858939,12.920345306396484,0.0,0.0,0.9466692805290222
4537,488.35765027973395,16.771209716796875,0.0,0.0,0.9467189908027649
4538,509.88161789028766,1.2313833236694336,0.0,0.0,0.9467660784721375
4539,478.42606670203514,-9.761640548706055,0.0,0.0,0.9467923045158386
4540,627.8410634652015,2.4347572326660156,0.0,0.0,0.9468223452568054
4541,150.39780627206795,11.15522289276123,0.0,0.0,0.9468791484832764
4542,269.75807330704515,-3.352571487426758,0.0,0.0,0.946923553943634
4543,152.9889036716693,-13.98476791381836,0.0,0.0,0.9469195008277893
4544,81.18068882264052,7.7760419845581055,0.0,0.0,0.9469594955444336
4545,158.8462303206363,7.215649127960205,0.0,0.0,0.9470173716545105
4546,349.536036802264,13.995203018188477,0.0,0.0,0.9471197128295898
4547,636.1060036752626,-11.998579025268555,0.0,0.0,0.9471936225891113
4548,385.09132162122,-12.053958892822266,0.0,0.0,0.9472249150276184
4549,851.8488085025888,23.683536529541016,0.0,0.0,0.947282075881958
4550,579.6865810910862,3.226156711578369,0.0,0.0,0.9473372101783752
4551,522.9278384220656,-7.565332889556885,0.0,0.0,0.9473649859428406
4552,352.4977194487722,15.079410552978516,0.0,0.0,0.9474191069602966
4553,526.4883696620969,34.38776397705078,0.0,0.0,0.94757479429245
4554,355.7969453708381,47.66841506958008,0.0,0.0,0.947886049747467
4555,156.63383851226925,-0.9250354766845703,0.0,0.0,0.9481635689735413
4556,347.5175446323091,-24.6453800201416,0.0,0.0,0.9483783841133118
4557,183.5622777110206,-9.646373748779297,0.0,0.0,0.9485448002815247
4558,611.3798153900834,23.067413330078125,0.0,0.0,0.9487459063529968
4559,520.4509505183183,-4.863791465759277,0.0,0.0,0.948911190032959
4560,714.7155153948494,-12.022425651550293,0.0,0.0,0.9490266442298889
4561,257.335563057101,-11.416389465332031,0.0,0.0,0.9490900039672852
4562,640.6615105421064,-21.384326934814453,0.0,0.0,0.9491139054298401
4563,150.17213945352444,-22.71834373474121,0.0,0.0,0.9490843415260315
4564,676.1099432280065,18.138607025146484,0.0,0.0,0.9490874409675598
4565,846.6748538436666,-41.016029357910156,0.0,0.0,0.949063777923584
4566,388.22229072098605,4.2674784660339355,0.0,0.0,0.9490520358085632
4567,351.21785784272424,24.75926971435547,0.0,0.0,0.9490848183631897
4568,347.49869088580743,-6.044704437255859,0.0,0.0,0.9491041302680969
4569,334.73194140270033,10.748432159423828,0.0,0.0,0.9491372108459473
4570,328.8330508543312,8.520044326782227,0.0,0.0,0.9491839408874512
4571,679.5645953779436,9.395208358764648,0.0,0.0,0.9492440819740295
4572,540.9571691508769,11.786897659301758,0.0,0.0,0.949315071105957
4573,320.7608530981891,2.179696559906006,0.0,0.0,0.9493842124938965
4574,465.3602289612196,17.354042053222656,0.0,0.0,0.949497640132904
4575,1396.0285185975722,19.338581085205078,0.0,0.0,0.9496333003044128
4576,299.2723228233835,-10.479996681213379,0.0,0.0,0.9497266411781311
4577,732.8086433423915,-8.081463813781738,0.0,0.0,0.9497950077056885
4578,541.109004275564,-28.787351608276367,0.0,0.0,0.9497854113578796
4579,607.1631267627058,-1.3788623809814453,0.0,0.0,0.9497756361961365
4580,589.5355275011365,-47.5584716796875,0.0,0.0,0.9496862888336182
4581,621.338091618787,-16.947721481323242,0.0,0.0,0.9495828151702881
4582,532.9376889958095,-7.576839923858643,0.0,0.0,0.9494639039039612
4583,494.80118769855164,-7.046720504760742,0.0,0.0,0.9493476748466492
4584,615.1038373160216,13.796663284301758,0.0,0.0,0.9492685198783875
4585,636.8397806962661,22.240718841552734,0.0,0.0,0.9492347836494446
4586,612.5576222454418,26.11931610107422,0.0,0.0,0.9492701888084412
4587,591.5112377626434,-21.955490112304688,0.0,0.0,0.9492620825767517
4588,805.0970083227508,18.022403717041016,0.0,0.0,0.9492724537849426
4589,541.1738549216145,-40.38604736328125,0.0,0.0,0.9492070078849792
4590,719.4287555678956,-11.723896026611328,0.0,0.0,0.9491357803344727
4591,536.7339432414087,10.581438064575195,0.0,0.0,0.9491081237792969
4592,626.2047335020438,-19.87073516845703,0.0,0.0,0.9490388035774231
4593,395.94257605170105,-1.090421199798584,0.0,0.0,0.9489739537239075
4594,631.4841581880302,-18.630260467529297,0.0,0.0,0.948881208896637
4595,83.45895911589945,3.9057326316833496,0.0,0.0,0.9488123059272766
4596,522.6498295253898,-7.621079921722412,0.0,0.0,0.9487416744232178
4597,289.9620765592753,8.378849983215332,0.0,0.0,0.9486973285675049
4598,168.301460009705,-7.0132341384887695,0.0,0.0,0.9486255049705505
4599,677.5356134499432,-50.22833251953125,0.0,0.0,0.9485172629356384
4600,534.8227152851098,-36.64617919921875,0.0,0.0,0.9483749270439148
4601,582.8100287564373,-26.83167266845703,0.0,0.0,0.9481801986694336
4602,531.9388512237668,-5.202784061431885,0.0,0.0,0.9479945302009583
4603,286.57470980673764,7.649932861328125,0.0,0.0,0.9478557705879211
4604,863.1802123919887,-23.545963287353516,0.0,0.0,0.9476805329322815
4605,542.2877204358731,13.758888244628906,0.0,0.0,0.9475552439689636
4606,368.6184887239052,-0.5317497253417969,0.0,0.0,0.9474412798881531
4607,429.3672954201299,11.468008041381836,0.0,0.0,0.9473573565483093
4608,578.2535500439606,40.00782775878906,0.0,0.0,0.9473742842674255
4609,525.0402953405047,-9.300849914550781,0.0,0.0,0.947374165058136
4610,155.93113179306366,10.366310119628906,0.0,0.0,0.9474171996116638
4611,454.60709036585394,15.193066596984863,0.0,0.0,0.9474992156028748
4612,314.86384270368126,-15.942298889160156,0.0,0.0,0.9475284218788147
4613,545.2957230778287,-22.5262393951416,0.0,0.0,0.9475261569023132
4614,550.7671465802138,-16.867023468017578,0.0,0.0,0.9474880695343018
4615,435.3874519713129,6.474401950836182,0.0,0.0,0.947468101978302
4616,673.727625644651,26.857534408569336,0.0,0.0,0.9474797248840332
4617,654.3277830781628,-3.5528616905212402,0.0,0.0,0.9474847316741943
4618,331.1100452289823,6.170830726623535,0.0,0.0,0.9475027918815613
4619,369.073576182145,-15.313453674316406,0.0,0.0,0.9475032687187195
4620,628.9511479413454,15.029915809631348,0.0,0.0,0.9475255012512207
4621,657.6836704915115,-22.001731872558594,0.0,0.0,0.9475118517875671
4622,536.6528869591829,4.573855400085449,0.0,0.0,0.9475071430206299
4623,457.78880790237423,3.753398895263672,0.0,0.0,0.9475086331367493
4624,549.3840973881679,-15.328947067260742,0.0,0.0,0.9474761486053467
4625,1196.752419291242,-11.894728660583496,0.0,0.0,0.9474378228187561
4626,501.59233849390245,-7.360937118530273,0.0,0.0,0.9473910927772522
4627,1182.4990216983588,-7.046747207641602,0.0,0.0,0.9473395347595215
4628,581.0183621360735,14.711299896240234,0.0,0.0,0.9473153948783875
4629,496.3637547898108,5.48609733581543,0.0,0.0,0.9473045468330383
4630,585.8739392875907,-27.256053924560547,0.0,0.0,0.9472635388374329
4631,228.6098226624999,5.085121154785156,0.0,0.0,0.9472372531890869
4632,285.8948909279259,13.514208793640137,0.0,0.0,0.947253406047821
4633,437.4840458696435,-22.876373291015625,0.0,0.0,0.9472233653068542
4634,634.6668572616147,18.73780059814453,0.0,0.0,0.947235107421875
4635,243.8513846904262,0.25258636474609375,0.0,0.0,0.9472460150718689
4636,301.33057436728643,-7.594022274017334,0.0,0.0,0.9472431540489197
4637,194.17847124538292,-3.1508383750915527,0.0,0.0,0.9472365379333496
4638,301.22673435473547,5.52628231048584,0.0,0.0,0.9472426772117615
4639,348.56351229701784,-19.495893478393555,0.0,0.0,0.9472086429595947
4640,302.3690742564962,-1.7008943557739258,0.0,0.0,0.9471745491027832
4641,586.1296610583486,-15.46628475189209,0.0,0.0,0.9471120238304138
4642,541.3040586987388,12.94351577758789,0.0,0.0,0.9471025466918945
4643,322.04794005126007,-0.9246892929077148,0.0,0.0,0.9470927119255066
4644,579.3157717293108,0.6112699508666992,0.0,0.0,0.9470853805541992
4645,559.0712681027261,-9.769262313842773,0.0,0.0,0.947053849697113
4646,458.53507080170135,-16.3669490814209,0.0,0.0,0.9469925761222839
4647,307.6798687023367,6.065231800079346,0.0,0.0,0.9469563961029053
4648,240.85479397854374,-1.1917905807495117,0.0,0.0,0.9469211101531982
4649,290.8039953418904,2.323152780532837,0.0,0.0,0.9468953013420105
4650,326.62185589916805,8.369260787963867,0.0,0.0,0.9468936920166016
4651,295.32600123863256,3.5378875732421875,0.0,0.0,0.9468995928764343
4652,593.0566101199757,-43.00507354736328,0.0,0.0,0.9468569755554199
4653,312.98641527696424,22.264583587646484,0.0,0.0,0.9468695521354675
4654,237.74216609948616,1.6740481853485107,0.0,0.0,0.9468843936920166
4655,565.0388382792946,15.656679153442383,0.0,0.0,0.9469138979911804
4656,564.1223614227263,11.617969512939453,0.0,0.0,0.9469645023345947
4657,571.9709635955672,16.47895050048828,0.0,0.0,0.9470403790473938
4658,718.7425051396011,-8.706247329711914,0.0,0.0,0.9470950961112976
4659,682.5866708928534,-4.19590425491333,0.0,0.0,0.9471389651298523
4660,470.50739905344784,8.014725685119629,0.0,0.0,0.9471886157989502
4661,294.7904405316322,15.780878067016602,0.0,0.0,0.9472825527191162
4662,982.6841916854203,21.015207290649414,0.0,0.0,0.9473848342895508
4663,576.158661088614,-4.837226390838623,0.0,0.0,0.947472333908081
4664,298.39285192593405,8.635766983032227,0.0,0.0,0.947567880153656
4665,65.7267130503836,-9.34257698059082,0.0,0.0,0.9475767612457275
4666,698.2918136533747,17.47403907775879,0.0,0.0,0.9476096630096436
4667,334.8744086596069,-24.861618041992188,0.0,0.0,0.9475722312927246
4668,437.764840167138,3.130908489227295,0.0,0.0,0.9475464224815369
4669,275.67170030503496,-10.911739349365234,0.0,0.0,0.9474930167198181
4670,431.61930897203746,3.748481273651123,0.0,0.0,0.947451114654541
4671,295.912245872156,-15.960556030273438,0.0,0.0,0.9473723769187927
4672,126.88240104157587,-9.51607608795166,0.0,0.0,0.9472793936729431
4673,504.06263642205323,8.781394958496094,0.0,0.0,0.9472113251686096
4674,298.60326035638025,26.93035125732422,0.0,0.0,0.9471905827522278
4675,394.62679115801564,7.443338394165039,0.0,0.0,0.9471879005432129
4676,121.3409291943546,7.867849349975586,0.0,0.0,0.947204053401947
4677,375.57690733425835,-0.2629435062408447,0.0,0.0,0.9472172260284424
4678,327.0671593888081,20.154369354248047,0.0,0.0,0.9473099112510681
4679,369.95389318719197,4.523471832275391,0.0,0.0,0.9474037289619446
4680,178.49934059409122,-9.930948257446289,0.0,0.0,0.9474743008613586
4681,406.30471510135527,3.298572063446045,0.0,0.0,0.9475463032722473
4682,293.50294938740933,14.461828231811523,0.0,0.0,0.9476422667503357
4683,242.4937919004089,-11.511796951293945,0.0,0.0,0.9477115273475647
4684,500.4313363983848,7.853061199188232,0.0,0.0,0.9477899670600891
4685,482.7275873478535,-2.720332145690918,0.0,0.0,0.9478567242622375
4686,496.91483015923234,-19.90372085571289,0.0,0.0,0.9478761553764343
4687,153.0755375474295,-3.1937172412872314,0.0,0.0,0.9478841423988342
4688,343.4714283590677,19.75638771057129,0.0,0.0,0.9479476809501648
4689,304.28266191141535,-1.5854496955871582,0.0,0.0,0.9479989409446716
4690,306.0815170508343,-6.341042995452881,0.0,0.0,0.9480376839637756
4691,312.3502260600176,-4.23757791519165,0.0,0.0,0.9480573534965515
4692,308.4926801768461,-0.10282468795776367,0.0,0.0,0.9480751156806946
4693,263.40168694940064,-2.8262598514556885,0.0,0.0,0.9480834007263184
4694,428.4849794846138,18.365543365478516,0.0,0.0,0.9481204152107239
4695,280.47561367261704,15.419648170471191,0.0,0.0,0.9481862187385559
4696,163.93127500748176,5.669223785400391,0.0,0.0,0.9482664465904236
4697,246.42058627253502,-5.037193298339844,0.0,0.0,0.9483229517936707
4698,297.91739784694477,16.127864837646484,0.0,0.0,0.948427677154541
4699,259.715706170043,3.8021650314331055,0.0,0.0,0.9485298991203308
4700,272.31430124545005,7.0424299240112305,0.0,0.0,0.9486414790153503
4701,202.00394168275162,14.055196762084961,0.0,0.0,0.9487714767456055
4702,249.9966103082386,7.073284149169922,0.0,0.0,0.9488998055458069
4703,105.81203119280289,4.599387168884277,0.0,0.0,0.9490239024162292
4704,233.67245152173908,18.869646072387695,0.0,0.0,0.949190616607666
4705,387.01671449553595,11.160932540893555,0.0,0.0,0.9493730068206787
4706,167.9698559744589,0.57643723487854,0.0,0.0,0.9495375752449036
4707,231.46650733980374,16.488479614257812,0.0,0.0,0.9497354626655579
4708,356.33200415598344,21.15454864501953,0.0,0.0,0.9499403834342957
4709,175.3693343558911,1.9585304260253906,0.0,0.0,0.9501294493675232
4710,410.1641987277907,-0.44046449661254883,0.0,0.0,0.9502989649772644
4711,170.4845040537671,-11.442157745361328,0.0,0.0,0.950411319732666
4712,315.5383715048558,-31.354373931884766,0.0,0.0,0.9504124522209167
4713,59.57680943359306,-1.1764030456542969,0.0,0.0,0.9504067897796631
4714,171.64461415990593,8.159465789794922,0.0,0.0,0.9504273533821106
4715,145.61791213452378,10.193685531616211,0.0,0.0,0.9504756331443787
4716,255.82945928607026,0.09420347213745117,0.0,0.0,0.9505183100700378
4717,416.2757556646718,7.317668914794922,0.0,0.0,0.9505704045295715
4718,81.47002908406789,-12.039019584655762,0.0,0.0,0.9505581855773926
4719,155.66259313691052,0.3184990882873535,0.0,0.0,0.950547993183136
4720,219.35975338218398,14.632997512817383,0.0,0.0,0.9505757689476013
4721,154.1499548028695,12.170904159545898,0.0,0.0,0.9506308436393738
4722,132.7724687335462,1.3291044235229492,0.0,0.0,0.9506847262382507
4723,260.82507396710804,-1.4513006210327148,0.0,0.0,0.9507293701171875
4724,230.6910143701269,16.271747589111328,0.0,0.0,0.9508010745048523
4725,110.90432746932383,-6.568446159362793,0.0,0.0,0.9508459568023682
4726,264.60485733248004,30.90363883972168,0.0,0.0,0.950969398021698
4727,355.7599467397398,-2.602954864501953,0.0,0.0,0.95107501745224
4728,309.0130777667528,9.333691596984863,0.0,0.0,0.9511979222297668
4729,185.58006806739078,-0.4551053047180176,0.0,0.0,0.9513077735900879
4730,171.5335931540069,2.3214738368988037,0.0,0.0,0.9514102935791016
4731,304.6123918853556,15.038626670837402,0.0,0.0,0.9515321850776672
4732,298.00957570992523,-9.173063278198242,0.0,0.0,0.9516200423240662
4733,418.357217918566,24.26861572265625,0.0,0.0,0.9517366290092468
4734,338.17196669651474,23.9627628326416,0.0,0.0,0.9519261717796326
4735,162.24029458511245,-3.28007173538208,0.0,0.0,0.9520890712738037
4736,271.1600140927561,14.758220672607422,0.0,0.0,0.9522730708122253
4737,399.39660046385774,6.387047290802002,0.0,0.0,0.9524499773979187
4738,283.65312666147133,-22.31991958618164,0.0,0.0,0.9525720477104187
4739,302.22530571788263,8.520750999450684,0.0,0.0,0.952701985836029
4740,365.9141605852687,6.115779876708984,0.0,0.0,0.952830970287323
4741,297.6462126713842,-1.1275501251220703,0.0,0.0,0.9529447555541992
4742,292.1648140847733,20.917652130126953,0.0,0.0,0.9530838131904602
4743,266.81180250332403,-4.522862434387207,0.0,0.0,0.953199565410614
4744,237.56380121321595,-8.089029312133789,0.0,0.0,0.9532799124717712
4745,183.49026077504305,2.4002432823181152,0.0,0.0,0.953360378742218
4746,337.06788244054803,13.70499038696289,0.0,0.0,0.9534739851951599
4747,363.5909174373813,-1.0066423416137695,0.0,0.0,0.9535742402076721
4748,186.39999795387834,-7.947531700134277,0.0,0.0,0.953656017780304
4749,239.49337204443808,19.80424690246582,0.0,0.0,0.9537832140922546
4750,263.7913996655325,8.141218185424805,0.0,0.0,0.9539132714271545
4751,444.10620184477193,-7.567197799682617,0.0,0.0,0.9540112614631653
4752,343.93801340160695,-11.43867301940918,0.0,0.0,0.9540795683860779
4753,277.4437054563677,10.457351684570312,0.0,0.0,0.9541792869567871
4754,174.98851327950874,-23.516998291015625,0.0,0.0,0.9542261958122253
4755,212.02745456387956,-7.701502323150635,0.0,0.0,0.9542570114135742
4756,174.26979312651196,3.480557441711426,0.0,0.0,0.9542916417121887
4757,544.4972092564119,7.806607246398926,0.0,0.0,0.9543337821960449
4758,245.57402266792542,10.689383506774902,0.0,0.0,0.9544044137001038
4759,181.71374730226503,-1.105452537536621,0.0,0.0,0.9544623494148254
4760,217.69703332338455,-5.48017692565918,0.0,0.0,0.9545028805732727
4761,237.72553050317737,-25.389524459838867,0.0,0.0,0.954512357711792
4762,281.8085722990077,-14.046619415283203,0.0,0.0,0.954474925994873
4763,142.16591134563475,-12.3262939453125,0.0,0.0,0.9544029831886292
4764,232.62657267867127,12.800979614257812,0.0,0.0,0.9543684124946594
4765,222.3349080240026,1.1801338195800781,0.0,0.0,0.9543417096138
4766,308.58789520861313,0.8674817085266113,0.0,0.0,0.9543189406394958
4767,291.6456843762115,-13.35991382598877,0.0,0.0,0.954253613948822
4768,242.53605181648356,28.647003173828125,0.0,0.0,0.9542776942253113
4769,328.4175903298578,-11.657411575317383,0.0,0.0,0.954278290271759
4770,314.07303000177177,14.768147468566895,0.0,0.0,0.954314649105072
4771,293.8182721718771,-43.91053009033203,0.0,0.0,0.9542737007141113
4772,184.17751079388364,6.575864315032959,0.0,0.0,0.9542531967163086
4773,264.80339554468156,-0.7999053001403809,0.0,0.0,0.9542319774627686
4774,272.9281635289893,11.722474098205566,0.0,0.0,0.954240620136261
4775,237.52724113985826,20.831356048583984,0.0,0.0,0.9543259143829346
4776,276.86512111975134,13.32673454284668,0.0,0.0,0.954430103302002
4777,380.0369987756576,-7.896334648132324,0.0,0.0,0.9545066952705383
4778,281.023090599574,5.114921569824219,0.0,0.0,0.9545933604240417
4779,265.6453658328926,-12.063957214355469,0.0,0.0,0.9546413421630859
4780,252.03354021903203,-16.080026626586914,0.0,0.0,0.9546411037445068
4781,258.49987524519713,-1.4917759895324707,0.0,0.0,0.9546365737915039
4782,295.4022820303062,-9.401880264282227,0.0,0.0,0.9546141028404236
4783,279.78216914240096,38.614654541015625,0.0,0.0,0.9546783566474915
4784,270.03883747314313,-5.307347297668457,0.0,0.0,0.9547247290611267
4785,243.45262384569907,19.525373458862305,0.0,0.0,0.9548042416572571
4786,356.6213549058106,6.190232276916504,0.0,0.0,0.9548900127410889
4787,499.49489236377553,-1.676290512084961,0.0,0.0,0.954962432384491
4788,315.7926528979334,-2.9920406341552734,0.0,0.0,0.9550226330757141
4789,553.5972785619015,-10.37295150756836,0.0,0.0,0.9550623893737793
4790,313.78043094707886,2.11421537399292,0.0,0.0,0.9551021456718445
4791,238.55573622782575,11.488897323608398,0.0,0.0,0.9551580548286438
4792,306.253278241606,-8.252089500427246,0.0,0.0,0.9551907181739807
4793,278.8907711198369,-9.994571685791016,0.0,0.0,0.9551959037780762
4794,306.861349648456,-1.4934210777282715,0.0,0.0,0.9551953673362732
4795,353.76488970711546,2.346149444580078,0.0,0.0,0.955200731754303
4796,320.56943294132657,9.458168029785156,0.0,0.0,0.955237627029419
4797,493.2990957170722,45.6405029296875,0.0,0.0,0.9553723931312561
4798,316.9362697256659,-3.1984987258911133,0.0,0.0,0.9554843902587891
4799,287.5545630647144,-6.384502410888672,0.0,0.0,0.9555712342262268
4800,386.8912163812598,-12.401664733886719,0.0,0.0,0.9556285738945007
4801,396.330445656954,2.357590675354004,0.0,0.0,0.9556844830513
4802,323.02015140249927,-12.349207878112793,0.0,0.0,0.9556973576545715
4803,716.5930016387206,-17.85132598876953,0.0,0.0,0.9556768536567688
4804,341.1465272292608,-15.343976974487305,0.0,0.0,0.9556164741516113
4805,281.10046968788924,6.750550270080566,0.0,0.0,0.955582320690155
4806,264.3816902836714,17.789884567260742,0.0,0.0,0.9555881023406982
4807,333.86820936459594,-19.71194839477539,0.0,0.0,0.9555414319038391
4808,316.70558301357045,-21.655258178710938,0.0,0.0,0.9554493427276611
4809,303.5189174300062,0.17625141143798828,0.0,0.0,0.9553675055503845
4810,264.67694872944253,21.217472076416016,0.0,0.0,0.9553458094596863
4811,288.0668544352854,-7.64736270904541,0.0,0.0,0.9553083777427673
4812,333.40165336629786,8.800490379333496,0.0,0.0,0.9552912712097168
4813,449.554893455797,9.015600204467773,0.0,0.0,0.9552847743034363
4814,392.5511280941385,4.284365653991699,0.0,0.0,0.9552856087684631
4815,375.5618238140891,6.629617691040039,0.0,0.0,0.9553015828132629
4816,260.5167376481772,22.045827865600586,0.0,0.0,0.9553744196891785
4817,237.37645978381937,11.365652084350586,0.0,0.0,0.9554609656333923
4818,473.4439888022025,7.292799949645996,0.0,0.0,0.9555476307868958
4819,481.1256094887307,-13.486618041992188,0.0,0.0,0.9555991291999817
4820,486.2917194638761,-17.149192810058594,0.0,0.0,0.9556148648262024
4821,369.01384133006974,-0.8715147972106934,0.0,0.0,0.9556279182434082
4822,340.1680814201193,-0.7665739059448242,0.0,0.0,0.9556377530097961
4823,300.78805359023283,6.823237895965576,0.0,0.0,0.955661952495575
4824,326.2832457538554,3.075695514678955,0.0,0.0,0.955690860748291
4825,259.03718044634263,2.898620367050171,0.0,0.0,0.9557231068611145
4826,309.3061473442665,8.208395957946777,0.0,0.0,0.955772876739502
4827,315.5436811073921,7.258656024932861,0.0,0.0,0.9558331370353699
4828,314.4742763567489,-19.55239486694336,0.0,0.0,0.9558415412902832
4829,472.53034600361275,31.3391056060791,0.0,0.0,0.9559173583984375
4830,372.1878886968978,-12.153360366821289,0.0,0.0,0.9559626579284668
4831,307.54375366464876,17.649017333984375,0.0,0.0,0.9560596346855164
4832,315.69433102069837,8.081584930419922,0.0,0.0,0.956169068813324
4833,325.85799365135847,7.927126884460449,0.0,0.0,0.9562849402427673
4834,324.363613605284,-26.34964370727539,0.0,0.0,0.9563412070274353
4835,396.1894782333832,-13.453561782836914,0.0,0.0,0.956369936466217
4836,446.50396406492524,26.759450912475586,0.0,0.0,0.9564425349235535
4837,370.1496212683835,37.980369567871094,0.0,0.0,0.9566473960876465
4838,253.77526565555877,-15.31808853149414,0.0,0.0,0.9567759037017822
4839,350.3736142622744,12.204763412475586,0.0,0.0,0.9569101929664612
4840,577.6480714855974,12.346494674682617,0.0,0.0,0.9570463299751282
4841,239.98521036011826,-9.392694473266602,0.0,0.0,0.9571390748023987
4842,299.1380145956588,-4.434116363525391,0.0,0.0,0.9572134613990784
4843,293.1510218338099,30.296945571899414,0.0,0.0,0.9573543667793274
4844,243.63549913684398,4.498142242431641,0.0,0.0,0.9574901461601257
4845,263.8321228116168,-0.45532894134521484,0.0,0.0,0.9576122164726257
4846,346.10679656807747,-40.92243576049805,0.0,0.0,0.9576374888420105
4847,294.4508745707012,10.810256958007812,0.0,0.0,0.9576823115348816
4848,634.7874335649466,-2.2924537658691406,0.0,0.0,0.9577186703681946
4849,144.1331216223298,6.776496887207031,0.0,0.0,0.9577715396881104
4850,363.56320232390794,14.935585021972656,0.0,0.0,0.9578628540039062
4851,546.7845547463679,-6.585484981536865,0.0,0.0,0.9579346179962158
4852,263.11096612616825,19.690366744995117,0.0,0.0,0.9580410122871399
4853,552.1857860551816,5.553003311157227,0.0,0.0,0.9581489562988281
4854,294.4867034233864,-7.726285934448242,0.0,0.0,0.958228349685669
4855,250.83189646027554,8.684136390686035,0.0,0.0,0.9583209156990051
4856,143.5564859708185,10.285844802856445,0.0,0.0,0.9584400057792664
4857,299.20753812089464,10.927144050598145,0.0,0.0,0.9585742354393005
4858,422.5934124129568,7.599077224731445,0.0,0.0,0.9587053656578064
4859,383.52570560795215,31.546947479248047,0.0,0.0,0.9589046835899353
4860,453.96586218916224,28.68938446044922,0.0,0.0,0.9591361880302429
4861,712.8829145581415,-2.0441770553588867,0.0,0.0,0.9593410491943359
4862,548.5394342096389,-18.535551071166992,0.0,0.0,0.9595033526420593
4863,502.7995812122689,17.853727340698242,0.0,0.0,0.959686815738678
4864,282.9658178299872,-9.824430465698242,0.0,0.0,0.9598300457000732
4865,299.81351778085894,0.737391471862793,0.0,0.0,0.9599602818489075
4866,255.9913468637184,13.942018508911133,0.0,0.0,0.9601059556007385
4867,253.2476387720914,-5.638555526733398,0.0,0.0,0.9602273106575012
4868,255.1398220532026,-14.542266845703125,0.0,0.0,0.960320234298706
4869,535.0357817422471,15.721176147460938,0.0,0.0,0.960427463054657
4870,59.83671058649882,-13.782998085021973,0.0,0.0,0.9604611396789551
4871,391.2087686683411,4.436339378356934,0.0,0.0,0.9605011940002441
4872,359.5611762858645,0.19097399711608887,0.0,0.0,0.9605377316474915
4873,333.09109717199476,-12.67674446105957,0.0,0.0,0.9605419039726257
4874,348.4170060485571,26.237091064453125,0.0,0.0,0.9606505036354065
4875,301.2501220831862,-0.1963348388671875,0.0,0.0,0.9607486724853516
4876,308.3590497913418,6.627349853515625,0.0,0.0,0.9608500599861145
4877,449.09656593384216,-0.3368206024169922,0.0,0.0,0.9609401226043701
4878,844.7975467888805,-16.395231246948242,0.0,0.0,0.9610075354576111
4879,293.7574566542581,-4.0536088943481445,0.0,0.0,0.9610599875450134
4880,355.80665652914644,3.3935182094573975,0.0,0.0,0.9611144661903381
4881,440.46309277903316,-17.11319351196289,0.0,0.0,0.9611247181892395
4882,320.29984325638566,-11.440606117248535,0.0,0.0,0.9611100554466248
4883,592.0969231285743,-22.20922088623047,0.0,0.0,0.9610732197761536
4884,407.4337456192246,7.306718349456787,0.0,0.0,0.9610558152198792
4885,927.8707332157637,-60.29029083251953,0.0,0.0,0.9609873294830322
4886,424.47882883266686,-5.9656782150268555,0.0,0.0,0.9609100222587585
4887,143.3098725832932,5.015554428100586,0.0,0.0,0.9608526825904846
4888,514.4203724941921,-20.329788208007812,0.0,0.0,0.9607625007629395
4889,501.3195771141847,4.231154441833496,0.0,0.0,0.960689127445221
4890,735.8242344615996,3.983365535736084,0.0,0.0,0.9606330990791321
4891,550.4504272786048,-41.51885223388672,0.0,0.0,0.9605479836463928
4892,533.5724068317179,9.910452842712402,0.0,0.0,0.9604940414428711
4893,623.6382813701831,19.865962982177734,0.0,0.0,0.9604763984680176
4894,182.10489419962005,-0.7025595903396606,0.0,0.0,0.9604578018188477
4895,620.6737197794024,-57.84355545043945,0.0,0.0,0.9603793025016785
4896,362.1105135987919,15.769586563110352,0.0,0.0,0.9603503346443176
4897,305.4796825395924,-13.415140151977539,0.0,0.0,0.9602847695350647
4898,639.4847326062995,-9.870813369750977,0.0,0.0,0.9602128863334656
4899,343.34634661048653,14.957286834716797,0.0,0.0,0.9601715207099915
4900,568.5537944008505,-1.5127191543579102,0.0,0.0,0.9601311683654785
4901,537.6484783043737,-2.7064409255981445,0.0,0.0,0.9600889682769775
4902,131.26667344427622,19.841459274291992,0.0,0.0,0.9600933194160461
4903,296.68512909607733,15.957775115966797,0.0,0.0,0.9601331353187561
4904,740.2570213045782,20.891536712646484,0.0,0.0,0.9602019786834717
4905,657.8398374177299,-20.552751541137695,0.0,0.0,0.9602313041687012
4906,519.5748950200025,-0.2947864532470703,0.0,0.0,0.9602572917938232
4907,363.1456072378978,-9.632242202758789,0.0,0.0,0.960272490978241
4908,267.97905873473877,-11.217952728271484,0.0,0.0,0.9602606296539307
4909,221.13717238769053,-28.51424217224121,0.0,0.0,0.9602118134498596
4910,562.8250967793749,-12.560151100158691,0.0,0.0,0.9601457118988037
4911,217.0744862213467,-20.470836639404297,0.0,0.0,0.9600231051445007
4912,160.3461318273487,5.790266036987305,0.0,0.0,0.9599224925041199
4913,514.5679480906551,-9.145130157470703,0.0,0.0,0.9598186612129211
4914,185.23942183186037,10.236793518066406,0.0,0.0,0.9597487449645996
4915,322.57193861320496,15.249601364135742,0.0,0.0,0.9597077369689941
4916,503.2760721369047,12.20368480682373,0.0,0.0,0.9596851468086243
4917,146.56256117716902,-1.3528757095336914,0.0,0.0,0.9596589207649231
4918,131.47734848424207,-19.19354248046875,0.0,0.0,0.9595963358879089
4919,590.2298335542,9.658303260803223,0.0,0.0,0.9595690369606018
4920,579.5930148399337,24.23175621032715,0.0,0.0,0.9595796465873718
4921,474.60627139318535,-20.16360855102539,0.0,0.0,0.9595616459846497
4922,529.3781488237439,4.757567405700684,0.0,0.0,0.9595539569854736
4923,440.63610200169916,-5.633521556854248,0.0,0.0,0.9595341682434082
4924,560.8936081508582,8.616544723510742,0.0,0.0,0.9595306515693665
4925,140.1010071875129,-1.9178040027618408,0.0,0.0,0.9595241546630859
4926,483.7657645285931,-24.732421875,0.0,0.0,0.9594843983650208
4927,326.7599821649695,2.9224367141723633,0.0,0.0,0.9594535231590271
4928,549.9840874565771,16.83681297302246,0.0,0.0,0.9594771265983582
4929,280.1518135028641,-3.314941883087158,0.0,0.0,0.9594900012016296
4930,314.80112953917194,-18.525053024291992,0.0,0.0,0.9594572186470032
4931,309.3994672305258,-3.449711799621582,0.0,0.0,0.9594199061393738
4932,355.9571626525472,-2.3881754875183105,0.0,0.0,0.9593809247016907
4933,513.5119956253027,2.6811699867248535,0.0,0.0,0.9593523144721985
4934,352.42269458767805,8.737762451171875,0.0,0.0,0.9593531489372253
4935,367.38146866194717,12.728614807128906,0.0,0.0,0.9593906402587891
4936,333.03499424918095,-20.756160736083984,0.0,0.0,0.9593947529792786
4937,308.95025517672104,5.283835411071777,0.0,0.0,0.9594125747680664
4938,328.7084905326303,1.8929767608642578,0.0,0.0,0.9594327807426453
4939,356.54016229452805,-4.304769515991211,0.0,0.0,0.9594392776489258
4940,309.9935445615841,-23.019384384155273,0.0,0.0,0.9593914151191711
4941,279.5326061801665,10.28345775604248,0.0,0.0,0.9593684077262878
4942,389.69264699078326,-0.07882928848266602,0.0,0.0,0.9593475461006165
4943,443.4561625773282,7.070557594299316,0.0,0.0,0.959339439868927
4944,341.94228629338517,3.6733343601226807,0.0,0.0,0.9593366980552673
4945,312.74760975336113,1.5014805793762207,0.0,0.0,0.9593358039855957
4946,372.57183760355525,-1.644200325012207,0.0,0.0,0.9593312740325928
4947,382.2319211559549,7.25101900100708,0.0,0.0,0.9593388438224792
4948,338.5994197231516,12.001596450805664,0.0,0.0,0.9593724608421326
4949,231.07337348603835,8.418527603149414,0.0,0.0,0.9594285488128662
4950,477.49592250136817,18.4611759185791,0.0,0.0,0.9595101475715637
4951,407.68059838047174,-34.455909729003906,0.0,0.0,0.9595296382904053
4952,464.50806285997135,-8.531412124633789,0.0,0.0,0.9595332145690918
4953,293.85340870732483,-0.9582626819610596,0.0,0.0,0.9595353603363037
4954,309.1069133574101,3.443105697631836,0.0,0.0,0.9595468640327454
4955,369.0211606071988,-29.357067108154297,0.0,0.0,0.9595056176185608
4956,353.5535392656978,-14.973527908325195,0.0,0.0,0.9594197273254395
4957,270.8518413782139,2.026400566101074,0.0,0.0,0.9593475461006165
4958,273.07187538339775,-1.3171823024749756,0.0,0.0,0.9592779278755188
4959,273.28234606590127,15.372910499572754,0.0,0.0,0.9592504501342773
4960,340.3909986266272,-21.185373306274414,0.0,0.0,0.9591920971870422
4961,315.31635471546593,-10.558271408081055,0.0,0.0,0.9591205716133118
4962,317.90529472083557,12.158722877502441,0.0,0.0,0.9590829014778137
4963,414.3910628742812,16.922025680541992,0.0,0.0,0.959082305431366
4964,142.1073356418689,6.282644271850586,0.0,0.0,0.9590980410575867
4965,334.31574794161793,9.281903266906738,0.0,0.0,0.9591338038444519
4966,474.3699124351525,-15.366095542907715,0.0,0.0,0.9591255784034729
4967,299.986854736829,-14.87811279296875,0.0,0.0,0.9590942859649658
4968,296.35992536904195,5.2779083251953125,0.0,0.0,0.9590776562690735
4969,301.51407664381964,23.954954147338867,0.0,0.0,0.9591360092163086
4970,403.0188724071798,3.235610008239746,0.0,0.0,0.9591973423957825
4971,255.41339384490777,12.302108764648438,0.0,0.0,0.9592893719673157
4972,263.0105975932467,0.7383785247802734,0.0,0.0,0.9593738913536072
4973,241.30851317736503,-25.352148056030273,0.0,0.0,0.959407389163971
4974,261.1023270842622,-10.020377159118652,0.0,0.0,0.9594243168830872
4975,257.8791492088211,13.99207592010498,0.0,0.0,0.9594712257385254
4976,337.38174340426264,-0.23005151748657227,0.0,0.0,0.9595130085945129
4977,303.15446363853863,-4.701265811920166,0.0,0.0,0.9595388770103455
4978,246.90143267747416,18.034996032714844,0.0,0.0,0.9596145749092102
4979,253.96894549206345,-3.996138572692871,0.0,0.0,0.9596783518791199
4980,276.4857297796788,-4.2161335945129395,0.0,0.0,0.9597249627113342
4981,248.90652681346268,-4.063874244689941,0.0,0.0,0.9597575068473816
4982,218.12864722839734,-6.086423873901367,0.0,0.0,0.959774911403656
4983,266.3652001059788,-11.391376495361328,0.0,0.0,0.9597709774971008
4984,216.19276558691473,13.462301254272461,0.0,0.0,0.9597914218902588
4985,102.58568570549582,-6.771297454833984,0.0,0.0,0.959782600402832
4986,308.7064530467614,-17.420787811279297,0.0,0.0,0.9597522616386414
4987,225.2677062711557,-5.549985885620117,0.0,0.0,0.9597116112709045
4988,247.0528307017169,24.22614288330078,0.0,0.0,0.9597318768501282
4989,268.40416776361866,16.2681941986084,0.0,0.0,0.9597971439361572
4990,219.64305679565138,11.101226806640625,0.0,0.0,0.9598897099494934
4991,226.61742850538755,6.320384979248047,0.0,0.0,0.9599905610084534
4992,225.75306206130475,6.661283016204834,0.0,0.0,0.9600939750671387
4993,272.5603384576262,24.571067810058594,0.0,0.0,0.9602293968200684
4994,210.8947052158217,3.5370306968688965,0.0,0.0,0.9603567719459534
4995,242.37890626109714,1.3651931285858154,0.0,0.0,0.9604744911193848
4996,244.89824471442148,-6.13444185256958,0.0,0.0,0.960568904876709
4997,258.3601215670461,22.207542419433594,0.0,0.0,0.9607093930244446
4998,278.5477006821217,-12.180356979370117,0.0,0.0,0.9608128666877747
4999,276.22286894500496,9.526369094848633,0.0,0.0,0.9609271883964539
5000,287.0588504123915,-5.335370063781738,0.0,0.0,0.9610090255737305
